<?xml version="1.0" encoding="utf-8"?>
<COLLADA xmlns="http://www.collada.org/2005/11/COLLADASchema" version="1.4.1">
  <asset>
    <contributor>
      <author/>
      <authoring_tool>FBX COLLADA exporter</authoring_tool>
      <comments/>
    </contributor>
    <created>2024-08-12T15:20:09Z</created>
    <keywords/>
    <modified>2024-08-12T15:20:09Z</modified>
    <revision/>
    <subject/>
    <title/>
    <unit meter="1.000000" name="centimeter"/>
    <up_axis>Y_UP</up_axis>
  </asset>
  <library_materials>
    <material id="Yellow" name="Yellow">
      <instance_effect url="#Yellow-fx"/>
    </material>
    <material id="Black" name="Black">
      <instance_effect url="#Black-fx"/>
    </material>
    <material id="White" name="White">
      <instance_effect url="#White-fx"/>
    </material>
  </library_materials>
  <library_effects>
    <effect id="Yellow-fx" name="Yellow">
      <profile_COMMON>
        <technique sid="standard">
          <phong>
            <emission>
              <color sid="emission">0.000000  0.000000 0.000000 1.000000</color>
            </emission>
            <ambient>
              <color sid="ambient">0.827726  0.505432 0.000000 1.000000</color>
            </ambient>
            <diffuse>
              <color sid="diffuse">0.827726  0.505432 0.000000 1.000000</color>
            </diffuse>
            <specular>
              <color sid="specular">0.000000  0.000000 0.000000 1.000000</color>
            </specular>
            <shininess>
              <float sid="shininess">2.000000</float>
            </shininess>
            <reflective>
              <color sid="reflective">0.000000  0.000000 0.000000 1.000000</color>
            </reflective>
            <reflectivity>
              <float sid="reflectivity">1.000000</float>
            </reflectivity>
            <transparent opaque="RGB_ZERO">
              <color sid="transparent">1.000000  1.000000 1.000000 1.000000</color>
            </transparent>
            <transparency>
              <float sid="transparency">0.000000</float>
            </transparency>
          </phong>
        </technique>
      </profile_COMMON>
    </effect>
    <effect id="Black-fx" name="Black">
      <profile_COMMON>
        <technique sid="standard">
          <phong>
            <emission>
              <color sid="emission">0.000000  0.000000 0.000000 1.000000</color>
            </emission>
            <ambient>
              <color sid="ambient">0.000175  0.000175 0.000175 1.000000</color>
            </ambient>
            <diffuse>
              <color sid="diffuse">0.000175  0.000175 0.000175 1.000000</color>
            </diffuse>
            <specular>
              <color sid="specular">0.000000  0.000000 0.000000 1.000000</color>
            </specular>
            <shininess>
              <float sid="shininess">2.000000</float>
            </shininess>
            <reflective>
              <color sid="reflective">0.000000  0.000000 0.000000 1.000000</color>
            </reflective>
            <reflectivity>
              <float sid="reflectivity">1.000000</float>
            </reflectivity>
            <transparent opaque="RGB_ZERO">
              <color sid="transparent">1.000000  1.000000 1.000000 1.000000</color>
            </transparent>
            <transparency>
              <float sid="transparency">0.000000</float>
            </transparency>
          </phong>
        </technique>
      </profile_COMMON>
    </effect>
    <effect id="White-fx" name="White">
      <profile_COMMON>
        <technique sid="standard">
          <phong>
            <emission>
              <color sid="emission">0.000000  0.000000 0.000000 1.000000</color>
            </emission>
            <ambient>
              <color sid="ambient">0.585973  0.585973 0.585973 1.000000</color>
            </ambient>
            <diffuse>
              <color sid="diffuse">0.585973  0.585973 0.585973 1.000000</color>
            </diffuse>
            <specular>
              <color sid="specular">0.000000  0.000000 0.000000 1.000000</color>
            </specular>
            <shininess>
              <float sid="shininess">2.000000</float>
            </shininess>
            <reflective>
              <color sid="reflective">0.000000  0.000000 0.000000 1.000000</color>
            </reflective>
            <reflectivity>
              <float sid="reflectivity">1.000000</float>
            </reflectivity>
            <transparent opaque="RGB_ZERO">
              <color sid="transparent">1.000000  1.000000 1.000000 1.000000</color>
            </transparent>
            <transparency>
              <float sid="transparency">0.000000</float>
            </transparency>
          </phong>
        </technique>
      </profile_COMMON>
    </effect>
  </library_effects>
  <library_geometries>
    <geometry id="TidalTurbine_Blades-lib" name="TidalTurbine_BladesMesh">
      <mesh>
        <source id="TidalTurbine_Blades-POSITION">
          <float_array id="TidalTurbine_Blades-POSITION-array" count="11250">
0.939386 -1.742882 -0.546353
0.639506 -1.625251 -0.839535
0.639561 -1.739437 -0.560738
0.639405 -1.805773 -0.266690
0.639107 -1.823913 0.034571
0.273645 -1.615631 -0.850514
0.274184 -1.734576 -0.573549
0.274609 -1.805952 -0.280261
0.274913 -1.826797 0.020646
0.275605 -1.800974 0.321418
-0.120502 -1.612696 -0.863877
-0.119888 -1.730207 -0.586268
-0.119159 -1.803042 -0.293685
-0.118557 -1.827299 0.007148
-0.117535 -1.801546 0.308397
-0.116416 -1.724168 0.600211
-0.484566 -1.435802 -1.125665
-0.484187 -1.601077 -0.874404
-0.484311 -1.724849 -0.599603
-0.483847 -1.802450 -0.307890
-0.482774 -1.826769 -0.006499
-0.482196 -1.801525 0.294304
-0.481319 -1.731824 0.588653
-0.479687 -1.610906 0.865195
-0.781871 -1.427116 -1.138480
-0.781843 -1.598034 -0.890355
-0.782038 -1.721832 -0.615070
-0.780700 -1.800689 -0.322728
-0.779862 -1.826693 -0.021321
-0.779543 -1.802606 0.279444
-0.779367 -1.731255 0.572101
-0.778970 -1.615862 0.850355
-0.777724 -1.455414 1.106085
0.939965 -1.808604 -0.252065
0.938370 -1.828669 0.049646
0.939076 -1.795974 0.350309
0.939583 -1.711508 0.640466
0.939496 -1.583061 0.913276
0.938719 -1.410749 1.161423
0.939237 -1.200490 1.379066
0.940189 -0.956061 1.558756
0.940402 -0.685904 1.692351
0.939522 -0.398975 1.782103
0.939619 -0.101077 1.824344
0.939798 0.200052 1.814742
0.939674 0.496812 1.759433
0.639112 -1.796107 0.335312
0.639870 -1.717159 0.626510
0.640419 -1.591472 0.901326
0.640866 -1.419206 1.149315
0.641284 -1.211654 1.368957
0.641495 -0.968369 1.548965
0.641714 -0.699836 1.686420
0.640862 -0.413826 1.780990
0.640325 -0.115876 1.824034
0.640716 0.185276 1.818013
0.276688 -1.722300 0.613973
0.277408 -1.598941 0.889591
0.278195 -1.427064 1.137555
0.278704 -1.220185 1.357105
0.279013 -0.979280 1.538952
0.279157 -0.712812 1.680547
0.278589 -0.427823 1.777805
0.278182 -0.129952 1.822517
-0.115079 -1.603825 0.877009
-0.114477 -1.437912 1.129229
-0.113871 -1.231820 1.349402
-0.113302 -0.991900 1.532777
-0.112801 -0.726111 1.676046
-0.113054 -0.440570 1.772444
-0.478986 -1.445753 1.117504
-0.478650 -1.242784 1.340696
-0.477697 -1.004614 1.525945
-0.476668 -0.740191 1.671484
-0.778091 -1.252948 1.328880
-0.776724 -1.016664 1.516005
0.939058 0.779489 1.652256
0.939400 1.040562 1.499734
0.640609 0.481737 1.762062
0.640686 0.766212 1.660369
0.640436 1.030871 1.511663
0.639991 1.264697 1.321464
0.278432 0.171154 1.819358
0.278563 0.468590 1.767301
0.278467 0.752724 1.664663
0.277924 1.017245 1.518157
0.277433 1.252737 1.328965
0.277579 1.455280 1.104815
-0.112943 -0.143814 1.822657
-0.112495 0.157968 1.820515
-0.112165 0.455068 1.770010
-0.112646 0.740491 1.670857
-0.113230 1.004478 1.524105
-0.113400 1.243537 1.339438
-0.113655 1.447906 1.116365
-0.114241 1.609784 0.862035
-0.476628 -0.455176 1.770139
-0.475948 -0.157916 1.822103
-0.475125 0.144207 1.821501
-0.474744 0.441529 1.771852
-0.475189 0.726828 1.674239
-0.475676 0.994182 1.534012
-0.475664 1.233799 1.349100
-0.476103 1.440169 1.128449
-0.477188 1.603677 0.874464
-0.477934 1.726603 0.599748
-0.775696 -0.753342 1.663258
-0.775505 -0.469614 1.765450
-0.775786 -0.172363 1.819341
-0.774118 0.129156 1.824409
-0.773811 0.427447 1.776956
-0.774008 0.713537 1.681912
-0.774283 0.980855 1.540618
-0.774781 1.222365 1.358949
-0.775388 1.428913 1.138770
-0.776575 1.598788 0.889718
-0.776997 1.722159 0.614480
-0.777548 1.800293 0.322425
0.938043 1.274971 1.309457
0.938680 1.473687 1.081183
0.940472 1.628898 0.822799
0.941056 1.740957 0.544334
0.941077 1.806823 0.251301
0.940527 1.825437 -0.049609
0.640077 1.465023 1.094560
0.641295 1.625941 0.838855
0.641673 1.741768 0.560701
0.641067 1.808934 0.266587
0.640348 1.826603 -0.034532
0.277652 1.616598 0.850127
0.277512 1.736021 0.573513
0.276802 1.805776 0.280497
0.276017 1.827805 -0.020611
-0.114820 1.731783 0.586862
-0.115500 1.803757 0.294089
-0.116044 1.826048 -0.006886
-0.478390 1.800211 0.307837
-0.478256 1.823226 0.006569
-0.776685 1.828111 0.021438
0.939354 1.795242 -0.350795
0.939434 1.709740 -0.641126
0.639830 1.795677 -0.335079
0.640030 1.717562 -0.627571
0.639466 1.588702 -0.901756
0.639866 1.419206 -1.151156
0.275625 1.797927 -0.321332
0.275678 1.721345 -0.614018
0.275304 1.596087 -0.889629
0.275534 1.426764 -1.139043
0.275543 1.220821 -1.359205
0.275606 0.980049 -1.540231
-0.116468 1.799813 -0.307736
-0.116488 1.727057 -0.601432
-0.116412 1.603521 -0.878462
-0.116793 1.437656 -1.130239
-0.117237 1.232007 -1.351053
-0.117313 0.993342 -1.534449
-0.117333 0.726652 -1.675981
-0.117697 0.441023 -1.773429
-0.478431 1.798500 -0.294387
-0.478618 1.724842 -0.586611
-0.478820 1.606507 -0.863723
-0.479427 1.444353 -1.117990
-0.480447 1.241687 -1.340747
-0.481292 1.004620 -1.526786
-0.481714 0.738830 -1.668614
-0.482257 0.454319 -1.768465
-0.483055 0.156915 -1.821754
-0.484139 -0.144702 -1.821565
-0.775516 1.805171 -0.280205
-0.776180 1.735584 -0.573980
-0.776969 1.617193 -0.852061
-0.777240 1.454479 -1.106765
-0.778885 1.251718 -1.329336
-0.778917 1.015754 -1.516205
-0.779278 0.752956 -1.663204
-0.780559 0.469136 -1.765100
-0.780586 0.171595 -1.822736
-0.781130 -0.130532 -1.823495
-0.781832 -0.428723 -1.776694
-0.781810 -0.714289 -1.680024
0.938975 1.581301 -0.914924
0.939405 1.408486 -1.162045
0.939799 1.199229 -1.378243
0.939696 0.957567 -1.557970
0.938300 0.686989 -1.692244
0.939431 0.399656 -1.783247
0.940174 0.100734 -1.824505
0.938745 -0.200801 -1.816335
0.938638 -0.495929 -1.754639
0.937940 -0.778866 -1.650852
0.937950 -1.041501 -1.501997
0.938574 -1.273955 -1.309153
0.939963 -1.471909 -1.081983
0.939497 -1.630545 -0.826015
0.639945 1.210071 -1.368155
0.639715 0.968835 -1.548513
0.639286 0.701208 -1.687938
0.639492 0.413898 -1.778015
0.639849 0.115800 -1.822395
0.639031 -0.185618 -1.820620
0.638897 -0.482363 -1.762549
0.638074 -0.765921 -1.658538
0.637933 -1.028456 -1.509259
0.638314 -1.264762 -1.321827
0.639136 -1.463731 -1.095069
0.275575 0.714415 -1.682514
0.275424 0.427789 -1.778053
0.275185 0.129644 -1.822271
0.274148 -0.171729 -1.819376
0.273485 -0.468966 -1.767310
0.272775 -0.753792 -1.665511
0.272704 -1.018137 -1.519214
0.273161 -1.254041 -1.330103
0.273337 -1.455471 -1.105746
-0.118527 0.143168 -1.822000
-0.119555 -0.158801 -1.820574
-0.120395 -0.456142 -1.769793
-0.120880 -0.742042 -1.671719
-0.120982 -1.004755 -1.523089
-0.120794 -1.242589 -1.337793
-0.120715 -1.447119 -1.116444
-0.484416 -0.442488 -1.772543
-0.484658 -0.727732 -1.673918
-0.484783 -0.996053 -1.534133
-0.484706 -1.232821 -1.347584
-0.781866 -0.980120 -1.538024
-0.781875 -1.219967 -1.356209
0.635810 -2.027952 0.506263
0.636272 -1.916121 0.833373
0.636611 -1.752596 1.137551
0.636599 -1.540832 1.410071
0.636360 -1.288770 1.646954
0.635729 -1.001038 1.837146
0.635647 -0.684512 1.975272
0.635593 -0.349721 2.060784
0.636132 -0.006639 2.091519
0.637036 0.336992 2.062636
0.852174 -1.286484 1.619572
0.851282 -1.002773 1.808782
0.851980 -0.690667 1.947534
0.851638 -0.360601 2.034713
0.852207 -0.022054 2.066690
0.637938 -0.989341 -1.839385
0.637026 -1.279401 -1.653070
0.636241 -1.533970 -1.419636
0.635556 -1.747324 -1.148909
0.635097 -1.911381 -0.846490
0.634969 -2.024645 -0.520116
0.634754 -2.084163 -0.179747
0.635236 -2.085083 0.165129
0.857231 0.361147 -2.033984
0.856370 0.021479 -2.064145
0.856238 -0.319299 -2.039737
0.856046 -0.651509 -1.960861
0.854153 -0.964416 -1.825658
0.853662 -1.252988 -1.643325
0.852487 -1.506274 -1.414174
0.851662 -1.719188 -1.148521
0.851233 -1.883149 -0.850439
0.851312 -1.998101 -0.528751
0.850180 -2.059822 -0.192940
0.851733 -2.062158 0.147891
0.852139 -2.008169 0.485894
0.852596 -1.900583 0.810083
0.852748 -1.740246 1.110735
0.853125 -1.533917 1.383583
0.637857 0.671935 1.977563
0.853406 0.318222 2.041149
0.854393 0.650871 1.961358
0.639058 0.989839 1.842061
0.639377 1.277610 1.650586
0.639981 1.532610 1.418258
0.854706 0.963276 1.824771
0.856082 1.252159 1.643036
0.856738 1.506043 1.413753
0.856655 1.716925 1.146547
0.856987 1.881822 0.848194
0.857792 1.997086 0.527545
0.857125 2.055813 0.192189
1.110111 1.803675 -0.725230
1.110143 1.658181 -1.012040
1.110169 1.469190 -1.271615
1.110158 1.241886 -1.496134
1.110125 1.897808 -0.418262
1.110161 0.978235 -1.678444
1.110161 0.688351 -1.816871
1.110141 0.381037 -1.907132
1.110154 0.061938 -1.941862
1.110162 -0.259221 -1.925366
1.110128 -0.573117 -1.858102
1.110141 -0.870300 -1.737257
1.110154 -1.144799 -1.569465
1.110156 -1.388518 -1.360622
1.110152 -1.592225 -1.114111
1.110168 -1.753174 -0.836645
1.110163 -1.867986 -0.537316
1.110151 -1.930688 -0.223341
1.110164 -1.940081 0.098191
1.110152 -1.898121 0.417013
1.110135 -1.804338 0.723376
1.110151 -1.659392 1.010019
1.110163 -1.470453 1.270221
1.110149 -1.242344 1.495719
1.110160 -0.977851 1.678673
1.110167 -0.687828 1.817057
1.110150 -0.380960 1.907151
1.110155 -0.062158 1.941851
1.110149 0.259067 1.925388
1.110114 0.573104 1.858106
1.110141 0.870308 1.737252
1.110166 1.144817 1.569452
1.110166 1.388734 1.360384
1.110154 1.592754 1.113398
-0.694036 0.615180 -1.968839
-0.694010 0.282817 -2.043264
-0.694004 -0.057627 -2.062880
-0.694116 -0.396466 -2.026073
-0.478460 -0.042690 -2.087453
-0.478704 -0.385681 -2.053617
-0.696587 1.694059 -1.177073
-0.695193 1.476987 -1.439051
-0.694701 1.219531 -1.661537
-0.695061 0.931776 -1.844643
-0.481886 1.893729 -0.877989
-0.481141 1.724612 -1.179547
-0.480099 1.507839 -1.447804
-0.479392 1.248203 -1.674314
-0.479050 0.955942 -1.856956
-0.478980 0.638649 -1.990474
-0.478875 0.302001 -2.067850
-0.693732 -0.724112 -1.931690
-0.693642 -1.031255 -1.784260
-0.694413 -1.313472 -1.594298
-0.694699 -1.557232 -1.356089
-0.695128 -1.756949 -1.080124
-0.695326 -1.910512 -0.776665
-0.696503 -2.011876 -0.451701
-0.697934 -2.060990 -0.113628
-0.698968 -2.048994 0.227402
-0.700523 -1.984493 0.561419
-0.702417 -1.867714 0.881359
-0.478497 -0.718470 -1.962016
-0.478564 -1.032153 -1.816428
-0.478838 -1.316988 -1.622230
-0.479069 -1.564736 -1.383495
-0.479658 -1.771522 -1.107509
-0.702333 -1.696089 1.176222
-0.702269 -1.478373 1.437737
-0.702821 -1.222034 1.661813
-0.703325 -0.933067 1.842247
-0.702882 -0.616140 1.967421
-0.703115 -0.283890 2.042126
-0.703347 0.056603 2.062709
-0.479927 -1.929012 -0.800989
-0.481107 -2.034143 -0.472878
-0.482009 -2.084162 -0.131111
-0.483376 -2.078629 0.214560
-0.484565 -2.014803 0.553589
-0.485455 -1.894859 0.876664
-0.485912 -1.724468 1.176698
-0.486519 -1.508974 1.446115
-0.486598 -1.249434 1.672900
-0.486624 -0.956490 1.855055
-0.487157 -0.639757 1.990239
-0.487034 -0.303120 2.066343
-0.486934 0.041772 2.087142
-0.487120 0.385093 2.052635
-0.487111 0.717282 1.961445
-0.487017 1.030698 1.816095
-0.704174 0.396560 2.027640
-0.703447 0.723172 1.931703
-0.703158 1.030831 1.785236
-0.702923 1.311840 1.592398
-0.702784 1.556166 1.354357
-0.702533 1.757402 1.079470
-0.701916 1.910823 0.776042
-0.701943 2.015082 0.452142
-0.701310 2.060742 0.113340
-0.700100 2.050416 -0.227433
-0.699297 1.987951 -0.562358
-0.486680 1.315634 1.621032
-0.486657 1.565149 1.383164
-0.486274 1.770592 1.106015
-0.485851 1.928808 0.799705
-0.485240 2.031813 0.471223
0.640220 1.745319 1.146504
0.640659 1.911425 0.844606
0.640716 2.023014 0.518591
0.640635 2.080425 0.178170
0.640924 2.083305 -0.167147
0.640961 2.026711 -0.508140
0.640783 1.915336 -0.835403
0.640600 1.750052 -1.137934
0.857178 2.058392 -0.149458
0.857866 2.006814 -0.487476
0.857048 1.898216 -0.811081
0.857168 1.738627 -1.112750
0.640979 1.540188 -1.411514
0.640689 1.286371 -1.644459
0.640701 0.998991 -1.834549
0.640781 0.684292 -1.974291
0.640431 0.349599 -2.058610
0.640032 0.005524 -2.088636
0.639811 -0.338266 -2.062324
0.639022 -0.672711 -1.976915
0.857264 1.531126 -1.382850
0.857504 1.284836 -1.617485
0.857045 1.000869 -1.805178
0.857349 0.690109 -1.945787
1.110165 1.753671 0.835593
1.110164 1.868204 0.536446
1.110152 1.930776 0.222748
1.110152 1.940044 -0.098941
-0.697997 1.867525 -0.882045
-0.484900 2.083470 0.130441
-0.484094 2.076531 -0.214900
-0.483210 2.014298 -0.554096
-0.882390 -0.407298 -1.995190
-0.882390 -0.728306 -1.900073
-0.882390 -1.031547 -1.753515
-0.882390 -1.306778 -1.561214
-0.882390 -1.543879 -1.325904
-0.882390 -1.740779 -1.052797
-0.882390 -1.891546 -0.752138
-0.882390 -1.989082 -0.431680
-0.882390 -2.032064 -0.096707
-0.882390 -2.020928 0.240622
-0.882390 -1.954783 0.568607
-0.882390 -1.833298 0.881943
-0.882390 -1.663149 1.172583
-0.882390 -1.449491 1.430044
-0.882390 -1.193144 1.647900
-0.882390 -0.905017 1.822384
-0.882390 -0.594803 1.947840
-0.882390 1.927472 -0.245021
-0.882390 1.862291 -0.560053
-0.882390 1.743166 -0.857805
-0.882390 1.578022 -1.133262
-0.882390 1.371531 -1.378632
-0.882390 1.125053 -1.584110
-0.882390 0.849169 -1.747251
-0.882390 0.550752 -1.864621
-0.882390 0.235790 -1.928842
-0.882390 -0.085234 -1.940718
-0.882390 -0.265381 2.017255
-0.882390 0.071738 2.033290
-0.882390 0.406259 1.995449
-0.882390 0.727160 1.900482
-0.882390 1.030779 1.753975
-0.882390 1.306848 1.561150
-0.882390 1.544614 1.325092
-0.882390 1.741501 1.051590
-0.882390 1.891876 0.751214
-0.882390 1.989158 0.431375
-0.882390 2.032059 0.096801
-0.882390 2.020952 -0.240461
-0.882390 1.954718 -0.568866
-0.882390 1.832903 -0.882780
-0.882390 1.662220 -1.173837
-0.882390 1.448369 -1.431283
1.183024 1.785919 -0.365741
1.183024 1.699260 -0.654002
1.183025 1.567724 -0.925055
1.183025 1.394977 -1.171372
1.183025 1.186229 -1.386465
1.183025 0.943307 -1.566628
1.183025 0.670813 -1.696309
1.183025 0.382652 -1.780642
1.183025 0.084732 -1.818288
1.183025 -0.215593 -1.808192
1.183025 -0.510345 -1.750662
1.183025 -0.793532 -1.646556
1.183025 -1.053947 -1.490469
1.183025 -1.282569 -1.294194
1.183025 -1.476341 -1.065045
1.183024 -1.631264 -0.808340
-1.019279 1.924811 -0.262962
-1.019279 1.856574 -0.577388
-1.019279 1.736161 -0.872615
-1.019279 1.567451 -1.147514
-1.019279 1.357793 -1.391082
-1.019279 1.112241 -1.593612
-1.019279 0.833458 -1.754681
-1.019279 0.532110 -1.869291
-1.019279 0.219184 -1.931305
-1.019279 -0.102568 -1.939866
-1.019279 -0.422231 -1.896814
-1.019279 -0.726862 -1.803091
-1.019279 -1.013115 -1.657537
-1.019279 -1.272962 -1.467969
-1.019279 -1.496309 -1.241693
-1.019279 -1.678893 -0.977485
-1.019279 -1.817725 -0.685963
-1.019279 -1.907910 -0.376898
-1.019279 -1.941996 -0.059198
-1.019279 -1.924777 0.263186
-0.242484 2.028965 -0.541930
-0.242484 1.911682 -0.869357
-0.242484 1.743873 -1.173655
-0.242484 1.526359 -1.442732
-0.242484 1.267983 -1.673915
-0.242484 0.976149 -1.861173
-0.242484 0.657224 -1.995048
-0.242484 0.319474 -2.075425
-0.242484 -0.027024 -2.101043
-0.242484 -0.371784 -2.067665
1.037327 1.798610 -0.739388
1.037327 1.650834 -1.024299
1.183023 1.940705 -0.085490
1.183023 1.901029 -0.405400
1.183023 1.808705 -0.711172
1.183023 1.665170 -1.000380
1.183023 1.477507 -1.262438
1.183023 1.252230 -1.486759
1.183023 0.989794 -1.671515
1.183023 0.700179 -1.812638
1.183023 0.394925 -1.903653
1.037327 0.937565 1.806991
1.037327 1.221882 1.626587
1.037327 1.474192 1.402791
1.037327 1.685086 1.143005
1.037327 1.848670 0.849441
1.037327 1.963642 0.533242
1.037327 2.026264 0.204651
1.037327 2.030316 -0.132275
1.037327 1.980317 -0.466672
1.037327 1.877764 -0.787927
1.037327 1.721835 -1.084401
1.037327 1.519162 -1.353175
1.037327 1.277024 -1.585691
1.037327 0.999964 -1.772446
1.037327 0.693654 -1.912472
1.037327 0.369408 -2.001825
1.037327 0.036383 -2.035027
1.037327 -0.300162 -2.012096
1.037327 -0.628821 -1.935669
1.037327 -0.937979 -1.806796
1.037327 -1.222123 -1.626408
1.037327 -1.474088 -1.402906
1.037327 -1.684659 -1.143581
1.037327 -1.848213 -0.850409
1.037327 -1.963443 -0.534035
1.037327 -2.026188 -0.205165
1.037327 -2.030366 0.131257
1.037327 -1.980691 0.465177
1.037327 -1.878659 0.786035
1.037327 -1.723078 1.082329
1.037327 -1.520330 1.351886
1.037327 -1.277392 1.585418
1.037327 -0.999587 1.772671
1.037327 -0.693122 1.912662
1.037327 -0.369124 2.001866
0.397421 1.537527 -1.430411
0.397421 1.281345 -1.664005
0.397421 0.991928 -1.853599
0.397421 0.672889 -1.989443
0.397421 0.335780 -2.073006
0.397421 -0.010558 -2.101852
0.397421 -0.355505 -2.070080
0.397421 -0.691628 -1.982738
0.397421 -1.009597 -1.843008
0.397421 -1.298000 -1.651652
0.397421 -1.551560 -1.414928
-0.882390 1.192000 -1.648749
-0.882390 0.904001 -1.822866
-0.882390 0.593954 -1.948145
-0.882390 0.264503 -2.017386
-0.882390 -0.072695 -2.033243
-1.019279 1.809465 -0.264306
-1.019279 1.736863 -0.557425
-1.019279 1.619128 -0.833998
-1.019279 1.458844 -1.088637
-1.019279 1.260602 -1.314104
-1.019279 1.029554 -1.505090
-1.019279 0.769823 -1.657820
-1.019279 0.484338 -1.759967
-1.019279 0.187821 -1.812311
-1.019279 -0.113220 -1.816888
-1.019279 -0.410752 -1.773603
-1.019279 -0.697102 -1.683876
-1.019279 -0.966417 -1.549489
-1.019279 -1.209460 -1.369235
1.037327 1.460087 -1.281658
1.037327 1.231312 -1.505303
1.037327 0.966012 -1.685770
1.037327 0.675497 -1.821470
1.037327 0.367070 -1.909368
1.037327 0.047498 -1.942572
1.037327 -0.272972 -1.923326
1.037327 -0.586539 -1.853300
1.037327 -0.883809 -1.730868
1.037327 -1.156034 -1.561133
1.037327 -1.397671 -1.350525
1.037327 -1.600848 -1.102485
1.037327 -1.759121 -0.824071
1.037327 -1.871324 -0.523993
1.037327 -1.932848 -0.208779
1.037327 -1.939390 0.112256
1.037327 -1.894774 0.430373
1.037327 -1.799293 0.737477
1.037327 -1.652051 1.022268
1.037327 -1.461318 1.280300
1.037327 -1.231749 1.504979
1.037327 -0.965574 1.686032
1.037327 -0.674906 1.821681
1.037327 -0.366900 1.909393
1.037327 -0.047694 1.942562
1.037327 0.272709 1.923365
1.037327 0.586331 1.853374
1.037327 0.883622 1.730955
1.037327 1.155938 1.561204
1.183023 0.075824 -1.941180
1.183023 -0.246292 -1.927283
1.183023 -0.558598 -1.862655
1.183023 -0.857217 -1.743444
1.183023 -1.134328 -1.577231
1.183023 -1.380140 -1.369867
1.183023 -1.583905 -1.125329
1.183023 -1.747605 -0.848420
0.397421 1.009056 1.843332
0.397421 1.298013 1.651642
0.397421 1.551957 1.414489
0.397421 1.764764 1.140139
0.397421 1.927925 0.835012
0.397421 2.037977 0.505950
0.397421 2.094362 0.162991
0.397421 2.093342 -0.183764
0.397421 2.032928 -0.526106
0.397421 1.918728 -0.854457
0.397421 1.753494 -1.158942
-1.019279 -1.030326 1.504627
-1.019279 -0.770276 1.657657
-1.019279 -0.484766 1.759812
-1.019279 -0.188438 1.812219
-1.019279 0.112313 1.816932
-1.019279 0.409609 1.773889
-1.019279 0.695983 1.684405
-1.019279 0.965894 1.549876
-1.019279 1.209819 1.368968
-1.019279 1.415477 1.148752
-1.019279 1.583043 0.899496
-1.019279 1.708961 0.626888
-1.019279 1.790066 0.337791
-1.019279 1.824364 0.038945
-0.242484 -0.707177 -1.977174
-0.242484 -1.024089 -1.834322
-0.242484 -1.311591 -1.641573
-0.242484 -1.562515 -1.402840
-0.242484 -1.772686 -1.126923
-0.242484 -1.934462 -0.821191
-0.242485 -2.041626 -0.491382
-0.242485 -2.095103 -0.147909
-0.242485 -2.092597 0.198913
-0.242485 -2.029345 0.540411
-0.242485 -1.912526 0.867570
-0.242485 -1.745159 1.171921
-0.242485 -1.527587 1.441377
-0.242485 -1.268977 1.673176
-0.242485 -0.976779 1.860874
-0.242485 -0.657613 1.994908
-0.242485 -0.319958 2.075351
-0.242485 0.026353 2.101075
-0.242485 0.371083 2.067768
-0.242485 0.706328 1.977477
-0.242485 1.023422 1.834721
-0.242485 1.311452 1.641675
-0.242485 1.562954 1.402356
-0.882390 -0.404157 -1.901341
-0.882390 -0.711542 -1.808573
-0.882390 -0.998651 -1.666207
-0.882390 -1.259283 -1.480367
-0.882390 -1.485435 -1.253692
-0.882390 -1.670343 -0.991750
-0.882390 -1.811493 -0.703382
-0.882390 -1.903605 -0.395118
-0.882390 -1.941175 -0.075923
-0.882390 -1.927443 0.245219
-0.882390 -1.862343 0.559844
-0.882390 -1.743506 0.857086
-0.882390 -1.578791 1.132224
-0.882390 -1.372576 1.377684
-0.882390 -1.125989 1.583415
-0.882390 -0.849918 1.746896
-0.882390 -0.551395 1.864460
-0.882390 -0.236519 1.928733
-0.882390 0.084307 1.940763
-0.882390 0.403036 1.901621
-0.882390 0.710361 1.808995
-0.882390 0.997966 1.666617
-0.882390 1.259513 1.480158
-0.882390 1.486406 1.252620
0.397421 -1.764126 -1.141204
0.397421 -1.927241 -0.836459
0.397421 -2.037623 -0.507363
0.397421 -2.094290 -0.164448
0.397421 -2.093428 0.182007
0.397421 -2.033407 0.524196
0.397421 -1.919626 0.852560
0.397421 -1.754504 1.157256
0.397421 -1.538621 1.429203
0.397421 -1.281960 1.663548
0.397421 -0.992228 1.853419
0.397421 -0.672937 1.989425
0.397421 -0.335881 2.072990
0.397421 0.009888 2.101884
0.397421 0.354531 2.070224
0.397421 0.690790 1.983037
-1.019279 -1.414464 -1.149871
-1.019279 -1.582168 -0.900956
-1.019279 -1.708585 -0.627940
-1.019279 -1.790023 -0.338079
-1.019279 -1.824354 -0.038758
-1.019279 -1.809458 0.264437
-1.019279 -1.736907 0.557249
-1.019279 -1.619449 0.833318
-1.019279 -1.459455 1.087813
-1.019279 -1.261388 1.313390
1.183023 -1.864877 -0.549726
1.183023 -1.928571 -0.237615
1.183023 -1.940734 0.084906
1.183023 -1.901304 0.404304
1.183023 -1.809348 0.709375
1.183023 -1.666404 0.998320
1.183023 -1.478812 1.260997
1.183023 -1.252705 1.486328
1.183023 -0.989400 1.671751
1.183023 -0.699696 1.812811
1.183023 -0.394934 1.903651
1.183023 -0.076110 1.941165
1.183023 0.246171 1.927301
1.183023 0.558713 1.862626
1.183023 0.857373 1.743370
1.183023 1.134439 1.577148
1.183023 1.380405 1.369573
1.183023 1.584513 1.124509
1.183023 1.748165 0.847235
1.183023 1.865110 0.548800
1.183023 1.928649 0.237083
-1.019279 -1.856630 0.577230
-1.019279 -1.736477 0.871947
-1.019279 -1.568141 1.146583
-1.019280 -1.358709 1.390252
-1.019280 -1.113048 1.593012
-1.019280 -0.834075 1.754389
-1.019280 -0.532658 1.869152
-1.019280 -0.219870 1.931202
-1.019280 0.101640 1.939911
-1.019280 0.421097 1.897097
-1.019280 0.725697 1.803507
1.037327 -0.036611 2.035016
1.037327 0.299634 2.012174
1.037327 0.628340 1.935841
1.183024 -1.743636 -0.530385
1.183024 -1.810793 -0.237289
1.183024 -1.825697 0.066106
1.183024 -1.786034 0.364967
1.183024 -1.699840 0.652380
1.183024 -1.568970 0.922975
1.183024 -1.396295 1.169917
1.183024 -1.186507 1.386259
1.183024 -0.942620 1.567137
1.183024 -0.670287 1.696557
1.183024 -0.382710 1.780627
1.183024 -0.085192 1.818264
1.183024 0.215414 1.808218
1.183024 0.510491 1.750609
-1.019280 1.012505 1.657902
-1.019280 1.273319 1.467644
-1.019280 1.497413 1.240475
-1.019279 1.679851 0.975886
-1.019279 1.818128 0.684835
-1.019279 1.907957 0.376579
-1.019279 1.941986 0.059414
-0.242485 1.773291 1.125913
-0.242485 1.935082 0.819879
-0.242485 2.041968 0.490015
-0.242485 2.095163 0.146701
-0.882390 1.671236 0.990260
-0.882390 1.811876 0.702309
-0.882390 1.903679 0.394823
-0.882390 1.941165 0.076128
1.037327 1.397832 1.350346
1.037327 1.601318 1.101851
1.037327 1.759569 0.823125
1.037327 1.871523 0.523198
1.037327 1.932938 0.208174
1.037327 1.939349 -0.113093
1.037327 1.894439 -0.431710
1.183024 0.793706 1.646451
1.183024 1.054178 1.490330
1.183024 1.282933 1.293863
1.183024 1.477089 1.064036
1.183024 1.631929 0.806934
1.183024 1.743888 0.529378
1.183024 1.810816 0.236816
1.183024 1.825705 -0.066252
-0.242485 2.092536 -0.200173
-0.206258 -2.113960 3.968362
-0.227951 -1.925745 3.675759
-0.251510 -1.750042 3.403651
-0.131082 -1.409569 3.291082
-0.276663 -1.591918 3.150441
-0.180510 -1.260319 3.034643
-0.313783 -1.435192 2.918296
-0.143120 -0.986030 2.821740
-0.255588 -1.099860 2.756726
-0.376400 -1.262159 2.662424
-0.526038 -1.534354 2.470668
-0.226125 -0.826751 2.526351
-0.340838 -0.933555 2.456927
-0.447822 -1.081604 2.381071
-0.565565 -1.314850 2.249468
-0.284346 -0.701477 2.299560
-0.399812 -0.814107 2.240901
-0.502235 -0.957665 2.177296
-0.594582 -1.149840 2.069831
-0.155179 -0.541061 2.228308
-0.300880 -0.642865 2.184708
-0.417339 -0.759763 2.130191
-0.516114 -0.897392 2.057315
-0.600619 -1.072156 1.955714
-0.161447 -0.506382 2.165497
-0.306374 -0.608526 2.119082
-0.423780 -0.728079 2.059334
-0.523688 -0.865613 1.983145
-0.603857 -1.037506 1.882243
0.018003 -0.404613 2.157250
-0.162660 -0.479947 2.124651
-0.303033 -0.587036 2.070964
-0.423575 -0.709704 2.006500
-0.529582 -0.847577 1.924000
-0.602067 -1.019989 1.819949
0.022546 -0.398910 2.107112
-0.150084 -0.465119 2.076142
-0.291190 -0.571869 2.025073
-0.411641 -0.703740 1.959233
-0.519086 -0.842531 1.871820
-0.581175 -1.020670 1.773832
-0.610141 -1.215868 1.648646
0.043728 -0.420477 2.079092
-0.124899 -0.476665 2.037932
-0.273205 -0.569939 1.985421
-0.391545 -0.706801 1.920080
-0.502506 -0.844464 1.828551
-0.560314 -1.024050 1.729575
-0.576540 -1.216522 1.614350
0.239814 -0.413034 2.052602
0.068897 -0.447722 2.044390
-0.091733 -0.500499 2.001351
-0.238591 -0.592126 1.948636
-0.372945 -0.714362 1.878145
-0.462736 -0.861780 1.792730
-0.520481 -1.038277 1.691383
-0.529109 -1.221517 1.585974
0.253415 -0.470524 2.018622
0.104127 -0.497138 2.003256
-0.044462 -0.551960 1.971605
-0.186856 -0.641514 1.919900
-0.307505 -0.763231 1.849628
-0.398485 -0.904208 1.768235
-0.457127 -1.071317 1.671900
-0.464959 -1.237246 1.576272
0.285657 -0.551553 1.971840
0.163000 -0.584693 1.952707
0.031889 -0.641609 1.919846
-0.098825 -0.725538 1.871389
-0.213536 -0.835821 1.807718
-0.300053 -0.968338 1.731209
-0.357205 -1.114792 1.646654
-0.374250 -1.250875 1.568086
-0.040481 -4.298829 6.815275
-0.022749 -4.423208 7.106739
-0.004996 -4.540300 7.381354
0.012082 -4.640920 7.619210
0.023473 -4.744680 7.851184
0.034457 -4.856114 8.092776
0.042751 -4.969425 8.330081
0.055743 -5.070544 8.555157
-0.167682 -2.938455 3.660454
-0.178913 -3.080505 3.971535
-0.173811 -3.206778 4.283794
-0.152293 -3.322319 4.590934
-0.119134 -3.439511 4.915153
-0.083521 -3.550713 5.232299
-0.046827 -3.669287 5.562162
-0.009654 -3.795496 5.900895
0.021489 -3.926732 6.231810
0.043037 -4.061529 6.549317
0.058528 -4.195969 6.853362
0.070924 -4.325772 7.141269
0.081375 -4.448403 7.411155
0.088889 -4.560427 7.652902
0.095143 -4.673977 7.888294
0.099719 -4.790606 8.125683
0.102776 -4.907967 8.361092
0.478451 -1.462115 1.537152
0.484882 -1.488088 1.567084
0.490295 -1.523226 1.618428
0.488835 -1.580000 1.716612
0.466577 -1.667752 1.887712
0.399752 -1.828181 2.211845
0.317195 -2.009198 2.566287
0.242013 -2.191616 2.899364
0.174624 -2.364304 3.216638
0.119238 -2.521523 3.521142
0.090420 -2.671145 3.811975
0.074537 -2.808192 4.098874
0.067126 -2.936676 4.388511
0.072002 -3.064907 4.682998
0.088623 -3.199798 4.990687
0.107046 -3.334651 5.303386
0.126967 -3.473449 5.626064
0.147349 -3.617561 5.956414
0.163768 -3.768339 6.288555
0.172029 -3.918793 6.607166
0.175477 -4.066894 6.908114
0.176208 -4.208212 7.189279
0.175797 -4.341829 7.450506
0.174511 -4.467269 7.693007
0.172891 -4.590538 7.928487
0.170170 -4.712864 8.159209
0.511757 -1.276589 1.553241
0.552841 -1.310675 1.546647
0.558307 -1.332195 1.569608
0.565046 -1.357011 1.597076
0.572460 -1.382999 1.626706
0.577596 -1.417921 1.676669
0.579084 -1.471938 1.774035
0.564550 -1.549224 1.954462
0.526978 -1.680858 2.300496
0.480968 -1.835503 2.691659
0.433887 -1.986157 3.050652
0.388593 -2.127984 3.378607
0.346378 -2.263088 3.682074
0.325305 -2.399202 3.962274
0.309973 -2.529933 4.237375
0.296769 -2.659260 4.516955
0.291600 -2.795097 4.805270
0.297094 -2.945266 5.104524
0.301527 -3.102046 5.412366
0.305427 -3.262994 5.725669
0.308932 -3.426613 6.039832
0.307769 -3.599283 6.365774
0.300266 -3.769505 6.677023
0.288833 -3.936423 6.972392
0.276799 -4.092920 7.244970
0.265656 -4.237451 7.496825
0.253718 -4.375400 7.735101
0.241873 -4.510303 7.965263
0.611707 -1.195473 1.615772
0.624288 -1.220238 1.637396
0.637733 -1.245004 1.660411
0.652712 -1.273246 1.689876
0.651038 -1.304258 1.741246
0.651252 -1.352313 1.833413
0.638957 -1.432591 2.035035
0.613937 -1.552954 2.386380
0.585534 -1.687137 2.782897
0.558108 -1.815105 3.149091
0.526819 -1.937532 3.485668
0.497214 -2.060251 3.794093
0.482305 -2.189156 4.071986
0.468259 -2.320155 4.345031
0.452095 -2.457106 4.624342
0.441404 -2.605382 4.911437
0.438133 -2.770022 5.207168
0.432471 -2.944223 5.511762
0.425319 -3.118901 5.816328
0.416027 -3.295613 6.113635
0.404459 -3.480473 6.429836
0.390487 -3.658722 6.734029
0.372021 -3.835282 7.025235
0.352359 -4.001174 7.293237
0.334036 -4.153980 7.538906
0.313443 -4.301547 7.770873
0.677464 -1.102469 1.705515
0.696216 -1.122937 1.726741
0.709316 -1.147775 1.759245
0.708411 -1.175834 1.810254
0.707610 -1.219942 1.900638
0.695347 -1.307609 2.127671
0.674836 -1.426887 2.479414
0.655119 -1.553917 2.865060
0.631656 -1.672446 3.220660
0.605725 -1.794572 3.556199
0.583336 -1.919982 3.864782
0.568230 -2.051265 4.140584
0.553221 -2.188891 4.413798
0.535127 -2.336133 4.697014
0.521288 -2.496559 4.984076
0.512456 -2.671977 5.276679
0.501122 -2.855930 5.579404
0.486128 -3.039217 5.874601
0.470466 -3.220154 6.163566
0.457001 -3.406985 6.471360
0.440587 -3.589524 6.772085
0.422675 -3.765820 7.061000
0.402002 -3.935642 7.328048
0.379477 -4.094931 7.571262
0.733059 -0.990564 1.799317
0.746136 -1.007623 1.834597
0.744376 -1.030533 1.885324
0.742710 -1.071169 1.974147
0.728674 -1.171429 2.227747
0.709757 -1.296405 2.578679
0.695390 -1.425351 2.946042
0.676342 -1.548771 3.281356
0.644244 -1.680074 3.609450
0.625018 -1.814973 3.913223
0.606364 -1.951395 4.189839
0.595320 -2.098113 4.463315
0.575407 -2.255750 4.750671
0.558237 -2.424418 5.037525
0.549236 -2.603358 5.329821
0.534104 -2.793336 5.628976
0.518396 -2.979832 5.917850
0.503195 -3.154886 6.205442
0.491142 -3.353424 6.501058
0.469954 -3.538746 6.801362
0.450586 -3.716334 7.085740
0.420457 -3.889475 7.352163
0.752748 -0.858302 1.924229
0.749918 -0.876868 1.976629
0.745411 -0.917899 2.069429
0.733322 -1.030254 2.333784
0.716830 -1.165528 2.675531
0.703179 -1.302275 3.019304
0.677665 -1.437010 3.335719
0.654614 -1.580121 3.654916
0.641752 -1.724254 3.951635
0.621339 -1.864763 4.234346
0.604159 -2.020730 4.507388
0.584599 -2.189533 4.797681
0.568896 -2.363120 5.084482
0.561261 -2.543673 5.377718
0.543828 -2.735285 5.675148
0.526969 -2.922685 5.956529
0.483459 -3.114833 6.233338
0.482576 -3.299240 6.531767
0.464669 -3.491359 6.827768
0.448371 -3.671170 7.107920
0.717431 -0.728558 2.085547
0.710635 -0.772677 2.186145
0.701850 -0.891824 2.445006
0.688644 -1.040738 2.761567
0.679046 -1.187791 3.081403
0.658226 -1.337187 3.383692
0.635532 -1.489772 3.695178
0.614408 -1.641444 3.986414
0.587301 -1.802167 4.258386
0.580465 -1.958459 4.542206
0.567281 -2.126258 4.841020
0.549006 -2.311400 5.124477
0.536745 -2.501475 5.413826
0.511769 -2.699560 5.701186
0.494668 -2.884938 5.985192
0.463524 -3.069537 6.263568
0.463393 -3.255127 6.557889
0.443427 -3.450160 6.849983
0.639031 -0.648501 2.288437
0.632309 -0.775255 2.537906
0.622111 -0.934063 2.829255
0.619158 -1.088701 3.132451
0.595125 -1.252126 3.421524
0.583434 -1.411963 3.727897
0.567025 -1.572377 4.016518
0.550359 -1.741358 4.289329
0.536806 -1.910992 4.569432
0.520719 -2.091630 4.864632
0.504392 -2.276009 5.151728
0.492053 -2.468519 5.441884
0.479209 -2.664661 5.728883
0.462030 -2.847682 6.013076
0.436085 -3.028970 6.292737
0.424282 -3.223802 6.577093
0.529258 -0.688046 2.602494
0.525144 -0.845747 2.883396
0.525463 -1.013869 3.170255
0.517357 -1.179235 3.457489
0.506637 -1.355325 3.750202
0.494793 -1.527360 4.032942
0.485046 -1.699522 4.306916
0.474260 -1.878280 4.587003
0.462561 -2.065786 4.881163
0.449284 -2.254187 5.170862
0.440225 -2.445038 5.460612
0.422257 -2.647063 5.739920
0.404341 -2.837856 6.021478
0.386107 -3.020247 6.300356
0.405979 -0.804457 2.909392
0.411296 -0.970755 3.192321
0.414984 -1.141960 3.475005
0.412126 -1.317669 3.762204
0.414249 -1.497058 4.040581
0.408067 -1.676732 4.313187
0.405926 -1.854580 4.598493
0.397898 -2.048366 4.891662
0.388235 -2.240696 5.184254
0.375345 -2.436247 5.469600
0.360405 -2.639472 5.744417
0.346683 -2.828201 6.025759
0.287937 -0.964028 3.196711
0.302806 -1.134744 3.475426
0.318796 -1.322706 3.752596
0.324375 -1.490609 4.033997
0.324117 -1.667685 4.310318
0.324595 -1.860387 4.591073
0.322963 -2.058068 4.886058
0.316040 -2.255059 5.178224
0.306485 -2.444008 5.465745
0.294042 -2.639882 5.743675
0.197047 -1.159625 3.458054
0.212518 -1.332976 3.736428
0.227242 -1.508803 4.007528
0.235835 -1.686248 4.288813
0.239175 -1.881335 4.573543
0.244136 -2.082099 4.870299
0.243642 -2.282169 5.162182
0.237808 -2.479346 5.443101
0.114400 -1.383819 3.693792
0.130141 -1.553487 3.962515
0.145361 -1.736520 4.244516
0.157698 -1.930423 4.535664
0.167829 -2.131183 4.834729
0.173128 -2.333662 5.124725
0.033742 -1.625839 3.901527
0.050726 -1.808600 4.185738
0.067455 -2.003204 4.479887
0.082236 -2.202533 4.780152
-0.053488 -1.914751 4.104847
-0.035379 -2.109519 4.402051
0.372602 -1.325928 1.524755
0.280092 -1.406643 1.478154
0.179294 -1.476255 1.437963
0.071049 -1.528423 1.407844
-0.030179 -1.559877 1.389684
-0.128293 -1.562881 1.388276
0.426322 -1.373892 1.497960
0.327335 -1.456115 1.450028
0.218880 -1.527764 1.410690
0.100789 -1.577784 1.380249
-0.016551 -1.601873 1.365863
-0.133039 -1.596991 1.369229
0.356348 -1.495143 1.443951
0.238145 -1.566236 1.415812
0.116953 -1.617844 1.374316
-0.010811 -1.640911 1.358412
-0.141856 -1.634512 1.356647
0.365139 -1.524988 1.462719
0.255552 -1.602576 1.416863
0.130621 -1.654733 1.368651
-0.006685 -1.677337 1.358899
-0.145705 -1.665522 1.372861
0.376151 -1.555141 1.483937
0.275876 -1.644759 1.424740
0.142127 -1.697664 1.380129
-0.005787 -1.714466 1.366394
-0.151161 -1.696749 1.391656
0.389932 -1.584195 1.507739
0.276330 -1.665789 1.462249
0.141677 -1.722999 1.424521
-0.007478 -1.750993 1.411066
-0.160055 -1.737655 1.423789
0.273337 -1.701844 1.522419
0.131954 -1.765717 1.493743
-0.019109 -1.794069 1.487680
-0.168933 -1.780054 1.497165
0.251889 -1.777092 1.625585
0.098044 -1.842359 1.609345
-0.049023 -1.866244 1.597219
-0.191478 -1.849262 1.601328
0.180882 -1.909539 1.792648
0.028791 -1.978419 1.753923
-0.108409 -1.989069 1.721654
-0.240254 -1.961884 1.709278
-0.093938 -2.168166 1.945910
-0.219371 -2.176974 1.893164
-0.336443 -2.154732 1.860712
-0.430944 -2.109318 1.875052
-0.238209 -2.380853 2.160121
-0.353455 -2.404918 2.101938
-0.445286 -2.398481 2.075618
-0.517831 -2.368582 2.078209
-0.379837 -2.624949 2.410146
-0.477705 -2.656654 2.347484
-0.546676 -2.665004 2.310708
-0.607492 -2.633212 2.313627
-0.471738 -2.865712 2.717177
-0.557664 -2.897086 2.653900
-0.615945 -2.905174 2.617761
-0.673485 -2.879077 2.613768
-0.582667 -3.096908 3.041599
-0.629820 -3.102733 3.011552
-0.675920 -3.083435 3.000465
-0.563946 -3.245107 3.448012
-0.622656 -3.263715 3.419592
-0.652903 -3.232329 3.422604
-0.518409 -3.340073 3.831850
-0.559990 -3.351014 3.821154
-0.600480 -3.349249 3.815849
-0.465685 -3.449893 4.185911
-0.507992 -3.449521 4.181153
-0.537280 -3.454085 4.178483
-0.465179 -3.547716 4.513932
-0.499707 -3.549584 4.512151
-0.431844 -3.675849 4.849446
-0.464558 -3.676468 4.849065
-0.394180 -3.791520 5.183544
-0.438010 -3.779364 5.195391
-0.438899 -3.754442 5.207478
-0.395007 -3.895563 5.532062
-0.395263 -3.872531 5.545059
-0.335049 -4.019400 5.856000
-0.342825 -3.990886 5.871247
-0.323177 -4.139221 6.172160
-0.324863 -4.114299 6.184214
-0.285430 -4.284190 6.469301
-0.304155 -4.243707 6.485501
-0.283961 -4.379987 6.792072
-0.258036 -4.512845 7.087295
-0.229408 -4.630192 7.349614
-0.195891 -4.724114 7.591187
-0.114428 -4.876779 8.070382
-0.088495 -4.962062 8.269112
-0.074148 -5.059718 8.460307
0.496152 -0.851063 1.798918
0.567900 -0.929570 1.753591
0.516400 -0.999540 1.713195
0.449944 -1.080220 1.666614
-0.187807 -2.311990 4.274720
-0.018463 -2.307902 4.703000
0.093497 -2.398334 5.073839
0.098301 -2.587115 5.357281
0.170032 -2.523475 5.408142
0.171029 -2.715951 5.685008
0.233832 -2.674208 5.719015
0.168903 -2.905301 5.957245
0.230237 -2.864336 5.991722
0.284121 -2.834270 6.017500
0.227384 -3.050333 6.262934
0.278308 -3.020545 6.291945
0.331593 -3.013882 6.302659
0.275620 -3.216954 6.567388
0.323185 -3.200221 6.585743
0.375870 -3.205718 6.586856
0.264080 -3.415587 6.843398
0.314206 -3.401391 6.862088
0.361063 -3.410961 6.864427
0.408968 -3.419896 6.864551
0.306138 -3.596845 7.119312
0.350770 -3.588429 7.134908
0.394878 -3.603942 7.134590
0.430739 -3.632251 7.125380
0.293491 -3.779761 7.377290
0.339245 -3.780187 7.385623
0.380509 -3.786270 7.391009
0.412174 -3.811957 7.384801
0.425382 -3.848914 7.370959
0.326071 -3.951051 7.625980
0.365661 -3.956384 7.630965
0.397407 -3.969998 7.630397
0.397091 -4.010257 7.613086
0.390227 -4.048968 7.595487
0.313018 -4.114000 7.852572
0.349222 -4.110972 7.859408
0.376972 -4.133131 7.849699
0.378947 -4.164381 7.834058
0.379852 -4.201258 7.820443
0.353724 -4.246101 7.798330
0.338501 -4.273069 8.071353
0.346867 -4.291840 8.058913
0.356049 -4.317471 8.046666
0.358629 -4.351588 8.033061
0.331628 -4.392464 8.015986
0.294093 -4.444424 7.994073
0.334244 -4.431639 8.260934
0.340825 -4.457775 8.249703
0.339439 -4.488586 8.237446
0.314542 -4.526301 8.222516
0.280652 -4.575363 8.206116
0.232948 -4.637468 8.186570
0.328825 -4.574320 8.448109
0.334938 -4.592664 8.442330
0.321284 -4.616065 8.433156
0.303131 -4.648243 8.423258
0.269441 -4.698809 8.415385
0.223891 -4.764743 8.406258
0.165861 -4.837300 8.388592
0.323868 -4.716872 8.644557
0.311547 -4.742798 8.639334
0.287436 -4.782627 8.636420
0.253033 -4.839612 8.635523
0.209537 -4.902585 8.632266
0.159141 -4.967169 8.618972
0.107674 -5.022511 8.592675
0.294735 -4.844190 8.804570
0.284251 -4.871782 8.802970
0.262714 -4.911666 8.800976
0.229681 -4.963696 8.800797
0.190576 -5.018677 8.799416
0.152668 -5.067041 8.790387
0.116265 -5.101779 8.765479
0.076333 -5.136863 8.732007
0.249408 -4.961928 8.899783
0.242438 -4.992831 8.891978
0.212526 -5.031397 8.882796
0.178351 -5.074630 8.871581
0.144496 -5.109787 8.858138
0.116151 -5.140518 8.841557
0.085597 -5.170474 8.817893
0.464318 -1.414199 1.485709
0.472759 -1.437213 1.509168
0.390686 -1.621178 1.569155
0.384440 -1.682610 1.662982
0.340124 -1.792964 1.834268
0.232285 -1.981824 2.116949
0.057827 -2.107025 2.022305
0.114840 -2.178748 2.411380
-0.083090 -2.307844 2.262924
0.012795 -2.387962 2.712333
-0.210388 -2.539651 2.532954
-0.071985 -2.590851 3.025300
-0.307597 -2.769711 2.841989
-0.136026 -2.772941 3.344005
-0.369254 -2.970600 3.186462
-0.513010 -3.065701 3.091202
-0.383617 -3.134941 3.543981
-0.502977 -3.221005 3.480296
-0.363149 -3.254919 3.890424
-0.463089 -3.328893 3.847893
-0.331184 -3.361564 4.228516
-0.411825 -3.424770 4.200271
-0.292469 -3.465090 4.545974
-0.367634 -3.525872 4.525366
-0.421989 -3.545275 4.516632
-0.252242 -3.577747 4.882613
-0.329440 -3.641177 4.864390
-0.386809 -3.675063 4.850140
-0.209950 -3.679837 5.202113
-0.288099 -3.749314 5.186284
-0.344536 -3.779953 5.180737
-0.168629 -3.795303 5.533589
-0.245407 -3.861715 5.520894
-0.303786 -3.889679 5.518620
-0.351354 -3.899933 5.521862
-0.127286 -3.915967 5.873488
-0.205431 -3.983210 5.857359
-0.262758 -4.018490 5.848375
-0.306177 -4.033985 5.846233
-0.090153 -4.039368 6.198911
-0.169831 -4.110026 6.177137
-0.231804 -4.134784 6.168794
-0.278501 -4.145929 6.165810
-0.063786 -4.169459 6.511650
-0.142939 -4.239956 6.487152
-0.199469 -4.279461 6.471245
-0.250915 -4.285736 6.468445
-0.117951 -4.367068 6.789815
-0.176091 -4.410173 6.771952
-0.232246 -4.410177 6.773947
-0.269217 -4.406775 6.777620
-0.097948 -4.491949 7.081928
-0.155459 -4.536691 7.064151
-0.209858 -4.548338 7.062843
-0.252636 -4.540179 7.074134
-0.074224 -4.606427 7.356696
-0.129607 -4.648215 7.337498
-0.174653 -4.671628 7.327037
-0.210728 -4.656813 7.333149
-0.052112 -4.699199 7.593272
-0.101384 -4.742109 7.574727
-0.150010 -4.753608 7.573281
-0.188829 -4.749824 7.580613
-0.034438 -4.798291 7.821435
-0.081483 -4.835554 7.803847
-0.126411 -4.862900 7.795357
-0.155838 -4.855803 7.803703
-0.169297 -4.821231 7.824748
-0.016570 -4.901883 8.065427
-0.059597 -4.936899 8.042489
-0.091580 -4.959346 8.030390
-0.121287 -4.950582 8.037781
-0.119658 -4.913970 8.053511
-0.002598 -5.008982 8.305363
-0.040015 -5.038009 8.280619
-0.065581 -5.053329 8.260209
-0.087398 -5.034448 8.255768
-0.088853 -4.998667 8.260150
0.009174 -5.106272 8.518021
-0.031486 -5.135746 8.484748
-0.075359 -5.151219 8.461032
-0.091750 -5.132837 8.455691
-0.087735 -5.092341 8.457091
0.033072 -5.170628 8.694493
-0.011574 -5.205132 8.659602
-0.055076 -5.222023 8.640462
-0.069181 -5.195872 8.633128
-0.068835 -5.166297 8.629483
-0.072763 -5.135875 8.626080
-0.273746 -1.589381 1.388048
-0.288032 -1.623301 1.403346
-0.302069 -1.651960 1.420458
-0.313665 -1.689436 1.457674
-0.465533 -1.602712 1.516880
-0.317197 -1.729606 1.530733
-0.463256 -1.643189 1.590081
-0.328242 -1.793508 1.632144
-0.470138 -1.712508 1.687987
-0.364517 -1.910082 1.727205
-0.495426 -1.840664 1.780948
-0.602829 -1.732194 1.881942
-0.536019 -2.051308 1.918680
-0.618964 -1.962548 2.021215
-0.593344 -2.316619 2.108128
-0.637213 -2.226424 2.196608
-0.622475 -2.054375 2.377148
-0.656812 -2.589997 2.327756
-0.671549 -2.494787 2.403698
-0.628734 -2.295177 2.564539
-0.690651 -2.827285 2.638349
-0.703517 -2.743411 2.689222
-0.652039 -2.543545 2.818899
-0.705030 -3.033165 3.010666
-0.699747 -2.954041 3.047835
-0.651124 -2.769273 3.144816
-0.459981 -2.321348 3.405277
-0.675413 -3.193092 3.430264
-0.670850 -3.125133 3.452369
-0.627643 -2.961980 3.522057
-0.443716 -2.529634 3.727912
-0.620482 -3.309680 3.827803
-0.617884 -3.255760 3.847665
-0.584696 -3.116796 3.902301
-0.422512 -2.728816 4.064507
-0.557666 -3.418334 4.194084
-0.561161 -3.364411 4.217777
-0.532483 -3.243398 4.263722
-0.396151 -2.911999 4.395320
-0.522581 -3.516648 4.522346
-0.521169 -3.463031 4.541822
-0.491988 -3.355076 4.587711
-0.370645 -3.074293 4.710551
-0.481132 -3.636202 4.862863
-0.481083 -3.585428 4.882526
-0.454336 -3.484276 4.927268
-0.342780 -3.233311 5.036073
-0.439407 -3.711361 5.229828
-0.411889 -3.616225 5.274739
-0.311539 -3.391476 5.365834
-0.395777 -3.832773 5.568443
-0.368286 -3.744978 5.611715
-0.281743 -3.545984 5.689308
-0.352803 -3.954770 5.892690
-0.330973 -3.872839 5.933001
-0.254230 -3.699078 6.000894
-0.327186 -4.077833 6.204877
-0.302626 -4.003056 6.244081
-0.302036 -4.207278 6.503523
-0.279727 -4.140405 6.539556
-0.278177 -4.346573 6.811130
-0.254711 -4.285711 6.844506
-0.251985 -4.480058 7.107807
-0.225568 -4.420594 7.141378
-0.225866 -4.595397 7.370937
-0.197215 -4.539403 7.402106
-0.195984 -4.690037 7.611301
-0.171690 -4.642428 7.637735
-0.168038 -4.783507 7.844547
-0.143144 -4.742431 7.865194
-0.112850 -4.840328 8.089560
-0.006549 -2.503163 4.997564
-0.001864 -2.696199 5.283688
-0.001428 -2.892375 5.567740
0.098479 -2.780540 5.635451
0.093617 -2.976455 5.907942
0.087109 -3.174164 6.180326
0.164023 -3.095689 6.226356
0.080273 -3.378528 6.458410
0.158167 -3.297357 6.503142
0.221554 -3.242728 6.543039
0.072047 -3.582645 6.733009
0.148418 -3.501109 6.775088
0.212583 -3.447309 6.813813
0.064254 -3.781859 6.998303
0.135851 -3.700649 7.036085
0.198992 -3.646812 7.071305
0.254545 -3.609030 7.102807
0.124639 -3.894202 7.286164
0.186140 -3.838496 7.322406
0.241624 -3.800741 7.354717
0.114603 -4.075346 7.523741
0.175638 -4.018497 7.557400
0.230695 -3.980232 7.588887
0.281285 -3.956632 7.613956
0.106131 -4.246398 7.750190
0.165592 -4.190223 7.780277
0.218933 -4.150356 7.810835
0.266883 -4.124746 7.836951
0.099568 -4.407568 7.968961
0.155858 -4.354934 7.994848
0.208684 -4.314386 8.022528
0.256810 -4.286089 8.046935
0.299774 -4.269531 8.065964
0.150003 -4.504951 8.195254
0.199096 -4.466745 8.221244
0.244183 -4.436476 8.245989
0.286875 -4.418450 8.263209
0.329641 -4.415760 8.272149
0.145369 -4.633502 8.373946
0.190771 -4.600468 8.399865
0.230235 -4.574741 8.424245
0.268318 -4.559429 8.442507
0.302049 -4.568459 8.443955
0.142423 -4.750635 8.532923
0.184697 -4.719567 8.561581
0.223676 -4.700629 8.591111
0.261412 -4.696573 8.614276
0.295148 -4.692941 8.634968
0.316831 -4.691662 8.649310
0.138865 -4.852954 8.677371
0.174214 -4.828206 8.704333
0.207560 -4.812285 8.737761
0.238855 -4.801175 8.771166
0.269315 -4.809645 8.786439
0.287848 -4.816641 8.802270
0.155720 -4.921289 8.806519
0.181255 -4.912849 8.840205
0.205387 -4.903482 8.869973
0.226092 -4.897331 8.898431
0.244227 -4.910510 8.906592
0.246788 -4.935768 8.902705
0.436878 -0.603321 1.941952
0.485519 -0.548197 1.973777
0.386951 -0.482999 2.011419
0.397129 -0.430308 2.041841
0.405161 -0.399223 2.079349
0.232047 -0.374254 2.085308
0.229862 -0.371206 2.126707
0.229800 -0.368281 2.168022
0.018547 -0.423423 2.201507
0.029354 -0.459569 2.264724
-0.132397 -0.605827 2.357414
-0.076677 -0.736303 2.589249
-0.066369 -1.143482 3.105726
-0.099848 -1.564119 3.551649
0.232264 -5.032948 8.940884
0.190217 -5.080150 8.960259
0.204420 -5.068831 8.928313
0.139691 -5.123997 8.954461
0.162459 -5.127891 8.946278
0.168397 -5.105687 8.913111
0.085918 -5.155755 8.923125
0.102272 -5.166366 8.934174
0.124000 -5.164680 8.921910
0.134866 -5.138693 8.895322
0.024631 -5.172551 8.891535
0.038170 -5.186272 8.902632
0.052264 -5.194445 8.912661
0.084245 -5.191365 8.898144
0.106225 -5.168659 8.876053
0.039172 -5.207854 8.857470
0.073197 -5.195268 8.847020
0.561153 -0.803104 1.826607
0.615673 -0.772490 1.844961
0.503369 -0.700832 1.885654
0.561337 -0.653069 1.913497
0.607227 -0.605983 1.940736
0.619724 -0.595015 1.979357
0.516692 -0.498926 2.002224
0.535841 -0.471899 2.039913
0.543181 -0.465575 2.080879
0.408340 -0.396199 2.119418
0.411744 -0.393512 2.162278
0.409940 -0.401554 2.216302
0.225617 -0.383283 2.221278
0.227627 -0.422857 2.280800
0.052844 -0.530585 2.391713
0.093342 -0.668712 2.626932
-0.007976 -0.893087 2.873816
-0.015629 -1.295832 3.371495
-0.169818 -2.510853 4.581869
-0.155379 -2.703028 4.883573
-0.145392 -2.891577 5.184041
-0.135437 -3.080817 5.484624
-0.126506 -3.269939 5.783036
-0.002193 -3.090595 5.849325
-0.119012 -3.459961 6.077986
-0.005084 -3.289428 6.132112
-0.232734 -3.854298 6.305110
-0.114160 -3.649916 6.369978
-0.007632 -3.491449 6.415600
-0.214670 -4.010821 6.597788
-0.109405 -3.836315 6.656177
-0.011126 -3.690866 6.696138
-0.196183 -4.171116 6.891956
-0.103473 -4.016967 6.936599
-0.013729 -3.883848 6.968136
-0.176309 -4.326487 7.176976
-0.096209 -4.190878 7.206972
-0.015301 -4.067432 7.229455
0.056219 -3.970913 7.253490
-0.156687 -4.462393 7.433602
-0.089808 -4.351353 7.459032
-0.016273 -4.239418 7.477634
0.050255 -4.149213 7.496471
-0.132569 -4.578631 7.665445
-0.079323 -4.494360 7.689897
-0.014860 -4.399160 7.709541
0.046448 -4.315439 7.727335
-0.110984 -4.689443 7.887512
-0.064568 -4.622496 7.911663
-0.010389 -4.546206 7.933168
0.045509 -4.471339 7.949785
-0.083173 -4.792338 8.107077
-0.044482 -4.736017 8.126483
-0.000258 -4.676458 8.144250
0.047627 -4.613533 8.158188
0.097271 -4.554388 8.173690
-0.086305 -4.919803 8.282023
-0.060920 -4.880157 8.290892
-0.026611 -4.831924 8.302754
0.011683 -4.780528 8.316294
0.051895 -4.727095 8.331555
0.097878 -4.678162 8.348962
-0.068794 -5.021597 8.463559
-0.046456 -4.975919 8.466029
-0.016423 -4.931262 8.472993
0.017200 -4.884798 8.484008
0.056428 -4.837294 8.496442
0.097452 -4.790512 8.512076
-0.054964 -5.099790 8.623173
-0.031937 -5.063549 8.627179
-0.005870 -5.024711 8.634738
0.025938 -4.983245 8.643250
0.060571 -4.937737 8.651696
0.100087 -4.892149 8.660809
0.456726 -1.235655 1.576873
0.530798 -1.141557 1.631201
0.578416 -1.170702 1.614374
0.585426 -1.045524 1.686693
0.628765 -1.064587 1.675723
0.659182 -1.083854 1.684982
0.622896 -0.959750 1.736254
0.663808 -0.964729 1.733740
0.694321 -0.971598 1.749974
0.713512 -0.980001 1.774573
0.637994 -0.873059 1.786888
0.677617 -0.860026 1.795982
0.707973 -0.852391 1.818022
0.727707 -0.849451 1.847351
0.747148 -0.848293 1.880211
0.655819 -0.742714 1.862727
0.682531 -0.726320 1.896803
0.697229 -0.715786 1.935599
0.711596 -0.705946 1.976846
0.722606 -0.706933 2.024762
0.632413 -0.582427 2.020101
0.645570 -0.568933 2.062577
0.653558 -0.571080 2.114312
0.646546 -0.599840 2.180870
0.550794 -0.458466 2.125369
0.551171 -0.468058 2.181116
0.543639 -0.498872 2.246774
0.536751 -0.555313 2.357492
0.403160 -0.436240 2.278694
0.400957 -0.502954 2.390828
0.399978 -0.641733 2.632038
0.238976 -0.494189 2.397134
0.253345 -0.634243 2.639378
0.270075 -0.801048 2.915630
0.134818 -0.829375 2.905550
0.169122 -0.992483 3.183986
0.052949 -1.052976 3.154915
0.091358 -1.214488 3.423591
0.012453 -1.456032 3.636092
-0.074738 -1.731691 3.820298
-0.168282 -1.329313 1.522800
-0.220591 -1.394076 1.485408
0.007796 -1.322133 1.526946
-0.069438 -1.392919 1.486077
-0.138877 -1.449099 1.453640
0.200575 -1.333561 1.520348
0.109409 -1.405227 1.478971
0.016462 -1.463555 1.445296
-0.066901 -1.506243 1.420650
-0.270813 -1.279835 1.551367
-0.234599 -1.172112 1.613560
-0.172076 -1.051442 1.683229
-0.087268 -0.936330 1.749689
0.016068 -0.836050 1.807586
0.129075 -0.754944 1.854412
0.241942 -0.693321 1.889990
0.349475 -0.646664 1.916928
0.422521 -0.749759 1.857406
0.329812 -0.805359 1.825305
0.234182 -0.872915 1.786302
0.138136 -0.953963 1.739509
0.045795 -1.046180 1.686267
-0.037903 -1.144515 1.629493
-0.109541 -1.242257 1.573062
0.422820 -0.911726 1.763894
0.343094 -0.984133 1.722090
0.258966 -1.066677 1.674433
0.173488 -1.154335 1.623823
0.089285 -1.241068 1.573748
0.372121 -1.166425 1.616844
0.288107 -1.252840 1.566951
-0.491425 -1.739848 2.677249
-0.473441 -1.925954 2.876033
-0.470179 -2.116856 3.117959
-0.640662 -1.220432 1.691786
-0.644692 -1.246074 1.753428
-0.643330 -1.285848 1.820792
-0.640903 -1.385441 1.918104
-0.642381 -1.568168 2.052559
-0.631265 -1.809287 2.210823
-0.346637 -1.357957 1.506262
-0.413965 -1.370650 1.498933
-0.468008 -1.384016 1.497902
-0.508522 -1.395823 1.515898
-0.545743 -1.408191 1.537964
-0.573763 -1.424412 1.569614
-0.593541 -1.453655 1.619282
-0.592057 -1.499281 1.689291
-0.591308 -1.583905 1.780407
-0.279071 -1.435732 1.461339
-0.331287 -1.467973 1.442756
-0.367171 -1.493700 1.430365
-0.396938 -1.518879 1.430496
-0.432602 -1.546828 1.445384
-0.448095 -1.567972 1.476224
-0.197034 -1.492420 1.428615
-0.232587 -1.530205 1.406799
-0.252995 -1.557466 1.391066
0.110639 -4.960578 8.779332
0.079351 -5.002462 8.777442
0.046920 -5.043005 8.771540
0.015972 -5.081445 8.763720
0.044977 -5.092716 8.839747
-0.009594 -5.117651 8.757519
0.015727 -5.129855 8.832997
-0.032049 -5.151015 8.754502
-0.005664 -5.162300 8.831343
0.028482 -5.211867 8.783301
-0.012544 -5.223417 8.775170
-0.046018 -5.225088 8.768939
-0.057727 -5.201364 8.763953
-0.048688 -5.179625 8.757662
-0.018266 -5.202594 8.857337
-0.016189 -5.185578 8.840834
0.131001 -4.974031 8.838513
0.154144 -4.971967 8.879153
0.175759 -4.967408 8.912936
0.198504 -4.966126 8.943341
0.217538 -4.978152 8.949135
0.235379 -4.991069 8.955290
0.104332 -5.014798 8.845650
0.129347 -5.014033 8.893010
0.149725 -5.012528 8.929244
0.173441 -5.018434 8.954747
0.194607 -5.028245 8.966799
0.102151 -5.053243 8.898173
0.125846 -5.057001 8.932324
0.148783 -5.065233 8.953915
0.071963 -5.093221 8.894990
0.099838 -5.102825 8.922112
0.040266 -5.131748 8.885537
0.004004 -5.216544 8.860367
0.213970 -5.036222 8.971003
0.166973 -5.072924 8.971505
0.122145 -5.113867 8.939213
0.066064 -5.143218 8.909770
0.075368 -5.053861 8.844891
0.016824 -5.158271 8.875754
0.375689 -0.537860 1.979745
-0.128671 -1.526965 1.408684
0.134831 -4.921116 8.769110
0.054433 -5.191192 8.782241
0.597278 -0.875162 1.785005
0.251820 -4.999978 8.944508
-0.283689 -1.348987 1.511442
-0.206314 4.493643 -0.153402
-0.228007 4.146135 -0.170099
-0.251566 3.822630 -0.186209
-0.131139 3.554906 -0.424782
-0.276720 3.524282 -0.196542
-0.180566 3.258198 -0.425817
-0.313840 3.244875 -0.216199
-0.143177 2.936674 -0.556907
-0.255645 2.937286 -0.425820
-0.376457 2.936767 -0.238114
-0.526095 2.906799 0.093491
-0.226183 2.601221 -0.547152
-0.340896 2.594499 -0.419945
-0.447879 2.602832 -0.253802
-0.565622 2.605483 0.013996
-0.284404 2.342176 -0.542247
-0.399870 2.347692 -0.415378
-0.502293 2.364388 -0.259250
-0.594640 2.367408 -0.039088
-0.155236 2.200263 -0.645545
-0.300937 2.213407 -0.535580
-0.417397 2.224643 -0.407085
-0.516172 2.230344 -0.251457
-0.600676 2.229738 -0.049307
-0.161505 2.128527 -0.644173
-0.306432 2.139403 -0.532506
-0.423838 2.147436 -0.399096
-0.523746 2.150222 -0.241894
-0.603915 2.148785 -0.042579
0.017944 2.070501 -0.728184
-0.162718 2.079936 -0.646643
-0.303091 2.086986 -0.527058
-0.423633 2.092493 -0.388592
-0.529640 2.089983 -0.227941
-0.602125 2.086078 -0.026602
0.022488 2.024228 -0.708054
-0.150142 2.030512 -0.635230
-0.291248 2.039660 -0.517247
-0.411699 2.048577 -0.370124
-0.519144 2.042270 -0.206221
-0.581233 2.046479 -0.002954
-0.610199 2.035665 0.228685
0.043670 2.010746 -0.675366
-0.124958 2.003195 -0.606126
-0.273263 2.004356 -0.499092
-0.391603 2.016199 -0.347896
-0.502564 2.005765 -0.182913
-0.560372 2.009842 0.022102
-0.576598 2.006291 0.246400
0.239755 1.984083 -0.668567
0.068839 1.994315 -0.634421
-0.091792 1.983431 -0.567194
-0.238650 1.983592 -0.461486
-0.373004 1.983664 -0.320381
-0.462794 1.983401 -0.150005
-0.520539 1.983880 0.053519
-0.529167 1.984214 0.264914
0.253357 1.983400 -0.601789
0.104069 1.983401 -0.571058
-0.044521 1.983400 -0.507755
-0.186914 1.983401 -0.404347
-0.307563 1.983401 -0.263801
-0.398543 1.983401 -0.101014
-0.457185 1.983528 0.091874
-0.465017 1.983676 0.283386
0.285599 1.983401 -0.508225
0.162942 1.983401 -0.469958
0.031831 1.983401 -0.404237
-0.098883 1.983401 -0.307325
-0.213594 1.983401 -0.179981
-0.300111 1.983401 -0.026963
-0.357263 1.983401 0.142147
-0.374308 1.983401 0.299283
-0.040533 8.051576 0.315294
-0.022801 8.366182 0.277278
-0.005048 8.662551 0.241376
0.012031 8.918850 0.209588
0.023422 9.171625 0.183459
0.034407 9.436567 0.159169
0.042700 9.698735 0.138646
0.055693 9.944216 0.113679
-0.167737 4.639235 0.714587
-0.178968 4.979664 0.682064
-0.173865 5.313225 0.635291
-0.152347 5.636986 0.581782
-0.119188 5.976364 0.521164
-0.083574 6.306621 0.458895
-0.046881 6.651578 0.396652
-0.009707 7.008033 0.336585
0.021436 7.360231 0.284781
0.042984 7.702600 0.242766
0.058476 8.033131 0.207171
0.070872 8.347368 0.175631
0.081323 8.642411 0.146891
0.088837 8.907782 0.123033
0.095092 9.168412 0.103672
0.099669 9.432311 0.085983
0.102726 9.694862 0.069916
0.478393 2.062231 0.497689
0.484824 2.101139 0.505216
0.490237 2.163173 0.509974
0.488777 2.276591 0.510049
0.466519 2.468643 0.500495
0.399695 2.829565 0.477365
0.317138 3.227029 0.456909
0.241956 3.606691 0.448349
0.174568 3.967803 0.439265
0.119182 4.310121 0.423168
0.090365 4.636801 0.407328
0.074482 4.953786 0.382565
0.067071 5.268861 0.349017
0.071947 5.588010 0.312825
0.088569 5.921921 0.275800
0.106992 6.260154 0.236235
0.126914 6.608999 0.195099
0.147296 6.967146 0.154730
0.163716 7.330178 0.119237
0.171976 7.681330 0.090228
0.175425 8.016010 0.068014
0.176156 8.330165 0.049817
0.175746 8.623204 0.034919
0.174460 8.895934 0.022303
0.172840 9.161501 0.011317
0.170119 9.422475 0.001893
0.511699 1.983401 0.328974
0.552783 1.994734 0.361790
0.558249 2.025378 0.368946
0.564988 2.061574 0.376704
0.572403 2.100229 0.384395
0.577538 2.160959 0.389657
0.579026 2.272289 0.387754
0.564492 2.467186 0.364473
0.526921 2.832677 0.305453
0.480911 3.248757 0.243799
0.433831 3.634981 0.194773
0.388537 3.989912 0.153621
0.346323 4.320274 0.118891
0.325250 4.630992 0.096669
0.309918 4.934602 0.072335
0.296714 5.241388 0.044545
0.291545 5.558995 0.018026
0.297040 5.893241 -0.001551
0.301474 6.238230 -0.019695
0.305373 6.590031 -0.036962
0.308878 6.943914 -0.052346
0.307716 7.312524 -0.065779
0.300214 7.667185 -0.073988
0.288781 8.006439 -0.077116
0.276746 8.320748 -0.077874
0.265604 8.611126 -0.078635
0.253667 8.886454 -0.078305
0.241822 9.153232 -0.076557
0.611649 1.996996 0.227460
0.624230 2.028106 0.238094
0.637675 2.060420 0.248036
0.652654 2.100058 0.257761
0.650980 2.160053 0.258933
0.651194 2.263898 0.254467
0.638899 2.478647 0.223178
0.613880 2.843103 0.151743
0.585477 3.253588 0.069690
0.558051 3.634706 -0.002582
0.526763 3.987403 -0.064845
0.497158 4.315867 -0.112781
0.482250 4.620982 -0.140092
0.468204 4.922945 -0.163167
0.452040 5.233310 -0.184218
0.441349 5.556081 -0.199355
0.438079 5.894511 -0.204639
0.432417 6.245398 -0.206072
0.425265 6.596497 -0.207080
0.415974 6.942330 -0.202696
0.404406 7.308597 -0.200702
0.390435 7.661161 -0.198433
0.371968 8.001633 -0.191129
0.352307 8.316676 -0.181463
0.333984 8.605834 -0.171963
0.313392 8.880508 -0.160151
0.677406 2.028214 0.102044
0.696158 2.056830 0.109158
0.709258 2.097399 0.114415
0.708353 2.155603 0.113211
0.707553 2.255933 0.106217
0.695289 2.496382 0.068623
0.674778 2.860638 -0.003951
0.655063 3.258133 -0.086762
0.631599 3.625357 -0.161913
0.605669 3.977005 -0.223918
0.583280 4.306951 -0.269602
0.568175 4.611444 -0.293809
0.553166 4.916867 -0.311228
0.535072 5.235759 -0.325320
0.521234 5.564576 -0.329918
0.512401 5.905687 -0.324303
0.501068 6.259830 -0.316357
0.486074 6.607121 -0.305225
0.470413 6.947842 -0.293011
0.456948 7.307815 -0.285108
0.440535 7.659520 -0.277388
0.422622 7.997876 -0.269168
0.401950 8.314057 -0.255621
0.379426 8.604330 -0.239278
0.733001 2.053496 -0.041770
0.746078 2.092579 -0.044636
0.744319 2.147965 -0.050159
0.742653 2.245206 -0.059378
0.728617 2.514960 -0.099350
0.709700 2.881364 -0.166583
0.695333 3.263983 -0.238594
0.676286 3.616083 -0.299367
0.644188 3.965873 -0.349702
0.624963 4.296397 -0.384762
0.606308 4.604165 -0.404925
0.595265 4.914361 -0.414602
0.575352 5.242037 -0.421762
0.558183 5.574794 -0.419119
0.549182 5.917400 -0.410300
0.534051 6.271464 -0.395352
0.518342 6.614885 -0.378278
0.503142 6.951473 -0.370473
0.491090 7.306753 -0.346342
0.469901 7.659485 -0.336000
0.450533 7.994559 -0.324394
0.420404 8.311858 -0.307660
0.752690 2.095543 -0.218768
0.749860 2.150205 -0.228889
0.745353 2.251088 -0.239755
0.733265 2.536203 -0.274630
0.716772 2.899801 -0.328353
0.703122 3.265891 -0.381812
0.677609 3.607282 -0.423336
0.654558 3.955271 -0.458997
0.641696 4.284303 -0.482533
0.621283 4.599393 -0.502205
0.604104 4.913837 -0.503654
0.584544 5.249641 -0.502613
0.568841 5.584811 -0.495683
0.561206 5.929037 -0.485936
0.543773 6.282424 -0.468711
0.526915 6.619808 -0.447108
0.483406 6.955606 -0.419107
0.482523 7.306256 -0.408621
0.464616 7.658661 -0.390241
0.448317 7.991184 -0.374597
0.717374 2.170376 -0.411788
0.710577 2.279555 -0.423879
0.701792 2.563309 -0.450124
0.688586 2.911916 -0.479442
0.678989 3.262429 -0.512009
0.658170 3.598917 -0.533772
0.635476 3.944964 -0.557373
0.614353 4.273018 -0.571638
0.587245 4.588914 -0.568434
0.580409 4.912855 -0.574992
0.567225 5.255536 -0.579081
0.548951 5.593589 -0.560471
0.536690 5.939208 -0.540535
0.511715 6.287112 -0.512669
0.494615 6.625757 -0.494129
0.463470 6.959137 -0.473450
0.463340 7.306822 -0.459885
0.443374 7.657299 -0.437029
0.638973 2.306055 -0.582564
0.632251 2.585478 -0.597526
0.622054 2.917198 -0.605669
0.619101 3.257092 -0.623346
0.595068 3.589150 -0.626353
0.583378 3.934395 -0.641116
0.566969 4.264556 -0.646505
0.550303 4.585308 -0.636569
0.536751 4.912701 -0.629712
0.520664 5.258671 -0.620875
0.504337 5.599492 -0.604746
0.491998 5.947029 -0.583106
0.479155 6.293649 -0.556741
0.461976 6.631277 -0.540336
0.436032 6.964115 -0.523167
0.424229 7.307791 -0.496615
0.529201 2.597809 -0.705346
0.525087 2.919927 -0.709223
0.525406 3.252416 -0.707055
0.517301 3.583851 -0.707460
0.506580 3.925393 -0.701319
0.494736 4.256271 -0.693702
0.484990 4.579620 -0.681592
0.474205 4.911562 -0.666827
0.462506 5.260064 -0.651522
0.449230 5.605152 -0.633211
0.440171 5.951507 -0.612805
0.422203 6.294408 -0.577500
0.404287 6.633641 -0.553047
0.386054 6.966351 -0.534529
0.405922 2.921796 -0.757979
0.411239 3.249968 -0.755426
0.414927 3.580383 -0.748499
0.412070 3.916959 -0.739931
0.414193 4.247736 -0.723764
0.408011 4.573656 -0.704464
0.405870 4.909662 -0.693097
0.397844 5.260447 -0.671857
0.388180 5.610004 -0.651591
0.375290 5.954896 -0.624911
0.360351 6.294508 -0.586322
0.346630 6.632521 -0.563550
0.287880 3.250407 -0.763446
0.302749 3.577140 -0.754959
0.318740 3.911157 -0.730765
0.324319 4.238810 -0.726057
0.324061 4.566648 -0.710866
0.324540 4.906140 -0.684358
0.322908 5.260445 -0.660653
0.315985 5.611964 -0.636137
0.306430 5.955438 -0.616262
0.293989 6.294070 -0.585595
0.196990 3.574536 -0.724726
0.212462 3.902290 -0.713786
0.227186 4.224983 -0.697066
0.235779 4.557306 -0.684037
0.239119 4.901433 -0.657451
0.244081 5.258813 -0.631963
0.243587 5.611624 -0.604638
0.237753 5.953497 -0.574337
0.114343 3.890787 -0.648437
0.130085 4.208343 -0.635862
0.145305 4.544079 -0.618351
0.157643 4.893172 -0.596001
0.167774 5.252550 -0.571669
0.173073 5.604934 -0.541315
0.033685 4.191702 -0.542710
0.050670 4.529216 -0.526540
0.067400 4.881259 -0.505081
0.082181 5.240961 -0.482590
-0.053544 4.512239 -0.394164
-0.035434 4.867008 -0.374093
0.372544 1.983401 0.385946
0.280034 1.983401 0.479147
0.179236 1.983401 0.559529
0.070991 1.983401 0.619767
-0.030237 1.983401 0.656087
-0.128350 1.983683 0.659392
0.426264 1.984177 0.440881
0.327277 1.983780 0.536055
0.218822 1.985536 0.617773
0.100732 1.984184 0.676312
-0.016609 1.983769 0.704368
-0.133097 1.984244 0.698457
0.356290 1.998030 0.572892
0.238087 2.009208 0.648530
0.116895 1.999075 0.713972
-0.010869 1.996836 0.741900
-0.141914 1.992108 0.737242
0.365081 2.029207 0.589355
0.255494 2.028289 0.679476
0.130563 2.012614 0.748751
-0.006742 2.015471 0.773203
-0.145763 2.021654 0.755990
0.376093 2.062658 0.604859
0.275818 2.056201 0.712069
0.142069 2.044020 0.780191
-0.005845 2.040526 0.801610
-0.151218 2.053545 0.773636
0.389875 2.097798 0.618120
0.276272 2.099201 0.711527
0.141619 2.095131 0.779937
-0.007535 2.097476 0.810908
-0.160112 2.101826 0.792995
0.273280 2.169336 0.712666
0.131897 2.176439 0.782320
-0.019166 2.185364 0.809905
-0.168990 2.186571 0.793025
0.251832 2.296304 0.726250
0.097986 2.314873 0.790893
-0.049080 2.316315 0.817641
-0.191535 2.311383 0.800880
0.180825 2.507209 0.757421
0.028733 2.508113 0.836435
-0.108466 2.485491 0.861793
-0.240311 2.461181 0.844439
-0.093995 2.769252 0.904768
-0.219428 2.727977 0.938768
-0.336500 2.688751 0.935733
-0.431001 2.678463 0.889233
-0.238265 3.061107 0.981855
-0.353511 3.022752 1.031787
-0.445343 2.996740 1.039372
-0.517888 2.984034 1.012184
-0.379894 3.399684 1.068236
-0.477761 3.361269 1.127024
-0.546732 3.333596 1.152643
-0.607549 3.320228 1.123651
-0.471794 3.785961 1.123227
-0.557720 3.746849 1.182036
-0.616001 3.719596 1.207110
-0.673541 3.703090 1.186506
-0.582723 4.182518 1.161238
-0.629875 4.159409 1.181306
-0.675976 4.140158 1.170137
-0.564001 4.608582 1.086376
-0.622711 4.593272 1.116700
-0.652958 4.580188 1.088014
-0.518463 4.988477 0.976699
-0.560044 4.984684 0.991524
-0.600535 4.979208 0.992646
-0.465740 5.350013 0.894776
-0.508046 5.345706 0.896833
-0.537335 5.345677 0.902121
-0.465233 5.682999 0.815483
-0.499761 5.682391 0.817990
-0.431898 6.037629 0.758692
-0.464612 6.037609 0.759419
-0.394234 6.384802 0.691817
-0.438063 6.388983 0.675366
-0.438952 6.386990 0.647740
-0.395060 6.738648 0.607662
-0.395316 6.738388 0.581217
-0.335102 7.081105 0.552940
-0.342878 7.080054 0.520622
-0.323229 7.414819 0.498628
-0.324915 7.412797 0.471018
-0.285482 7.744634 0.475605
-0.304206 7.738422 0.432444
-0.284013 8.072061 0.397181
-0.258087 8.394161 0.364628
-0.229459 8.680009 0.335095
-0.195942 8.936177 0.295647
-0.114478 9.427507 0.188261
-0.088546 9.642253 0.162753
-0.074199 9.856661 0.151728
0.496094 1.983401 -0.162381
0.567842 1.983400 -0.071729
0.516342 1.983401 0.009065
0.449885 1.983401 0.102227
-0.187863 4.857972 -0.135082
-0.018518 5.226829 -0.352761
0.093442 5.593200 -0.459864
0.098246 5.933059 -0.438097
0.169977 5.945287 -0.518640
0.170975 6.281297 -0.490385
0.233778 6.289876 -0.543539
0.168849 6.611735 -0.462521
0.230184 6.621112 -0.515237
0.284067 6.628403 -0.554163
0.227330 6.948987 -0.489765
0.278255 6.959217 -0.530067
0.331539 6.965164 -0.541193
0.275567 7.295963 -0.497692
0.323132 7.303491 -0.521362
0.375816 7.307203 -0.517158
0.264028 7.634310 -0.463677
0.314153 7.643399 -0.485317
0.361010 7.650209 -0.478198
0.408915 7.654783 -0.470522
0.306085 7.963888 -0.444660
0.350718 7.973186 -0.459747
0.394825 7.980667 -0.446154
0.430686 7.986844 -0.417031
0.293439 8.278760 -0.415239
0.339193 8.286191 -0.419036
0.380456 8.293896 -0.416461
0.412121 8.301363 -0.391111
0.425330 8.307855 -0.352185
0.326020 8.579778 -0.391241
0.365609 8.586761 -0.389116
0.397355 8.593076 -0.377043
0.397039 8.598214 -0.333521
0.390175 8.602329 -0.291196
0.312966 8.857486 -0.363421
0.349170 8.861892 -0.369460
0.376920 8.864564 -0.345416
0.378895 8.866643 -0.310531
0.379801 8.873292 -0.271788
0.353673 8.876563 -0.221897
0.338449 9.126492 -0.335052
0.346817 9.125106 -0.312577
0.355998 9.127315 -0.284256
0.358578 9.132589 -0.247908
0.331576 9.138241 -0.203970
0.294042 9.145243 -0.148015
0.334193 9.369959 -0.292517
0.340773 9.373302 -0.264269
0.339388 9.378091 -0.231456
0.314492 9.384019 -0.191329
0.280601 9.394347 -0.140640
0.232896 9.408472 -0.077082
0.328774 9.603399 -0.262541
0.334888 9.607566 -0.243764
0.321233 9.611321 -0.218912
0.303081 9.618839 -0.186096
0.269391 9.637302 -0.138366
0.223840 9.662366 -0.076704
0.165811 9.683345 -0.005034
0.323818 9.844803 -0.237310
0.311497 9.853242 -0.212247
0.287385 9.870633 -0.176296
0.252982 9.898349 -0.126497
0.209486 9.927015 -0.070332
0.159090 9.947793 -0.007754
0.107624 9.952692 0.053322
0.294684 10.047036 -0.207055
0.284201 10.059447 -0.182360
0.262664 10.077663 -0.146823
0.229630 10.103522 -0.101674
0.190526 10.129819 -0.053368
0.152618 10.146178 -0.006970
0.116215 10.141977 0.035569
0.076283 10.130532 0.082689
0.249359 10.188363 -0.152697
0.242388 10.197054 -0.122034
0.212475 10.208386 -0.084043
0.178301 10.220289 -0.040994
0.144445 10.226226 -0.003826
0.116101 10.227233 0.031078
0.085547 10.221717 0.068853
0.464260 1.993721 0.481914
0.472701 2.025545 0.490115
0.390628 2.169477 0.619440
0.384382 2.281450 0.625728
0.340066 2.484965 0.635654
0.232228 2.824205 0.657871
0.057770 2.804841 0.813621
0.114783 3.177651 0.681197
-0.083147 3.113633 0.867225
0.012739 3.542891 0.711906
-0.210445 3.463389 0.932961
-0.072041 3.915373 0.731129
-0.307652 3.846051 0.977683
-0.136082 4.282425 0.729471
-0.369310 4.244818 0.979421
-0.513065 4.209872 1.109411
-0.383672 4.636610 0.942985
-0.503032 4.624489 1.049360
-0.363204 4.996627 0.873667
-0.463144 4.996780 0.958996
-0.331239 5.342746 0.796978
-0.411880 5.349887 0.865838
-0.292523 5.669434 0.727905
-0.367689 5.681979 0.790848
-0.422043 5.684117 0.812019
-0.252296 6.017301 0.657150
-0.329493 6.033234 0.721193
-0.386863 6.037838 0.757664
-0.210003 6.345041 0.585813
-0.288153 6.366071 0.653895
-0.344589 6.376588 0.683203
-0.168682 6.689840 0.520071
-0.245460 6.712053 0.583934
-0.303839 6.724066 0.609287
-0.351408 6.732000 0.616547
-0.127339 7.044534 0.454619
-0.205485 7.064187 0.520919
-0.262811 7.074047 0.555964
-0.306230 7.079940 0.570454
-0.090206 7.388059 0.398778
-0.169884 7.404531 0.470856
-0.231857 7.409685 0.496468
-0.278554 7.412674 0.507611
-0.063839 7.723944 0.355069
-0.142991 7.737978 0.428371
-0.199521 7.743954 0.470536
-0.250967 7.744667 0.477372
-0.118003 8.063647 0.387120
-0.176143 8.069728 0.433382
-0.232298 8.071459 0.432388
-0.269269 8.072938 0.427606
-0.097999 8.379066 0.349216
-0.155511 8.386041 0.396852
-0.209910 8.390730 0.407593
-0.252688 8.396430 0.394881
-0.074275 8.674260 0.310973
-0.129659 8.678527 0.356761
-0.174704 8.681175 0.382268
-0.210780 8.679061 0.366382
-0.052163 8.925526 0.273028
-0.101435 8.930921 0.319460
-0.150061 8.935418 0.330142
-0.188880 8.939877 0.323200
-0.034489 9.172668 0.244762
-0.081534 9.176068 0.285827
-0.126462 9.182389 0.313754
-0.155890 9.186065 0.303435
-0.169348 9.187008 0.262973
-0.016621 9.435767 0.212480
-0.059648 9.433412 0.254272
-0.091631 9.434157 0.279761
-0.121338 9.436176 0.268476
-0.119709 9.431490 0.228905
-0.002648 9.697108 0.185262
-0.040065 9.690192 0.222772
-0.065631 9.680177 0.246244
-0.087448 9.666890 0.232114
-0.088904 9.652795 0.198935
0.009123 9.929920 0.163188
-0.031536 9.915842 0.205351
-0.075410 9.903038 0.230608
-0.091800 9.889222 0.217359
-0.087785 9.870188 0.181588
0.033022 10.114927 0.130687
-0.011624 10.101962 0.178014
-0.055126 10.093832 0.202210
-0.069231 10.074405 0.183230
-0.068885 10.056461 0.159440
-0.072814 10.038303 0.134798
-0.273804 1.996737 0.682456
-0.288090 2.026944 0.704183
-0.302126 2.056094 0.720446
-0.313723 2.107062 0.734293
-0.465591 2.114974 0.629585
-0.317255 2.190418 0.732552
-0.463314 2.198607 0.628039
-0.328300 2.310193 0.737188
-0.470196 2.318055 0.639118
-0.364574 2.450805 0.790614
-0.495484 2.462640 0.703624
-0.602886 2.495868 0.559189
-0.536076 2.687241 0.817181
-0.619021 2.731660 0.689045
-0.593401 2.983963 0.952222
-0.637269 3.015493 0.829872
-0.622531 3.085819 0.590604
-0.656869 3.310856 1.079162
-0.671605 3.329019 0.958736
-0.628791 3.368507 0.705448
-0.690706 3.698482 1.129362
-0.703573 3.700602 1.031290
-0.652095 3.712971 0.793361
-0.705085 4.123857 1.121502
-0.699802 4.116484 1.034394
-0.651179 4.108088 0.825889
-0.460036 4.109692 0.307745
-0.675468 4.567204 1.050203
-0.670905 4.552367 0.980296
-0.627698 4.531142 0.804158
-0.443771 4.493245 0.326808
-0.620536 4.969775 0.952401
-0.617939 4.960016 0.895775
-0.584751 4.937851 0.748111
-0.422567 4.884336 0.331007
-0.557720 5.341312 0.863359
-0.561215 5.334870 0.804814
-0.532537 5.314152 0.677041
-0.396206 5.262419 0.324241
-0.522635 5.674752 0.784369
-0.521223 5.664809 0.728199
-0.492042 5.650573 0.611761
-0.370699 5.616565 0.307177
-0.481186 6.029425 0.717648
-0.481137 6.021065 0.663845
-0.454390 6.009239 0.553874
-0.342834 5.977983 0.282131
-0.439460 6.384804 0.599255
-0.411942 6.376131 0.494410
-0.311593 6.342647 0.254224
-0.395831 6.738761 0.535094
-0.368340 6.732337 0.437425
-0.281796 6.700038 0.226295
-0.352856 7.080565 0.478623
-0.331026 7.074510 0.387514
-0.254283 7.046427 0.203086
-0.327239 7.412458 0.429106
-0.302678 7.409022 0.344745
-0.302088 7.735817 0.391886
-0.279779 7.733585 0.315955
-0.278228 8.071859 0.358715
-0.254763 8.070334 0.289318
-0.252037 8.395532 0.325978
-0.225619 8.394872 0.257695
-0.225918 8.681078 0.294299
-0.197267 8.680075 0.230222
-0.196035 8.936558 0.256078
-0.171741 8.935646 0.201630
-0.168090 9.185292 0.220403
-0.143195 9.182635 0.174506
-0.112900 9.425888 0.147104
-0.006604 5.579559 -0.330943
-0.001919 5.923868 -0.306830
-0.001482 6.267953 -0.278963
0.098425 6.270674 -0.409670
0.093564 6.604616 -0.376248
0.087055 6.939361 -0.341220
0.163970 6.939988 -0.432197
0.080220 7.282371 -0.303276
0.158114 7.280525 -0.395939
0.221501 7.287762 -0.463197
0.071994 7.622240 -0.263807
0.148366 7.617913 -0.355457
0.212530 7.624550 -0.421413
0.064202 7.951598 -0.223929
0.135799 7.943714 -0.313151
0.198940 7.947296 -0.377384
0.254493 7.955686 -0.425856
0.124587 8.257064 -0.270566
0.186088 8.260598 -0.336932
0.241572 8.269702 -0.385783
0.114551 8.553384 -0.232480
0.175586 8.554109 -0.298543
0.230643 8.562246 -0.347425
0.281233 8.572155 -0.380397
0.106079 8.835020 -0.197568
0.165540 8.832990 -0.261261
0.218882 8.839520 -0.311066
0.266831 8.849332 -0.346303
0.099516 9.105067 -0.167378
0.155807 9.101169 -0.225904
0.208633 9.104868 -0.274858
0.256760 9.111856 -0.311567
0.299722 9.120057 -0.335423
0.149952 9.349735 -0.196188
0.199045 9.353139 -0.242271
0.244132 9.359434 -0.280858
0.286823 9.365335 -0.305078
0.329590 9.371733 -0.311877
0.145318 9.568761 -0.174206
0.190721 9.574692 -0.215774
0.230184 9.582941 -0.250243
0.268267 9.591101 -0.272635
0.301998 9.596870 -0.265539
0.142372 9.765006 -0.152253
0.184646 9.774291 -0.193488
0.223625 9.790397 -0.224654
0.261362 9.808429 -0.239748
0.295097 9.824535 -0.253241
0.316781 9.836313 -0.261520
0.138815 9.941262 -0.135867
0.174163 9.952237 -0.170779
0.207510 9.973226 -0.201281
0.238805 9.996602 -0.227605
0.269264 10.014062 -0.227906
0.287798 10.031271 -0.229765
0.155669 10.087275 -0.141259
0.181205 10.112228 -0.165412
0.205337 10.133324 -0.188408
0.226041 10.154892 -0.207964
0.244177 10.168550 -0.200632
0.246738 10.177813 -0.176814
0.436820 1.983401 -0.448449
0.485460 1.983400 -0.512100
0.386893 1.983400 -0.587385
0.397071 1.983400 -0.648227
0.405103 2.000341 -0.693902
0.231988 1.993017 -0.718505
0.229804 2.027345 -0.741844
0.229742 2.061663 -0.765034
0.018489 2.118234 -0.734023
0.029296 2.191054 -0.734328
-0.132455 2.344454 -0.654010
-0.076734 2.610468 -0.656931
-0.066425 3.261339 -0.562542
-0.099904 3.857840 -0.421221
0.232214 10.259468 -0.111743
0.190167 10.299847 -0.080552
0.204370 10.266523 -0.074382
0.139641 10.316749 -0.039680
0.162409 10.311610 -0.032218
0.168347 10.271785 -0.034862
0.085867 10.305491 0.003491
0.102222 10.320365 0.007156
0.123950 10.308901 0.011828
0.134816 10.272882 0.002616
0.024581 10.286532 0.033830
0.038120 10.303003 0.040166
0.052214 10.315775 0.042228
0.084195 10.301663 0.046819
0.106176 10.271178 0.038202
0.039122 10.274682 0.081436
0.073147 10.259339 0.075763
0.561096 1.983400 -0.217759
0.615615 1.983989 -0.253449
0.503311 1.983400 -0.335853
0.561279 1.983632 -0.391139
0.607169 1.983679 -0.445536
0.619666 2.011641 -0.474344
0.516634 1.983400 -0.568993
0.535782 2.002527 -0.611244
0.543123 2.034841 -0.637204
0.408282 2.033529 -0.716555
0.411686 2.069304 -0.740312
0.409882 2.120112 -0.760359
0.225559 2.115285 -0.778670
0.227569 2.186619 -0.774159
0.052786 2.336537 -0.736320
0.093284 2.609306 -0.734308
-0.008033 2.935302 -0.663436
-0.015686 3.567677 -0.563487
-0.169873 5.223402 -0.116436
-0.155434 5.580773 -0.100858
-0.145446 5.935261 -0.087805
-0.135490 6.290192 -0.074209
-0.126560 6.643186 -0.059631
-0.002248 6.610922 -0.248092
-0.119065 6.993632 -0.042542
-0.005138 6.955239 -0.217291
-0.232787 7.387495 0.185403
-0.114212 7.341480 -0.024031
-0.007685 7.301756 -0.184079
-0.214723 7.719224 0.174616
-0.109457 7.682537 -0.005706
-0.011179 7.644418 -0.151648
-0.196235 8.054127 0.166352
-0.103525 8.015715 0.010533
-0.013782 7.976467 -0.120520
-0.176361 8.378648 0.158397
-0.096262 8.336822 0.025958
-0.015353 8.294568 -0.092191
0.056166 8.267123 -0.187797
-0.156739 8.668845 0.147782
-0.089860 8.635349 0.038904
-0.016325 8.595491 -0.067336
0.050203 8.566699 -0.154873
-0.132621 8.927745 0.132526
-0.079375 8.906787 0.047319
-0.014910 8.876199 -0.044948
0.046397 8.849750 -0.126350
-0.111035 9.175469 0.117458
-0.064619 9.162910 0.047405
-0.010440 9.143389 -0.029417
0.045457 9.120347 -0.102562
-0.083224 9.417065 0.096785
-0.044533 9.405710 0.038308
-0.000308 9.391318 -0.022156
0.047576 9.371927 -0.083620
0.097220 9.355778 -0.142591
-0.086355 9.632305 0.119701
-0.060970 9.620163 0.080932
-0.026662 9.606320 0.033229
0.011633 9.592347 -0.018051
0.051844 9.578847 -0.071957
0.097827 9.569455 -0.123037
-0.068845 9.840417 0.117088
-0.046506 9.819717 0.076293
-0.016474 9.803418 0.034139
0.017150 9.789726 -0.011608
0.056378 9.776742 -0.058963
0.097401 9.766891 -0.107296
-0.055014 10.017742 0.105000
-0.031988 10.003092 0.071610
-0.005920 9.990218 0.034196
0.025887 9.976858 -0.005970
0.060521 9.961418 -0.049603
0.100037 9.946515 -0.093641
0.456668 1.983401 0.281708
0.530740 1.983400 0.173053
0.578358 1.983400 0.206707
0.585368 1.983441 0.062139
0.628707 1.983472 0.084134
0.659124 2.001125 0.096190
0.622838 1.983475 -0.036924
0.663750 1.983787 -0.031355
0.694262 2.001281 -0.033523
0.713454 2.026786 -0.038545
0.637936 1.983979 -0.137317
0.677559 1.985339 -0.153151
0.707915 2.000609 -0.170784
0.727649 2.024538 -0.187994
0.747090 2.052417 -0.205427
0.655760 1.984486 -0.288118
0.682473 2.005800 -0.319355
0.697171 2.034131 -0.347875
0.711538 2.064932 -0.377020
0.722548 2.106922 -0.400123
0.632355 2.040633 -0.505618
0.645512 2.070671 -0.538542
0.653500 2.116548 -0.562551
0.646487 2.188569 -0.570923
0.550736 2.069816 -0.665606
0.551113 2.122892 -0.685172
0.543580 2.195160 -0.691316
0.536693 2.319265 -0.697795
0.403102 2.191487 -0.761516
0.400899 2.321955 -0.759807
0.399920 2.600239 -0.760226
0.238918 2.323033 -0.770551
0.253288 2.602851 -0.770383
0.270017 2.925494 -0.764051
0.134760 2.930928 -0.734479
0.169065 3.253614 -0.732441
0.052892 3.258685 -0.665518
0.091302 3.572122 -0.659981
0.012396 3.876925 -0.557049
-0.074795 4.174281 -0.410424
-0.168340 1.983401 0.389855
-0.220649 1.983401 0.464637
0.007738 1.983401 0.381564
-0.069496 1.983401 0.463300
-0.138935 1.983400 0.528173
0.200517 1.983401 0.394760
0.109351 1.983401 0.477513
0.016404 1.983401 0.544864
-0.066959 1.983401 0.594156
-0.270871 1.983401 0.332722
-0.234657 1.983401 0.208336
-0.172134 1.983401 0.068997
-0.087326 1.983401 -0.063922
0.016009 1.983401 -0.179717
0.129017 1.983401 -0.273370
0.241884 1.983401 -0.344525
0.349417 1.983400 -0.398401
0.422462 1.983401 -0.279356
0.329754 1.983401 -0.215155
0.234123 1.983401 -0.137149
0.138078 1.983401 -0.043562
0.045737 1.983401 0.062921
-0.037961 1.983401 0.176469
-0.109599 1.983401 0.289332
0.422762 1.983401 -0.092334
0.343036 1.983401 -0.008726
0.258908 1.983401 0.086588
0.173430 1.983401 0.187808
0.089227 1.983401 0.287958
0.372063 1.983401 0.201768
0.288049 1.983401 0.301552
-0.491481 3.188450 0.168165
-0.473498 3.453656 0.229945
-0.470235 3.758621 0.274308
-0.640719 2.075307 0.211069
-0.644750 2.141512 0.202454
-0.643388 2.219737 0.203218
-0.640960 2.353809 0.240812
-0.642438 2.561614 0.331830
-0.631322 2.819234 0.461513
-0.346694 1.983401 0.422931
-0.414022 1.983400 0.437587
-0.468066 1.989191 0.449678
-0.508580 2.010680 0.450905
-0.545800 2.035973 0.450584
-0.573821 2.071493 0.448806
-0.593598 2.129128 0.449297
-0.592115 2.212571 0.453806
-0.591366 2.333792 0.481534
-0.279128 1.983384 0.512747
-0.331344 1.983411 0.549960
-0.367229 1.985544 0.578435
-0.396996 1.998246 0.600176
-0.432659 2.025114 0.616937
-0.448153 2.062395 0.619827
-0.197092 1.983388 0.578202
-0.232644 1.983387 0.621834
-0.253053 1.983393 0.653308
0.110589 10.083374 -0.093642
0.079301 10.102679 -0.056425
0.046870 10.117840 -0.018363
0.015922 10.130288 0.018839
0.044926 10.201764 -0.009414
-0.009645 10.143022 0.053294
0.015676 10.214488 0.026125
-0.032099 10.157089 0.083697
-0.005714 10.229279 0.055049
0.028432 10.212457 0.121996
-0.012594 10.211190 0.136065
-0.046068 10.206629 0.140626
-0.057777 10.190449 0.122575
-0.048738 10.174133 0.106894
-0.018316 10.271936 0.076948
-0.016239 10.249137 0.070463
0.130950 10.141354 -0.111581
0.154094 10.175516 -0.133689
0.175709 10.202494 -0.154529
0.198454 10.228185 -0.170841
0.217488 10.239216 -0.163325
0.235329 10.251004 -0.155216
0.104282 10.167917 -0.079845
0.129297 10.208550 -0.104187
0.149674 10.239177 -0.123607
0.173391 10.264217 -0.131245
0.194557 10.279559 -0.128774
0.102101 10.232627 -0.072812
0.125796 10.264080 -0.086632
0.148734 10.286895 -0.090300
0.071912 10.249857 -0.036597
0.099788 10.278149 -0.041841
0.040216 10.260936 0.001494
0.003954 10.281536 0.087513
0.213920 10.287189 -0.123967
0.166922 10.305974 -0.092435
0.122095 10.298482 -0.040831
0.066014 10.287658 -0.000690
0.075318 10.186792 -0.045634
0.016774 10.265724 0.029355
0.375630 1.983400 -0.524036
-0.128729 1.983400 0.618084
0.134781 10.054791 -0.122706
0.054383 10.201199 0.104622
0.597220 1.983400 -0.134554
0.251771 10.246122 -0.142108
-0.283747 1.983402 0.412572
-0.206258 -2.379721 -3.814926
-0.227951 -2.220427 -3.505627
-0.251510 -2.072627 -3.217409
-0.131082 -2.145375 -2.866265
-0.276663 -1.932402 -2.953864
-0.180510 -1.997917 -2.608791
-0.313783 -1.809722 -2.702062
-0.143120 -1.950682 -2.264798
-0.255588 -1.837464 -2.330871
-0.376400 -1.674646 -2.424275
-0.526038 -1.372484 -2.564125
-0.226125 -1.774508 -1.979165
-0.340838 -1.660983 -2.036947
-0.447822 -1.521266 -2.127234
-0.565565 -1.290671 -2.263429
-0.284346 -1.640738 -1.757278
-0.399812 -1.533624 -1.825489
-0.502235 -1.406761 -1.918012
-0.594582 -1.217605 -2.030708
-0.155179 -1.659240 -1.582728
-0.300880 -1.570579 -1.649093
-0.417339 -1.464917 -1.723071
-0.516114 -1.332990 -1.805823
-0.600619 -1.157620 -1.906373
-0.161447 -1.622185 -1.521290
-0.306374 -1.530915 -1.586541
-0.423780 -1.419395 -1.660203
-0.523688 -1.284647 -1.741217
-0.603858 -1.111317 -1.839629
0.018003 -1.665926 -1.429032
-0.162660 -1.600028 -1.477973
-0.303033 -1.499989 -1.543871
-0.423575 -1.382828 -1.617873
-0.529582 -1.242444 -1.696024
-0.602067 -1.066127 -1.793312
0.022546 -1.625358 -1.399024
-0.150084 -1.565432 -1.440877
-0.291190 -1.467830 -1.507791
-0.411641 -1.344875 -1.589075
-0.519086 -1.199778 -1.665565
-0.581175 -1.025848 -1.770843
-0.610141 -0.819835 -1.877297
0.043728 -1.590307 -1.403692
-0.124899 -1.526568 -1.431772
-0.273205 -1.434455 -1.486294
-0.391545 -1.309437 -1.572149
-0.502506 -1.161340 -1.645604
-0.560314 -0.985831 -1.751642
-0.576540 -0.789807 -1.860715
0.239814 -1.571089 -1.384001
0.068897 -1.546632 -1.409935
-0.091733 -1.482970 -1.434121
-0.238591 -1.391505 -1.487115
-0.372945 -1.269340 -1.557730
-0.462736 -1.121659 -1.642690
-0.520481 -0.945641 -1.744867
-0.529109 -0.762735 -1.850853
0.253415 -1.512915 -1.416798
0.104127 -1.486301 -1.432164
-0.044462 -1.431479 -1.463815
-0.186856 -1.341925 -1.515519
-0.307505 -1.220208 -1.585792
-0.398485 -1.079232 -1.667186
-0.457127 -0.912249 -1.763739
-0.464959 -0.746468 -1.859624
0.285657 -1.431887 -1.463580
0.163000 -1.398746 -1.482714
0.031889 -1.341830 -1.515574
-0.098825 -1.257901 -1.564030
-0.213536 -1.147619 -1.627702
-0.300053 -1.015101 -1.704211
-0.357205 -0.868647 -1.788766
-0.374250 -0.732564 -1.867334
-0.040481 -3.752785 -7.130536
-0.022749 -3.943012 -7.383984
-0.004996 -4.122288 -7.622696
0.012082 -4.277968 -7.828764
0.023473 -4.426984 -8.034610
0.034457 -4.580492 -8.251911
0.042751 -4.729348 -8.468694
0.055743 -4.873710 -8.668804
-0.167682 -1.700818 -4.375006
-0.178913 -1.899197 -4.653565
-0.173811 -2.106484 -4.919051
-0.152293 -2.314706 -5.172682
-0.119134 -2.536891 -5.436282
-0.083521 -2.755947 -5.691161
-0.046827 -2.982329 -5.958780
-0.009654 -3.212576 -6.237446
0.021489 -3.433539 -6.516558
0.043037 -3.641109 -6.792049
0.058528 -3.837200 -7.060500
0.070924 -4.021633 -7.316867
0.081375 -4.194046 -7.558011
0.088889 -4.347392 -7.775901
0.095143 -4.494473 -7.991934
0.099719 -4.641744 -8.211634
0.102776 -4.786934 -8.430975
0.478451 -0.600154 -2.034806
0.484882 -0.613090 -2.072265
0.490295 -0.639986 -2.128367
0.488835 -0.696629 -2.226628
0.466577 -0.800930 -2.388172
0.399752 -1.001422 -2.689175
0.317195 -1.217870 -3.023161
0.242012 -1.415114 -3.347679
0.174624 -1.603537 -3.655869
0.119238 -1.788636 -3.944276
0.090420 -1.965694 -4.219270
0.074537 -2.145633 -4.481405
0.067126 -2.332224 -4.737494
0.072002 -2.523142 -4.995789
0.088623 -2.722161 -5.266452
0.107046 -2.925541 -5.539588
0.126967 -3.135589 -5.821129
0.147349 -3.349624 -6.111110
0.163768 -3.561878 -6.407757
0.172029 -3.762576 -6.697360
0.175477 -3.949154 -6.976095
0.176208 -4.121991 -7.239062
0.175797 -4.281412 -7.485392
0.174511 -4.428703 -7.715276
0.172891 -4.571001 -7.939770
0.170170 -4.709650 -8.161069
0.511757 -0.706851 -1.882180
0.552841 -0.684098 -1.908402
0.558307 -0.693223 -1.938520
0.565045 -0.704602 -1.973745
0.572460 -0.717269 -2.011066
0.577596 -0.743077 -2.066292
0.579084 -0.800390 -2.161755
0.564550 -0.918001 -2.318900
0.526978 -1.151859 -2.605915
0.480968 -1.413293 -2.935424
0.433887 -1.648863 -3.245390
0.388593 -1.861966 -3.532194
0.346378 -2.057225 -3.800931
0.325305 -2.231828 -4.058909
0.309973 -2.404708 -4.309676
0.296769 -2.582167 -4.561467
0.291600 -2.763937 -4.823263
0.297094 -2.948014 -5.102940
0.301527 -3.136222 -5.392637
0.305427 -3.327076 -5.688673
0.308932 -3.517340 -5.987453
0.307769 -3.713279 -6.299961
0.300266 -3.897718 -6.603002
0.288833 -4.070056 -6.895242
0.276799 -4.227866 -7.167061
0.265656 -4.373714 -7.418158
0.253718 -4.511092 -7.656762
0.241873 -4.642966 -7.888673
0.611707 -0.801563 -1.843197
0.624288 -0.807907 -1.875456
0.637733 -0.815455 -1.908412
0.652712 -0.826852 -1.947603
0.651038 -0.855834 -2.000145
0.651252 -0.911625 -2.087845
0.638957 -1.046096 -2.258179
0.613937 -1.290189 -2.538089
0.585534 -1.566491 -2.852554
0.558108 -1.819639 -3.146474
0.526819 -2.049910 -3.420788
0.497214 -2.255655 -3.681279
0.482305 -2.431865 -3.931860
0.468259 -2.602830 -4.181832
0.452095 -2.776244 -4.440090
0.441404 -2.950738 -4.712048
0.438133 -3.124529 -5.002496
0.432471 -3.301214 -5.305656
0.425319 -3.477636 -5.609214
0.416027 -3.646755 -5.910905
0.404459 -3.828163 -6.229100
0.390487 -4.002478 -6.535564
0.372021 -4.166390 -6.834072
0.352359 -4.315540 -7.111740
0.334036 -4.451893 -7.366909
0.313443 -4.578998 -7.610689
0.677464 -0.925784 -1.807525
0.696216 -0.933932 -1.835864
0.709316 -0.949663 -1.873626
0.708411 -0.979809 -1.923431
0.707610 -1.036030 -2.006822
0.695347 -1.188812 -2.196259
0.674836 -1.433791 -2.475428
0.655119 -1.704255 -2.778263
0.631656 -1.952950 -3.058713
0.605725 -2.182472 -3.332247
0.583336 -2.387008 -3.595146
0.568230 -2.560218 -3.846742
0.553221 -2.728015 -4.102537
0.535127 -2.899666 -4.371661
0.521288 -3.068056 -4.654124
0.512456 -3.233749 -4.952342
0.501122 -3.403939 -5.263012
0.486128 -3.567944 -5.569342
0.470466 -3.727727 -5.870521
0.457001 -3.900868 -6.186219
0.440587 -4.070035 -6.494665
0.422675 -4.232095 -6.791800
0.402002 -4.378453 -7.072394
0.379477 -4.509437 -7.331950
0.733059 -1.062972 -1.757513
0.746135 -1.084996 -1.789927
0.744376 -1.117471 -1.835131
0.742710 -1.174076 -1.914735
0.728674 -1.343570 -2.128362
0.709757 -1.584998 -2.412061
0.695390 -1.838671 -2.707413
0.676342 -2.067352 -2.981955
0.644244 -2.285838 -3.259714
0.625018 -2.481463 -3.528427
0.606364 -2.652809 -3.784880
0.595320 -2.816287 -4.048679
0.575407 -2.986326 -4.328875
0.558237 -3.150415 -4.618373
0.549236 -3.314081 -4.919488
0.534104 -3.478167 -5.233590
0.518396 -3.635092 -5.539538
0.503195 -3.796626 -5.834936
0.491143 -3.953368 -6.154682
0.469954 -4.120779 -6.465329
0.450586 -4.278263 -6.761313
0.420457 -4.422421 -7.044470
0.752748 -1.237280 -1.705427
0.749917 -1.273376 -1.747705
0.745411 -1.333228 -1.829640
0.733322 -1.505989 -2.059120
0.716830 -1.734313 -2.347144
0.703179 -1.963655 -2.637457
0.677665 -2.170312 -2.912349
0.654614 -2.375189 -3.195886
0.641752 -2.560088 -3.469068
0.621339 -2.734669 -3.732107
0.604159 -2.893146 -4.003701
0.584599 -3.060147 -4.295035
0.568896 -3.221730 -4.588766
0.561261 -3.385402 -4.891748
0.543828 -3.547179 -5.206403
0.526969 -3.697162 -5.509387
0.483459 -3.840811 -5.814196
0.482576 -4.007054 -6.123112
0.464669 -4.167339 -6.437494
0.448371 -4.320053 -6.733290
0.717431 -1.441857 -1.673725
0.710635 -1.506918 -1.762232
0.701849 -1.671524 -1.994847
0.688644 -1.871217 -2.282091
0.679046 -2.074677 -2.569361
0.658226 -2.261769 -2.849886
0.635532 -2.455232 -3.137772
0.614408 -2.631613 -3.414742
0.587301 -2.786786 -3.689918
0.580465 -2.954436 -3.967181
0.567281 -3.129317 -4.261906
0.549006 -3.282226 -4.563973
0.536745 -3.437772 -4.873257
0.511769 -3.587591 -5.188484
0.494668 -3.740859 -5.491029
0.463524 -3.889639 -5.790084
0.463393 -4.051734 -6.097970
0.443427 -4.207179 -6.412921
0.639031 -1.657593 -1.705838
0.632309 -1.810262 -1.940345
0.622111 -1.983174 -2.223551
0.619158 -2.168431 -2.509071
0.595125 -2.337063 -2.795138
0.583434 -2.522471 -3.086747
0.567025 -2.692218 -3.369980
0.550359 -2.843989 -3.652727
0.536806 -3.001747 -3.939687
0.520719 -3.167080 -4.243723
0.504392 -3.323522 -4.546949
0.492053 -3.478550 -4.858745
0.479209 -3.629027 -5.172109
0.462030 -3.783634 -5.472706
0.436085 -3.935184 -5.769537
0.424282 -4.084027 -6.080444
0.529258 -1.909803 -1.897114
0.525144 -2.074220 -2.174138
0.525463 -2.238586 -2.463166
0.517357 -2.404654 -2.749995
0.506637 -2.570107 -3.048849
0.494793 -2.728950 -3.339207
0.485046 -2.880137 -3.625290
0.474260 -3.033321 -3.920143
0.462561 -3.194318 -4.229607
0.449284 -3.351004 -4.537618
0.440225 -3.506509 -4.847773
0.422257 -3.647384 -5.162387
0.404341 -3.795825 -5.468397
0.386107 -3.946143 -5.765792
0.405979 -2.117378 -2.151378
0.411296 -2.279253 -2.436860
0.414984 -2.438462 -2.726471
0.412126 -2.599329 -3.022240
0.414249 -2.750716 -3.316784
0.408067 -2.896963 -3.608689
0.405926 -3.055121 -3.905363
0.397898 -3.212120 -4.219771
0.388235 -3.369347 -4.532629
0.375345 -3.518688 -4.844654
0.360405 -3.655074 -5.158061
0.346683 -3.804359 -5.462176
0.287937 -2.286418 -2.433231
0.302806 -2.442434 -2.720433
0.318796 -2.588490 -3.021797
0.324375 -2.748238 -3.307906
0.324117 -2.899002 -3.599419
0.324595 -3.045791 -3.906681
0.322963 -3.202416 -4.225371
0.316040 -3.356943 -4.542054
0.306485 -3.511469 -4.849448
0.294042 -3.654227 -5.158045
0.197047 -2.414950 -2.733294
0.212518 -2.569353 -3.022608
0.227242 -2.716220 -3.310429
0.235835 -2.871097 -3.604743
0.239175 -3.020136 -3.916059
0.244136 -3.176753 -4.238303
0.243642 -3.329495 -4.557510
0.237808 -3.474190 -4.868729
0.114400 -2.507007 -3.045320
0.130141 -2.654895 -3.326619
0.145361 -2.807598 -3.626131
0.157698 -2.962788 -3.939630
0.167829 -3.121405 -4.263026
0.173128 -3.271310 -4.583376
0.033742 -2.565902 -3.358784
0.050726 -2.720655 -3.659165
0.067455 -2.878093 -3.974772
0.082236 -3.038466 -4.297528
-0.053488 -2.597525 -3.710649
-0.035379 -2.757528 -4.027925
0.372601 -0.657512 -1.910666
0.280092 -0.576797 -1.957267
0.179294 -0.507184 -1.997457
0.071049 -0.455016 -2.027577
-0.030179 -0.423562 -2.045736
-0.128293 -0.420841 -2.047633
0.426322 -0.610325 -1.938806
0.327335 -0.527703 -1.986048
0.218880 -0.457811 -2.028429
0.100789 -0.406438 -2.056527
-0.016551 -0.381935 -2.070196
-0.133039 -0.387291 -2.067651
0.356348 -0.502926 -2.016809
0.238145 -0.443011 -2.064308
0.116953 -0.381270 -2.088253
-0.010811 -0.355963 -2.100278
-0.141856 -0.357634 -2.093854
0.365139 -0.504257 -2.052039
0.255552 -0.425751 -2.096304
0.130620 -0.357919 -2.117368
-0.006685 -0.338172 -2.132068
-0.145705 -0.356171 -2.128816
0.376151 -0.507556 -2.088761
0.275876 -0.411481 -2.136775
0.142127 -0.346394 -2.160286
-0.005787 -0.326099 -2.167969
-0.151161 -0.356834 -2.165257
0.389932 -0.513642 -2.125824
0.276330 -0.433450 -2.173742
0.141677 -0.372171 -2.204422
-0.007478 -0.346522 -2.221938
-0.160055 -0.364209 -2.216749
0.273337 -0.467531 -2.235051
0.131954 -0.410761 -2.276028
-0.019109 -0.391334 -2.297550
-0.168933 -0.406555 -2.290156
0.251889 -0.519251 -2.351800
0.098044 -0.472553 -2.400203
-0.049023 -0.450110 -2.414825
-0.191478 -0.462159 -2.402173
0.180882 -0.597708 -2.550034
0.028791 -0.529732 -2.590324
-0.108409 -0.496461 -2.583412
-0.240254 -0.499335 -2.553682
-0.093938 -0.601124 -2.850643
-0.219371 -0.551041 -2.831898
-0.336443 -0.534057 -2.796410
-0.430944 -0.569183 -2.764251
-0.238209 -0.680293 -3.141941
-0.353455 -0.617872 -3.133690
-0.445286 -0.598298 -3.114955
-0.517831 -0.615490 -3.090358
-0.379837 -0.774773 -3.478348
-0.477705 -0.704653 -3.474473
-0.546676 -0.668629 -3.463317
-0.607492 -0.687053 -3.437244
-0.471738 -0.920287 -3.840370
-0.557664 -0.849801 -3.835902
-0.615946 -0.814460 -3.824837
-0.673485 -0.824050 -3.800240
-0.582667 -1.085647 -4.202803
-0.629820 -1.056713 -4.192824
-0.675921 -1.056760 -4.170567
-0.563946 -1.363512 -4.534354
-0.622656 -1.329595 -4.536258
-0.652903 -1.347896 -4.510583
-0.518409 -1.648442 -4.808515
-0.559990 -1.633708 -4.812642
-0.600480 -1.629997 -4.808461
-0.465685 -1.900158 -5.080653
-0.507992 -1.896223 -5.077951
-0.537280 -1.891629 -5.080569
-0.465179 -2.135321 -5.329380
-0.499707 -2.132845 -5.330108
-0.431844 -2.361818 -5.608104
-0.464558 -2.361178 -5.608449
-0.394180 -2.593320 -5.875327
-0.438010 -2.609658 -5.870724
-0.438899 -2.632586 -5.855184
-0.395007 -2.843124 -6.139690
-0.395263 -2.865896 -6.126242
-0.335049 -3.061743 -6.408905
-0.342825 -3.089205 -6.391836
-0.323177 -3.275635 -6.670754
-0.324863 -3.298536 -6.655197
-0.285430 -3.460482 -6.944871
-0.304155 -3.494754 -6.917912
-0.283961 -3.692113 -7.189220
-0.258036 -3.881353 -7.451889
-0.229408 -4.049855 -7.684676
-0.195891 -4.212102 -7.886801
-0.114428 -4.550765 -8.258610
-0.088495 -4.680230 -8.431833
-0.074148 -4.796981 -8.612002
0.496152 -1.132376 -1.636503
0.567900 -1.053869 -1.681829
0.516400 -0.983900 -1.722226
0.449943 -0.903219 -1.768807
-0.187807 -2.546020 -4.139604
-0.018463 -2.918966 -4.350205
0.093497 -3.194906 -4.613941
0.098301 -3.345983 -4.919151
0.170032 -3.421849 -4.889468
0.171029 -3.565385 -5.194589
0.233832 -3.615707 -5.175443
0.168903 -3.706474 -5.494690
0.230237 -3.756815 -5.476452
0.284121 -3.794172 -5.463303
0.227384 -3.898693 -5.773136
0.278308 -3.938711 -5.761844
0.331593 -3.951320 -5.761431
0.275620 -4.079046 -6.069661
0.323185 -4.103308 -6.064347
0.375870 -4.101524 -6.069664
0.264080 -4.218763 -6.379688
0.314206 -4.242046 -6.376739
0.361063 -4.239286 -6.386196
0.408968 -4.234926 -6.393996
0.306138 -4.367081 -6.674620
0.350770 -4.384796 -6.675128
0.394878 -4.376764 -6.688404
0.430739 -4.354633 -6.708315
0.293491 -4.499038 -6.962017
0.339245 -4.506042 -6.966553
0.380509 -4.507665 -6.974515
0.412174 -4.489445 -6.993656
0.425382 -4.458979 -7.018742
0.326071 -4.628765 -7.234704
0.365661 -4.630416 -7.241816
0.397407 -4.623117 -7.253321
0.397091 -4.587996 -7.279532
0.390227 -4.553399 -7.304257
0.313018 -4.743525 -7.489119
0.349222 -4.750959 -7.489914
0.376972 -4.731472 -7.504251
0.378947 -4.702301 -7.523493
0.379852 -4.672072 -7.548622
0.353724 -4.630501 -7.576401
0.338501 -4.853461 -7.736267
0.346867 -4.833302 -7.746304
0.356049 -4.809881 -7.762377
0.358629 -4.781040 -7.785121
0.331628 -4.745815 -7.811983
0.294093 -4.700857 -7.846025
0.334244 -4.938358 -7.968384
0.340825 -4.915564 -7.985403
0.339439 -4.889544 -8.005958
0.314542 -4.857756 -8.031155
0.280652 -4.819023 -8.065443
0.232948 -4.771043 -8.109455
0.328825 -5.029116 -8.185537
0.334938 -5.014940 -8.198533
0.321284 -4.995293 -8.214213
0.303131 -4.970633 -8.237130
0.269441 -4.938532 -8.276985
0.223891 -4.897661 -8.329521
0.165861 -4.846083 -8.383526
0.323868 -5.127969 -8.407214
0.311547 -5.110483 -8.427056
0.287436 -5.088045 -8.460091
0.253033 -5.058776 -8.508993
0.209537 -5.024468 -8.561900
0.159141 -4.980663 -8.611185
0.107674 -4.930218 -8.645964
0.294735 -5.202885 -8.597482
0.284251 -5.187703 -8.620577
0.262714 -5.166035 -8.654121
0.229681 -5.139865 -8.699090
0.190576 -5.111178 -8.746016
0.152668 -5.079177 -8.783385
0.116265 -5.040237 -8.801014
0.076333 -4.993706 -8.814663
0.249408 -5.226473 -8.747053
0.242438 -5.204262 -8.769913
0.212526 -5.177027 -8.798722
0.178351 -5.145698 -8.830555
0.144496 -5.116478 -8.854280
0.116151 -5.086753 -8.872603
0.085597 -5.051281 -8.886713
0.464318 -0.579561 -1.967588
0.472759 -0.588371 -1.999248
0.390686 -0.548338 -2.188560
0.384440 -0.598879 -2.288675
0.340124 -0.692040 -2.469888
0.232285 -0.842419 -2.774786
0.057827 -0.697854 -2.835891
0.114840 -0.998942 -3.092543
-0.083090 -0.805827 -3.130115
0.012795 -1.154967 -3.424204
-0.210388 -0.923776 -3.465881
-0.071985 -1.324560 -3.756395
-0.307597 -1.076378 -3.819637
-0.136026 -1.509522 -4.073442
-0.369254 -1.274256 -4.165848
-0.513010 -1.144208 -4.200578
-0.383617 -1.501707 -4.486931
-0.502977 -1.403522 -4.529622
-0.363149 -1.741745 -4.764057
-0.463089 -1.667925 -4.806855
-0.331184 -1.981219 -5.025460
-0.411825 -1.925156 -5.066076
-0.292469 -2.204383 -5.273845
-0.367634 -2.156145 -5.316181
-0.421989 -2.138880 -5.328617
-0.252242 -2.439593 -5.539729
-0.329440 -2.392096 -5.585549
-0.386809 -2.362812 -5.607770
-0.209950 -2.665242 -5.787892
-0.288099 -2.616796 -5.840146
-0.344536 -2.596673 -5.863906
-0.168629 -2.894576 -6.053626
-0.245407 -2.850376 -6.104793
-0.303786 -2.834425 -6.127874
-0.351354 -2.832105 -6.138375
-0.127286 -3.128606 -6.328074
-0.205431 -3.081015 -6.378243
-0.262758 -3.055595 -6.404305
-0.306177 -3.045993 -6.416653
-0.090153 -3.348729 -6.597655
-0.169831 -3.294543 -6.647959
-0.231804 -3.274939 -6.665228
-0.278501 -3.266783 -6.673388
-0.063786 -3.554523 -6.866686
-0.142939 -3.498059 -6.915489
-0.199469 -3.464531 -6.941748
-0.250915 -3.458968 -6.945782
-0.117951 -3.696618 -7.176903
-0.176091 -3.659595 -7.205302
-0.232246 -3.661320 -7.206302
-0.269217 -3.666202 -7.205193
-0.097948 -3.887154 -7.431111
-0.155459 -3.849387 -7.460970
-0.209858 -3.842431 -7.470402
-0.252636 -3.856289 -7.468981
-0.074224 -4.067871 -7.667635
-0.129607 -4.030350 -7.694226
-0.174653 -4.009585 -7.709271
-0.210728 -4.022285 -7.699498
-0.052112 -4.226366 -7.866267
-0.101384 -4.188850 -7.894154
-0.150010 -4.181849 -7.903389
-0.188829 -4.190090 -7.903779
-0.034438 -4.374414 -8.066163
-0.081483 -4.340551 -8.089641
-0.126411 -4.319525 -8.109078
-0.155838 -4.330302 -8.107105
-0.169297 -4.365813 -8.087687
-0.016570 -4.533922 -8.277873
-0.059597 -4.496549 -8.296728
-0.091580 -4.474849 -8.310120
-0.121287 -4.485631 -8.306225
-0.119658 -4.517559 -8.282383
-0.002598 -4.688164 -8.490592
-0.040015 -4.652221 -8.503358
-0.065581 -4.626885 -8.506420
-0.087398 -4.632480 -8.487849
-0.088853 -4.654165 -8.459053
0.009174 -4.823685 -8.681177
-0.031486 -4.780133 -8.690065
-0.075359 -4.751858 -8.691607
-0.091750 -4.756424 -8.673018
-0.087735 -4.777884 -8.638647
0.033072 -4.944337 -8.825147
-0.011573 -4.896868 -8.837582
-0.055076 -4.871846 -8.842640
-0.069181 -4.878571 -8.816326
-0.068835 -4.890202 -8.788890
-0.072763 -4.902466 -8.760844
-0.273746 -0.407394 -2.070469
-0.288032 -0.403682 -2.107494
-0.302069 -0.404172 -2.140869
-0.313665 -0.417664 -2.191933
-0.465533 -0.512300 -2.146430
-0.317197 -0.460850 -2.263250
-0.463256 -0.555455 -2.218086
-0.328242 -0.516723 -2.369297
-0.470138 -0.605585 -2.327070
-0.364517 -0.540761 -2.517783
-0.495426 -0.622014 -2.484537
-0.602829 -0.763712 -2.441096
-0.536019 -0.635971 -2.735826
-0.618964 -0.769149 -2.710225
-0.593344 -0.667383 -3.060316
-0.637213 -0.789106 -3.026446
-0.622475 -1.031482 -2.967717
-0.656812 -0.720896 -3.406883
-0.671549 -0.834270 -3.362399
-0.628735 -1.073367 -3.269953
-0.690651 -0.871234 -3.767677
-0.703517 -0.957228 -3.720476
-0.652039 -1.169465 -3.612225
-0.705030 -1.090730 -4.132133
-0.699747 -1.162481 -4.082194
-0.651124 -1.338854 -3.970670
-0.459981 -1.788382 -3.712987
-0.675413 -1.374149 -4.480433
-0.670850 -1.427272 -4.432631
-0.627643 -1.569200 -4.326180
-0.443716 -1.963649 -4.054686
-0.620482 -1.660133 -4.780170
-0.617884 -1.704294 -4.743406
-0.584696 -1.821092 -4.650378
-0.422512 -2.155558 -4.395480
-0.557666 -1.923015 -5.057408
-0.561161 -1.970496 -5.022557
-0.532483 -2.070791 -4.940729
-0.396151 -2.350459 -4.719527
-0.522581 -2.158142 -5.306681
-0.521169 -2.201817 -5.269986
-0.491988 -2.295536 -5.199439
-0.370645 -2.542310 -5.017694
-0.481132 -2.393261 -5.580478
-0.481083 -2.435676 -5.546336
-0.454336 -2.525000 -5.481108
-0.342780 -2.744711 -5.318169
-0.439407 -2.673482 -5.829049
-0.411889 -2.759945 -5.769115
-0.311539 -2.951209 -5.620024
-0.395777 -2.906026 -6.103503
-0.368286 -2.987398 -6.049106
-0.281743 -3.154092 -5.915569
-0.352803 -3.125833 -6.371279
-0.330973 -3.201709 -6.320480
-0.254230 -3.347386 -6.203946
-0.327186 -3.334662 -6.633949
-0.302626 -3.406004 -6.588791
-0.302036 -3.528575 -6.895375
-0.279727 -3.593218 -6.855478
-0.278177 -3.725323 -7.169812
-0.254711 -3.784660 -7.133791
-0.251985 -3.915511 -7.433752
-0.225568 -3.974316 -7.399040
-0.225866 -4.085719 -7.665203
-0.197215 -4.140710 -7.632296
-0.195984 -4.246560 -7.867345
-0.171690 -4.293257 -7.839332
-0.168038 -4.401822 -8.064917
-0.143144 -4.440241 -8.039667
-0.112850 -4.585600 -8.236632
-0.006549 -3.076435 -4.666587
-0.001864 -3.227708 -4.976824
-0.001428 -3.375616 -5.288743
0.098479 -3.490173 -5.225746
0.093617 -3.628200 -5.531660
0.087109 -3.765236 -5.839073
0.164023 -3.844337 -5.794126
0.080273 -3.903882 -6.155099
0.158167 -3.983207 -6.107169
0.221554 -4.045072 -6.079808
0.072048 -4.039634 -6.469170
0.148418 -4.116843 -6.419596
0.212583 -4.177280 -6.392368
0.064254 -4.169777 -6.774341
0.135851 -4.243103 -6.722903
0.198992 -4.300524 -6.693888
0.254545 -4.346696 -6.676918
0.124639 -4.362901 -7.015564
0.186140 -4.422140 -6.985442
0.241624 -4.469001 -6.968901
0.114603 -4.478077 -7.291228
0.175638 -4.535651 -7.258824
0.230695 -4.582052 -7.241431
0.281285 -4.615562 -7.233526
0.106131 -4.588661 -7.552588
0.165592 -4.642805 -7.518982
0.218933 -4.689202 -7.499735
0.266883 -4.724624 -7.490615
0.099568 -4.697537 -7.801550
0.155858 -4.746274 -7.768912
0.208684 -4.790519 -7.747637
0.256810 -4.825804 -7.735335
0.299774 -4.850563 -7.730510
0.150003 -4.844822 -7.999034
0.199096 -4.886432 -7.978941
0.244183 -4.922998 -7.965100
0.286875 -4.946923 -7.958100
0.329641 -4.956010 -7.960240
0.145369 -4.935298 -8.199708
0.190771 -4.974262 -8.184059
0.230235 -5.008239 -8.173970
0.268318 -5.031710 -8.169840
0.302049 -5.028449 -8.178384
0.142423 -5.014410 -8.380637
0.184697 -5.054763 -8.368060
0.223676 -5.089804 -8.366425
0.261412 -5.111894 -8.374495
0.295148 -5.131631 -8.381695
0.316831 -5.144690 -8.387759
0.138865 -5.088345 -8.541472
0.174214 -5.124069 -8.533521
0.207560 -5.160980 -8.536448
0.238855 -5.195465 -8.543528
0.269315 -5.204455 -8.558500
0.287848 -5.214668 -8.572474
0.155720 -5.166024 -8.665226
0.181255 -5.199417 -8.674760
0.205387 -5.229880 -8.681531
0.226092 -5.257601 -8.690434
0.244227 -5.258079 -8.705927
0.246788 -5.242083 -8.725858
0.436878 -1.380118 -1.493469
0.485519 -1.435242 -1.461643
0.386951 -1.500440 -1.424000
0.397129 -1.553132 -1.393579
0.405161 -1.601158 -1.385413
0.232047 -1.618802 -1.366769
0.229862 -1.656179 -1.384828
0.229800 -1.693421 -1.402954
0.018547 -1.694849 -1.467450
0.029354 -1.731524 -1.530362
-0.132397 -1.738666 -1.703369
-0.076677 -1.874203 -1.932283
-0.066369 -2.117896 -2.543149
-0.099848 -2.293758 -3.130394
0.232264 -5.226557 -8.829109
0.190217 -5.219735 -8.879674
0.204420 -5.197729 -8.853898
0.139691 -5.192791 -8.914748
0.162460 -5.183758 -8.914028
0.168397 -5.166136 -8.878216
0.085918 -5.149774 -8.926583
0.102272 -5.154037 -8.941297
0.124000 -5.144259 -8.933705
0.134866 -5.134227 -8.897904
0.024631 -5.114019 -8.925333
0.038170 -5.116769 -8.942765
0.052264 -5.121367 -8.954857
0.084245 -5.110336 -8.944931
0.106225 -5.102557 -8.914222
0.039172 -5.066867 -8.938874
0.073197 -5.064109 -8.922749
0.561153 -1.180336 -1.608813
0.615673 -1.211538 -1.591478
0.503368 -1.282608 -1.549766
0.561337 -1.330602 -1.522324
0.607227 -1.377735 -1.495166
0.619724 -1.416665 -1.504978
0.516692 -1.484513 -1.433196
0.535840 -1.530667 -1.428635
0.543181 -1.569306 -1.443640
0.408340 -1.637370 -1.402828
0.411744 -1.675832 -1.421932
0.409940 -1.718597 -1.455909
0.225617 -1.732042 -1.442573
0.227627 -1.763802 -1.506606
0.052844 -1.805991 -1.655358
0.093342 -1.940633 -1.892590
-0.007976 -2.042253 -2.210346
-0.015629 -2.271884 -2.807973
-0.169818 -2.712588 -4.465399
-0.155379 -2.877783 -4.782680
-0.145392 -3.043722 -5.096202
-0.135437 -3.209413 -5.410381
-0.126506 -3.373285 -5.723371
-0.002193 -3.520365 -5.601199
-0.119012 -3.533709 -6.035410
-0.005084 -3.665849 -5.914787
-0.232734 -3.533234 -6.490478
-0.114160 -3.691603 -6.345912
-0.007632 -3.810346 -6.231487
-0.214670 -3.708441 -6.772371
-0.109405 -3.846259 -6.650439
-0.011126 -3.953591 -6.544456
-0.196183 -3.883050 -7.058274
-0.103473 -3.998786 -6.947099
-0.013729 -4.092658 -6.847583
-0.176309 -4.052199 -7.335340
-0.096209 -4.145981 -7.232897
-0.015301 -4.227175 -7.137231
0.056219 -4.296248 -7.065661
-0.156687 -4.206491 -7.581351
-0.089808 -4.284034 -7.497903
-0.016273 -4.356110 -7.410265
0.050255 -4.417526 -7.341563
-0.132569 -4.349152 -7.797938
-0.079323 -4.412464 -7.737183
-0.014860 -4.477076 -7.664559
0.046448 -4.534347 -7.600952
-0.110984 -4.486063 -8.004937
-0.064568 -4.540452 -7.959035
-0.010389 -4.597220 -7.903718
0.045509 -4.649045 -7.847190
-0.083173 -4.624765 -8.203830
-0.044482 -4.669731 -8.164757
-0.000258 -4.714897 -8.122061
0.047627 -4.758431 -8.074536
0.097271 -4.801428 -8.031065
-0.086305 -4.712539 -8.401692
-0.060919 -4.740043 -8.371791
-0.026611 -4.774433 -8.335951
0.011684 -4.811857 -8.298210
0.051895 -4.851790 -8.259567
0.097878 -4.891330 -8.225893
-0.068794 -4.818858 -8.580614
-0.046456 -4.843836 -8.542291
-0.016423 -4.872195 -8.507099
0.017200 -4.904966 -8.472368
0.056428 -4.939486 -8.437445
0.097452 -4.976417 -8.404747
-0.054964 -4.917991 -8.728139
-0.031937 -4.939580 -8.698756
-0.005870 -4.965545 -8.668902
0.025938 -4.993651 -8.637246
0.060571 -5.023719 -8.602059
0.100087 -5.054406 -8.567135
0.456726 -0.747784 -1.858547
0.530798 -0.841883 -1.804219
0.578416 -0.812737 -1.821046
0.585425 -0.937957 -1.748798
0.628765 -0.918924 -1.759822
0.659182 -0.917310 -1.781138
0.622896 -1.023764 -1.699296
0.663808 -1.019098 -1.702350
0.694320 -1.029722 -1.716417
0.713512 -1.046824 -1.735994
0.637994 -1.110960 -1.649536
0.677617 -1.125353 -1.642796
0.707973 -1.148257 -1.647204
0.727707 -1.175127 -1.659322
0.747148 -1.204163 -1.674749
0.655819 -1.241811 -1.574574
0.682531 -1.279519 -1.577414
0.697229 -1.318384 -1.587690
0.711596 -1.359025 -1.599792
0.722606 -1.400028 -1.624604
0.632413 -1.458245 -1.514449
0.645570 -1.501777 -1.524000
0.653558 -1.545508 -1.551728
0.646546 -1.588768 -1.609913
0.550794 -1.611390 -1.459729
0.551171 -1.654872 -1.495910
0.543638 -1.696327 -1.555424
0.536751 -1.763991 -1.659663
0.403160 -1.755286 -1.517144
0.400957 -1.819041 -1.630987
0.399978 -1.958544 -1.871778
0.238976 -1.828884 -1.626549
0.253345 -1.968647 -1.868961
0.270075 -2.124485 -2.151544
0.134818 -2.101593 -2.171037
0.169122 -2.261171 -2.451511
0.052949 -2.205748 -2.489363
0.091358 -2.357671 -2.763575
0.012453 -2.420932 -3.079009
-0.074739 -2.442629 -3.409839
-0.168283 -0.654127 -1.912620
-0.220591 -0.589363 -1.950010
0.007796 -0.661307 -1.908475
-0.069438 -0.590521 -1.949343
-0.138877 -0.534339 -1.981778
0.200575 -0.649879 -1.915073
0.109409 -0.578212 -1.956449
0.016462 -0.519885 -1.990125
-0.066901 -0.477197 -2.014771
-0.270813 -0.703605 -1.884054
-0.234599 -0.811327 -1.821860
-0.172076 -0.931997 -1.752191
-0.087268 -1.047109 -1.685731
0.016068 -1.147390 -1.627835
0.129075 -1.228495 -1.581008
0.241942 -1.290118 -1.545430
0.349475 -1.336776 -1.518493
0.422521 -1.233680 -1.578015
0.329812 -1.178080 -1.610115
0.234182 -1.110525 -1.649118
0.138136 -1.029477 -1.695912
0.045795 -0.937259 -1.749153
-0.037903 -0.838924 -1.805927
-0.109541 -0.741183 -1.862358
0.422820 -1.071714 -1.671526
0.343094 -0.999307 -1.713330
0.258966 -0.916763 -1.760987
0.173488 -0.829104 -1.811597
0.089285 -0.742371 -1.861672
0.372121 -0.817015 -1.818577
0.288107 -0.730599 -1.868468
-0.491425 -1.448641 -2.845379
-0.473441 -1.527740 -3.105944
-0.470179 -1.641803 -3.392233
-0.640662 -0.854913 -1.902819
-0.644692 -0.895476 -1.955847
-0.643330 -0.933927 -2.023975
-0.640903 -0.968405 -2.158881
-0.642381 -0.993484 -2.384354
-0.631265 -1.009985 -2.672302
-0.346637 -0.625482 -1.929158
-0.413965 -0.612788 -1.936485
-0.468008 -0.605213 -1.947545
-0.508522 -0.614894 -1.966769
-0.545743 -0.627820 -1.988513
-0.573763 -0.647119 -2.018385
-0.593541 -0.675511 -2.068544
-0.592057 -0.713328 -2.143062
-0.591308 -0.749925 -2.261907
-0.279071 -0.547690 -1.974051
-0.331287 -0.515476 -1.992681
-0.367171 -0.491882 -2.008766
-0.396938 -0.479406 -2.030637
-0.432602 -0.478324 -2.062286
-0.448095 -0.494461 -2.096017
-0.197034 -0.491006 -2.006783
-0.232587 -0.453220 -2.028597
-0.252995 -0.425965 -2.044339
0.110639 -5.122835 -8.685658
0.079351 -5.100256 -8.720986
0.046920 -5.074873 -8.753146
0.015972 -5.048880 -8.782526
0.044977 -5.109086 -8.830300
-0.009594 -5.025408 -8.810780
0.015727 -5.084671 -8.859088
-0.032049 -5.006112 -8.838166
-0.005664 -5.067016 -8.886360
0.028482 -5.000627 -8.905265
-0.012544 -4.987810 -8.911202
-0.046018 -4.981579 -8.909533
-0.057727 -4.989123 -8.886496
-0.048688 -4.994544 -8.864523
-0.018266 -5.069381 -8.934252
-0.016189 -5.063597 -8.911265
0.131001 -5.167360 -8.726899
0.154144 -5.203587 -8.745431
0.175759 -5.235124 -8.758375
0.198504 -5.262096 -8.772467
0.217538 -5.261101 -8.785779
0.235379 -5.259973 -8.800043
0.104332 -5.153158 -8.765772
0.129347 -5.194555 -8.788790
0.149725 -5.226687 -8.805603
0.173441 -5.245820 -8.823470
0.194607 -5.251353 -8.837993
0.102151 -5.179421 -8.825329
0.125846 -5.207118 -8.845660
0.148783 -5.221700 -8.863583
0.071963 -5.156675 -8.858359
0.099838 -5.175362 -8.880238
0.040266 -5.129225 -8.886998
0.004004 -5.065030 -8.947849
0.213970 -5.251004 -8.847003
0.166973 -5.233088 -8.879039
0.122145 -5.184652 -8.898350
0.066064 -5.144477 -8.909048
0.075368 -5.132969 -8.799223
0.016824 -5.107492 -8.905075
0.375689 -1.445579 -1.455675
-0.128671 -0.456473 -2.026734
0.134831 -5.133713 -8.646372
0.054433 -5.010046 -8.886830
0.597278 -1.108278 -1.650416
0.251820 -5.246181 -8.802368
-0.283689 -0.634453 -1.923979
</float_array>
          <technique_common>
            <accessor source="#TidalTurbine_Blades-POSITION-array" count="3750" stride="3">
              <param name="X" type="float"/>
              <param name="Y" type="float"/>
              <param name="Z" type="float"/>
            </accessor>
          </technique_common>
        </source>
        <source id="TidalTurbine_Blades-Normal0">
          <float_array id="TidalTurbine_Blades-Normal0-array" count="67392">
0.000015 0.989500 0.144531
-0.001025 0.990013 0.140970
-0.008998 0.954332 0.298612
0.000015 0.989500 0.144531
-0.008998 0.954332 0.298612
-0.000249 0.952729 0.303820
-0.000249 0.952729 0.303820
-0.014976 0.891671 0.452436
0.000528 0.888711 0.458468
-0.014976 0.891671 0.452436
-0.000249 0.952729 0.303820
-0.008998 0.954332 0.298612
-0.015270 0.955363 0.295041
-0.025517 0.894650 0.446038
-0.008998 0.954332 0.298612
-0.008998 0.954332 0.298612
-0.025517 0.894650 0.446038
-0.014976 0.891671 0.452436
-0.001025 0.990013 0.140970
-0.015270 0.955363 0.295041
-0.008998 0.954332 0.298612
-0.015270 0.955363 0.295041
-0.001025 0.990013 0.140970
-0.006637 0.990624 0.136453
0.000421 0.885475 0.464687
-0.000962 0.801042 0.598607
0.001336 0.796504 0.604632
-0.000962 0.801042 0.598607
0.000421 0.885475 0.464687
0.000528 0.888711 0.458468
-0.014976 0.891671 0.452436
-0.015314 0.805312 0.592653
0.000528 0.888711 0.458468
0.000528 0.888711 0.458468
-0.015314 0.805312 0.592653
-0.000962 0.801042 0.598607
0.000144 0.949835 0.312751
-0.000249 0.952729 0.303820
0.000528 0.888711 0.458468
0.000144 0.949835 0.312751
0.000528 0.888711 0.458468
0.000421 0.885475 0.464687
-0.001757 0.988344 0.152230
0.000015 0.989500 0.144531
-0.000249 0.952729 0.303820
-0.001757 0.988344 0.152230
-0.000249 0.952729 0.303820
0.000144 0.949835 0.312751
-0.002956 0.999958 -0.008669
0.002063 0.999886 -0.014941
0.000015 0.989500 0.144531
-0.002956 0.999958 -0.008669
0.000015 0.989500 0.144531
-0.001757 0.988344 0.152230
0.002063 0.999886 -0.014941
-0.001025 0.990013 0.140970
0.000015 0.989500 0.144531
-0.001025 0.990013 0.140970
0.002063 0.999886 -0.014941
-0.000238 0.999707 -0.024212
0.001456 0.983576 -0.180488
-0.000238 0.999707 -0.024212
0.002063 0.999886 -0.014941
-0.000238 0.999707 -0.024212
0.001456 0.983576 -0.180488
-0.007298 0.981022 -0.193760
-0.000931 0.984800 -0.173689
0.001456 0.983576 -0.180488
0.002063 0.999886 -0.014941
-0.000931 0.984800 -0.173689
0.002063 0.999886 -0.014941
-0.002956 0.999958 -0.008669
0.002695 0.881689 0.471823
0.001336 0.796504 0.604632
0.003485 0.791027 0.611772
0.001336 0.796504 0.604632
0.002695 0.881689 0.471823
0.000421 0.885475 0.464687
0.000736 0.947034 0.321133
0.000144 0.949835 0.312751
0.000421 0.885475 0.464687
0.000736 0.947034 0.321133
0.000421 0.885475 0.464687
0.002695 0.881689 0.471823
-0.000378 0.986902 0.161319
-0.001757 0.988344 0.152230
0.000144 0.949835 0.312751
-0.000378 0.986902 0.161319
0.000144 0.949835 0.312751
0.000736 0.947034 0.321133
0.001143 0.999992 -0.003779
-0.002956 0.999958 -0.008669
-0.001757 0.988344 0.152230
0.001143 0.999992 -0.003779
-0.001757 0.988344 0.152230
-0.000378 0.986902 0.161319
0.002368 0.985709 -0.168442
-0.000931 0.984800 -0.173689
-0.002956 0.999958 -0.008669
0.002368 0.985709 -0.168442
-0.002956 0.999958 -0.008669
0.001143 0.999992 -0.003779
0.001392 0.942366 -0.334581
0.001456 0.983576 -0.180488
-0.000931 0.984800 -0.173689
0.001456 0.983576 -0.180488
0.001392 0.942366 -0.334581
-0.001228 0.939730 -0.341916
0.001015 0.944908 -0.327336
0.001392 0.942366 -0.334581
-0.000931 0.984800 -0.173689
0.001015 0.944908 -0.327336
-0.000931 0.984800 -0.173689
0.002368 0.985709 -0.168442
-0.002660 0.943822 0.330443
0.000736 0.947034 0.321133
0.002695 0.881689 0.471823
-0.002660 0.943822 0.330443
0.002695 0.881689 0.471823
-0.000822 0.876736 0.480971
-0.000822 0.876736 0.480971
0.003485 0.791027 0.611772
0.001436 0.785917 0.618330
0.003485 0.791027 0.611772
-0.000822 0.876736 0.480971
0.002695 0.881689 0.471823
-0.002361 0.985749 0.168207
-0.000378 0.986902 0.161319
0.000736 0.947034 0.321133
-0.002361 0.985749 0.168207
0.000736 0.947034 0.321133
-0.002660 0.943822 0.330443
0.000936 0.999999 -0.000965
0.001143 0.999992 -0.003779
-0.000378 0.986902 0.161319
0.000936 0.999999 -0.000965
-0.000378 0.986902 0.161319
-0.002361 0.985749 0.168207
0.004189 0.986859 -0.161531
0.002368 0.985709 -0.168442
0.001143 0.999992 -0.003779
0.004189 0.986859 -0.161531
0.001143 0.999992 -0.003779
0.000936 0.999999 -0.000965
0.004572 0.947866 -0.318638
0.001015 0.944908 -0.327336
0.002368 0.985709 -0.168442
0.004572 0.947866 -0.318638
0.002368 0.985709 -0.168442
0.004189 0.986859 -0.161531
-0.000200 0.877403 -0.479755
0.001392 0.942366 -0.334581
0.001015 0.944908 -0.327336
0.001392 0.942366 -0.334581
-0.000200 0.877403 -0.479755
0.000699 0.872694 -0.488268
0.002828 0.881629 -0.471935
-0.000200 0.877403 -0.479755
0.001015 0.944908 -0.327336
0.002828 0.881629 -0.471935
0.001015 0.944908 -0.327336
0.004572 0.947866 -0.318638
0.004129 0.781415 0.623998
0.002758 0.676401 0.736528
0.001309 0.670308 0.742082
0.002758 0.676401 0.736528
0.004129 0.781415 0.623998
0.001436 0.785917 0.618330
0.003485 0.791027 0.611772
0.002015 0.680391 0.732846
0.001436 0.785917 0.618330
0.001436 0.785917 0.618330
0.002015 0.680391 0.732846
0.002758 0.676401 0.736528
0.009109 0.872773 0.488041
-0.000822 0.876736 0.480971
0.001436 0.785917 0.618330
0.009109 0.872773 0.488041
0.001436 0.785917 0.618330
0.004129 0.781415 0.623998
0.012510 0.941031 0.338090
-0.002660 0.943822 0.330443
-0.000822 0.876736 0.480971
0.012510 0.941031 0.338090
-0.000822 0.876736 0.480971
0.009109 0.872773 0.488041
0.011442 0.984146 0.176993
-0.002361 0.985749 0.168207
-0.002660 0.943822 0.330443
0.011442 0.984146 0.176993
-0.002660 0.943822 0.330443
0.012510 0.941031 0.338090
0.003807 0.999955 0.008667
0.000936 0.999999 -0.000965
-0.002361 0.985749 0.168207
0.003807 0.999955 0.008667
-0.002361 0.985749 0.168207
0.011442 0.984146 0.176993
-0.000536 0.987791 -0.155783
0.004189 0.986859 -0.161531
0.000936 0.999999 -0.000965
-0.000536 0.987791 -0.155783
0.000936 0.999999 -0.000965
0.003807 0.999955 0.008667
0.005910 0.949353 -0.314156
0.004572 0.947866 -0.318638
0.004189 0.986859 -0.161531
0.005910 0.949353 -0.314156
0.004189 0.986859 -0.161531
-0.000536 0.987791 -0.155783
0.012964 0.885425 -0.464602
0.002828 0.881629 -0.471935
0.004572 0.947866 -0.318638
0.012964 0.885425 -0.464602
0.004572 0.947866 -0.318638
0.005910 0.949353 -0.314156
0.001338 0.790762 -0.612122
-0.000200 0.877403 -0.479755
0.002828 0.881629 -0.471935
-0.000200 0.877403 -0.479755
0.001338 0.790762 -0.612122
-0.001968 0.784675 -0.619904
0.014449 0.796013 -0.605106
0.001338 0.790762 -0.612122
0.002828 0.881629 -0.471935
0.014449 0.796013 -0.605106
0.002828 0.881629 -0.471935
0.012964 0.885425 -0.464602
0.029238 0.868952 0.494031
0.009109 0.872773 0.488041
0.004129 0.781415 0.623998
0.029238 0.868952 0.494031
0.004129 0.781415 0.623998
0.011392 0.777145 0.629218
0.011392 0.777145 0.629218
0.001309 0.670308 0.742082
-0.005497 0.663337 0.748300
0.001309 0.670308 0.742082
0.011392 0.777145 0.629218
0.004129 0.781415 0.623998
0.034136 0.938170 0.344489
0.012510 0.941031 0.338090
0.009109 0.872773 0.488041
0.034136 0.938170 0.344489
0.009109 0.872773 0.488041
0.029238 0.868952 0.494031
0.026834 0.981998 0.186976
0.011442 0.984146 0.176993
0.012510 0.941031 0.338090
0.026834 0.981998 0.186976
0.012510 0.941031 0.338090
0.034136 0.938170 0.344489
0.008200 0.999733 0.021616
0.003807 0.999955 0.008667
0.011442 0.984146 0.176993
0.008200 0.999733 0.021616
0.011442 0.984146 0.176993
0.026834 0.981998 0.186976
-0.007664 0.988887 -0.148469
-0.000536 0.987791 -0.155783
0.003807 0.999955 0.008667
-0.007664 0.988887 -0.148469
0.003807 0.999955 0.008667
0.008200 0.999733 0.021616
-0.001629 0.950467 -0.310820
0.005910 0.949353 -0.314156
-0.000536 0.987791 -0.155783
-0.001629 0.950467 -0.310820
-0.000536 0.987791 -0.155783
-0.007664 0.988887 -0.148469
0.016438 0.888879 -0.457847
0.012964 0.885425 -0.464602
0.005910 0.949353 -0.314156
0.016438 0.888879 -0.457847
0.005910 0.949353 -0.314156
-0.001629 0.950467 -0.310820
0.026484 0.801101 -0.597943
0.014449 0.796013 -0.605106
0.012964 0.885425 -0.464602
0.026484 0.801101 -0.597943
0.012964 0.885425 -0.464602
0.016438 0.888879 -0.457847
0.021212 0.692150 -0.721442
0.012122 0.685068 -0.728378
0.014449 0.796013 -0.605106
0.021212 0.692150 -0.721442
0.014449 0.796013 -0.605106
0.026484 0.801101 -0.597943
0.012122 0.685068 -0.728378
0.001338 0.790762 -0.612122
0.014449 0.796013 -0.605106
0.001338 0.790762 -0.612122
0.012122 0.685068 -0.728378
0.001155 0.677873 -0.735178
-0.000238 0.999707 -0.024212
-0.006637 0.990624 0.136453
-0.001025 0.990013 0.140970
-0.006637 0.990624 0.136453
-0.000238 0.999707 -0.024212
-0.012282 0.999312 -0.034991
-0.007298 0.981022 -0.193760
-0.012282 0.999312 -0.034991
-0.000238 0.999707 -0.024212
-0.012282 0.999312 -0.034991
-0.007298 0.981022 -0.193760
-0.023091 0.978341 -0.205709
-0.001228 0.939730 -0.341916
-0.013829 0.935819 -0.352210
-0.007298 0.981022 -0.193760
-0.001228 0.939730 -0.341916
-0.007298 0.981022 -0.193760
0.001456 0.983576 -0.180488
-0.013829 0.935819 -0.352210
-0.023091 0.978341 -0.205709
-0.007298 0.981022 -0.193760
-0.023091 0.978341 -0.205709
-0.013829 0.935819 -0.352210
-0.027953 0.932173 -0.360932
-0.001069 0.868794 -0.495173
-0.014697 0.865962 -0.499894
-0.013829 0.935819 -0.352210
-0.001069 0.868794 -0.495173
-0.013829 0.935819 -0.352210
-0.001228 0.939730 -0.341916
-0.014697 0.865962 -0.499894
-0.027953 0.932173 -0.360932
-0.013829 0.935819 -0.352210
-0.027953 0.932173 -0.360932
-0.014697 0.865962 -0.499894
-0.027695 0.862358 -0.505541
0.002205 0.775759 -0.631026
-0.011183 0.773471 -0.633733
-0.014697 0.865962 -0.499894
0.002205 0.775759 -0.631026
-0.014697 0.865962 -0.499894
-0.001069 0.868794 -0.495173
-0.011183 0.773471 -0.633733
-0.027695 0.862358 -0.505541
-0.014697 0.865962 -0.499894
-0.027695 0.862358 -0.505541
-0.011183 0.773471 -0.633733
-0.023019 0.769685 -0.638008
0.004882 0.663321 -0.748319
-0.005571 0.659830 -0.751395
-0.011183 0.773471 -0.633733
0.004882 0.663321 -0.748319
-0.011183 0.773471 -0.633733
0.002205 0.775759 -0.631026
-0.005571 0.659830 -0.751395
-0.023019 0.769685 -0.638008
-0.011183 0.773471 -0.633733
-0.023019 0.769685 -0.638008
-0.005571 0.659830 -0.751395
-0.013432 0.656005 -0.754637
0.004882 0.663321 -0.748319
0.004877 0.528148 -0.849138
-0.005571 0.659830 -0.751395
-0.005571 0.659830 -0.751395
0.004877 0.528148 -0.849138
-0.000871 0.520799 -0.853679
-0.013432 0.656005 -0.754637
-0.000871 0.520799 -0.853679
-0.005175 0.514060 -0.857739
-0.000871 0.520799 -0.853679
-0.013432 0.656005 -0.754637
-0.005571 0.659830 -0.751395
0.004877 0.528148 -0.849138
0.001139 0.385578 -0.922675
-0.000871 0.520799 -0.853679
-0.000871 0.520799 -0.853679
0.001139 0.385578 -0.922675
-0.004002 0.371904 -0.928262
-0.005175 0.514060 -0.857739
-0.004002 0.371904 -0.928262
-0.008451 0.360945 -0.932549
-0.004002 0.371904 -0.928262
-0.005175 0.514060 -0.857739
-0.000871 0.520799 -0.853679
0.001139 0.385578 -0.922675
-0.001851 0.229093 -0.973403
-0.004002 0.371904 -0.928262
-0.004002 0.371904 -0.928262
-0.001851 0.229093 -0.973403
-0.011422 0.218661 -0.975734
-0.008451 0.360945 -0.932549
-0.011422 0.218661 -0.975734
-0.019159 0.208731 -0.977785
-0.011422 0.218661 -0.975734
-0.008451 0.360945 -0.932549
-0.004002 0.371904 -0.928262
-0.001851 0.229093 -0.973403
-0.001694 0.062088 -0.998069
-0.011422 0.218661 -0.975734
-0.011422 0.218661 -0.975734
-0.001694 0.062088 -0.998069
-0.014105 0.054573 -0.998410
-0.019159 0.208731 -0.977785
-0.014105 0.054573 -0.998410
-0.024043 0.046964 -0.998607
-0.014105 0.054573 -0.998410
-0.019159 0.208731 -0.977785
-0.011422 0.218661 -0.975734
-0.001694 0.062088 -0.998069
-0.001434 -0.101197 -0.994865
-0.014105 0.054573 -0.998410
-0.014105 0.054573 -0.998410
-0.001434 -0.101197 -0.994865
-0.011986 -0.107557 -0.994127
-0.024043 0.046964 -0.998607
-0.011986 -0.107557 -0.994127
-0.021772 -0.113565 -0.993292
-0.011986 -0.107557 -0.994127
-0.024043 0.046964 -0.998607
-0.014105 0.054573 -0.998410
-0.001434 -0.101197 -0.994865
-0.000770 -0.262342 -0.964975
-0.011986 -0.107557 -0.994127
-0.011986 -0.107557 -0.994127
-0.000770 -0.262342 -0.964975
-0.007357 -0.267398 -0.963558
-0.021772 -0.113565 -0.993292
-0.007357 -0.267398 -0.963558
-0.013758 -0.272875 -0.961951
-0.007357 -0.267398 -0.963558
-0.021772 -0.113565 -0.993292
-0.011986 -0.107557 -0.994127
-0.000770 -0.262342 -0.964975
-0.001193 -0.418129 -0.908387
-0.007357 -0.267398 -0.963558
-0.007357 -0.267398 -0.963558
-0.001193 -0.418129 -0.908387
-0.004281 -0.426701 -0.904382
-0.013758 -0.272875 -0.961951
-0.004281 -0.426701 -0.904382
-0.002739 -0.434443 -0.900695
-0.004281 -0.426701 -0.904382
-0.013758 -0.272875 -0.961951
-0.007357 -0.267398 -0.963558
0.000699 0.872694 -0.488268
-0.001069 0.868794 -0.495173
-0.001228 0.939730 -0.341916
0.000699 0.872694 -0.488268
-0.001228 0.939730 -0.341916
0.001392 0.942366 -0.334581
-0.000458 0.779018 -0.627001
0.002205 0.775759 -0.631026
-0.001069 0.868794 -0.495173
-0.000458 0.779018 -0.627001
-0.001069 0.868794 -0.495173
0.000699 0.872694 -0.488268
0.000629 0.667454 -0.744651
0.004882 0.663321 -0.748319
0.002205 0.775759 -0.631026
0.000629 0.667454 -0.744651
0.002205 0.775759 -0.631026
-0.000458 0.779018 -0.627001
0.000629 0.667454 -0.744651
0.001058 0.536283 -0.844037
0.004882 0.663321 -0.748319
0.004882 0.663321 -0.748319
0.001058 0.536283 -0.844037
0.004877 0.528148 -0.849138
0.001058 0.536283 -0.844037
0.000512 0.394867 -0.918738
0.004877 0.528148 -0.849138
0.004877 0.528148 -0.849138
0.000512 0.394867 -0.918738
0.001139 0.385578 -0.922675
0.000512 0.394867 -0.918738
0.000806 0.236878 -0.971539
0.001139 0.385578 -0.922675
0.001139 0.385578 -0.922675
0.000806 0.236878 -0.971539
-0.001851 0.229093 -0.973403
0.000806 0.236878 -0.971539
0.000356 0.070136 -0.997537
-0.001851 0.229093 -0.973403
-0.001851 0.229093 -0.973403
0.000356 0.070136 -0.997537
-0.001694 0.062088 -0.998069
0.000356 0.070136 -0.997537
-0.000419 -0.093401 -0.995628
-0.001694 0.062088 -0.998069
-0.001694 0.062088 -0.998069
-0.000419 -0.093401 -0.995628
-0.001434 -0.101197 -0.994865
-0.000419 -0.093401 -0.995628
-0.000258 -0.256098 -0.966651
-0.001434 -0.101197 -0.994865
-0.001434 -0.101197 -0.994865
-0.000258 -0.256098 -0.966651
-0.000770 -0.262342 -0.964975
-0.001968 0.784675 -0.619904
-0.000458 0.779018 -0.627001
0.000699 0.872694 -0.488268
-0.001968 0.784675 -0.619904
0.000699 0.872694 -0.488268
-0.000200 0.877403 -0.479755
-0.003649 0.672150 -0.740406
0.000629 0.667454 -0.744651
-0.000458 0.779018 -0.627001
-0.003649 0.672150 -0.740406
-0.000458 0.779018 -0.627001
-0.001968 0.784675 -0.619904
-0.003649 0.672150 -0.740406
-0.003778 0.543043 -0.839697
0.000629 0.667454 -0.744651
0.000629 0.667454 -0.744651
-0.003778 0.543043 -0.839697
0.001058 0.536283 -0.844037
-0.003778 0.543043 -0.839697
-0.002546 0.400026 -0.916500
0.001058 0.536283 -0.844037
0.001058 0.536283 -0.844037
-0.002546 0.400026 -0.916500
0.000512 0.394867 -0.918738
-0.002546 0.400026 -0.916500
-0.001043 0.243756 -0.969836
0.000512 0.394867 -0.918738
0.000512 0.394867 -0.918738
-0.001043 0.243756 -0.969836
0.000806 0.236878 -0.971539
-0.001043 0.243756 -0.969836
-0.000815 0.078606 -0.996905
0.000806 0.236878 -0.971539
0.000806 0.236878 -0.971539
-0.000815 0.078606 -0.996905
0.000356 0.070136 -0.997537
-0.000815 0.078606 -0.996905
0.000398 -0.087769 -0.996141
0.000356 0.070136 -0.997537
0.000356 0.070136 -0.997537
0.000398 -0.087769 -0.996141
-0.000419 -0.093401 -0.995628
0.001155 0.677873 -0.735178
-0.003649 0.672150 -0.740406
-0.001968 0.784675 -0.619904
0.001155 0.677873 -0.735178
-0.001968 0.784675 -0.619904
0.001338 0.790762 -0.612122
0.001155 0.677873 -0.735178
0.001261 0.549328 -0.835606
-0.003649 0.672150 -0.740406
-0.003649 0.672150 -0.740406
0.001261 0.549328 -0.835606
-0.003778 0.543043 -0.839697
0.001261 0.549328 -0.835606
0.000848 0.406171 -0.913797
-0.003778 0.543043 -0.839697
-0.003778 0.543043 -0.839697
0.000848 0.406171 -0.913797
-0.002546 0.400026 -0.916500
0.000848 0.406171 -0.913797
0.000527 0.250858 -0.968024
-0.002546 0.400026 -0.916500
-0.002546 0.400026 -0.916500
0.000527 0.250858 -0.968024
-0.001043 0.243756 -0.969836
0.000527 0.250858 -0.968024
-0.000065 0.087017 -0.996207
-0.001043 0.243756 -0.969836
-0.001043 0.243756 -0.969836
-0.000065 0.087017 -0.996207
-0.000815 0.078606 -0.996905
0.012122 0.685068 -0.728378
0.006125 0.558668 -0.829369
0.001155 0.677873 -0.735178
0.001155 0.677873 -0.735178
0.006125 0.558668 -0.829369
0.001261 0.549328 -0.835606
0.006125 0.558668 -0.829369
0.002416 0.414323 -0.910127
0.001261 0.549328 -0.835606
0.001261 0.549328 -0.835606
0.002416 0.414323 -0.910127
0.000848 0.406171 -0.913797
0.002416 0.414323 -0.910127
0.005869 0.256057 -0.966644
0.000848 0.406171 -0.913797
0.000848 0.406171 -0.913797
0.005869 0.256057 -0.966644
0.000527 0.250858 -0.968024
0.021212 0.692150 -0.721442
0.007076 0.568262 -0.822817
0.012122 0.685068 -0.728378
0.012122 0.685068 -0.728378
0.007076 0.568262 -0.822817
0.006125 0.558668 -0.829369
0.007076 0.568262 -0.822817
-0.000798 0.423079 -0.906092
0.006125 0.558668 -0.829369
0.006125 0.558668 -0.829369
-0.000798 0.423079 -0.906092
0.002416 0.414323 -0.910127
-0.001193 -0.418129 -0.908387
-0.001898 -0.562735 -0.826635
-0.004281 -0.426701 -0.904382
-0.004281 -0.426701 -0.904382
-0.001898 -0.562735 -0.826635
-0.007070 -0.571000 -0.820920
-0.002739 -0.434443 -0.900695
-0.007070 -0.571000 -0.820920
-0.004667 -0.579832 -0.814723
-0.007070 -0.571000 -0.820920
-0.002739 -0.434443 -0.900695
-0.004281 -0.426701 -0.904382
-0.004667 -0.579832 -0.814723
-0.012595 -0.697776 -0.716205
-0.018831 -0.704848 -0.709108
-0.012595 -0.697776 -0.716205
-0.004667 -0.579832 -0.814723
-0.007070 -0.571000 -0.820920
-0.001898 -0.562735 -0.826635
-0.000307 -0.691322 -0.722547
-0.007070 -0.571000 -0.820920
-0.007070 -0.571000 -0.820920
-0.000307 -0.691322 -0.722547
-0.012595 -0.697776 -0.716205
-0.000258 -0.256098 -0.966651
0.001854 -0.412449 -0.910979
-0.000770 -0.262342 -0.964975
-0.000770 -0.262342 -0.964975
0.001854 -0.412449 -0.910979
-0.001193 -0.418129 -0.908387
0.001854 -0.412449 -0.910979
0.003801 -0.556708 -0.830699
-0.001193 -0.418129 -0.908387
-0.001193 -0.418129 -0.908387
0.003801 -0.556708 -0.830699
-0.001898 -0.562735 -0.826635
0.003801 -0.556708 -0.830699
0.002690 -0.685506 -0.728062
-0.001898 -0.562735 -0.826635
-0.001898 -0.562735 -0.826635
0.002690 -0.685506 -0.728062
-0.000307 -0.691322 -0.722547
-0.012595 -0.697776 -0.716205
-0.000197 -0.801354 -0.598190
-0.015847 -0.807501 -0.589653
-0.000197 -0.801354 -0.598190
-0.012595 -0.697776 -0.716205
-0.000307 -0.691322 -0.722547
0.002690 -0.685506 -0.728062
0.002113 -0.796630 -0.604463
-0.000307 -0.691322 -0.722547
-0.000307 -0.691322 -0.722547
0.002113 -0.796630 -0.604463
-0.000197 -0.801354 -0.598190
0.000398 -0.087769 -0.996141
0.002285 -0.249917 -0.968265
-0.000419 -0.093401 -0.995628
-0.000419 -0.093401 -0.995628
0.002285 -0.249917 -0.968265
-0.000258 -0.256098 -0.966651
0.002285 -0.249917 -0.968265
0.001762 -0.406517 -0.913642
-0.000258 -0.256098 -0.966651
-0.000258 -0.256098 -0.966651
0.001762 -0.406517 -0.913642
0.001854 -0.412449 -0.910979
0.001762 -0.406517 -0.913642
-0.000541 -0.549465 -0.835517
0.001854 -0.412449 -0.910979
0.001854 -0.412449 -0.910979
-0.000541 -0.549465 -0.835517
0.003801 -0.556708 -0.830699
-0.000541 -0.549465 -0.835517
-0.002363 -0.678260 -0.734818
0.003801 -0.556708 -0.830699
0.003801 -0.556708 -0.830699
-0.002363 -0.678260 -0.734818
0.002690 -0.685506 -0.728062
0.002690 -0.685506 -0.728062
-0.002363 -0.678260 -0.734818
-0.002236 -0.793116 -0.609066
0.002690 -0.685506 -0.728062
-0.002236 -0.793116 -0.609066
0.002113 -0.796630 -0.604463
-0.000197 -0.801354 -0.598190
0.002969 -0.884322 -0.466869
-0.003418 -0.888654 -0.458566
0.002969 -0.884322 -0.466869
-0.000197 -0.801354 -0.598190
0.002113 -0.796630 -0.604463
-0.002236 -0.793116 -0.609066
-0.000716 -0.881586 -0.472023
0.002113 -0.796630 -0.604463
0.002113 -0.796630 -0.604463
-0.000716 -0.881586 -0.472023
0.002969 -0.884322 -0.466869
-0.000065 0.087017 -0.996207
-0.001062 -0.081716 -0.996655
-0.000815 0.078606 -0.996905
-0.000815 0.078606 -0.996905
-0.001062 -0.081716 -0.996655
0.000398 -0.087769 -0.996141
-0.001062 -0.081716 -0.996655
-0.000814 -0.244251 -0.969712
0.000398 -0.087769 -0.996141
0.000398 -0.087769 -0.996141
-0.000814 -0.244251 -0.969712
0.002285 -0.249917 -0.968265
-0.000814 -0.244251 -0.969712
-0.000180 -0.398211 -0.917294
0.002285 -0.249917 -0.968265
0.002285 -0.249917 -0.968265
-0.000180 -0.398211 -0.917294
0.001762 -0.406517 -0.913642
-0.000180 -0.398211 -0.917294
-0.000469 -0.541665 -0.840594
0.001762 -0.406517 -0.913642
0.001762 -0.406517 -0.913642
-0.000469 -0.541665 -0.840594
-0.000541 -0.549465 -0.835517
-0.000469 -0.541665 -0.840594
0.000168 -0.672807 -0.739818
-0.000541 -0.549465 -0.835517
-0.000541 -0.549465 -0.835517
0.000168 -0.672807 -0.739818
-0.002363 -0.678260 -0.734818
0.000168 -0.672807 -0.739818
-0.000380 -0.787954 -0.615734
-0.002363 -0.678260 -0.734818
-0.002363 -0.678260 -0.734818
-0.000380 -0.787954 -0.615734
-0.002236 -0.793116 -0.609066
-0.000380 -0.787954 -0.615734
-0.002435 -0.878424 -0.477876
-0.002236 -0.793116 -0.609066
-0.002236 -0.793116 -0.609066
-0.002435 -0.878424 -0.477876
-0.000716 -0.881586 -0.472023
0.002969 -0.884322 -0.466869
0.000643 -0.946640 -0.322293
0.002380 -0.949216 -0.314615
0.000643 -0.946640 -0.322293
0.002969 -0.884322 -0.466869
-0.000716 -0.881586 -0.472023
-0.002435 -0.878424 -0.477876
-0.002193 -0.944644 -0.328090
-0.000716 -0.881586 -0.472023
-0.000716 -0.881586 -0.472023
-0.002193 -0.944644 -0.328090
0.000643 -0.946640 -0.322293
0.005869 0.256057 -0.966644
0.011860 0.093669 -0.995533
0.000527 0.250858 -0.968024
0.000527 0.250858 -0.968024
0.011860 0.093669 -0.995533
-0.000065 0.087017 -0.996207
0.011860 0.093669 -0.995533
0.013745 -0.072542 -0.997271
-0.000065 0.087017 -0.996207
-0.000065 0.087017 -0.996207
0.013745 -0.072542 -0.997271
-0.001062 -0.081716 -0.996655
0.013745 -0.072542 -0.997271
0.010947 -0.235555 -0.971799
-0.001062 -0.081716 -0.996655
-0.001062 -0.081716 -0.996655
0.010947 -0.235555 -0.971799
-0.000814 -0.244251 -0.969712
0.010947 -0.235555 -0.971799
0.006366 -0.388963 -0.921231
-0.000814 -0.244251 -0.969712
-0.000814 -0.244251 -0.969712
0.006366 -0.388963 -0.921231
-0.000180 -0.398211 -0.917294
0.006366 -0.388963 -0.921231
0.003371 -0.534138 -0.845390
-0.000180 -0.398211 -0.917294
-0.000180 -0.398211 -0.917294
0.003371 -0.534138 -0.845390
-0.000469 -0.541665 -0.840594
0.003371 -0.534138 -0.845390
0.005288 -0.668928 -0.743308
-0.000469 -0.541665 -0.840594
-0.000469 -0.541665 -0.840594
0.005288 -0.668928 -0.743308
0.000168 -0.672807 -0.739818
0.005288 -0.668928 -0.743308
0.010538 -0.783096 -0.621812
0.000168 -0.672807 -0.739818
0.000168 -0.672807 -0.739818
0.010538 -0.783096 -0.621812
-0.000380 -0.787954 -0.615734
0.010538 -0.783096 -0.621812
0.013892 -0.874236 -0.485302
-0.000380 -0.787954 -0.615734
-0.000380 -0.787954 -0.615734
0.013892 -0.874236 -0.485302
-0.002435 -0.878424 -0.477876
0.013892 -0.874236 -0.485302
0.013815 -0.941956 -0.335451
-0.002435 -0.878424 -0.477876
-0.002435 -0.878424 -0.477876
0.013815 -0.941956 -0.335451
-0.002193 -0.944644 -0.328090
0.013815 -0.941956 -0.335451
0.008871 -0.984383 -0.175815
-0.002193 -0.944644 -0.328090
-0.002193 -0.944644 -0.328090
0.008871 -0.984383 -0.175815
-0.002325 -0.986556 -0.163409
0.000643 -0.946640 -0.322293
-0.002325 -0.986556 -0.163409
0.002680 -0.987640 -0.156718
-0.002325 -0.986556 -0.163409
0.000643 -0.946640 -0.322293
-0.002193 -0.944644 -0.328090
-0.000798 0.423079 -0.906092
0.006677 0.261366 -0.965217
0.002416 0.414323 -0.910127
0.002416 0.414323 -0.910127
0.006677 0.261366 -0.965217
0.005869 0.256057 -0.966644
0.006677 0.261366 -0.965217
0.021383 0.100003 -0.994757
0.005869 0.256057 -0.966644
0.005869 0.256057 -0.966644
0.021383 0.100003 -0.994757
0.011860 0.093669 -0.995533
0.021383 0.100003 -0.994757
0.030352 -0.063724 -0.997506
0.011860 0.093669 -0.995533
0.011860 0.093669 -0.995533
0.030352 -0.063724 -0.997506
0.013745 -0.072542 -0.997271
0.030352 -0.063724 -0.997506
0.027818 -0.225793 -0.973778
0.013745 -0.072542 -0.997271
0.013745 -0.072542 -0.997271
0.027818 -0.225793 -0.973778
0.010947 -0.235555 -0.971799
0.027818 -0.225793 -0.973778
0.016473 -0.379637 -0.924989
0.010947 -0.235555 -0.971799
0.010947 -0.235555 -0.971799
0.016473 -0.379637 -0.924989
0.006366 -0.388963 -0.921231
0.016473 -0.379637 -0.924989
0.005698 -0.526180 -0.850354
0.006366 -0.388963 -0.921231
0.006366 -0.388963 -0.921231
0.005698 -0.526180 -0.850354
0.003371 -0.534138 -0.845390
0.005698 -0.526180 -0.850354
0.006305 -0.664092 -0.747625
0.003371 -0.534138 -0.845390
0.003371 -0.534138 -0.845390
0.006305 -0.664092 -0.747625
0.005288 -0.668928 -0.743308
0.006305 -0.664092 -0.747625
0.018584 -0.779232 -0.626460
0.005288 -0.668928 -0.743308
0.005288 -0.668928 -0.743308
0.018584 -0.779232 -0.626460
0.010538 -0.783096 -0.621812
0.018584 -0.779232 -0.626460
0.031042 -0.869995 -0.492083
0.010538 -0.783096 -0.621812
0.010538 -0.783096 -0.621812
0.031042 -0.869995 -0.492083
0.013892 -0.874236 -0.485302
0.031042 -0.869995 -0.492083
0.033610 -0.938622 -0.343305
0.013892 -0.874236 -0.485302
0.013892 -0.874236 -0.485302
0.033610 -0.938622 -0.343305
0.013815 -0.941956 -0.335451
0.033610 -0.938622 -0.343305
0.026910 -0.981842 -0.187784
0.013815 -0.941956 -0.335451
0.013815 -0.941956 -0.335451
0.026910 -0.981842 -0.187784
0.008871 -0.984383 -0.175815
0.026910 -0.981842 -0.187784
0.012909 -0.999625 -0.024141
0.008871 -0.984383 -0.175815
0.008871 -0.984383 -0.175815
0.012909 -0.999625 -0.024141
-0.000957 -0.999940 -0.010883
-0.002325 -0.986556 -0.163409
-0.000957 -0.999940 -0.010883
-0.003344 -0.999994 0.001366
-0.000957 -0.999940 -0.010883
-0.002325 -0.986556 -0.163409
0.008871 -0.984383 -0.175815
-0.018831 -0.704848 -0.709108
-0.015847 -0.807501 -0.589653
-0.024811 -0.812588 -0.582310
-0.015847 -0.807501 -0.589653
-0.018831 -0.704848 -0.709108
-0.012595 -0.697776 -0.716205
-0.000197 -0.801354 -0.598190
-0.003418 -0.888654 -0.458566
-0.015847 -0.807501 -0.589653
-0.015847 -0.807501 -0.589653
-0.003418 -0.888654 -0.458566
-0.015850 -0.893082 -0.449614
-0.024811 -0.812588 -0.582310
-0.015850 -0.893082 -0.449614
-0.017817 -0.896327 -0.443035
-0.015850 -0.893082 -0.449614
-0.024811 -0.812588 -0.582310
-0.015847 -0.807501 -0.589653
-0.003418 -0.888654 -0.458566
-0.006022 -0.952103 -0.305719
-0.015850 -0.893082 -0.449614
-0.015850 -0.893082 -0.449614
-0.006022 -0.952103 -0.305719
-0.011533 -0.953906 -0.299884
-0.017817 -0.896327 -0.443035
-0.011533 -0.953906 -0.299884
-0.005691 -0.955374 -0.295345
-0.011533 -0.953906 -0.299884
-0.017817 -0.896327 -0.443035
-0.015850 -0.893082 -0.449614
-0.006022 -0.952103 -0.305719
-0.005389 -0.989529 -0.144235
-0.011533 -0.953906 -0.299884
-0.011533 -0.953906 -0.299884
-0.005389 -0.989529 -0.144235
-0.004795 -0.990106 -0.140240
-0.005691 -0.955374 -0.295345
-0.004795 -0.990106 -0.140240
0.002964 -0.990771 -0.135513
-0.004795 -0.990106 -0.140240
-0.005691 -0.955374 -0.295345
-0.011533 -0.953906 -0.299884
-0.005389 -0.989529 -0.144235
-0.001767 -0.999823 0.018722
-0.004795 -0.990106 -0.140240
-0.004795 -0.990106 -0.140240
-0.001767 -0.999823 0.018722
-0.002687 -0.999688 0.024833
0.002964 -0.990771 -0.135513
-0.002687 -0.999688 0.024833
-0.003243 -0.999416 0.034010
-0.002687 -0.999688 0.024833
0.002964 -0.990771 -0.135513
-0.004795 -0.990106 -0.140240
-0.001767 -0.999823 0.018722
0.000826 -0.983289 0.182049
-0.002687 -0.999688 0.024833
-0.002687 -0.999688 0.024833
0.000826 -0.983289 0.182049
-0.007705 -0.981101 0.193342
-0.003243 -0.999416 0.034010
-0.007705 -0.981101 0.193342
-0.017138 -0.978645 0.204841
-0.007705 -0.981101 0.193342
-0.003243 -0.999416 0.034010
-0.002687 -0.999688 0.024833
0.002969 -0.884322 -0.466869
0.002380 -0.949216 -0.314615
-0.003418 -0.888654 -0.458566
-0.003418 -0.888654 -0.458566
0.002380 -0.949216 -0.314615
-0.006022 -0.952103 -0.305719
0.002380 -0.949216 -0.314615
0.001454 -0.988537 -0.150973
-0.006022 -0.952103 -0.305719
-0.006022 -0.952103 -0.305719
0.001454 -0.988537 -0.150973
-0.005389 -0.989529 -0.144235
0.001454 -0.988537 -0.150973
0.001162 -0.999908 0.013531
-0.005389 -0.989529 -0.144235
-0.005389 -0.989529 -0.144235
0.001162 -0.999908 0.013531
-0.001767 -0.999823 0.018722
0.001162 -0.999908 0.013531
0.000615 -0.984672 0.174416
-0.001767 -0.999823 0.018722
-0.001767 -0.999823 0.018722
0.000615 -0.984672 0.174416
0.000826 -0.983289 0.182049
0.000643 -0.946640 -0.322293
0.002680 -0.987640 -0.156718
0.002380 -0.949216 -0.314615
0.002380 -0.949216 -0.314615
0.002680 -0.987640 -0.156718
0.001454 -0.988537 -0.150973
0.002680 -0.987640 -0.156718
0.005045 -0.999961 0.007241
0.001454 -0.988537 -0.150973
0.001454 -0.988537 -0.150973
0.005045 -0.999961 0.007241
0.001162 -0.999908 0.013531
0.005045 -0.999961 0.007241
0.006296 -0.985907 0.167178
0.001162 -0.999908 0.013531
0.001162 -0.999908 0.013531
0.006296 -0.985907 0.167178
0.000615 -0.984672 0.174416
-0.002325 -0.986556 -0.163409
-0.003344 -0.999994 0.001366
0.002680 -0.987640 -0.156718
0.002680 -0.987640 -0.156718
-0.003344 -0.999994 0.001366
0.005045 -0.999961 0.007241
-0.003344 -0.999994 0.001366
-0.002624 -0.986841 0.161674
0.005045 -0.999961 0.007241
0.005045 -0.999961 0.007241
-0.002624 -0.986841 0.161674
0.006296 -0.985907 0.167178
-0.000957 -0.999940 -0.010883
-0.006376 -0.987946 0.154669
-0.003344 -0.999994 0.001366
-0.003344 -0.999994 0.001366
-0.006376 -0.987946 0.154669
-0.002624 -0.986841 0.161674
0.012909 -0.999625 -0.024141
0.003856 -0.989302 0.145832
-0.000957 -0.999940 -0.010883
-0.000957 -0.999940 -0.010883
0.003856 -0.989302 0.145832
-0.006376 -0.987946 0.154669
0.000826 -0.983289 0.182049
-0.000390 -0.939119 0.343592
-0.007705 -0.981101 0.193342
-0.007705 -0.981101 0.193342
-0.000390 -0.939119 0.343592
-0.012800 -0.935281 0.353673
-0.017138 -0.978645 0.204841
-0.012800 -0.935281 0.353673
-0.023534 -0.931917 0.361908
-0.012800 -0.935281 0.353673
-0.017138 -0.978645 0.204841
-0.007705 -0.981101 0.193342
-0.023534 -0.931917 0.361908
-0.013269 -0.865591 0.500576
-0.023449 -0.861845 0.506630
-0.013269 -0.865591 0.500576
-0.023534 -0.931917 0.361908
-0.012800 -0.935281 0.353673
-0.000390 -0.939119 0.343592
-0.000899 -0.868939 0.494918
-0.012800 -0.935281 0.353673
-0.012800 -0.935281 0.353673
-0.000899 -0.868939 0.494918
-0.013269 -0.865591 0.500576
0.000615 -0.984672 0.174416
-0.000395 -0.942471 0.334288
0.000826 -0.983289 0.182049
0.000826 -0.983289 0.182049
-0.000395 -0.942471 0.334288
-0.000390 -0.939119 0.343592
-0.000395 -0.942471 0.334288
-0.001405 -0.872543 0.488536
-0.000390 -0.939119 0.343592
-0.000390 -0.939119 0.343592
-0.001405 -0.872543 0.488536
-0.000899 -0.868939 0.494918
-0.001405 -0.872543 0.488536
-0.001928 -0.781310 0.624140
-0.000899 -0.868939 0.494918
-0.000899 -0.868939 0.494918
-0.001928 -0.781310 0.624140
-0.000071 -0.776553 0.630052
-0.013269 -0.865591 0.500576
-0.000071 -0.776553 0.630052
-0.010187 -0.772628 0.634778
-0.000071 -0.776553 0.630052
-0.013269 -0.865591 0.500576
-0.000899 -0.868939 0.494918
-0.010187 -0.772628 0.634778
0.001217 -0.662974 0.748641
-0.004316 -0.660263 0.751023
0.001217 -0.662974 0.748641
-0.010187 -0.772628 0.634778
-0.000071 -0.776553 0.630052
-0.000071 -0.776553 0.630052
-0.001928 -0.781310 0.624140
-0.002005 -0.667750 0.744383
-0.000071 -0.776553 0.630052
-0.002005 -0.667750 0.744383
0.001217 -0.662974 0.748641
0.006296 -0.985907 0.167178
0.006411 -0.945306 0.326122
0.000615 -0.984672 0.174416
0.000615 -0.984672 0.174416
0.006411 -0.945306 0.326122
-0.000395 -0.942471 0.334288
0.006411 -0.945306 0.326122
0.004047 -0.877616 0.479347
-0.000395 -0.942471 0.334288
-0.000395 -0.942471 0.334288
0.004047 -0.877616 0.479347
-0.001405 -0.872543 0.488536
0.004047 -0.877616 0.479347
0.000576 -0.786910 0.617068
-0.001405 -0.872543 0.488536
-0.001405 -0.872543 0.488536
0.000576 -0.786910 0.617068
-0.001928 -0.781310 0.624140
-0.001928 -0.781310 0.624140
0.000576 -0.786910 0.617068
-0.001092 -0.673645 0.739054
-0.001928 -0.781310 0.624140
-0.001092 -0.673645 0.739054
-0.002005 -0.667750 0.744383
-0.001092 -0.673645 0.739054
-0.000328 -0.541465 0.840723
-0.002005 -0.667750 0.744383
-0.002005 -0.667750 0.744383
-0.000328 -0.541465 0.840723
-0.001078 -0.537361 0.843352
0.001217 -0.662974 0.748641
-0.001078 -0.537361 0.843352
0.001804 -0.531601 0.846993
-0.001078 -0.537361 0.843352
0.001217 -0.662974 0.748641
-0.002005 -0.667750 0.744383
0.001804 -0.531601 0.846993
-0.000393 -0.392762 0.919640
-0.000368 -0.383750 0.923437
-0.000393 -0.392762 0.919640
0.001804 -0.531601 0.846993
-0.001078 -0.537361 0.843352
-0.000328 -0.541465 0.840723
0.002312 -0.397950 0.917404
-0.001078 -0.537361 0.843352
-0.001078 -0.537361 0.843352
0.002312 -0.397950 0.917404
-0.000393 -0.392762 0.919640
-0.002624 -0.986841 0.161674
-0.001338 -0.947592 0.319480
0.006296 -0.985907 0.167178
0.006296 -0.985907 0.167178
-0.001338 -0.947592 0.319480
0.006411 -0.945306 0.326122
-0.001338 -0.947592 0.319480
-0.000261 -0.882440 0.470424
0.006411 -0.945306 0.326122
0.006411 -0.945306 0.326122
-0.000261 -0.882440 0.470424
0.004047 -0.877616 0.479347
-0.000261 -0.882440 0.470424
0.001422 -0.791955 0.610577
0.004047 -0.877616 0.479347
0.004047 -0.877616 0.479347
0.001422 -0.791955 0.610577
0.000576 -0.786910 0.617068
0.001422 -0.791955 0.610577
0.003534 -0.679020 0.734111
0.000576 -0.786910 0.617068
0.000576 -0.786910 0.617068
0.003534 -0.679020 0.734111
-0.001092 -0.673645 0.739054
0.003534 -0.679020 0.734111
0.003763 -0.547118 0.837047
-0.001092 -0.673645 0.739054
-0.001092 -0.673645 0.739054
0.003763 -0.547118 0.837047
-0.000328 -0.541465 0.840723
0.003763 -0.547118 0.837047
0.002079 -0.403668 0.914903
-0.000328 -0.541465 0.840723
-0.000328 -0.541465 0.840723
0.002079 -0.403668 0.914903
0.002312 -0.397950 0.917404
0.002079 -0.403668 0.914903
-0.000543 -0.253940 0.967220
0.002312 -0.397950 0.917404
0.002312 -0.397950 0.917404
-0.000543 -0.253940 0.967220
0.002337 -0.243080 0.970003
-0.000393 -0.392762 0.919640
0.002337 -0.243080 0.970003
-0.001482 -0.232859 0.972509
0.002337 -0.243080 0.970003
-0.000393 -0.392762 0.919640
0.002312 -0.397950 0.917404
-0.001482 -0.232859 0.972509
-0.000038 -0.078296 0.996930
-0.000889 -0.071757 0.997422
-0.000038 -0.078296 0.996930
-0.001482 -0.232859 0.972509
0.002337 -0.243080 0.970003
-0.000543 -0.253940 0.967220
-0.002554 -0.087512 0.996160
0.002337 -0.243080 0.970003
0.002337 -0.243080 0.970003
-0.002554 -0.087512 0.996160
-0.000038 -0.078296 0.996930
-0.006376 -0.987946 0.154669
-0.001941 -0.948875 0.315645
-0.002624 -0.986841 0.161674
-0.002624 -0.986841 0.161674
-0.001941 -0.948875 0.315645
-0.001338 -0.947592 0.319480
-0.001941 -0.948875 0.315645
0.006286 -0.884591 0.466326
-0.001338 -0.947592 0.319480
-0.001338 -0.947592 0.319480
0.006286 -0.884591 0.466326
-0.000261 -0.882440 0.470424
0.006286 -0.884591 0.466326
0.011512 -0.795471 0.605882
-0.000261 -0.882440 0.470424
-0.000261 -0.882440 0.470424
0.011512 -0.795471 0.605882
0.001422 -0.791955 0.610577
0.011512 -0.795471 0.605882
0.011390 -0.685076 0.728383
0.001422 -0.791955 0.610577
0.001422 -0.791955 0.610577
0.011390 -0.685076 0.728383
0.003534 -0.679020 0.734111
0.011390 -0.685076 0.728383
0.005168 -0.557742 0.829998
0.003534 -0.679020 0.734111
0.003534 -0.679020 0.734111
0.005168 -0.557742 0.829998
0.003763 -0.547118 0.837047
0.005168 -0.557742 0.829998
-0.000718 -0.413012 0.910725
0.003763 -0.547118 0.837047
0.003763 -0.547118 0.837047
-0.000718 -0.413012 0.910725
0.002079 -0.403668 0.914903
-0.000718 -0.413012 0.910725
0.002921 -0.259701 0.965685
0.002079 -0.403668 0.914903
0.002079 -0.403668 0.914903
0.002921 -0.259701 0.965685
-0.000543 -0.253940 0.967220
0.002921 -0.259701 0.965685
0.011452 -0.093595 0.995544
-0.000543 -0.253940 0.967220
-0.000543 -0.253940 0.967220
0.011452 -0.093595 0.995544
-0.002554 -0.087512 0.996160
0.011452 -0.093595 0.995544
0.014655 0.075393 0.997046
-0.002554 -0.087512 0.996160
-0.002554 -0.087512 0.996160
0.014655 0.075393 0.997046
-0.001820 0.081955 0.996634
-0.000038 -0.078296 0.996930
-0.001820 0.081955 0.996634
0.000090 0.086855 0.996221
-0.001820 0.081955 0.996634
-0.000038 -0.078296 0.996930
-0.002554 -0.087512 0.996160
0.000090 0.086855 0.996221
0.000775 0.244519 0.969644
0.002086 0.248975 0.968508
0.000775 0.244519 0.969644
0.000090 0.086855 0.996221
-0.001820 0.081955 0.996634
0.014655 0.075393 0.997046
0.012052 0.236801 0.971483
-0.001820 0.081955 0.996634
-0.001820 0.081955 0.996634
0.012052 0.236801 0.971483
0.000775 0.244519 0.969644
0.003856 -0.989302 0.145832
0.012886 -0.950221 0.311309
-0.006376 -0.987946 0.154669
-0.006376 -0.987946 0.154669
0.012886 -0.950221 0.311309
-0.001941 -0.948875 0.315645
0.012886 -0.950221 0.311309
0.025351 -0.886623 0.461798
-0.001941 -0.948875 0.315645
-0.001941 -0.948875 0.315645
0.025351 -0.886623 0.461798
0.006286 -0.884591 0.466326
0.025351 -0.886623 0.461798
0.027497 -0.799478 0.600066
0.006286 -0.884591 0.466326
0.006286 -0.884591 0.466326
0.027497 -0.799478 0.600066
0.011512 -0.795471 0.605882
0.027497 -0.799478 0.600066
0.019630 -0.691770 0.721851
0.011512 -0.795471 0.605882
0.011512 -0.795471 0.605882
0.019630 -0.691770 0.721851
0.011390 -0.685076 0.728383
0.019630 -0.691770 0.721851
0.005843 -0.568130 0.822918
0.011390 -0.685076 0.728383
0.011390 -0.685076 0.728383
0.005843 -0.568130 0.822918
0.005168 -0.557742 0.829998
0.005843 -0.568130 0.822918
-0.001953 -0.422829 0.906207
0.005168 -0.557742 0.829998
0.005168 -0.557742 0.829998
-0.001953 -0.422829 0.906207
-0.000718 -0.413012 0.910725
-0.001953 -0.422829 0.906207
0.008632 -0.263865 0.964521
-0.000718 -0.413012 0.910725
-0.000718 -0.413012 0.910725
0.008632 -0.263865 0.964521
0.002921 -0.259701 0.965685
0.008632 -0.263865 0.964521
0.027327 -0.099746 0.994638
0.002921 -0.259701 0.965685
0.002921 -0.259701 0.965685
0.027327 -0.099746 0.994638
0.011452 -0.093595 0.995544
0.027327 -0.099746 0.994638
0.033343 0.066941 0.997200
0.011452 -0.093595 0.995544
0.011452 -0.093595 0.995544
0.033343 0.066941 0.997200
0.014655 0.075393 0.997046
0.033343 0.066941 0.997200
0.026634 0.226785 0.973581
0.014655 0.075393 0.997046
0.014655 0.075393 0.997046
0.026634 0.226785 0.973581
0.012052 0.236801 0.971483
0.026634 0.226785 0.973581
0.011807 0.382154 0.924023
0.012052 0.236801 0.971483
0.012052 0.236801 0.971483
0.011807 0.382154 0.924023
0.007031 0.391589 0.920113
0.000775 0.244519 0.969644
0.007031 0.391589 0.920113
0.003093 0.399789 0.916602
0.007031 0.391589 0.920113
0.000775 0.244519 0.969644
0.012052 0.236801 0.971483
0.003093 0.399789 0.916602
0.002745 0.536613 0.843824
0.003427 0.545379 0.838183
0.002745 0.536613 0.843824
0.003093 0.399789 0.916602
0.007031 0.391589 0.920113
0.011807 0.382154 0.924023
-0.004482 0.527884 0.849305
0.007031 0.391589 0.920113
0.007031 0.391589 0.920113
-0.004482 0.527884 0.849305
0.002745 0.536613 0.843824
-0.023449 -0.861845 0.506630
-0.010187 -0.772628 0.634778
-0.018189 -0.768818 0.639209
-0.010187 -0.772628 0.634778
-0.023449 -0.861845 0.506630
-0.013269 -0.865591 0.500576
-0.018189 -0.768818 0.639209
-0.004316 -0.660263 0.751023
-0.009647 -0.656872 0.753941
-0.004316 -0.660263 0.751023
-0.018189 -0.768818 0.639209
-0.010187 -0.772628 0.634778
0.001217 -0.662974 0.748641
0.001804 -0.531601 0.846993
-0.004316 -0.660263 0.751023
-0.004316 -0.660263 0.751023
0.001804 -0.531601 0.846993
-0.001071 -0.523797 0.851842
-0.009647 -0.656872 0.753941
-0.001071 -0.523797 0.851842
-0.004666 -0.515459 0.856902
-0.001071 -0.523797 0.851842
-0.009647 -0.656872 0.753941
-0.004316 -0.660263 0.751023
0.001804 -0.531601 0.846993
-0.000368 -0.383750 0.923437
-0.001071 -0.523797 0.851842
-0.001071 -0.523797 0.851842
-0.000368 -0.383750 0.923437
-0.004525 -0.372197 0.928143
-0.004666 -0.515459 0.856902
-0.004525 -0.372197 0.928143
-0.010693 -0.362275 0.932010
-0.004525 -0.372197 0.928143
-0.004666 -0.515459 0.856902
-0.001071 -0.523797 0.851842
-0.000368 -0.383750 0.923437
-0.000998 -0.225377 0.974271
-0.004525 -0.372197 0.928143
-0.004525 -0.372197 0.928143
-0.000998 -0.225377 0.974271
-0.009318 -0.217404 0.976037
-0.010693 -0.362275 0.932010
-0.009318 -0.217404 0.976037
-0.022187 -0.208586 0.977752
-0.009318 -0.217404 0.976037
-0.010693 -0.362275 0.932010
-0.004525 -0.372197 0.928143
-0.000998 -0.225377 0.974271
-0.000123 -0.066720 0.997772
-0.009318 -0.217404 0.976037
-0.009318 -0.217404 0.976037
-0.000123 -0.066720 0.997772
-0.013126 -0.057091 0.998283
-0.022187 -0.208586 0.977752
-0.013126 -0.057091 0.998283
-0.027302 -0.047183 0.998513
-0.013126 -0.057091 0.998283
-0.022187 -0.208586 0.977752
-0.009318 -0.217404 0.976037
-0.000123 -0.066720 0.997772
-0.002189 0.101170 0.994867
-0.013126 -0.057091 0.998283
-0.013126 -0.057091 0.998283
-0.002189 0.101170 0.994867
-0.013549 0.111047 0.993723
-0.027302 -0.047183 0.998513
-0.013549 0.111047 0.993723
-0.019768 0.118059 0.992810
-0.013549 0.111047 0.993723
-0.027302 -0.047183 0.998513
-0.013126 -0.057091 0.998283
-0.002189 0.101170 0.994867
-0.005246 0.267009 0.963680
-0.013549 0.111047 0.993723
-0.013549 0.111047 0.993723
-0.005246 0.267009 0.963680
-0.007040 0.271926 0.962292
-0.019768 0.118059 0.992810
-0.007040 0.271926 0.962292
-0.003607 0.275054 0.961422
-0.007040 0.271926 0.962292
-0.019768 0.118059 0.992810
-0.013549 0.111047 0.993723
-0.005246 0.267009 0.963680
-0.004558 0.418077 0.908400
-0.007040 0.271926 0.962292
-0.007040 0.271926 0.962292
-0.004558 0.418077 0.908400
-0.001116 0.422775 0.906234
-0.003607 0.275054 0.961422
-0.001116 0.422775 0.906234
0.002209 0.428938 0.903331
-0.001116 0.422775 0.906234
-0.003607 0.275054 0.961422
-0.007040 0.271926 0.962292
-0.004558 0.418077 0.908400
-0.002335 0.560724 0.828000
-0.001116 0.422775 0.906234
-0.001116 0.422775 0.906234
-0.002335 0.560724 0.828000
-0.003972 0.569638 0.821886
0.002209 0.428938 0.903331
-0.003972 0.569638 0.821886
-0.007140 0.579523 0.814925
-0.003972 0.569638 0.821886
0.002209 0.428938 0.903331
-0.001116 0.422775 0.906234
-0.002335 0.560724 0.828000
-0.002013 0.690789 0.723053
-0.003972 0.569638 0.821886
-0.003972 0.569638 0.821886
-0.002013 0.690789 0.723053
-0.011170 0.698736 0.715292
-0.007140 0.579523 0.814925
-0.011170 0.698736 0.715292
-0.018203 0.706443 0.707536
-0.011170 0.698736 0.715292
-0.007140 0.579523 0.814925
-0.003972 0.569638 0.821886
-0.000962 0.801042 0.598607
-0.015314 0.805312 0.592653
-0.011170 0.698736 0.715292
-0.000962 0.801042 0.598607
-0.011170 0.698736 0.715292
-0.002013 0.690789 0.723053
-0.015314 0.805312 0.592653
-0.018203 0.706443 0.707536
-0.011170 0.698736 0.715292
-0.018203 0.706443 0.707536
-0.015314 0.805312 0.592653
-0.025394 0.810265 0.585514
-0.014976 0.891671 0.452436
-0.025394 0.810265 0.585514
-0.015314 0.805312 0.592653
-0.025394 0.810265 0.585514
-0.014976 0.891671 0.452436
-0.025517 0.894650 0.446038
-0.000393 -0.392762 0.919640
-0.001482 -0.232859 0.972509
-0.000368 -0.383750 0.923437
-0.000368 -0.383750 0.923437
-0.001482 -0.232859 0.972509
-0.000998 -0.225377 0.974271
-0.001482 -0.232859 0.972509
-0.000889 -0.071757 0.997422
-0.000998 -0.225377 0.974271
-0.000998 -0.225377 0.974271
-0.000889 -0.071757 0.997422
-0.000123 -0.066720 0.997772
-0.000889 -0.071757 0.997422
0.001082 0.092064 0.995752
-0.000123 -0.066720 0.997772
-0.000123 -0.066720 0.997772
0.001082 0.092064 0.995752
-0.002189 0.101170 0.994867
0.001082 0.092064 0.995752
-0.000041 0.256677 0.966497
-0.002189 0.101170 0.994867
-0.002189 0.101170 0.994867
-0.000041 0.256677 0.966497
-0.005246 0.267009 0.963680
-0.000041 0.256677 0.966497
-0.000984 0.413553 0.910480
-0.005246 0.267009 0.963680
-0.005246 0.267009 0.963680
-0.000984 0.413553 0.910480
-0.004558 0.418077 0.908400
-0.000984 0.413553 0.910480
0.001432 0.556943 0.830549
-0.004558 0.418077 0.908400
-0.004558 0.418077 0.908400
0.001432 0.556943 0.830549
-0.002335 0.560724 0.828000
0.001432 0.556943 0.830549
0.002844 0.685006 0.728532
-0.002335 0.560724 0.828000
-0.002335 0.560724 0.828000
0.002844 0.685006 0.728532
-0.002013 0.690789 0.723053
0.001336 0.796504 0.604632
-0.000962 0.801042 0.598607
-0.002013 0.690789 0.723053
0.001336 0.796504 0.604632
-0.002013 0.690789 0.723053
0.002844 0.685006 0.728532
-0.000038 -0.078296 0.996930
0.000090 0.086855 0.996221
-0.000889 -0.071757 0.997422
-0.000889 -0.071757 0.997422
0.000090 0.086855 0.996221
0.001082 0.092064 0.995752
0.000090 0.086855 0.996221
0.002086 0.248975 0.968508
0.001082 0.092064 0.995752
0.001082 0.092064 0.995752
0.002086 0.248975 0.968508
-0.000041 0.256677 0.966497
0.002086 0.248975 0.968508
0.002316 0.406975 0.913436
-0.000041 0.256677 0.966497
-0.000041 0.256677 0.966497
0.002316 0.406975 0.913436
-0.000984 0.413553 0.910480
0.002316 0.406975 0.913436
0.001112 0.552535 0.833489
-0.000984 0.413553 0.910480
-0.000984 0.413553 0.910480
0.001112 0.552535 0.833489
0.001432 0.556943 0.830549
0.001432 0.556943 0.830549
0.001112 0.552535 0.833489
0.002015 0.680391 0.732846
0.001432 0.556943 0.830549
0.002015 0.680391 0.732846
0.002844 0.685006 0.728532
0.003485 0.791027 0.611772
0.001336 0.796504 0.604632
0.002844 0.685006 0.728532
0.003485 0.791027 0.611772
0.002844 0.685006 0.728532
0.002015 0.680391 0.732846
0.000775 0.244519 0.969644
0.003093 0.399789 0.916602
0.002086 0.248975 0.968508
0.002086 0.248975 0.968508
0.003093 0.399789 0.916602
0.002316 0.406975 0.913436
0.003093 0.399789 0.916602
0.003427 0.545379 0.838183
0.002316 0.406975 0.913436
0.002316 0.406975 0.913436
0.003427 0.545379 0.838183
0.001112 0.552535 0.833489
0.003427 0.545379 0.838183
0.002758 0.676401 0.736528
0.001112 0.552535 0.833489
0.001112 0.552535 0.833489
0.002758 0.676401 0.736528
0.002015 0.680391 0.732846
0.002745 0.536613 0.843824
0.001309 0.670308 0.742082
0.003427 0.545379 0.838183
0.003427 0.545379 0.838183
0.001309 0.670308 0.742082
0.002758 0.676401 0.736528
-0.004482 0.527884 0.849305
-0.005497 0.663337 0.748300
0.002745 0.536613 0.843824
0.002745 0.536613 0.843824
-0.005497 0.663337 0.748300
0.001309 0.670308 0.742082
0.135272 -0.910874 0.389884
0.077978 -0.914025 0.398094
0.076003 -0.966828 0.243859
0.135272 -0.910874 0.389884
0.076003 -0.966828 0.243859
0.138379 -0.962320 0.234076
0.138379 -0.962320 0.234076
0.074882 -0.993867 0.081371
0.140814 -0.987248 0.074246
0.074882 -0.993867 0.081371
0.138379 -0.962320 0.234076
0.076003 -0.966828 0.243859
0.042133 -0.967041 0.251111
0.040046 -0.995290 0.088285
0.076003 -0.966828 0.243859
0.076003 -0.966828 0.243859
0.040046 -0.995290 0.088285
0.074882 -0.993867 0.081371
0.077978 -0.914025 0.398094
0.042133 -0.967041 0.251111
0.076003 -0.966828 0.243859
0.042133 -0.967041 0.251111
0.077978 -0.914025 0.398094
0.046059 -0.913460 0.404314
0.135612 -0.834290 0.534387
0.079816 -0.835595 0.543516
0.077978 -0.914025 0.398094
0.135612 -0.834290 0.534387
0.077978 -0.914025 0.398094
0.135272 -0.910874 0.389884
0.079816 -0.835595 0.543516
0.046059 -0.913460 0.404314
0.077978 -0.914025 0.398094
0.046059 -0.913460 0.404314
0.079816 -0.835595 0.543516
0.049270 -0.833330 0.550576
0.136832 -0.737935 0.660855
0.076621 -0.736809 0.671745
0.079816 -0.835595 0.543516
0.136832 -0.737935 0.660855
0.079816 -0.835595 0.543516
0.135612 -0.834290 0.534387
0.076621 -0.736809 0.671745
0.049270 -0.833330 0.550576
0.079816 -0.835595 0.543516
0.049270 -0.833330 0.550576
0.076621 -0.736809 0.671745
0.045760 -0.732287 0.679457
0.073689 -0.617749 0.782915
0.136832 -0.737935 0.660855
0.138877 -0.618255 0.773611
0.136832 -0.737935 0.660855
0.073689 -0.617749 0.782915
0.076621 -0.736809 0.671745
0.073689 -0.617749 0.782915
0.045760 -0.732287 0.679457
0.076621 -0.736809 0.671745
0.045760 -0.732287 0.679457
0.073689 -0.617749 0.782915
0.040819 -0.613533 0.788614
0.141236 -0.477679 0.867107
0.075107 -0.475804 0.876338
0.073689 -0.617749 0.782915
0.141236 -0.477679 0.867107
0.073689 -0.617749 0.782915
0.138877 -0.618255 0.773611
0.075107 -0.475804 0.876338
0.040819 -0.613533 0.788614
0.073689 -0.617749 0.782915
0.040819 -0.613533 0.788614
0.075107 -0.475804 0.876338
0.040780 -0.471077 0.881149
0.140085 -0.329086 0.933851
0.075895 -0.323639 0.943132
0.075107 -0.475804 0.876338
0.140085 -0.329086 0.933851
0.075107 -0.475804 0.876338
0.141236 -0.477679 0.867107
0.075895 -0.323639 0.943132
0.040780 -0.471077 0.881149
0.075107 -0.475804 0.876338
0.040780 -0.471077 0.881149
0.075895 -0.323639 0.943132
0.041241 -0.317603 0.947327
0.138250 -0.173747 0.975038
0.075921 -0.168300 0.982808
0.075895 -0.323639 0.943132
0.138250 -0.173747 0.975038
0.075895 -0.323639 0.943132
0.140085 -0.329086 0.933851
0.075921 -0.168300 0.982808
0.041241 -0.317603 0.947327
0.075895 -0.323639 0.943132
0.041241 -0.317603 0.947327
0.075921 -0.168300 0.982808
0.041267 -0.162256 0.985886
0.139362 -0.009403 0.990197
0.077293 -0.002851 0.997004
0.075921 -0.168300 0.982808
0.139362 -0.009403 0.990197
0.075921 -0.168300 0.982808
0.138250 -0.173747 0.975038
0.077293 -0.002851 0.997004
0.041267 -0.162256 0.985886
0.075921 -0.168300 0.982808
0.041267 -0.162256 0.985886
0.077293 -0.002851 0.997004
0.042809 0.004463 0.999073
0.138876 0.153893 0.978279
0.076832 0.163775 0.983501
0.077293 -0.002851 0.997004
0.138876 0.153893 0.978279
0.077293 -0.002851 0.997004
0.139362 -0.009403 0.990197
0.076832 0.163775 0.983501
0.042809 0.004463 0.999073
0.077293 -0.002851 0.997004
0.042809 0.004463 0.999073
0.076832 0.163775 0.983501
0.044550 0.171855 0.984114
0.136810 0.312770 0.939924
0.077589 0.320441 0.944086
0.076832 0.163775 0.983501
0.136810 0.312770 0.939924
0.076832 0.163775 0.983501
0.138876 0.153893 0.978279
0.077589 0.320441 0.944086
0.044550 0.171855 0.984114
0.076832 0.163775 0.983501
0.044550 0.171855 0.984114
0.077589 0.320441 0.944086
0.044768 0.326570 0.944112
0.141236 -0.477679 0.867107
0.171432 -0.620332 0.765376
0.173321 -0.481726 0.859011
0.171432 -0.620332 0.765376
0.141236 -0.477679 0.867107
0.138877 -0.618255 0.773611
0.171432 -0.620332 0.765376
0.138877 -0.618255 0.773611
0.166032 -0.739626 0.652217
0.138877 -0.618255 0.773611
0.136832 -0.737935 0.660855
0.166032 -0.739626 0.652217
0.140085 -0.329086 0.933851
0.173321 -0.481726 0.859011
0.169980 -0.335320 0.926643
0.173321 -0.481726 0.859011
0.140085 -0.329086 0.933851
0.141236 -0.477679 0.867107
0.138250 -0.173747 0.975038
0.140085 -0.329086 0.933851
0.166116 -0.180517 0.969442
0.166116 -0.180517 0.969442
0.140085 -0.329086 0.933851
0.169980 -0.335320 0.926643
0.139362 -0.009403 0.990197
0.138250 -0.173747 0.975038
0.166879 -0.016913 0.985832
0.166879 -0.016913 0.985832
0.138250 -0.173747 0.975038
0.166116 -0.180517 0.969442
0.138876 0.153893 0.978279
0.139362 -0.009403 0.990197
0.168412 0.144882 0.975011
0.168412 0.144882 0.975011
0.139362 -0.009403 0.990197
0.166879 -0.016913 0.985832
0.077329 -0.609772 -0.788795
0.049352 -0.477756 -0.877105
0.078273 -0.470786 -0.878768
0.049352 -0.477756 -0.877105
0.077329 -0.609772 -0.788795
0.045023 -0.617238 -0.785487
0.138087 -0.599905 -0.788064
0.077329 -0.609772 -0.788795
0.078273 -0.470786 -0.878768
0.138087 -0.599905 -0.788064
0.078273 -0.470786 -0.878768
0.135045 -0.462873 -0.876077
0.135045 -0.462873 -0.876077
0.077385 -0.322086 -0.943542
0.135541 -0.312774 -0.940107
0.077385 -0.322086 -0.943542
0.135045 -0.462873 -0.876077
0.078273 -0.470786 -0.878768
0.049352 -0.477756 -0.877105
0.048345 -0.328796 -0.943163
0.078273 -0.470786 -0.878768
0.078273 -0.470786 -0.878768
0.048345 -0.328796 -0.943163
0.077385 -0.322086 -0.943542
0.138354 -0.721132 -0.678842
0.075417 -0.731222 -0.677958
0.077329 -0.609772 -0.788795
0.138354 -0.721132 -0.678842
0.077329 -0.609772 -0.788795
0.138087 -0.599905 -0.788064
0.075417 -0.731222 -0.677958
0.045023 -0.617238 -0.785487
0.077329 -0.609772 -0.788795
0.045023 -0.617238 -0.785487
0.075417 -0.731222 -0.677958
0.041441 -0.737361 -0.674226
0.075700 -0.832891 -0.548236
0.138354 -0.721132 -0.678842
0.138246 -0.823754 -0.549834
0.138354 -0.721132 -0.678842
0.075700 -0.832891 -0.548236
0.075417 -0.731222 -0.677958
0.075700 -0.832891 -0.548236
0.041441 -0.737361 -0.674226
0.075417 -0.731222 -0.677958
0.041441 -0.737361 -0.674226
0.075700 -0.832891 -0.548236
0.041909 -0.838193 -0.543761
0.139099 -0.903224 -0.406003
0.076051 -0.912351 -0.402285
0.075700 -0.832891 -0.548236
0.139099 -0.903224 -0.406003
0.075700 -0.832891 -0.548236
0.138246 -0.823754 -0.549834
0.076051 -0.912351 -0.402285
0.041909 -0.838193 -0.543761
0.075700 -0.832891 -0.548236
0.041909 -0.838193 -0.543761
0.076051 -0.912351 -0.402285
0.042441 -0.917057 -0.396491
0.138637 -0.956658 -0.256095
0.074061 -0.965475 -0.249745
0.076051 -0.912351 -0.402285
0.138637 -0.956658 -0.256095
0.076051 -0.912351 -0.402285
0.139099 -0.903224 -0.406003
0.074061 -0.965475 -0.249745
0.042441 -0.917057 -0.396491
0.076051 -0.912351 -0.402285
0.042441 -0.917057 -0.396491
0.074061 -0.965475 -0.249745
0.040025 -0.969293 -0.242630
0.139248 -0.985888 -0.092923
0.073111 -0.993502 -0.087233
0.074061 -0.965475 -0.249745
0.139248 -0.985888 -0.092923
0.074061 -0.965475 -0.249745
0.138637 -0.956658 -0.256095
0.073111 -0.993502 -0.087233
0.040025 -0.969293 -0.242630
0.074061 -0.965475 -0.249745
0.040025 -0.969293 -0.242630
0.073111 -0.993502 -0.087233
0.038593 -0.996008 -0.080496
0.140814 -0.987248 0.074246
0.074882 -0.993867 0.081371
0.073111 -0.993502 -0.087233
0.140814 -0.987248 0.074246
0.073111 -0.993502 -0.087233
0.139248 -0.985888 -0.092923
0.074882 -0.993867 0.081371
0.038593 -0.996008 -0.080496
0.073111 -0.993502 -0.087233
0.038593 -0.996008 -0.080496
0.074882 -0.993867 0.081371
0.040046 -0.995290 0.088285
0.135754 0.009048 -0.990701
0.078217 0.166422 -0.982947
0.135354 0.172541 -0.975658
0.078217 0.166422 -0.982947
0.135754 0.009048 -0.990701
0.080450 0.003499 -0.996753
0.135754 0.009048 -0.990701
0.135354 0.172541 -0.975658
0.161361 0.016047 -0.986765
0.161361 0.016047 -0.986765
0.135354 0.172541 -0.975658
0.163396 0.180171 -0.969969
0.163396 0.180171 -0.969969
0.137476 0.331952 -0.933225
0.163589 0.338515 -0.926632
0.137476 0.331952 -0.933225
0.163396 0.180171 -0.969969
0.135354 0.172541 -0.975658
0.078217 0.166422 -0.982947
0.079526 0.325409 -0.942223
0.135354 0.172541 -0.975658
0.135354 0.172541 -0.975658
0.079526 0.325409 -0.942223
0.137476 0.331952 -0.933225
0.137607 -0.152238 -0.978717
0.135754 0.009048 -0.990701
0.163800 -0.143713 -0.975969
0.163800 -0.143713 -0.975969
0.135754 0.009048 -0.990701
0.161361 0.016047 -0.986765
0.137607 -0.152238 -0.978717
0.080450 0.003499 -0.996753
0.135754 0.009048 -0.990701
0.080450 0.003499 -0.996753
0.137607 -0.152238 -0.978717
0.079258 -0.161944 -0.983612
0.164591 -0.303115 -0.938632
0.135541 -0.312774 -0.940107
0.137607 -0.152238 -0.978717
0.164591 -0.303115 -0.938632
0.137607 -0.152238 -0.978717
0.163800 -0.143713 -0.975969
0.135541 -0.312774 -0.940107
0.079258 -0.161944 -0.983612
0.137607 -0.152238 -0.978717
0.079258 -0.161944 -0.983612
0.135541 -0.312774 -0.940107
0.077385 -0.322086 -0.943542
0.163255 -0.454905 -0.875448
0.135045 -0.462873 -0.876077
0.135541 -0.312774 -0.940107
0.163255 -0.454905 -0.875448
0.135541 -0.312774 -0.940107
0.164591 -0.303115 -0.938632
0.166663 -0.591742 -0.788711
0.138087 -0.599905 -0.788064
0.135045 -0.462873 -0.876077
0.166663 -0.591742 -0.788711
0.135045 -0.462873 -0.876077
0.163255 -0.454905 -0.875448
0.167626 -0.712489 -0.681367
0.138354 -0.721132 -0.678842
0.138087 -0.599905 -0.788064
0.167626 -0.712489 -0.681367
0.138087 -0.599905 -0.788064
0.166663 -0.591742 -0.788711
0.138246 -0.823754 -0.549834
0.167626 -0.712489 -0.681367
0.166981 -0.815639 -0.553941
0.167626 -0.712489 -0.681367
0.138246 -0.823754 -0.549834
0.138354 -0.721132 -0.678842
0.139099 -0.903224 -0.406003
0.166981 -0.815639 -0.553941
0.168603 -0.896010 -0.410778
0.166981 -0.815639 -0.553941
0.139099 -0.903224 -0.406003
0.138246 -0.823754 -0.549834
0.169281 -0.950024 -0.262296
0.138637 -0.956658 -0.256095
0.139099 -0.903224 -0.406003
0.169281 -0.950024 -0.262296
0.139099 -0.903224 -0.406003
0.168603 -0.896010 -0.410778
0.139248 -0.985888 -0.092923
0.138637 -0.956658 -0.256095
0.171023 -0.980152 -0.100266
0.171023 -0.980152 -0.100266
0.138637 -0.956658 -0.256095
0.169281 -0.950024 -0.262296
0.140814 -0.987248 0.074246
0.139248 -0.985888 -0.092923
0.172048 -0.982842 0.066496
0.172048 -0.982842 0.066496
0.139248 -0.985888 -0.092923
0.171023 -0.980152 -0.100266
0.167234 -0.959996 0.224591
0.138379 -0.962320 0.234076
0.140814 -0.987248 0.074246
0.167234 -0.959996 0.224591
0.140814 -0.987248 0.074246
0.172048 -0.982842 0.066496
0.160783 -0.910438 0.381119
0.135272 -0.910874 0.389884
0.138379 -0.962320 0.234076
0.160783 -0.910438 0.381119
0.138379 -0.962320 0.234076
0.167234 -0.959996 0.224591
0.160635 -0.834995 0.526289
0.135612 -0.834290 0.534387
0.135272 -0.910874 0.389884
0.160635 -0.834995 0.526289
0.135272 -0.910874 0.389884
0.160783 -0.910438 0.381119
0.166032 -0.739626 0.652217
0.136832 -0.737935 0.660855
0.135612 -0.834290 0.534387
0.166032 -0.739626 0.652217
0.135612 -0.834290 0.534387
0.160635 -0.834995 0.526289
0.136644 0.463704 0.875390
0.080224 0.472580 0.877629
0.077589 0.320441 0.944086
0.136644 0.463704 0.875390
0.077589 0.320441 0.944086
0.136810 0.312770 0.939924
0.080224 0.472580 0.877629
0.044768 0.326570 0.944112
0.077589 0.320441 0.944086
0.044768 0.326570 0.944112
0.080224 0.472580 0.877629
0.047012 0.479863 0.876083
0.164098 0.304330 0.938326
0.136810 0.312770 0.939924
0.138876 0.153893 0.978279
0.164098 0.304330 0.938326
0.138876 0.153893 0.978279
0.168412 0.144882 0.975011
0.159633 0.455279 0.875922
0.136644 0.463704 0.875390
0.136810 0.312770 0.939924
0.159633 0.455279 0.875922
0.136810 0.312770 0.939924
0.164098 0.304330 0.938326
0.135973 0.600464 0.788006
0.078585 0.611846 0.787063
0.080224 0.472580 0.877629
0.135973 0.600464 0.788006
0.080224 0.472580 0.877629
0.136644 0.463704 0.875390
0.078585 0.611846 0.787063
0.047012 0.479863 0.876083
0.080224 0.472580 0.877629
0.047012 0.479863 0.876083
0.078585 0.611846 0.787063
0.050563 0.619342 0.783492
0.134014 0.722483 0.678276
0.077211 0.731598 0.677350
0.078585 0.611846 0.787063
0.134014 0.722483 0.678276
0.078585 0.611846 0.787063
0.135973 0.600464 0.788006
0.077211 0.731598 0.677350
0.050563 0.619342 0.783492
0.078585 0.611846 0.787063
0.050563 0.619342 0.783492
0.077211 0.731598 0.677350
0.050937 0.737211 0.673740
0.050937 0.737211 0.673740
0.079644 0.832616 0.548094
0.049869 0.837577 0.544038
0.079644 0.832616 0.548094
0.050937 0.737211 0.673740
0.077211 0.731598 0.677350
0.134014 0.722483 0.678276
0.079644 0.832616 0.548094
0.077211 0.731598 0.677350
0.079644 0.832616 0.548094
0.134014 0.722483 0.678276
0.134497 0.824670 0.549390
0.164397 0.590957 0.789774
0.135973 0.600464 0.788006
0.136644 0.463704 0.875390
0.164397 0.590957 0.789774
0.136644 0.463704 0.875390
0.159633 0.455279 0.875922
0.165305 0.713592 0.680780
0.134014 0.722483 0.678276
0.135973 0.600464 0.788006
0.165305 0.713592 0.680780
0.135973 0.600464 0.788006
0.164397 0.590957 0.789774
0.165305 0.713592 0.680780
0.134497 0.824670 0.549390
0.134014 0.722483 0.678276
0.134497 0.824670 0.549390
0.165305 0.713592 0.680780
0.160146 0.817392 0.553375
0.160146 0.817392 0.553375
0.137112 0.902974 0.407233
0.134497 0.824670 0.549390
0.137112 0.902974 0.407233
0.160146 0.817392 0.553375
0.162140 0.896506 0.412296
0.079644 0.832616 0.548094
0.137112 0.902974 0.407233
0.079958 0.911757 0.402871
0.137112 0.902974 0.407233
0.079644 0.832616 0.548094
0.134497 0.824670 0.549390
0.162140 0.896506 0.412296
0.163763 0.951294 0.261191
0.137112 0.902974 0.407233
0.137112 0.902974 0.407233
0.163763 0.951294 0.261191
0.135900 0.957782 0.253346
0.079958 0.911757 0.402871
0.135900 0.957782 0.253346
0.078012 0.966075 0.246197
0.135900 0.957782 0.253346
0.079958 0.911757 0.402871
0.137112 0.902974 0.407233
0.078012 0.966075 0.246197
0.134324 0.986767 0.090815
0.079412 0.993134 0.085901
0.134324 0.986767 0.090815
0.078012 0.966075 0.246197
0.135900 0.957782 0.253346
0.163763 0.951294 0.261191
0.159764 0.982254 0.098249
0.135900 0.957782 0.253346
0.135900 0.957782 0.253346
0.159764 0.982254 0.098249
0.134324 0.986767 0.090815
0.079412 0.993134 0.085901
0.137651 0.987870 -0.071873
0.080825 0.993594 -0.078985
0.137651 0.987870 -0.071873
0.079412 0.993134 0.085901
0.134324 0.986767 0.090815
0.159764 0.982254 0.098249
0.160682 0.984873 -0.064855
0.134324 0.986767 0.090815
0.134324 0.986767 0.090815
0.160682 0.984873 -0.064855
0.137651 0.987870 -0.071873
0.002155 0.932562 -0.361003
0.002402 0.859846 -0.510548
0.003153 0.927413 -0.374026
0.003153 0.927413 -0.374026
0.002402 0.859846 -0.510548
0.002674 0.852899 -0.522069
-0.001299 0.977085 -0.212846
0.002155 0.932562 -0.361003
0.003153 0.927413 -0.374026
0.002155 0.932562 -0.361003
-0.001299 0.977085 -0.212846
-0.002114 0.979701 -0.200452
-0.001299 0.977085 -0.212846
0.003153 0.927413 -0.374026
-0.000521 0.974219 -0.225605
-0.000521 0.974219 -0.225605
0.003153 0.927413 -0.374026
0.004221 0.921780 -0.387690
0.004221 0.921780 -0.387690
0.002674 0.852899 -0.522069
0.002850 0.845333 -0.534232
0.002674 0.852899 -0.522069
0.004221 0.921780 -0.387690
0.003153 0.927413 -0.374026
0.002402 0.859846 -0.510548
-0.000704 0.765692 -0.643207
0.002674 0.852899 -0.522069
0.002674 0.852899 -0.522069
-0.000704 0.765692 -0.643207
-0.000500 0.758127 -0.652107
0.002850 0.845333 -0.534232
-0.000500 0.758127 -0.652107
-0.000502 0.749658 -0.661825
-0.000500 0.758127 -0.652107
0.002850 0.845333 -0.534232
0.002674 0.852899 -0.522069
0.002569 0.638219 -0.769851
-0.000500 0.758127 -0.652107
0.002663 0.648463 -0.761241
0.002663 0.648463 -0.761241
-0.000500 0.758127 -0.652107
-0.000704 0.765692 -0.643207
0.002569 0.638219 -0.769851
-0.000502 0.749658 -0.661825
-0.000500 0.758127 -0.652107
-0.000502 0.749658 -0.661825
0.002569 0.638219 -0.769851
0.002471 0.627480 -0.778629
0.002547 0.501674 -0.865053
0.002471 0.627480 -0.778629
0.002569 0.638219 -0.769851
0.002471 0.627480 -0.778629
0.002547 0.501674 -0.865053
0.002428 0.489381 -0.872067
0.002547 0.501674 -0.865053
0.002569 0.638219 -0.769851
0.002886 0.512951 -0.858413
0.002886 0.512951 -0.858413
0.002569 0.638219 -0.769851
0.002663 0.648463 -0.761241
0.000900 0.998689 -0.051185
-0.001299 0.977085 -0.212846
0.001193 0.997856 -0.065431
0.001193 0.997856 -0.065431
-0.001299 0.977085 -0.212846
-0.000521 0.974219 -0.225605
0.000900 0.998689 -0.051185
-0.002114 0.979701 -0.200452
-0.001299 0.977085 -0.212846
-0.002114 0.979701 -0.200452
0.000900 0.998689 -0.051185
0.000559 0.999284 -0.037843
-0.001190 0.357261 -0.934004
0.002428 0.489381 -0.872067
0.002547 0.501674 -0.865053
0.002428 0.489381 -0.872067
-0.001190 0.357261 -0.934004
-0.003196 0.344821 -0.938663
-0.001190 0.357261 -0.934004
0.002547 0.501674 -0.865053
-0.000118 0.368478 -0.929636
-0.000118 0.368478 -0.929636
0.002547 0.501674 -0.865053
0.002886 0.512951 -0.858413
0.000268 0.195713 -0.980661
-0.003196 0.344821 -0.938663
-0.001190 0.357261 -0.934004
-0.003196 0.344821 -0.938663
0.000268 0.195713 -0.980661
-0.002982 0.182080 -0.983279
0.000268 0.195713 -0.980661
-0.001190 0.357261 -0.934004
0.003427 0.209441 -0.977815
0.003427 0.209441 -0.977815
-0.001190 0.357261 -0.934004
-0.000118 0.368478 -0.929636
0.001807 0.029198 -0.999572
-0.002982 0.182080 -0.983279
0.000268 0.195713 -0.980661
-0.002982 0.182080 -0.983279
0.001807 0.029198 -0.999572
0.000701 0.015092 -0.999886
0.001807 0.029198 -0.999572
0.000268 0.195713 -0.980661
0.003989 0.042335 -0.999095
0.003989 0.042335 -0.999095
0.000268 0.195713 -0.980661
0.003427 0.209441 -0.977815
-0.002108 -0.130822 -0.991404
0.000701 0.015092 -0.999886
0.001807 0.029198 -0.999572
0.000701 0.015092 -0.999886
-0.002108 -0.130822 -0.991404
-0.002649 -0.144596 -0.989487
-0.002108 -0.130822 -0.991404
0.001807 0.029198 -0.999572
-0.001939 -0.118073 -0.993003
-0.001939 -0.118073 -0.993003
0.001807 0.029198 -0.999572
0.003989 0.042335 -0.999095
-0.002254 -0.294603 -0.955617
-0.002649 -0.144596 -0.989487
-0.002108 -0.130822 -0.991404
-0.002649 -0.144596 -0.989487
-0.002254 -0.294603 -0.955617
-0.003256 -0.307490 -0.951546
-0.002254 -0.294603 -0.955617
-0.002108 -0.130822 -0.991404
-0.001570 -0.280030 -0.959990
-0.001570 -0.280030 -0.959990
-0.002108 -0.130822 -0.991404
-0.001939 -0.118073 -0.993003
0.001446 -0.450198 -0.892928
-0.003256 -0.307490 -0.951546
-0.002254 -0.294603 -0.955617
-0.003256 -0.307490 -0.951546
0.001446 -0.450198 -0.892928
0.001362 -0.462986 -0.886365
0.001446 -0.450198 -0.892928
-0.002254 -0.294603 -0.955617
0.002162 -0.438275 -0.898839
0.002162 -0.438275 -0.898839
-0.002254 -0.294603 -0.955617
-0.001570 -0.280030 -0.959990
-0.001050 -0.587855 -0.808965
0.001362 -0.462986 -0.886365
0.001446 -0.450198 -0.892928
0.001362 -0.462986 -0.886365
-0.001050 -0.587855 -0.808965
-0.000938 -0.599212 -0.800590
-0.001050 -0.587855 -0.808965
0.001446 -0.450198 -0.892928
-0.001278 -0.577386 -0.816470
-0.001278 -0.577386 -0.816470
0.001446 -0.450198 -0.892928
0.002162 -0.438275 -0.898839
-0.002860 -0.713257 -0.700897
-0.000938 -0.599212 -0.800590
-0.001050 -0.587855 -0.808965
-0.000938 -0.599212 -0.800590
-0.002860 -0.713257 -0.700897
-0.002158 -0.722550 -0.691315
-0.002860 -0.713257 -0.700897
-0.001050 -0.587855 -0.808965
-0.003522 -0.704721 -0.709475
-0.003522 -0.704721 -0.709475
-0.001050 -0.587855 -0.808965
-0.001278 -0.577386 -0.816470
0.001111 -0.820592 -0.571513
-0.002860 -0.713257 -0.700897
0.000277 -0.813290 -0.581859
0.000277 -0.813290 -0.581859
-0.002860 -0.713257 -0.700897
-0.003522 -0.704721 -0.709475
0.001111 -0.820592 -0.571513
-0.002158 -0.722550 -0.691315
-0.002860 -0.713257 -0.700897
-0.002158 -0.722550 -0.691315
0.001111 -0.820592 -0.571513
0.002028 -0.828459 -0.560046
-0.000322 -0.902132 -0.431460
0.001111 -0.820592 -0.571513
-0.000614 -0.896514 -0.443016
-0.000614 -0.896514 -0.443016
0.001111 -0.820592 -0.571513
0.000277 -0.813290 -0.581859
-0.000322 -0.902132 -0.431460
0.002028 -0.828459 -0.560046
0.001111 -0.820592 -0.571513
0.002028 -0.828459 -0.560046
-0.000322 -0.902132 -0.431460
-0.000120 -0.908086 -0.418784
-0.002267 -0.960549 -0.278102
-0.000322 -0.902132 -0.431460
-0.003007 -0.957047 -0.289918
-0.003007 -0.957047 -0.289918
-0.000322 -0.902132 -0.431460
-0.000614 -0.896514 -0.443016
-0.002267 -0.960549 -0.278102
-0.000120 -0.908086 -0.418784
-0.000322 -0.902132 -0.431460
-0.000120 -0.908086 -0.418784
-0.002267 -0.960549 -0.278102
-0.001515 -0.964145 -0.265372
0.001939 -0.993582 -0.113097
-0.002267 -0.960549 -0.278102
0.001025 -0.991993 -0.126287
0.001025 -0.991993 -0.126287
-0.002267 -0.960549 -0.278102
-0.003007 -0.957047 -0.289918
0.001939 -0.993582 -0.113097
-0.001515 -0.964145 -0.265372
-0.002267 -0.960549 -0.278102
-0.001515 -0.964145 -0.265372
0.001939 -0.993582 -0.113097
0.002924 -0.995091 -0.098918
0.000837 -0.998716 0.050648
0.001939 -0.993582 -0.113097
0.000505 -0.999297 0.037480
0.000505 -0.999297 0.037480
0.001939 -0.993582 -0.113097
0.001025 -0.991993 -0.126287
0.000837 -0.998716 0.050648
0.002924 -0.995091 -0.098918
0.001939 -0.993582 -0.113097
0.002924 -0.995091 -0.098918
0.000837 -0.998716 0.050648
0.001114 -0.997897 0.064816
-0.001408 -0.977209 0.212274
0.000837 -0.998716 0.050648
-0.002210 -0.979789 0.200019
-0.002210 -0.979789 0.200019
0.000837 -0.998716 0.050648
0.000505 -0.999297 0.037480
-0.001408 -0.977209 0.212274
0.001114 -0.997897 0.064816
0.000837 -0.998716 0.050648
0.001114 -0.997897 0.064816
-0.001408 -0.977209 0.212274
-0.000634 -0.974363 0.224981
0.002935 -0.927744 0.373206
-0.001408 -0.977209 0.212274
0.001943 -0.932848 0.360265
0.001943 -0.932848 0.360265
-0.001408 -0.977209 0.212274
-0.002210 -0.979789 0.200019
0.002935 -0.927744 0.373206
-0.000634 -0.974363 0.224981
-0.001408 -0.977209 0.212274
-0.000634 -0.974363 0.224981
0.002935 -0.927744 0.373206
0.003995 -0.922166 0.386773
0.002382 -0.853560 0.520989
0.002935 -0.927744 0.373206
0.002111 -0.860518 0.509416
0.002111 -0.860518 0.509416
0.002935 -0.927744 0.373206
0.001943 -0.932848 0.360265
0.002382 -0.853560 0.520989
0.003995 -0.922166 0.386773
0.002935 -0.927744 0.373206
0.003995 -0.922166 0.386773
0.002382 -0.853560 0.520989
0.002555 -0.846025 0.533137
-0.000592 -0.758688 0.651454
0.002382 -0.853560 0.520989
-0.000870 -0.766294 0.642489
-0.000870 -0.766294 0.642489
0.002382 -0.853560 0.520989
0.002111 -0.860518 0.509416
-0.000592 -0.758688 0.651454
0.002555 -0.846025 0.533137
0.002382 -0.853560 0.520989
0.002555 -0.846025 0.533137
-0.000592 -0.758688 0.651454
-0.000476 -0.750191 0.661220
0.002719 -0.638453 0.769656
-0.000592 -0.758688 0.651454
0.002630 -0.648699 0.761041
0.002630 -0.648699 0.761041
-0.000592 -0.758688 0.651454
-0.000870 -0.766294 0.642489
0.002719 -0.638453 0.769656
-0.000476 -0.750191 0.661220
-0.000592 -0.758688 0.651454
-0.000476 -0.750191 0.661220
0.002719 -0.638453 0.769656
0.002814 -0.627633 0.778504
0.002675 -0.501607 0.865092
0.002719 -0.638453 0.769656
0.002891 -0.512900 0.858443
0.002891 -0.512900 0.858443
0.002719 -0.638453 0.769656
0.002630 -0.648699 0.761041
0.002675 -0.501607 0.865092
0.002814 -0.627633 0.778504
0.002719 -0.638453 0.769656
0.002814 -0.627633 0.778504
0.002675 -0.501607 0.865092
0.002632 -0.489210 0.872162
-0.001184 -0.357063 0.934079
0.002675 -0.501607 0.865092
-0.000106 -0.368309 0.929703
-0.000106 -0.368309 0.929703
0.002675 -0.501607 0.865092
0.002891 -0.512900 0.858443
-0.001184 -0.357063 0.934079
0.002632 -0.489210 0.872162
0.002675 -0.501607 0.865092
0.002632 -0.489210 0.872162
-0.001184 -0.357063 0.934079
-0.003216 -0.344560 0.938759
0.000252 -0.195661 0.980671
-0.001184 -0.357063 0.934079
0.003449 -0.209467 0.977810
0.003449 -0.209467 0.977810
-0.001184 -0.357063 0.934079
-0.000106 -0.368309 0.929703
0.000252 -0.195661 0.980671
-0.003216 -0.344560 0.938759
-0.001184 -0.357063 0.934079
-0.003216 -0.344560 0.938759
0.000252 -0.195661 0.980671
-0.003037 -0.181953 0.983303
0.001831 -0.029256 0.999570
0.000252 -0.195661 0.980671
0.004036 -0.042452 0.999090
0.004036 -0.042452 0.999090
0.000252 -0.195661 0.980671
0.003449 -0.209467 0.977810
0.001831 -0.029256 0.999570
-0.003037 -0.181953 0.983303
0.000252 -0.195661 0.980671
-0.003037 -0.181953 0.983303
0.001831 -0.029256 0.999570
0.000719 -0.015152 0.999885
-0.002050 0.130758 0.991412
0.001831 -0.029256 0.999570
-0.001903 0.118022 0.993009
-0.001903 0.118022 0.993009
0.001831 -0.029256 0.999570
0.004036 -0.042452 0.999090
-0.002050 0.130758 0.991412
0.000719 -0.015152 0.999885
0.001831 -0.029256 0.999570
0.000719 -0.015152 0.999885
-0.002050 0.130758 0.991412
-0.002555 0.144418 0.989513
-0.002227 0.294602 0.955617
-0.002050 0.130758 0.991412
-0.001570 0.280131 0.959961
-0.001570 0.280131 0.959961
-0.002050 0.130758 0.991412
-0.001903 0.118022 0.993009
-0.002227 0.294602 0.955617
-0.002555 0.144418 0.989513
-0.002050 0.130758 0.991412
-0.002555 0.144418 0.989513
-0.002227 0.294602 0.955617
-0.003206 0.307293 0.951609
0.001412 0.450219 0.892917
-0.002227 0.294602 0.955617
0.002124 0.438415 0.898770
0.002124 0.438415 0.898770
-0.002227 0.294602 0.955617
-0.001570 0.280131 0.959961
0.001412 0.450219 0.892917
-0.003206 0.307293 0.951609
-0.002227 0.294602 0.955617
-0.003206 0.307293 0.951609
0.001412 0.450219 0.892917
0.001309 0.462817 0.886453
-0.001069 0.587915 0.808922
0.001412 0.450219 0.892917
-0.001281 0.577532 0.816367
-0.001281 0.577532 0.816367
0.001412 0.450219 0.892917
0.002124 0.438415 0.898770
-0.001069 0.587915 0.808922
0.001309 0.462817 0.886453
0.001412 0.450219 0.892917
0.001309 0.462817 0.886453
-0.001069 0.587915 0.808922
-0.000966 0.599160 0.800629
-0.002819 0.713371 0.700781
-0.001069 0.587915 0.808922
-0.003470 0.704889 0.709309
-0.003470 0.704889 0.709309
-0.001069 0.587915 0.808922
-0.001281 0.577532 0.816367
-0.002819 0.713371 0.700781
-0.000966 0.599160 0.800629
-0.001069 0.587915 0.808922
-0.000966 0.599160 0.800629
-0.002819 0.713371 0.700781
-0.002129 0.722605 0.691257
-0.003470 0.704889 0.709309
0.000363 0.813580 0.581452
-0.002819 0.713371 0.700781
-0.002819 0.713371 0.700781
0.000363 0.813580 0.581452
0.001190 0.820818 0.571188
-0.002129 0.722605 0.691257
0.001190 0.820818 0.571188
0.002103 0.828644 0.559772
0.001190 0.820818 0.571188
-0.002129 0.722605 0.691257
-0.002819 0.713371 0.700781
0.002103 0.828644 0.559772
-0.000220 0.902392 0.430916
-0.000012 0.908297 0.418326
-0.000220 0.902392 0.430916
0.002103 0.828644 0.559772
0.001190 0.820818 0.571188
0.000363 0.813580 0.581452
-0.000518 0.896844 0.442346
0.001190 0.820818 0.571188
0.001190 0.820818 0.571188
-0.000518 0.896844 0.442346
-0.000220 0.902392 0.430916
-0.084084 0.142916 -0.986157
-0.133936 0.135005 -0.981751
-0.133769 0.293279 -0.946622
-0.084084 0.142916 -0.986157
-0.133769 0.293279 -0.946622
-0.082634 0.303315 -0.949301
-0.082634 0.303315 -0.949301
-0.133763 0.449529 -0.883194
-0.082269 0.458445 -0.884907
-0.133763 0.449529 -0.883194
-0.082634 0.303315 -0.949301
-0.133769 0.293279 -0.946622
-0.146816 0.284979 -0.947223
-0.153365 0.440982 -0.884315
-0.133769 0.293279 -0.946622
-0.133769 0.293279 -0.946622
-0.153365 0.440982 -0.884315
-0.133763 0.449529 -0.883194
-0.133936 0.135005 -0.981751
-0.146816 0.284979 -0.947223
-0.133769 0.293279 -0.946622
-0.146816 0.284979 -0.947223
-0.133936 0.135005 -0.981751
-0.146518 0.127356 -0.980976
-0.083333 -0.019395 -0.996333
-0.133143 -0.025550 -0.990767
-0.133936 0.135005 -0.981751
-0.083333 -0.019395 -0.996333
-0.133936 0.135005 -0.981751
-0.084084 0.142916 -0.986157
-0.133143 -0.025550 -0.990767
-0.146518 0.127356 -0.980976
-0.133936 0.135005 -0.981751
-0.146518 0.127356 -0.980976
-0.133143 -0.025550 -0.990767
-0.150709 -0.033118 -0.988023
-0.082398 -0.183489 -0.979562
-0.132581 -0.189880 -0.972814
-0.133143 -0.025550 -0.990767
-0.082398 -0.183489 -0.979562
-0.133143 -0.025550 -0.990767
-0.083333 -0.019395 -0.996333
-0.132581 -0.189880 -0.972814
-0.150709 -0.033118 -0.988023
-0.133143 -0.025550 -0.990767
-0.150709 -0.033118 -0.988023
-0.132581 -0.189880 -0.972814
-0.148811 -0.198722 -0.968692
-0.133618 -0.351001 -0.926793
-0.148811 -0.198722 -0.968692
-0.132581 -0.189880 -0.972814
-0.148811 -0.198722 -0.968692
-0.133618 -0.351001 -0.926793
-0.144688 -0.358533 -0.922236
-0.084080 -0.343957 -0.935213
-0.133618 -0.351001 -0.926793
-0.132581 -0.189880 -0.972814
-0.084080 -0.343957 -0.935213
-0.132581 -0.189880 -0.972814
-0.082398 -0.183489 -0.979562
-0.049162 -0.176922 -0.982996
-0.082398 -0.183489 -0.979562
-0.083333 -0.019395 -0.996333
-0.049162 -0.176922 -0.982996
-0.083333 -0.019395 -0.996333
-0.050766 -0.012560 -0.998632
-0.050766 -0.012560 -0.998632
-0.084084 0.142916 -0.986157
-0.045788 0.150383 -0.987567
-0.084084 0.142916 -0.986157
-0.050766 -0.012560 -0.998632
-0.083333 -0.019395 -0.996333
-0.046214 -0.336967 -0.940382
-0.084080 -0.343957 -0.935213
-0.082398 -0.183489 -0.979562
-0.046214 -0.336967 -0.940382
-0.082398 -0.183489 -0.979562
-0.049162 -0.176922 -0.982996
-0.134037 0.894963 -0.425530
-0.084410 0.823110 -0.561574
-0.134613 0.813494 -0.565780
-0.084410 0.823110 -0.561574
-0.134037 0.894963 -0.425530
-0.079336 0.904291 -0.419479
-0.134037 0.894963 -0.425530
-0.149290 0.806832 -0.571607
-0.160080 0.887619 -0.431865
-0.149290 0.806832 -0.571607
-0.134037 0.894963 -0.425530
-0.134613 0.813494 -0.565780
-0.149290 0.806832 -0.571607
-0.134613 0.813494 -0.565780
-0.140305 0.702500 -0.697716
-0.134613 0.813494 -0.565780
-0.133758 0.708501 -0.692918
-0.140305 0.702500 -0.697716
-0.084410 0.823110 -0.561574
-0.133758 0.708501 -0.692918
-0.134613 0.813494 -0.565780
-0.133758 0.708501 -0.692918
-0.084410 0.823110 -0.561574
-0.086419 0.717134 -0.691557
-0.084832 0.596137 -0.798389
-0.133235 0.588188 -0.797673
-0.133758 0.708501 -0.692918
-0.084832 0.596137 -0.798389
-0.133758 0.708501 -0.692918
-0.086419 0.717134 -0.691557
-0.133235 0.588188 -0.797673
-0.140305 0.702500 -0.697716
-0.133758 0.708501 -0.692918
-0.140305 0.702500 -0.697716
-0.133235 0.588188 -0.797673
-0.146799 0.581177 -0.800427
-0.082269 0.458445 -0.884907
-0.133763 0.449529 -0.883194
-0.133235 0.588188 -0.797673
-0.082269 0.458445 -0.884907
-0.133235 0.588188 -0.797673
-0.084832 0.596137 -0.798389
-0.133763 0.449529 -0.883194
-0.146799 0.581177 -0.800427
-0.133235 0.588188 -0.797673
-0.146799 0.581177 -0.800427
-0.133763 0.449529 -0.883194
-0.153365 0.440982 -0.884315
-0.051110 0.909555 -0.412429
-0.050489 0.829814 -0.555752
-0.079336 0.904291 -0.419479
-0.079336 0.904291 -0.419479
-0.050489 0.829814 -0.555752
-0.084410 0.823110 -0.561574
-0.078860 0.961157 -0.264496
-0.051110 0.909555 -0.412429
-0.079336 0.904291 -0.419479
-0.051110 0.909555 -0.412429
-0.078860 0.961157 -0.264496
-0.050857 0.964351 -0.259695
-0.133385 0.953978 -0.268579
-0.078860 0.961157 -0.264496
-0.079336 0.904291 -0.419479
-0.133385 0.953978 -0.268579
-0.079336 0.904291 -0.419479
-0.134037 0.894963 -0.425530
-0.050489 0.829814 -0.555752
-0.046176 0.724186 -0.688057
-0.084410 0.823110 -0.561574
-0.084410 0.823110 -0.561574
-0.046176 0.724186 -0.688057
-0.086419 0.717134 -0.691557
-0.048340 0.602478 -0.796670
-0.084832 0.596137 -0.798389
-0.086419 0.717134 -0.691557
-0.048340 0.602478 -0.796670
-0.086419 0.717134 -0.691557
-0.046176 0.724186 -0.688057
-0.050622 0.465388 -0.883658
-0.082269 0.458445 -0.884907
-0.084832 0.596137 -0.798389
-0.050622 0.465388 -0.883658
-0.084832 0.596137 -0.798389
-0.048340 0.602478 -0.796670
-0.045890 0.311843 -0.949025
-0.082634 0.303315 -0.949301
-0.082269 0.458445 -0.884907
-0.045890 0.311843 -0.949025
-0.082269 0.458445 -0.884907
-0.050622 0.465388 -0.883658
-0.045788 0.150383 -0.987567
-0.084084 0.142916 -0.986157
-0.082634 0.303315 -0.949301
-0.045788 0.150383 -0.987567
-0.082634 0.303315 -0.949301
-0.045890 0.311843 -0.949025
-0.085708 -0.490706 -0.867100
-0.134190 -0.493448 -0.859362
-0.133618 -0.351001 -0.926793
-0.085708 -0.490706 -0.867100
-0.133618 -0.351001 -0.926793
-0.084080 -0.343957 -0.935213
-0.134190 -0.493448 -0.859362
-0.144688 -0.358533 -0.922236
-0.133618 -0.351001 -0.926793
-0.144688 -0.358533 -0.922236
-0.134190 -0.493448 -0.859362
-0.145538 -0.499156 -0.854202
-0.133397 -0.627481 -0.767120
-0.085708 -0.490706 -0.867100
-0.082023 -0.627370 -0.774390
-0.085708 -0.490706 -0.867100
-0.133397 -0.627481 -0.767120
-0.134190 -0.493448 -0.859362
-0.152415 -0.632083 -0.759764
-0.134190 -0.493448 -0.859362
-0.133397 -0.627481 -0.767120
-0.134190 -0.493448 -0.859362
-0.152415 -0.632083 -0.759764
-0.145538 -0.499156 -0.854202
-0.133572 -0.749192 -0.648745
-0.082023 -0.627370 -0.774390
-0.080198 -0.747654 -0.659228
-0.082023 -0.627370 -0.774390
-0.133572 -0.749192 -0.648745
-0.133397 -0.627481 -0.767120
-0.154141 -0.752239 -0.640607
-0.133397 -0.627481 -0.767120
-0.133572 -0.749192 -0.648745
-0.133397 -0.627481 -0.767120
-0.154141 -0.752239 -0.640607
-0.152415 -0.632083 -0.759764
-0.084198 -0.844923 -0.528220
-0.134086 -0.844898 -0.517849
-0.133572 -0.749192 -0.648745
-0.084198 -0.844923 -0.528220
-0.133572 -0.749192 -0.648745
-0.080198 -0.747654 -0.659228
-0.134086 -0.844898 -0.517849
-0.154141 -0.752239 -0.640607
-0.133572 -0.749192 -0.648745
-0.154141 -0.752239 -0.640607
-0.134086 -0.844898 -0.517849
-0.148522 -0.847091 -0.510272
-0.086376 -0.920382 -0.381359
-0.132565 -0.918108 -0.373504
-0.134086 -0.844898 -0.517849
-0.086376 -0.920382 -0.381359
-0.134086 -0.844898 -0.517849
-0.084198 -0.844923 -0.528220
-0.132565 -0.918108 -0.373504
-0.148522 -0.847091 -0.510272
-0.134086 -0.844898 -0.517849
-0.148522 -0.847091 -0.510272
-0.132565 -0.918108 -0.373504
-0.143095 -0.919649 -0.365746
-0.084580 -0.970498 -0.225788
-0.132318 -0.966878 -0.218263
-0.132565 -0.918108 -0.373504
-0.084580 -0.970498 -0.225788
-0.132565 -0.918108 -0.373504
-0.086376 -0.920382 -0.381359
-0.132318 -0.966878 -0.218263
-0.143095 -0.919649 -0.365746
-0.132565 -0.918108 -0.373504
-0.143095 -0.919649 -0.365746
-0.132318 -0.966878 -0.218263
-0.146197 -0.966739 -0.209860
-0.084210 -0.994347 -0.064669
-0.134576 -0.989357 -0.055340
-0.132318 -0.966878 -0.218263
-0.084210 -0.994347 -0.064669
-0.132318 -0.966878 -0.218263
-0.084580 -0.970498 -0.225788
-0.134576 -0.989357 -0.055340
-0.146197 -0.966739 -0.209860
-0.132318 -0.966878 -0.218263
-0.146197 -0.966739 -0.209860
-0.134576 -0.989357 -0.055340
-0.150797 -0.987484 -0.046223
-0.086112 -0.991078 0.101733
-0.135408 -0.984803 0.108760
-0.134576 -0.989357 -0.055340
-0.086112 -0.991078 0.101733
-0.134576 -0.989357 -0.055340
-0.084210 -0.994347 -0.064669
-0.135408 -0.984803 0.108760
-0.150797 -0.987484 -0.046223
-0.134576 -0.989357 -0.055340
-0.150797 -0.987484 -0.046223
-0.135408 -0.984803 0.108760
-0.146875 -0.982195 0.117135
-0.083827 -0.960801 0.264260
-0.134927 -0.954093 0.267396
-0.135408 -0.984803 0.108760
-0.083827 -0.960801 0.264260
-0.135408 -0.984803 0.108760
-0.086112 -0.991078 0.101733
-0.134927 -0.954093 0.267396
-0.146875 -0.982195 0.117135
-0.135408 -0.984803 0.108760
-0.146875 -0.982195 0.117135
-0.134927 -0.954093 0.267396
-0.150502 -0.949786 0.274330
-0.080624 -0.904808 0.418118
-0.135042 -0.896401 0.422172
-0.134927 -0.954093 0.267396
-0.080624 -0.904808 0.418118
-0.134927 -0.954093 0.267396
-0.083827 -0.960801 0.264260
-0.135042 -0.896401 0.422172
-0.150502 -0.949786 0.274330
-0.134927 -0.954093 0.267396
-0.150502 -0.949786 0.274330
-0.135042 -0.896401 0.422172
-0.160753 -0.889439 0.427852
-0.082226 -0.823702 0.561030
-0.135016 -0.814092 0.564824
-0.135042 -0.896401 0.422172
-0.082226 -0.823702 0.561030
-0.135042 -0.896401 0.422172
-0.080624 -0.904808 0.418118
-0.157155 -0.806303 0.570244
-0.135042 -0.896401 0.422172
-0.135016 -0.814092 0.564824
-0.135042 -0.896401 0.422172
-0.157155 -0.806303 0.570244
-0.160753 -0.889439 0.427852
-0.048028 -0.486062 -0.872603
-0.085708 -0.490706 -0.867100
-0.084080 -0.343957 -0.935213
-0.048028 -0.486062 -0.872603
-0.084080 -0.343957 -0.935213
-0.046214 -0.336967 -0.940382
-0.048791 -0.624434 -0.779552
-0.082023 -0.627370 -0.774390
-0.085708 -0.490706 -0.867100
-0.048791 -0.624434 -0.779552
-0.085708 -0.490706 -0.867100
-0.048028 -0.486062 -0.872603
-0.047850 -0.743983 -0.666483
-0.080198 -0.747654 -0.659228
-0.082023 -0.627370 -0.774390
-0.047850 -0.743983 -0.666483
-0.082023 -0.627370 -0.774390
-0.048791 -0.624434 -0.779552
-0.049283 -0.842286 -0.536773
-0.084198 -0.844923 -0.528220
-0.080198 -0.747654 -0.659228
-0.049283 -0.842286 -0.536773
-0.080198 -0.747654 -0.659228
-0.047850 -0.743983 -0.666483
-0.051007 -0.919796 -0.389067
-0.086376 -0.920382 -0.381359
-0.084198 -0.844923 -0.528220
-0.051007 -0.919796 -0.389067
-0.084198 -0.844923 -0.528220
-0.049283 -0.842286 -0.536773
-0.135013 -0.709884 0.691257
-0.082226 -0.823702 0.561030
-0.083779 -0.718907 0.690039
-0.082226 -0.823702 0.561030
-0.135013 -0.709884 0.691257
-0.135016 -0.814092 0.564824
-0.149998 -0.702427 0.695771
-0.135016 -0.814092 0.564824
-0.135013 -0.709884 0.691257
-0.135016 -0.814092 0.564824
-0.149998 -0.702427 0.695771
-0.157155 -0.806303 0.570244
-0.082580 -0.596065 0.798678
-0.134914 -0.587739 0.797722
-0.135013 -0.709884 0.691257
-0.082580 -0.596065 0.798678
-0.135013 -0.709884 0.691257
-0.083779 -0.718907 0.690039
-0.134914 -0.587739 0.797722
-0.149998 -0.702427 0.695771
-0.135013 -0.709884 0.691257
-0.149998 -0.702427 0.695771
-0.134914 -0.587739 0.797722
-0.155804 -0.579841 0.799693
-0.082357 -0.458507 0.884866
-0.135034 -0.448978 0.883281
-0.134914 -0.587739 0.797722
-0.082357 -0.458507 0.884866
-0.134914 -0.587739 0.797722
-0.082580 -0.596065 0.798678
-0.135034 -0.448978 0.883281
-0.155804 -0.579841 0.799693
-0.134914 -0.587739 0.797722
-0.155804 -0.579841 0.799693
-0.135034 -0.448978 0.883281
-0.156660 -0.439288 0.884581
-0.084295 -0.304225 0.948863
-0.135224 -0.294482 0.946042
-0.135034 -0.448978 0.883281
-0.084295 -0.304225 0.948863
-0.135034 -0.448978 0.883281
-0.082357 -0.458507 0.884866
-0.135224 -0.294482 0.946042
-0.156660 -0.439288 0.884581
-0.135034 -0.448978 0.883281
-0.156660 -0.439288 0.884581
-0.135224 -0.294482 0.946042
-0.147628 -0.285686 0.946884
-0.084792 -0.143560 0.986002
-0.135321 -0.136233 0.981391
-0.135224 -0.294482 0.946042
-0.084792 -0.143560 0.986002
-0.135224 -0.294482 0.946042
-0.084295 -0.304225 0.948863
-0.135321 -0.136233 0.981391
-0.147628 -0.285686 0.946884
-0.135224 -0.294482 0.946042
-0.147628 -0.285686 0.946884
-0.135321 -0.136233 0.981391
-0.149616 -0.128283 0.980387
-0.082120 0.017833 0.996463
-0.134895 0.022955 0.990594
-0.135321 -0.136233 0.981391
-0.082120 0.017833 0.996463
-0.135321 -0.136233 0.981391
-0.084792 -0.143560 0.986002
-0.134895 0.022955 0.990594
-0.149616 -0.128283 0.980387
-0.135321 -0.136233 0.981391
-0.149616 -0.128283 0.980387
-0.134895 0.022955 0.990594
-0.158871 0.030778 0.986819
-0.134464 0.189766 0.972578
-0.158871 0.030778 0.986819
-0.134895 0.022955 0.990594
-0.158871 0.030778 0.986819
-0.134464 0.189766 0.972578
-0.160151 0.198208 0.966988
-0.079558 0.183589 0.979778
-0.134464 0.189766 0.972578
-0.134895 0.022955 0.990594
-0.079558 0.183589 0.979778
-0.134895 0.022955 0.990594
-0.082120 0.017833 0.996463
-0.050117 -0.971384 -0.232165
-0.084580 -0.970498 -0.225788
-0.086376 -0.920382 -0.381359
-0.050117 -0.971384 -0.232165
-0.086376 -0.920382 -0.381359
-0.051007 -0.919796 -0.389067
-0.050158 -0.996107 -0.072496
-0.084210 -0.994347 -0.064669
-0.084580 -0.970498 -0.225788
-0.050158 -0.996107 -0.072496
-0.084580 -0.970498 -0.225788
-0.050117 -0.971384 -0.232165
-0.049287 -0.994360 0.093914
-0.086112 -0.991078 0.101733
-0.084210 -0.994347 -0.064669
-0.049287 -0.994360 0.093914
-0.084210 -0.994347 -0.064669
-0.050158 -0.996107 -0.072496
-0.047000 -0.964478 0.259947
-0.083827 -0.960801 0.264260
-0.086112 -0.991078 0.101733
-0.047000 -0.964478 0.259947
-0.086112 -0.991078 0.101733
-0.049287 -0.994360 0.093914
-0.050740 -0.909422 0.412768
-0.080624 -0.904808 0.418118
-0.083827 -0.960801 0.264260
-0.050740 -0.909422 0.412768
-0.083827 -0.960801 0.264260
-0.047000 -0.964478 0.259947
-0.052975 -0.829847 0.555471
-0.082226 -0.823702 0.561030
-0.080624 -0.904808 0.418118
-0.052975 -0.829847 0.555471
-0.080624 -0.904808 0.418118
-0.050740 -0.909422 0.412768
-0.048028 -0.725351 0.686702
-0.083779 -0.718907 0.690039
-0.082226 -0.823702 0.561030
-0.048028 -0.725351 0.686702
-0.082226 -0.823702 0.561030
-0.052975 -0.829847 0.555471
-0.049466 -0.602315 0.796725
-0.082580 -0.596065 0.798678
-0.083779 -0.718907 0.690039
-0.049466 -0.602315 0.796725
-0.083779 -0.718907 0.690039
-0.048028 -0.725351 0.686702
-0.052343 -0.465859 0.883309
-0.082357 -0.458507 0.884866
-0.082580 -0.596065 0.798678
-0.052343 -0.465859 0.883309
-0.082580 -0.596065 0.798678
-0.049466 -0.602315 0.796725
-0.046989 -0.312119 0.948880
-0.084295 -0.304225 0.948863
-0.082357 -0.458507 0.884866
-0.046989 -0.312119 0.948880
-0.082357 -0.458507 0.884866
-0.052343 -0.465859 0.883309
-0.047196 -0.150126 0.987540
-0.084792 -0.143560 0.986002
-0.084295 -0.304225 0.948863
-0.047196 -0.150126 0.987540
-0.084295 -0.304225 0.948863
-0.046989 -0.312119 0.948880
-0.052306 0.012143 0.998557
-0.082120 0.017833 0.996463
-0.084792 -0.143560 0.986002
-0.052306 0.012143 0.998557
-0.084792 -0.143560 0.986002
-0.047196 -0.150126 0.987540
-0.050882 0.177113 0.982874
-0.079558 0.183589 0.979778
-0.082120 0.017833 0.996463
-0.050882 0.177113 0.982874
-0.082120 0.017833 0.996463
-0.052306 0.012143 0.998557
-0.048604 0.336595 0.940394
-0.081768 0.343926 0.935430
-0.079558 0.183589 0.979778
-0.048604 0.336595 0.940394
-0.079558 0.183589 0.979778
-0.050882 0.177113 0.982874
-0.081768 0.343926 0.935430
-0.134464 0.189766 0.972578
-0.079558 0.183589 0.979778
-0.134464 0.189766 0.972578
-0.081768 0.343926 0.935430
-0.135057 0.351178 0.926517
-0.085177 0.491545 0.866677
-0.135057 0.351178 0.926517
-0.081768 0.343926 0.935430
-0.135057 0.351178 0.926517
-0.085177 0.491545 0.866677
-0.134787 0.494817 0.858481
-0.051187 0.486369 0.872253
-0.085177 0.491545 0.866677
-0.081768 0.343926 0.935430
-0.051187 0.486369 0.872253
-0.081768 0.343926 0.935430
-0.048604 0.336595 0.940394
-0.133610 0.628586 0.766178
-0.085177 0.491545 0.866677
-0.084205 0.627337 0.774182
-0.085177 0.491545 0.866677
-0.133610 0.628586 0.766178
-0.134787 0.494817 0.858481
-0.051894 0.623855 0.779816
-0.084205 0.627337 0.774182
-0.085177 0.491545 0.866677
-0.051894 0.623855 0.779816
-0.085177 0.491545 0.866677
-0.051187 0.486369 0.872253
-0.135057 0.351178 0.926517
-0.160151 0.198208 0.966988
-0.134464 0.189766 0.972578
-0.160151 0.198208 0.966988
-0.135057 0.351178 0.926517
-0.154442 0.358333 0.920731
-0.134787 0.494817 0.858481
-0.154442 0.358333 0.920731
-0.135057 0.351178 0.926517
-0.154442 0.358333 0.920731
-0.134787 0.494817 0.858481
-0.150620 0.500313 0.852643
-0.150720 0.633931 0.758561
-0.134787 0.494817 0.858481
-0.133610 0.628586 0.766178
-0.134787 0.494817 0.858481
-0.150720 0.633931 0.758561
-0.150620 0.500313 0.852643
-0.134303 0.748080 0.649877
-0.084205 0.627337 0.774182
-0.082839 0.746991 0.659653
-0.084205 0.627337 0.774182
-0.134303 0.748080 0.649877
-0.133610 0.628586 0.766178
-0.152618 0.751670 0.641638
-0.133610 0.628586 0.766178
-0.134303 0.748080 0.649877
-0.133610 0.628586 0.766178
-0.152618 0.751670 0.641638
-0.150720 0.633931 0.758561
-0.082839 0.746991 0.659653
-0.084206 0.845072 0.527980
-0.134303 0.748080 0.649877
-0.134303 0.748080 0.649877
-0.084206 0.845072 0.527980
-0.134478 0.844476 0.518436
-0.152618 0.751670 0.641638
-0.134478 0.844476 0.518436
-0.152283 0.846400 0.510311
-0.134478 0.844476 0.518436
-0.152618 0.751670 0.641638
-0.134303 0.748080 0.649877
-0.084206 0.845072 0.527980
-0.083537 0.920745 0.381117
-0.134478 0.844476 0.518436
-0.134478 0.844476 0.518436
-0.083537 0.920745 0.381117
-0.131874 0.917681 0.374794
-0.152283 0.846400 0.510311
-0.131874 0.917681 0.374794
-0.153059 0.917632 0.366776
-0.131874 0.917681 0.374794
-0.152283 0.846400 0.510311
-0.134478 0.844476 0.518436
-0.083537 0.920745 0.381117
-0.079988 0.971064 0.225026
-0.131874 0.917681 0.374794
-0.131874 0.917681 0.374794
-0.079988 0.971064 0.225026
-0.130907 0.967211 0.217638
-0.153059 0.917632 0.366776
-0.130907 0.967211 0.217638
-0.158531 0.965115 0.208375
-0.130907 0.967211 0.217638
-0.153059 0.917632 0.366776
-0.131874 0.917681 0.374794
-0.079988 0.971064 0.225026
-0.081013 0.994675 0.063713
-0.130907 0.967211 0.217638
-0.130907 0.967211 0.217638
-0.081013 0.994675 0.063713
-0.132611 0.989721 0.053537
-0.158531 0.965115 0.208375
-0.132611 0.989721 0.053537
-0.158612 0.986337 0.044518
-0.132611 0.989721 0.053537
-0.158531 0.965115 0.208375
-0.130907 0.967211 0.217638
-0.081013 0.994675 0.063713
-0.082398 0.991483 -0.100861
-0.132611 0.989721 0.053537
-0.132611 0.989721 0.053537
-0.082398 0.991483 -0.100861
-0.133316 0.985341 -0.106441
-0.158612 0.986337 0.044518
-0.133316 0.985341 -0.106441
-0.156381 0.981024 -0.114619
-0.133316 0.985341 -0.106441
-0.158612 0.986337 0.044518
-0.132611 0.989721 0.053537
-0.082398 0.991483 -0.100861
-0.078860 0.961157 -0.264496
-0.133316 0.985341 -0.106441
-0.133316 0.985341 -0.106441
-0.078860 0.961157 -0.264496
-0.133385 0.953978 -0.268579
-0.156381 0.981024 -0.114619
-0.133385 0.953978 -0.268579
-0.160519 0.947717 -0.275802
-0.133385 0.953978 -0.268579
-0.156381 0.981024 -0.114619
-0.133316 0.985341 -0.106441
-0.160519 0.947717 -0.275802
-0.134037 0.894963 -0.425530
-0.160080 0.887619 -0.431865
-0.134037 0.894963 -0.425530
-0.160519 0.947717 -0.275802
-0.133385 0.953978 -0.268579
-0.049627 0.744024 0.666307
-0.082839 0.746991 0.659653
-0.084205 0.627337 0.774182
-0.049627 0.744024 0.666307
-0.084205 0.627337 0.774182
-0.051894 0.623855 0.779816
-0.049627 0.744024 0.666307
-0.051667 0.842873 0.535627
-0.082839 0.746991 0.659653
-0.082839 0.746991 0.659653
-0.051667 0.842873 0.535627
-0.084206 0.845072 0.527980
-0.051667 0.842873 0.535627
-0.055559 0.920141 0.387625
-0.084206 0.845072 0.527980
-0.084206 0.845072 0.527980
-0.055559 0.920141 0.387625
-0.083537 0.920745 0.381117
-0.055559 0.920141 0.387625
-0.056105 0.971311 0.231099
-0.083537 0.920745 0.381117
-0.083537 0.920745 0.381117
-0.056105 0.971311 0.231099
-0.079988 0.971064 0.225026
-0.056105 0.971311 0.231099
-0.055979 0.995814 0.072256
-0.079988 0.971064 0.225026
-0.079988 0.971064 0.225026
-0.055979 0.995814 0.072256
-0.081013 0.994675 0.063713
0.049869 0.837577 0.544038
0.079958 0.911757 0.402871
0.048044 0.916770 0.396516
0.079958 0.911757 0.402871
0.049869 0.837577 0.544038
0.079644 0.832616 0.548094
0.048044 0.916770 0.396516
0.078012 0.966075 0.246197
0.048061 0.969669 0.239649
0.078012 0.966075 0.246197
0.048044 0.916770 0.396516
0.079958 0.911757 0.402871
0.048061 0.969669 0.239649
0.079412 0.993134 0.085901
0.049242 0.995560 0.080224
0.079412 0.993134 0.085901
0.048061 0.969669 0.239649
0.078012 0.966075 0.246197
0.049242 0.995560 0.080224
0.080825 0.993594 -0.078985
0.047016 0.995119 -0.086764
0.080825 0.993594 -0.078985
0.049242 0.995560 0.080224
0.079412 0.993134 0.085901
0.137651 0.987870 -0.071873
0.138431 0.962507 -0.233276
0.080825 0.993594 -0.078985
0.080825 0.993594 -0.078985
0.138431 0.962507 -0.233276
0.079424 0.966725 -0.243178
0.047016 0.995119 -0.086764
0.079424 0.966725 -0.243178
0.044210 0.967011 -0.250869
0.079424 0.966725 -0.243178
0.047016 0.995119 -0.086764
0.080825 0.993594 -0.078985
0.138431 0.962507 -0.233276
0.135585 0.910439 -0.390791
0.079424 0.966725 -0.243178
0.079424 0.966725 -0.243178
0.135585 0.910439 -0.390791
0.080077 0.913183 -0.399605
0.044210 0.967011 -0.250869
0.080077 0.913183 -0.399605
0.047842 0.912654 -0.405923
0.080077 0.913183 -0.399605
0.044210 0.967011 -0.250869
0.079424 0.966725 -0.243178
0.135585 0.910439 -0.390791
0.135157 0.833452 -0.535808
0.080077 0.913183 -0.399605
0.080077 0.913183 -0.399605
0.135157 0.833452 -0.535808
0.082038 0.834993 -0.544111
0.047842 0.912654 -0.405923
0.082038 0.834993 -0.544111
0.051832 0.832997 -0.550845
0.082038 0.834993 -0.544111
0.047842 0.912654 -0.405923
0.080077 0.913183 -0.399605
0.135157 0.833452 -0.535808
0.135542 0.736255 -0.662990
0.082038 0.834993 -0.544111
0.082038 0.834993 -0.544111
0.135542 0.736255 -0.662990
0.080622 0.734851 -0.673420
0.051832 0.832997 -0.550845
0.080622 0.734851 -0.673420
0.049700 0.730819 -0.680759
0.080622 0.734851 -0.673420
0.051832 0.832997 -0.550845
0.082038 0.834993 -0.544111
0.160682 0.984873 -0.064855
0.162420 0.960938 -0.224093
0.137651 0.987870 -0.071873
0.137651 0.987870 -0.071873
0.162420 0.960938 -0.224093
0.138431 0.962507 -0.233276
0.162420 0.960938 -0.224093
0.158688 0.910497 -0.381855
0.138431 0.962507 -0.233276
0.138431 0.962507 -0.233276
0.158688 0.910497 -0.381855
0.135585 0.910439 -0.390791
0.158688 0.910497 -0.381855
0.158023 0.834661 -0.527608
0.135585 0.910439 -0.390791
0.135585 0.910439 -0.390791
0.158023 0.834661 -0.527608
0.135157 0.833452 -0.535808
0.158023 0.834661 -0.527608
0.159659 0.738747 -0.654799
0.135157 0.833452 -0.535808
0.135157 0.833452 -0.535808
0.159659 0.738747 -0.654799
0.135542 0.736255 -0.662990
0.079448 0.614725 -0.784730
0.135542 0.736255 -0.662990
0.134659 0.616634 -0.775648
0.135542 0.736255 -0.662990
0.079448 0.614725 -0.784730
0.080622 0.734851 -0.673420
0.079448 0.614725 -0.784730
0.049700 0.730819 -0.680759
0.080622 0.734851 -0.673420
0.049700 0.730819 -0.680759
0.079448 0.614725 -0.784730
0.050301 0.610947 -0.790072
0.136105 0.479310 -0.867028
0.081090 0.477267 -0.875009
0.079448 0.614725 -0.784730
0.136105 0.479310 -0.867028
0.079448 0.614725 -0.784730
0.134659 0.616634 -0.775648
0.081090 0.477267 -0.875009
0.050301 0.610947 -0.790072
0.079448 0.614725 -0.784730
0.050301 0.610947 -0.790072
0.081090 0.477267 -0.875009
0.051014 0.472437 -0.879887
0.137476 0.331952 -0.933225
0.079526 0.325409 -0.942223
0.081090 0.477267 -0.875009
0.137476 0.331952 -0.933225
0.081090 0.477267 -0.875009
0.136105 0.479310 -0.867028
0.079526 0.325409 -0.942223
0.051014 0.472437 -0.879887
0.081090 0.477267 -0.875009
0.051014 0.472437 -0.879887
0.079526 0.325409 -0.942223
0.047891 0.318135 -0.946835
0.078217 0.166422 -0.982947
0.047891 0.318135 -0.946835
0.079526 0.325409 -0.942223
0.047891 0.318135 -0.946835
0.078217 0.166422 -0.982947
0.049098 0.160721 -0.985778
0.080450 0.003499 -0.996753
0.049098 0.160721 -0.985778
0.078217 0.166422 -0.982947
0.049098 0.160721 -0.985778
0.080450 0.003499 -0.996753
0.050204 -0.003111 -0.998734
0.079258 -0.161944 -0.983612
0.050204 -0.003111 -0.998734
0.080450 0.003499 -0.996753
0.050204 -0.003111 -0.998734
0.079258 -0.161944 -0.983612
0.047386 -0.170592 -0.984202
0.077385 -0.322086 -0.943542
0.047386 -0.170592 -0.984202
0.079258 -0.161944 -0.983612
0.047386 -0.170592 -0.984202
0.077385 -0.322086 -0.943542
0.048345 -0.328796 -0.943163
0.134659 0.616634 -0.775648
0.159659 0.738747 -0.654799
0.160437 0.620652 -0.767497
0.159659 0.738747 -0.654799
0.134659 0.616634 -0.775648
0.135542 0.736255 -0.662990
0.136105 0.479310 -0.867028
0.160437 0.620652 -0.767497
0.161516 0.483407 -0.860366
0.160437 0.620652 -0.767497
0.136105 0.479310 -0.867028
0.134659 0.616634 -0.775648
0.163589 0.338515 -0.926632
0.137476 0.331952 -0.933225
0.136105 0.479310 -0.867028
0.163589 0.338515 -0.926632
0.136105 0.479310 -0.867028
0.161516 0.483407 -0.860366
-0.000012 0.908297 0.418326
-0.002213 0.960667 0.277696
-0.001463 0.964233 0.265053
-0.002213 0.960667 0.277696
-0.000012 0.908297 0.418326
-0.000220 0.902392 0.430916
-0.000518 0.896844 0.442346
-0.002954 0.957191 0.289443
-0.000220 0.902392 0.430916
-0.000220 0.902392 0.430916
-0.002954 0.957191 0.289443
-0.002213 0.960667 0.277696
-0.002954 0.957191 0.289443
0.001037 0.992024 0.126043
-0.002213 0.960667 0.277696
-0.002213 0.960667 0.277696
0.001037 0.992024 0.126043
0.001962 0.993619 0.112774
-0.001463 0.964233 0.265053
0.001962 0.993619 0.112774
0.002956 0.995125 0.098581
0.001962 0.993619 0.112774
-0.001463 0.964233 0.265053
-0.002213 0.960667 0.277696
0.001037 0.992024 0.126043
0.000559 0.999284 -0.037843
0.001962 0.993619 0.112774
0.001962 0.993619 0.112774
0.000559 0.999284 -0.037843
0.000900 0.998689 -0.051185
0.002956 0.995125 0.098581
0.000900 0.998689 -0.051185
0.001193 0.997856 -0.065431
0.000900 0.998689 -0.051185
0.002956 0.995125 0.098581
0.001962 0.993619 0.112774
-0.055979 0.995814 0.072256
-0.054559 0.994033 -0.094449
-0.081013 0.994675 0.063713
-0.081013 0.994675 0.063713
-0.054559 0.994033 -0.094449
-0.082398 0.991483 -0.100861
-0.054559 0.994033 -0.094449
-0.050857 0.964351 -0.259695
-0.082398 0.991483 -0.100861
-0.082398 0.991483 -0.100861
-0.050857 0.964351 -0.259695
-0.078860 0.961157 -0.264496
-1.000000 0.000000 0.000000
-1.000000 0.000000 0.000000
-1.000000 0.000000 0.000000
-1.000000 0.000000 0.000000
-1.000000 0.000000 0.000000
-1.000000 0.000000 0.000000
-1.000000 0.000000 0.000000
-1.000000 0.000000 0.000000
-1.000000 0.000000 0.000000
-1.000000 0.000000 0.000000
-1.000000 0.000000 0.000000
-1.000000 0.000000 0.000000
-1.000000 0.000000 0.000000
-1.000000 -0.000000 -0.000000
-1.000000 -0.000000 -0.000000
-1.000000 -0.000000 -0.000000
-1.000000 0.000000 0.000000
-1.000000 0.000000 0.000000
-1.000000 -0.000000 -0.000000
-1.000000 -0.000000 -0.000000
-1.000000 -0.000000 -0.000000
-1.000000 -0.000000 -0.000000
-1.000000 -0.000000 -0.000000
-1.000000 -0.000000 -0.000000
-1.000000 0.000000 0.000000
-1.000000 -0.000000 -0.000000
-1.000000 -0.000000 -0.000000
-1.000000 -0.000000 -0.000000
-1.000000 0.000000 0.000000
-1.000000 0.000000 0.000000
-1.000000 0.000000 0.000000
-1.000000 0.000000 0.000000
-1.000000 0.000000 0.000000
-1.000000 0.000000 0.000000
-1.000000 0.000000 0.000000
-1.000000 0.000000 0.000000
-1.000000 0.000000 -0.000000
-1.000000 0.000000 0.000000
-1.000000 0.000000 0.000000
-1.000000 0.000000 0.000000
-1.000000 0.000000 -0.000000
-1.000000 0.000000 -0.000000
-1.000000 0.000000 -0.000000
-1.000000 0.000000 -0.000000
-1.000000 0.000000 -0.000000
-1.000000 0.000000 -0.000000
-1.000000 0.000000 -0.000000
-1.000000 0.000000 -0.000000
-1.000000 0.000000 0.000000
-1.000000 0.000000 -0.000000
-1.000000 0.000000 -0.000000
-1.000000 0.000000 -0.000000
-1.000000 0.000000 0.000000
-1.000000 0.000000 0.000000
-1.000000 -0.000000 -0.000000
-1.000000 0.000000 0.000000
-1.000000 0.000000 0.000000
-1.000000 0.000000 0.000000
-1.000000 -0.000000 -0.000000
-1.000000 -0.000000 -0.000000
-1.000000 -0.000000 -0.000000
-1.000000 -0.000000 -0.000000
-1.000000 -0.000000 -0.000000
-1.000000 -0.000000 -0.000000
-1.000000 -0.000000 -0.000000
-1.000000 -0.000000 -0.000000
-1.000000 -0.000000 -0.000000
-1.000000 0.000000 0.000000
-1.000000 0.000000 0.000000
-1.000000 0.000000 0.000000
-1.000000 -0.000000 -0.000000
-1.000000 -0.000000 -0.000000
-1.000000 0.000000 0.000000
-1.000000 0.000000 0.000000
-1.000000 0.000000 0.000000
-1.000000 0.000000 0.000000
-1.000000 0.000000 0.000000
-1.000000 0.000000 0.000000
-1.000000 0.000000 0.000000
-1.000000 0.000000 0.000000
-1.000000 0.000000 0.000000
-1.000000 0.000000 0.000000
-1.000000 0.000000 0.000000
-1.000000 0.000000 0.000000
-1.000000 0.000000 0.000000
-1.000000 0.000000 -0.000000
-1.000000 0.000000 -0.000000
-1.000000 0.000000 -0.000000
-1.000000 0.000000 0.000000
-1.000000 0.000000 0.000000
-1.000000 0.000000 -0.000000
-1.000000 0.000000 -0.000000
-1.000000 0.000000 -0.000000
-1.000000 0.000000 -0.000000
-1.000000 0.000000 -0.000000
-1.000000 0.000000 -0.000000
-1.000000 0.000000 -0.000000
-1.000000 0.000000 -0.000000
-1.000000 0.000000 -0.000000
-1.000000 0.000000 -0.000000
-1.000000 0.000000 -0.000000
-1.000000 0.000000 -0.000000
-1.000000 0.000000 -0.000000
-1.000000 0.000000 -0.000000
-1.000000 0.000000 -0.000000
-1.000000 0.000000 -0.000000
-1.000000 0.000000 -0.000000
-1.000000 0.000000 -0.000000
-1.000000 -0.000001 -0.000000
-1.000000 -0.000000 0.000000
-1.000000 -0.000001 -0.000000
-1.000000 -0.000001 -0.000000
-1.000000 -0.000000 0.000000
-1.000000 -0.000000 0.000000
-1.000000 -0.000000 -0.000000
-1.000000 -0.000001 -0.000000
-1.000000 -0.000001 -0.000000
-1.000000 -0.000001 -0.000000
-1.000000 -0.000000 -0.000000
-1.000000 -0.000000 -0.000000
0.001988 0.999268 0.038210
-0.001836 0.992607 -0.121358
0.001609 0.999665 0.025846
0.001609 0.999665 0.025846
-0.001836 0.992607 -0.121358
-0.002051 0.990881 -0.134726
-0.002051 0.990881 -0.134726
-0.001344 0.958524 -0.285007
-0.000997 0.954217 -0.299114
-0.001344 0.958524 -0.285007
-0.002051 0.990881 -0.134726
-0.001836 0.992607 -0.121358
-1.000000 -0.000000 0.000000
-1.000000 -0.000000 0.000000
-1.000000 -0.000000 0.000000
-1.000000 -0.000000 0.000000
-1.000000 -0.000000 0.000000
-1.000000 -0.000000 0.000000
-0.000997 0.954217 -0.299114
0.000558 0.896726 -0.442586
0.000503 0.891251 -0.453510
0.000558 0.896726 -0.442586
-0.000997 0.954217 -0.299114
-0.001344 0.958524 -0.285007
0.000503 0.891251 -0.453510
-0.001933 0.814657 -0.579939
-0.002308 0.806987 -0.590565
-0.001933 0.814657 -0.579939
0.000503 0.891251 -0.453510
0.000558 0.896726 -0.442586
-1.000000 0.000000 0.000000
-1.000000 -0.000000 0.000000
-1.000000 -0.000000 0.000000
-1.000000 -0.000000 0.000000
-1.000000 0.000000 0.000000
-1.000000 0.000000 0.000000
-1.000000 0.000000 0.000000
-1.000000 0.000000 0.000000
-1.000000 0.000000 0.000000
-1.000000 0.000000 0.000000
-1.000000 0.000000 0.000000
-1.000000 0.000000 0.000000
-0.002308 0.806987 -0.590565
-0.002477 0.707806 -0.706402
-0.002116 0.697259 -0.716816
-0.002477 0.707806 -0.706402
-0.002308 0.806987 -0.590565
-0.001933 0.814657 -0.579939
-1.000000 0.000000 -0.000000
-1.000000 0.000000 0.000000
-1.000000 0.000000 0.000000
-1.000000 0.000000 -0.000000
-1.000000 0.000000 0.000000
-1.000000 0.000000 -0.000000
0.000284 0.578311 -0.815816
-0.002116 0.697259 -0.716816
-0.002477 0.707806 -0.706402
-0.002116 0.697259 -0.716816
0.000284 0.578311 -0.815816
0.000358 0.568442 -0.822723
-1.000000 0.000000 -0.000000
-1.000000 0.000000 -0.000000
-1.000000 0.000000 -0.000000
-1.000000 0.000000 -0.000000
-1.000000 0.000000 -0.000000
-1.000000 0.000000 -0.000000
-0.001423 0.439847 -0.898072
0.000358 0.568442 -0.822723
0.000284 0.578311 -0.815816
0.000358 0.568442 -0.822723
-0.001423 0.439847 -0.898072
-0.001814 0.428279 -0.903645
-1.000000 0.000000 -0.000000
-1.000000 0.000000 -0.000000
-1.000000 0.000000 -0.000000
-1.000000 0.000000 -0.000000
-1.000000 0.000000 -0.000000
-1.000000 0.000000 -0.000000
-0.002134 0.287191 -0.957871
-0.001814 0.428279 -0.903645
-0.001423 0.439847 -0.898072
-0.001814 0.428279 -0.903645
-0.002134 0.287191 -0.957871
-0.001761 0.272672 -0.962105
0.000988 0.121255 -0.992621
-0.001761 0.272672 -0.962105
-0.002134 0.287191 -0.957871
-0.001761 0.272672 -0.962105
0.000988 0.121255 -0.992621
0.001126 0.108419 -0.994105
-1.000000 0.000000 -0.000000
-1.000000 -0.000000 0.000000
-1.000000 0.000000 -0.000000
-1.000000 -0.000000 0.000000
-1.000000 0.000000 -0.000000
-1.000000 -0.000000 0.000000
-0.000300 -0.041859 -0.999124
0.001126 0.108419 -0.994105
0.000988 0.121255 -0.992621
0.001126 0.108419 -0.994105
-0.000300 -0.041859 -0.999124
-0.000691 -0.054688 -0.998503
-1.000000 -0.000000 0.000000
-1.000000 0.000000 0.000000
-1.000000 -0.000000 0.000000
-1.000000 0.000000 0.000000
-1.000000 -0.000000 0.000000
-1.000000 0.000000 0.000000
-0.001330 -0.203448 -0.979085
-0.000691 -0.054688 -0.998503
-0.000300 -0.041859 -0.999124
-0.000691 -0.054688 -0.998503
-0.001330 -0.203448 -0.979085
-0.001028 -0.217518 -0.976056
-1.000000 0.000000 -0.000000
-1.000000 0.000000 -0.000000
-1.000000 0.000000 -0.000000
-1.000000 0.000000 -0.000000
-1.000000 0.000000 -0.000000
-1.000000 0.000000 -0.000000
-1.000000 -0.000000 -0.000000
-1.000000 0.000000 -0.000000
-1.000000 0.000000 -0.000000
-1.000000 0.000000 -0.000000
-1.000000 -0.000000 -0.000000
-1.000000 -0.000000 -0.000000
-1.000000 -0.000000 -0.000000
-1.000000 -0.000000 -0.000000
-1.000000 -0.000000 -0.000000
-1.000000 -0.000000 -0.000000
-1.000000 -0.000000 -0.000000
-1.000000 -0.000000 -0.000000
-1.000000 0.000000 -0.000000
-1.000000 -0.000000 -0.000000
-1.000000 -0.000000 -0.000000
-1.000000 -0.000000 -0.000000
-1.000000 0.000000 -0.000000
-1.000000 0.000000 -0.000000
-1.000000 0.000000 -0.000000
-1.000000 0.000000 -0.000000
-1.000000 0.000000 -0.000000
-1.000000 0.000000 -0.000000
-1.000000 0.000000 -0.000000
-1.000000 0.000000 -0.000000
-1.000000 0.000000 -0.000000
-1.000000 0.000000 0.000000
-1.000000 0.000000 0.000000
-1.000000 0.000000 0.000000
-1.000000 0.000000 -0.000000
-1.000000 0.000000 -0.000000
-1.000000 0.000000 0.000000
-1.000000 -0.000000 -0.000000
-1.000000 -0.000000 -0.000000
-1.000000 -0.000000 -0.000000
-1.000000 0.000000 0.000000
-1.000000 0.000000 0.000000
-1.000000 -0.000000 -0.000000
-1.000000 -0.000000 -0.000000
-1.000000 -0.000000 -0.000000
-1.000000 -0.000000 -0.000000
-1.000000 -0.000000 -0.000000
-1.000000 -0.000000 -0.000000
-1.000000 -0.000000 -0.000000
-1.000000 -0.000000 -0.000000
-1.000000 -0.000000 -0.000000
-1.000000 -0.000000 -0.000000
-1.000000 -0.000000 -0.000000
-1.000000 -0.000000 -0.000000
-1.000000 -0.000000 -0.000000
-1.000000 -0.000000 -0.000000
-1.000000 -0.000000 -0.000000
-1.000000 -0.000000 -0.000000
-1.000000 -0.000000 -0.000000
-1.000000 -0.000000 -0.000000
1.000000 0.000008 -0.000002
1.000000 0.000008 -0.000003
1.000000 0.000008 -0.000003
1.000000 0.000008 -0.000003
1.000000 0.000008 -0.000002
1.000000 0.000008 -0.000002
1.000000 0.000008 -0.000000
1.000000 0.000008 -0.000002
1.000000 0.000008 -0.000000
1.000000 0.000008 -0.000000
1.000000 0.000008 -0.000002
1.000000 0.000008 -0.000002
1.000000 0.000008 -0.000003
1.000000 0.000008 -0.000005
1.000000 0.000008 -0.000005
1.000000 0.000008 -0.000005
1.000000 0.000008 -0.000003
1.000000 0.000008 -0.000003
1.000000 0.000008 -0.000005
1.000000 0.000008 -0.000006
1.000000 0.000007 -0.000006
1.000000 0.000008 -0.000006
1.000000 0.000008 -0.000005
1.000000 0.000008 -0.000005
1.000000 0.000007 -0.000006
1.000000 0.000007 -0.000008
1.000000 0.000006 -0.000008
1.000000 0.000007 -0.000008
1.000000 0.000007 -0.000006
1.000000 0.000008 -0.000006
1.000000 0.000006 -0.000008
1.000000 0.000005 -0.000009
1.000000 0.000005 -0.000009
1.000000 0.000005 -0.000009
1.000000 0.000006 -0.000008
1.000000 0.000007 -0.000008
1.000000 0.000004 -0.000009
1.000000 0.000005 -0.000009
1.000000 0.000005 -0.000009
1.000000 0.000005 -0.000009
1.000000 0.000004 -0.000009
1.000000 0.000004 -0.000009
1.000000 0.000002 -0.000010
1.000000 0.000004 -0.000009
1.000000 0.000004 -0.000009
1.000000 0.000004 -0.000009
1.000000 0.000002 -0.000010
1.000000 0.000002 -0.000010
1.000000 0.000000 -0.000010
1.000000 0.000002 -0.000010
1.000000 0.000002 -0.000010
1.000000 0.000002 -0.000010
1.000000 0.000000 -0.000010
1.000000 0.000000 -0.000010
1.000000 -0.000001 -0.000010
1.000000 0.000000 -0.000010
1.000000 0.000000 -0.000010
1.000000 0.000000 -0.000010
1.000000 -0.000001 -0.000010
1.000000 -0.000001 -0.000010
1.000000 -0.000003 -0.000010
1.000000 -0.000001 -0.000010
1.000000 -0.000001 -0.000010
1.000000 -0.000001 -0.000010
1.000000 -0.000003 -0.000010
1.000000 -0.000003 -0.000010
1.000000 -0.000003 -0.000010
1.000000 -0.000004 -0.000009
1.000000 -0.000005 -0.000009
1.000000 -0.000004 -0.000009
1.000000 -0.000003 -0.000010
1.000000 -0.000003 -0.000010
1.000000 -0.000005 -0.000009
1.000000 -0.000006 -0.000008
1.000000 -0.000006 -0.000008
1.000000 -0.000006 -0.000008
1.000000 -0.000005 -0.000009
1.000000 -0.000004 -0.000009
1.000000 -0.000006 -0.000008
1.000000 -0.000007 -0.000007
1.000000 -0.000007 -0.000007
1.000000 -0.000007 -0.000007
1.000000 -0.000006 -0.000008
1.000000 -0.000006 -0.000008
1.000000 -0.000007 -0.000007
1.000000 -0.000008 -0.000005
1.000000 -0.000008 -0.000005
1.000000 -0.000008 -0.000005
1.000000 -0.000007 -0.000007
1.000000 -0.000007 -0.000007
1.000000 -0.000008 -0.000005
1.000000 -0.000008 -0.000004
1.000000 -0.000007 -0.000003
1.000000 -0.000008 -0.000004
1.000000 -0.000008 -0.000005
1.000000 -0.000008 -0.000005
1.000000 -0.000007 -0.000003
1.000000 -0.000008 -0.000002
1.000000 -0.000008 -0.000002
1.000000 -0.000008 -0.000002
1.000000 -0.000007 -0.000003
1.000000 -0.000008 -0.000004
-1.000000 0.000000 0.000000
-1.000000 0.000000 0.000000
-1.000000 0.000000 0.000000
-1.000000 0.000000 0.000000
-1.000000 0.000000 0.000000
-1.000000 0.000000 0.000000
-1.000000 0.000000 0.000000
-1.000000 0.000000 0.000000
-1.000000 0.000000 0.000000
-1.000000 0.000000 0.000000
-1.000000 0.000000 0.000000
-1.000000 0.000000 0.000000
-1.000000 -0.000000 0.000000
-1.000000 0.000000 0.000000
-1.000000 0.000000 0.000000
-1.000000 0.000000 0.000000
-1.000000 -0.000000 0.000000
-1.000000 -0.000001 0.000000
-1.000000 -0.000001 0.000001
-1.000000 -0.000001 0.000000
-1.000000 -0.000000 0.000000
-1.000000 -0.000001 0.000000
-1.000000 -0.000001 0.000001
-1.000000 -0.000001 0.000001
-1.000000 -0.000001 0.000001
-1.000000 -0.000001 0.000001
-1.000000 -0.000001 0.000001
-1.000000 -0.000001 0.000001
-1.000000 -0.000001 0.000001
-1.000000 -0.000001 0.000001
-1.000000 -0.000001 0.000002
-1.000000 -0.000001 0.000001
-1.000000 -0.000001 0.000001
-1.000000 -0.000001 0.000001
-1.000000 -0.000001 0.000002
-1.000000 -0.000001 0.000002
-1.000000 -0.000001 0.000002
-1.000000 -0.000001 0.000002
-1.000000 -0.000001 0.000002
-1.000000 -0.000001 0.000002
-1.000000 -0.000001 0.000002
-1.000000 -0.000001 0.000002
-1.000000 -0.000001 0.000002
-1.000000 -0.000001 0.000002
-1.000000 -0.000001 0.000002
-1.000000 -0.000001 0.000002
-1.000000 -0.000001 0.000002
-1.000000 -0.000001 0.000002
-1.000000 -0.000001 0.000002
-1.000000 -0.000000 0.000002
-1.000000 -0.000000 0.000002
-1.000000 -0.000000 0.000002
-1.000000 -0.000001 0.000002
-1.000000 -0.000001 0.000002
-1.000000 -0.000000 0.000002
-1.000000 0.000000 0.000002
-1.000000 0.000000 0.000002
-1.000000 0.000000 0.000002
-1.000000 -0.000000 0.000002
-1.000000 -0.000000 0.000002
-1.000000 0.000000 0.000002
-1.000000 0.000000 0.000002
-1.000000 0.000000 0.000002
-1.000000 0.000000 0.000002
-1.000000 0.000000 0.000002
-1.000000 0.000000 0.000002
0.001686 -0.377366 -0.926063
-0.001028 -0.217518 -0.976056
0.001532 -0.365529 -0.930799
0.001532 -0.365529 -0.930799
-0.001028 -0.217518 -0.976056
-0.001330 -0.203448 -0.979085
-1.000000 0.000000 0.000002
-1.000000 0.000001 0.000002
-1.000000 0.000001 0.000002
-1.000000 0.000001 0.000002
-1.000000 0.000000 0.000002
-1.000000 0.000000 0.000002
-0.000017 -0.523824 -0.851826
0.001686 -0.377366 -0.926063
0.000365 -0.513194 -0.858273
0.000365 -0.513194 -0.858273
0.001686 -0.377366 -0.926063
0.001532 -0.365529 -0.930799
-1.000000 0.000001 0.000002
-1.000000 0.000001 0.000002
-1.000000 0.000001 0.000002
-1.000000 0.000001 0.000002
-1.000000 0.000001 0.000002
-1.000000 0.000001 0.000002
-0.000564 -0.654896 -0.755718
-0.000017 -0.523824 -0.851826
-0.000834 -0.644248 -0.764816
-0.000834 -0.644248 -0.764816
-0.000017 -0.523824 -0.851826
0.000365 -0.513194 -0.858273
-1.000000 0.000001 0.000002
-1.000000 0.000001 0.000002
-1.000000 0.000001 0.000002
-1.000000 0.000001 0.000002
-1.000000 0.000001 0.000002
-1.000000 0.000001 0.000002
0.001979 -0.763513 -0.645790
0.002155 -0.771752 -0.635920
-0.000564 -0.654896 -0.755718
0.001979 -0.763513 -0.645790
-0.000564 -0.654896 -0.755718
-0.000834 -0.644248 -0.764816
-1.000000 0.000001 0.000001
-1.000000 0.000001 0.000002
-1.000000 0.000001 0.000002
-1.000000 0.000001 0.000002
-1.000000 0.000001 0.000001
-1.000000 0.000001 0.000001
0.000580 -0.866023 -0.500003
0.002155 -0.771752 -0.635920
0.000960 -0.859812 -0.510610
0.000960 -0.859812 -0.510610
0.002155 -0.771752 -0.635920
0.001979 -0.763513 -0.645790
-1.000000 0.000001 0.000000
-1.000000 0.000001 0.000001
-1.000000 0.000001 0.000001
-1.000000 0.000001 0.000001
-1.000000 0.000001 0.000000
-1.000000 0.000000 0.000000
-0.000755 -0.935357 -0.353704
0.000580 -0.866023 -0.500003
-0.000904 -0.930353 -0.366663
-0.000904 -0.930353 -0.366663
0.000580 -0.866023 -0.500003
0.000960 -0.859812 -0.510610
-1.000000 -0.000000 0.000000
-1.000000 0.000000 0.000000
-1.000000 0.000001 0.000000
-1.000000 0.000000 0.000000
-1.000000 -0.000000 0.000000
-1.000000 -0.000001 0.000000
0.002383 -0.981617 -0.190848
-0.000755 -0.935357 -0.353704
0.002012 -0.978619 -0.205672
0.002012 -0.978619 -0.205672
-0.000755 -0.935357 -0.353704
-0.000904 -0.930353 -0.366663
-1.000000 -0.000001 -0.000000
-1.000000 -0.000001 0.000000
-1.000000 -0.000000 0.000000
-1.000000 -0.000001 0.000000
-1.000000 -0.000001 -0.000000
-1.000000 -0.000001 -0.000000
0.001660 -0.999666 -0.025790
0.002383 -0.981617 -0.190848
0.002045 -0.999269 -0.038174
0.002045 -0.999269 -0.038174
0.002383 -0.981617 -0.190848
0.002012 -0.978619 -0.205672
-1.000000 -0.000000 -0.000000
-1.000000 -0.000001 -0.000000
-1.000000 -0.000001 -0.000000
-1.000000 -0.000001 -0.000000
-1.000000 -0.000000 -0.000000
-1.000000 0.000000 -0.000000
-0.002015 -0.990872 0.134791
0.001660 -0.999666 -0.025790
-0.001803 -0.992600 0.121415
-0.001803 -0.992600 0.121415
0.001660 -0.999666 -0.025790
0.002045 -0.999269 -0.038174
-1.000000 0.000001 -0.000000
-1.000000 0.000000 -0.000000
-1.000000 -0.000000 -0.000000
-1.000000 0.000000 -0.000000
-1.000000 0.000001 -0.000000
-1.000000 0.000001 -0.000000
-0.000945 -0.954244 0.299028
-0.002015 -0.990872 0.134791
-0.001292 -0.958556 0.284900
-0.001292 -0.958556 0.284900
-0.002015 -0.990872 0.134791
-0.001803 -0.992600 0.121415
-1.000000 0.000001 -0.000000
-1.000000 0.000001 -0.000000
-1.000000 0.000000 -0.000000
-1.000000 0.000001 -0.000000
-1.000000 0.000001 -0.000000
-1.000000 0.000001 -0.000000
0.000345 0.966233 -0.257671
0.000360 0.966898 -0.255164
-0.000220 0.913642 -0.406519
0.000345 0.966233 -0.257671
-0.000220 0.913642 -0.406519
-0.000224 0.912566 -0.408930
0.000484 0.995614 -0.093557
0.000360 0.966898 -0.255164
0.000345 0.966233 -0.257671
0.000360 0.966898 -0.255164
0.000484 0.995614 -0.093557
0.000473 0.995875 -0.090731
-0.000224 0.912566 -0.408930
-0.000220 0.913642 -0.406519
0.000104 0.832761 -0.553633
-0.000224 0.912566 -0.408930
0.000104 0.832761 -0.553633
0.000119 0.831062 -0.556180
0.000119 0.831062 -0.556180
0.000104 0.832761 -0.553633
0.000298 0.728458 -0.685091
0.000119 0.831062 -0.556180
0.000298 0.728458 -0.685091
0.000290 0.726641 -0.687017
-0.000434 0.610132 -0.792299
-0.000450 0.608043 -0.793904
0.000290 0.726641 -0.687017
-0.000434 0.610132 -0.792299
0.000290 0.726641 -0.687017
0.000298 0.728458 -0.685091
-0.000513 0.469852 -0.882745
-0.000498 0.467162 -0.884171
-0.000450 0.608043 -0.793904
-0.000513 0.469852 -0.882745
-0.000450 0.608043 -0.793904
-0.000434 0.610132 -0.792299
0.000054 0.315027 -0.949083
0.000059 0.312490 -0.949921
-0.000498 0.467162 -0.884171
0.000054 0.315027 -0.949083
-0.000498 0.467162 -0.884171
-0.000513 0.469852 -0.882745
-0.000272 0.159010 -0.987277
-0.000287 0.156424 -0.987690
0.000059 0.312490 -0.949921
-0.000272 0.159010 -0.987277
0.000059 0.312490 -0.949921
0.000054 0.315027 -0.949083
-0.000434 -0.006454 -0.999979
-0.000424 -0.009278 -0.999957
-0.000287 0.156424 -0.987690
-0.000434 -0.006454 -0.999979
-0.000287 0.156424 -0.987690
-0.000272 0.159010 -0.987277
0.000116 -0.174289 -0.984694
0.000123 -0.176939 -0.984222
-0.000424 -0.009278 -0.999957
0.000116 -0.174289 -0.984694
-0.000424 -0.009278 -0.999957
-0.000434 -0.006454 -0.999979
-0.000136 -0.331140 -0.943582
-0.000152 -0.333614 -0.942710
0.000123 -0.176939 -0.984222
-0.000136 -0.331140 -0.943582
0.000123 -0.176939 -0.984222
0.000116 -0.174289 -0.984694
1.000000 0.000000 0.000000
1.000000 0.000000 0.000000
1.000000 0.000000 0.000000
1.000000 0.000000 0.000000
1.000000 0.000000 0.000000
1.000000 0.000000 0.000000
1.000000 0.000000 0.000000
1.000000 0.000000 0.000000
1.000000 0.000000 0.000000
1.000000 0.000000 0.000000
1.000000 0.000000 0.000000
1.000000 0.000000 0.000000
1.000000 0.000000 0.000000
1.000000 0.000000 0.000000
1.000000 0.000000 0.000000
1.000000 0.000000 0.000000
1.000000 0.000000 0.000000
1.000000 0.000000 0.000000
1.000000 0.000008 0.000001
1.000000 0.000008 -0.000000
1.000000 0.000008 -0.000000
1.000000 0.000008 -0.000000
1.000000 0.000008 0.000001
1.000000 0.000008 0.000001
1.000000 0.000000 0.000000
1.000000 0.000000 0.000000
1.000000 0.000000 0.000000
1.000000 0.000000 0.000000
1.000000 0.000000 0.000000
1.000000 0.000000 0.000000
1.000000 0.000000 0.000000
1.000000 0.000000 0.000000
1.000000 0.000000 0.000000
1.000000 0.000000 0.000000
1.000000 0.000000 0.000000
1.000000 0.000000 0.000000
1.000000 0.000000 0.000000
1.000000 0.000000 0.000000
1.000000 0.000000 0.000000
1.000000 0.000000 0.000000
1.000000 0.000000 0.000000
1.000000 0.000000 0.000000
1.000000 0.000001 0.000001
1.000000 0.000000 0.000000
1.000000 0.000000 0.000000
1.000000 0.000000 0.000000
1.000000 0.000001 0.000001
1.000000 0.000001 0.000001
1.000000 0.000001 0.000001
1.000000 0.000001 0.000001
1.000000 0.000001 0.000001
1.000000 0.000001 0.000001
1.000000 0.000001 0.000001
1.000000 0.000001 0.000001
1.000000 -0.000001 -0.000000
1.000000 0.000001 0.000001
1.000000 0.000001 0.000001
1.000000 0.000001 0.000001
1.000000 -0.000001 -0.000000
1.000000 -0.000001 -0.000000
1.000000 -0.000001 -0.000000
1.000000 -0.000001 -0.000000
1.000000 -0.000001 -0.000000
1.000000 -0.000001 -0.000000
1.000000 -0.000001 -0.000000
1.000000 -0.000001 -0.000000
1.000000 -0.000001 -0.000000
1.000000 0.000000 0.000000
1.000000 -0.000001 -0.000000
1.000000 -0.000001 -0.000000
1.000000 0.000000 0.000000
1.000000 0.000000 0.000000
1.000000 0.000000 0.000000
1.000000 0.000000 0.000000
1.000000 0.000000 0.000000
1.000000 0.000000 0.000000
1.000000 0.000000 0.000000
1.000000 0.000000 0.000000
1.000000 0.000000 0.000000
1.000000 0.000000 0.000000
1.000000 0.000000 0.000000
1.000000 0.000000 0.000000
1.000000 0.000000 0.000000
1.000000 0.000000 0.000000
1.000000 0.000000 0.000000
1.000000 0.000000 0.000000
1.000000 0.000000 0.000000
1.000000 0.000000 0.000000
1.000000 0.000000 0.000000
1.000000 0.000000 0.000000
1.000000 0.000000 0.000000
1.000000 0.000000 0.000000
1.000000 0.000000 0.000000
1.000000 0.000000 0.000000
1.000000 0.000000 0.000000
1.000000 0.000000 0.000000
1.000000 0.000000 0.000000
1.000000 0.000000 0.000000
1.000000 0.000000 0.000000
1.000000 0.000000 0.000000
1.000000 0.000000 0.000000
1.000000 0.000000 0.000000
1.000000 0.000000 0.000000
1.000000 0.000000 0.000000
1.000000 0.000000 0.000000
1.000000 0.000000 0.000000
1.000000 0.000000 0.000000
1.000000 0.000000 0.000000
1.000000 0.000000 0.000000
1.000000 0.000000 0.000000
1.000000 0.000000 0.000000
1.000000 0.000000 0.000000
1.000000 0.000000 0.000000
1.000000 0.000000 0.000000
1.000000 0.000000 0.000000
1.000000 0.000000 0.000000
1.000000 0.000000 0.000000
1.000000 0.000000 0.000000
1.000000 0.000000 0.000000
1.000000 0.000000 0.000000
1.000000 0.000000 0.000000
1.000000 0.000000 0.000000
1.000000 0.000000 0.000000
1.000000 0.000000 0.000000
1.000000 0.000000 0.000000
1.000000 0.000000 0.000000
1.000000 0.000000 0.000000
1.000000 0.000000 0.000000
1.000000 0.000000 0.000000
1.000000 0.000000 0.000000
1.000000 0.000000 0.000000
1.000000 0.000000 0.000000
1.000000 0.000000 0.000000
1.000000 0.000000 0.000000
1.000000 0.000000 0.000000
1.000000 0.000000 0.000000
1.000000 0.000000 0.000000
1.000000 0.000000 0.000000
1.000000 0.000000 0.000000
1.000000 0.000000 0.000000
1.000000 0.000000 0.000000
1.000000 0.000000 0.000000
1.000000 0.000000 0.000000
1.000000 0.000000 0.000000
1.000000 0.000000 0.000000
1.000000 -0.000000 0.000000
1.000000 0.000000 0.000000
1.000000 -0.000000 0.000000
1.000000 0.000000 0.000000
1.000000 -0.000000 0.000000
1.000000 -0.000000 0.000000
1.000000 0.000000 -0.000000
1.000000 -0.000000 0.000000
1.000000 0.000000 -0.000000
1.000000 -0.000000 0.000000
1.000000 0.000000 -0.000000
1.000000 0.000000 -0.000000
1.000000 0.000000 -0.000000
1.000000 0.000000 -0.000000
1.000000 0.000000 -0.000000
1.000000 0.000000 -0.000000
1.000000 0.000000 -0.000000
1.000000 0.000001 -0.000000
1.000000 0.000000 -0.000000
1.000000 0.000001 -0.000000
1.000000 0.000001 -0.000000
1.000000 0.000000 -0.000000
1.000000 0.000000 -0.000000
1.000000 0.000001 -0.000000
1.000000 0.000001 -0.000000
1.000000 0.000001 -0.000000
1.000000 0.000001 -0.000000
1.000000 0.000001 -0.000000
1.000000 0.000001 -0.000000
1.000000 0.000000 -0.000000
1.000000 0.000001 -0.000000
1.000000 0.000001 -0.000000
1.000000 0.000001 -0.000000
1.000000 0.000000 -0.000000
1.000000 0.000000 -0.000000
1.000000 0.000000 0.000000
1.000000 0.000000 -0.000000
1.000000 0.000000 -0.000000
1.000000 0.000000 -0.000000
1.000000 0.000000 0.000000
1.000000 0.000000 0.000000
1.000000 -0.000000 0.000000
1.000000 0.000000 0.000000
1.000000 0.000000 0.000000
1.000000 0.000000 0.000000
1.000000 -0.000000 0.000000
1.000000 -0.000000 0.000000
1.000000 -0.000000 0.000000
1.000000 -0.000000 0.000000
1.000000 -0.000000 0.000000
1.000000 -0.000000 0.000000
1.000000 -0.000000 0.000000
1.000000 -0.000000 0.000001
1.000000 -0.000000 0.000000
1.000000 -0.000000 0.000000
1.000000 -0.000000 0.000001
1.000000 -0.000000 0.000001
1.000000 -0.000000 0.000000
1.000000 -0.000000 0.000000
1.000000 -0.000000 0.000000
1.000000 0.000000 0.000000
1.000000 -0.000000 0.000000
1.000000 0.000000 0.000000
1.000000 -0.000000 0.000000
1.000000 0.000000 0.000000
1.000000 0.000000 0.000000
1.000000 0.000000 0.000000
1.000000 0.000000 0.000000
1.000000 0.000000 0.000000
1.000000 0.000000 0.000000
1.000000 0.000000 0.000000
1.000000 0.000000 0.000000
1.000000 0.000000 0.000000
1.000000 0.000000 0.000000
1.000000 0.000000 0.000000
1.000000 0.000000 0.000000
1.000000 0.000000 0.000000
-0.000331 -0.481237 -0.876591
-0.000152 -0.333614 -0.942710
-0.000136 -0.331140 -0.943582
-0.000152 -0.333614 -0.942710
-0.000331 -0.481237 -0.876591
-0.000321 -0.483726 -0.875219
0.000259 -0.621446 -0.783457
-0.000321 -0.483726 -0.875219
-0.000331 -0.481237 -0.876591
-0.000321 -0.483726 -0.875219
0.000259 -0.621446 -0.783457
0.000269 -0.623650 -0.781704
0.000046 -0.740751 -0.671779
0.000269 -0.623650 -0.781704
0.000259 -0.621446 -0.783457
0.000269 -0.623650 -0.781704
0.000046 -0.740751 -0.671779
0.000030 -0.742484 -0.669863
-0.000223 -0.839886 -0.542762
0.000030 -0.742484 -0.669863
0.000046 -0.740751 -0.671779
0.000030 -0.742484 -0.669863
-0.000223 -0.839886 -0.542762
-0.000215 -0.841378 -0.540447
1.000000 0.000000 0.000000
1.000000 0.000000 0.000000
1.000000 0.000000 0.000000
1.000000 0.000000 0.000000
1.000000 0.000000 0.000000
1.000000 0.000000 0.000000
1.000000 0.000000 0.000000
1.000000 0.000000 0.000000
1.000000 0.000000 0.000000
1.000000 0.000000 0.000000
1.000000 0.000000 0.000000
1.000000 0.000000 0.000000
0.000250 0.621459 0.783446
-0.000321 0.483478 0.875356
-0.000331 0.481005 0.876718
-0.000321 0.483478 0.875356
0.000250 0.621459 0.783446
0.000259 0.623641 0.781711
-0.000331 0.481005 0.876718
-0.000321 0.483478 0.875356
-0.000145 0.333176 0.942864
-0.000331 0.481005 0.876718
-0.000145 0.333176 0.942864
-0.000129 0.330703 0.943735
0.000049 0.740968 0.671541
0.000259 0.623641 0.781711
0.000250 0.621459 0.783446
0.000259 0.623641 0.781711
0.000049 0.740968 0.671541
0.000033 0.742711 0.669612
-0.000205 0.840143 0.542365
0.000033 0.742711 0.669612
0.000049 0.740968 0.671541
0.000033 0.742711 0.669612
-0.000205 0.840143 0.542365
-0.000196 0.841626 0.540060
0.000363 0.919187 0.393822
-0.000196 0.841626 0.540060
-0.000205 0.840143 0.542365
-0.000196 0.841626 0.540060
0.000363 0.919187 0.393822
0.000374 0.920300 0.391214
0.000214 0.971457 0.237215
0.000374 0.920300 0.391214
0.000363 0.919187 0.393822
0.000374 0.920300 0.391214
0.000214 0.971457 0.237215
0.000198 0.972072 0.234682
-0.000075 0.996970 0.077785
0.000198 0.972072 0.234682
0.000214 0.971457 0.237215
0.000198 0.972072 0.234682
-0.000075 0.996970 0.077785
-0.000069 0.997173 0.075143
0.000473 0.995875 -0.090731
-0.000069 0.997173 0.075143
-0.000075 0.996970 0.077785
-0.000069 0.997173 0.075143
0.000473 0.995875 -0.090731
0.000484 0.995614 -0.093557
-1.000000 0.000001 -0.000002
-1.000000 0.000001 -0.000002
-1.000000 0.000001 -0.000002
-1.000000 0.000001 -0.000002
-1.000000 0.000001 -0.000002
-1.000000 0.000001 -0.000002
-1.000000 0.000001 -0.000001
-1.000000 0.000001 -0.000002
-1.000000 0.000001 -0.000002
-1.000000 0.000001 -0.000002
-1.000000 0.000001 -0.000001
-1.000000 0.000001 -0.000001
-1.000000 0.000001 -0.000002
-1.000000 0.000001 -0.000002
-1.000000 0.000001 -0.000002
-1.000000 0.000001 -0.000002
-1.000000 0.000001 -0.000002
-1.000000 0.000001 -0.000002
-1.000000 0.000000 -0.000002
-1.000000 0.000001 -0.000002
-1.000000 0.000001 -0.000002
-1.000000 0.000001 -0.000002
-1.000000 0.000000 -0.000002
-1.000000 0.000000 -0.000002
-1.000000 -0.000000 -0.000002
-1.000000 0.000000 -0.000002
-1.000000 0.000000 -0.000002
-1.000000 0.000000 -0.000002
-1.000000 -0.000000 -0.000002
-1.000000 -0.000000 -0.000002
-1.000000 -0.000000 -0.000002
-1.000000 -0.000000 -0.000002
-1.000000 -0.000000 -0.000002
-1.000000 -0.000000 -0.000002
-1.000000 -0.000000 -0.000002
-1.000000 -0.000000 -0.000002
-1.000000 -0.000001 -0.000002
-1.000000 -0.000000 -0.000002
-1.000000 -0.000000 -0.000002
-1.000000 -0.000000 -0.000002
-1.000000 -0.000001 -0.000002
-1.000000 -0.000001 -0.000002
-1.000000 -0.000001 -0.000002
-1.000000 -0.000001 -0.000002
-1.000000 -0.000001 -0.000002
-1.000000 -0.000001 -0.000002
-1.000000 -0.000001 -0.000002
-1.000000 -0.000001 -0.000002
-1.000000 -0.000001 -0.000002
-1.000000 -0.000001 -0.000002
-1.000000 -0.000001 -0.000002
-1.000000 -0.000001 -0.000002
-1.000000 -0.000001 -0.000002
-1.000000 -0.000001 -0.000002
-1.000000 -0.000001 -0.000001
-1.000000 -0.000001 -0.000002
-1.000000 -0.000001 -0.000001
-1.000000 -0.000001 -0.000002
-1.000000 -0.000001 -0.000002
-1.000000 -0.000001 -0.000001
-1.000000 -0.000001 -0.000001
-1.000000 -0.000000 -0.000000
-1.000000 -0.000001 -0.000001
-1.000000 -0.000000 -0.000000
-1.000000 -0.000001 -0.000001
-1.000000 -0.000000 -0.000000
-1.000000 -0.000000 -0.000000
-1.000000 0.000000 0.000000
-1.000000 -0.000000 -0.000000
-1.000000 0.000000 0.000000
-1.000000 -0.000000 -0.000000
-1.000000 0.000000 0.000000
-1.000000 0.000000 0.000000
-1.000000 0.000000 0.000000
-1.000000 0.000000 0.000000
-1.000000 0.000000 0.000000
-1.000000 0.000000 0.000000
-1.000000 0.000000 0.000000
-1.000000 0.000000 0.000000
-1.000000 0.000000 0.000000
-1.000000 0.000000 0.000000
-1.000000 0.000000 0.000000
-1.000000 0.000000 0.000000
-1.000000 0.000000 0.000000
0.000352 -0.918941 -0.394394
0.000362 -0.920063 -0.391771
-0.000215 -0.841378 -0.540447
0.000352 -0.918941 -0.394394
-0.000215 -0.841378 -0.540447
-0.000223 -0.839886 -0.542762
0.000190 -0.971264 -0.238005
0.000174 -0.971883 -0.235464
0.000362 -0.920063 -0.391771
0.000190 -0.971264 -0.238005
0.000362 -0.920063 -0.391771
0.000352 -0.918941 -0.394394
-0.000103 -0.996922 -0.078395
-0.000096 -0.997130 -0.075706
0.000174 -0.971883 -0.235464
-0.000103 -0.996922 -0.078395
0.000174 -0.971883 -0.235464
0.000190 -0.971264 -0.238005
0.000467 -0.995938 0.090044
0.000479 -0.995671 0.092947
-0.000096 -0.997130 -0.075706
0.000467 -0.995938 0.090044
-0.000096 -0.997130 -0.075706
-0.000103 -0.996922 -0.078395
0.000359 -0.967157 0.254178
0.000343 -0.966479 0.256745
0.000479 -0.995671 0.092947
0.000359 -0.967157 0.254178
0.000479 -0.995671 0.092947
0.000467 -0.995938 0.090044
-0.000149 -0.914044 0.405614
-0.000150 -0.912961 0.408046
0.000343 -0.966479 0.256745
-0.000149 -0.914044 0.405614
0.000343 -0.966479 0.256745
0.000359 -0.967157 0.254178
0.000248 -0.833218 0.552944
0.000262 -0.831539 0.555466
-0.000150 -0.912961 0.408046
0.000248 -0.833218 0.552944
-0.000150 -0.912961 0.408046
-0.000149 -0.914044 0.405614
0.000366 -0.728987 0.684528
0.000356 -0.727193 0.686433
0.000262 -0.831539 0.555466
0.000366 -0.728987 0.684528
0.000262 -0.831539 0.555466
0.000248 -0.833218 0.552944
-0.000419 -0.610544 0.791982
-0.000434 -0.608509 0.793546
0.000356 -0.727193 0.686433
-0.000419 -0.610544 0.791982
0.000356 -0.727193 0.686433
0.000366 -0.728987 0.684528
-0.000483 -0.470039 0.882645
-0.000469 -0.467401 0.884045
-0.000434 -0.608509 0.793546
-0.000483 -0.470039 0.882645
-0.000434 -0.608509 0.793546
-0.000419 -0.610544 0.791982
0.000065 -0.315140 0.949045
0.000069 -0.312659 0.949865
-0.000469 -0.467401 0.884045
0.000065 -0.315140 0.949045
-0.000469 -0.467401 0.884045
-0.000483 -0.470039 0.882645
-0.000290 -0.159201 0.987246
-0.000305 -0.156679 0.987650
0.000069 -0.312659 0.949865
-0.000290 -0.159201 0.987246
0.000069 -0.312659 0.949865
0.000065 -0.315140 0.949045
-0.000457 0.006191 0.999981
-0.000447 0.009017 0.999959
-0.000305 -0.156679 0.987650
-0.000457 0.006191 0.999981
-0.000305 -0.156679 0.987650
-0.000290 -0.159201 0.987246
0.000113 0.173921 0.984760
0.000121 0.176611 0.984281
-0.000447 0.009017 0.999959
0.000113 0.173921 0.984760
-0.000447 0.009017 0.999959
-0.000457 0.006191 0.999981
-0.000129 0.330703 0.943735
-0.000145 0.333176 0.942864
0.000121 0.176611 0.984281
-0.000129 0.330703 0.943735
0.000121 0.176611 0.984281
0.000113 0.173921 0.984760
0.000538 -0.896904 0.442225
-0.000945 -0.954244 0.299028
-0.001292 -0.958556 0.284900
-0.000945 -0.954244 0.299028
0.000538 -0.896904 0.442225
0.000472 -0.891429 0.453161
-0.002057 -0.815083 0.579341
0.000472 -0.891429 0.453161
0.000538 -0.896904 0.442225
0.000472 -0.891429 0.453161
-0.002057 -0.815083 0.579341
-0.002439 -0.807372 0.590038
-0.002585 -0.708275 0.705932
-0.002439 -0.807372 0.590038
-0.002057 -0.815083 0.579341
-0.002439 -0.807372 0.590038
-0.002585 -0.708275 0.705932
-0.002212 -0.697610 0.716475
0.000233 -0.578736 0.815515
-0.002212 -0.697610 0.716475
-0.002585 -0.708275 0.705932
-0.002212 -0.697610 0.716475
0.000233 -0.578736 0.815515
0.000307 -0.568785 0.822486
-0.001477 -0.440340 0.897830
0.000307 -0.568785 0.822486
0.000233 -0.578736 0.815515
0.000307 -0.568785 0.822486
-0.001477 -0.440340 0.897830
-0.001872 -0.428667 0.903461
-0.002177 -0.287528 0.957770
-0.001872 -0.428667 0.903461
-0.001477 -0.440340 0.897830
-0.001872 -0.428667 0.903461
-0.002177 -0.287528 0.957770
-0.001798 -0.272921 0.962035
0.000956 -0.121606 0.992578
-0.001798 -0.272921 0.962035
-0.002177 -0.287528 0.957770
-0.001798 -0.272921 0.962035
0.000956 -0.121606 0.992578
0.001093 -0.108759 0.994068
-0.000361 0.041295 0.999147
0.001093 -0.108759 0.994068
0.000956 -0.121606 0.992578
0.001093 -0.108759 0.994068
-0.000361 0.041295 0.999147
-0.000755 0.054111 0.998535
-0.001398 0.202942 0.979190
-0.000755 0.054111 0.998535
-0.000361 0.041295 0.999147
-0.000755 0.054111 0.998535
-0.001398 0.202942 0.979190
-0.001094 0.217027 0.976165
0.001459 0.365060 0.930983
-0.001094 0.217027 0.976165
-0.001398 0.202942 0.979190
-0.001094 0.217027 0.976165
0.001459 0.365060 0.930983
0.001610 0.376892 0.926256
0.000291 0.512844 0.858482
0.001610 0.376892 0.926256
0.001459 0.365060 0.930983
0.001610 0.376892 0.926256
0.000291 0.512844 0.858482
-0.000090 0.523569 0.851983
-0.000845 0.644273 0.764795
-0.000090 0.523569 0.851983
0.000291 0.512844 0.858482
-0.000090 0.523569 0.851983
-0.000845 0.644273 0.764795
-0.000565 0.655040 0.755594
-0.000565 0.655040 0.755594
0.002082 0.763859 0.645380
0.002270 0.772226 0.635344
0.002082 0.763859 0.645380
-0.000565 0.655040 0.755594
-0.000845 0.644273 0.764795
0.002270 0.772226 0.635344
0.001120 0.860272 0.509834
0.000734 0.866516 0.499149
0.001120 0.860272 0.509834
0.002270 0.772226 0.635344
0.002082 0.763859 0.645380
-1.000000 0.000001 -0.000000
-1.000000 0.000000 0.000000
-1.000000 0.000000 -0.000000
-1.000000 0.000000 0.000000
-1.000000 0.000000 -0.000000
-1.000000 0.000000 0.000000
-1.000000 0.000000 0.000000
-1.000000 0.000000 -0.000000
-1.000000 0.000000 0.000000
-1.000000 0.000000 -0.000001
-1.000000 0.000000 0.000000
-1.000000 0.000000 -0.000000
-1.000000 0.000000 -0.000000
-1.000000 0.000001 -0.000001
-1.000000 0.000000 -0.000001
-1.000000 0.000001 -0.000001
-1.000000 0.000000 -0.000001
-1.000000 0.000001 -0.000001
1.000000 -0.000008 -0.000001
1.000000 -0.000008 -0.000002
1.000000 -0.000008 -0.000001
1.000000 -0.000008 -0.000002
1.000000 -0.000008 -0.000002
1.000000 -0.000008 -0.000001
1.000000 -0.000008 0.000000
1.000000 -0.000008 -0.000001
1.000000 -0.000008 0.000000
1.000000 -0.000008 0.000000
1.000000 -0.000008 -0.000001
1.000000 -0.000008 -0.000001
1.000000 -0.000008 0.000002
1.000000 -0.000008 0.000000
1.000000 -0.000008 0.000002
1.000000 -0.000008 0.000002
1.000000 -0.000008 0.000000
1.000000 -0.000008 0.000000
1.000000 -0.000007 0.000003
1.000000 -0.000008 0.000002
1.000000 -0.000008 0.000002
1.000000 -0.000008 0.000002
1.000000 -0.000007 0.000003
1.000000 -0.000007 0.000003
1.000000 -0.000007 0.000004
1.000000 -0.000007 0.000003
1.000000 -0.000007 0.000003
1.000000 -0.000007 0.000003
1.000000 -0.000007 0.000004
1.000000 -0.000007 0.000004
1.000000 -0.000007 0.000006
1.000000 -0.000007 0.000004
1.000000 -0.000007 0.000004
1.000000 -0.000007 0.000004
1.000000 -0.000007 0.000006
1.000000 -0.000007 0.000006
1.000000 -0.000007 0.000008
1.000000 -0.000007 0.000006
1.000000 -0.000007 0.000006
1.000000 -0.000007 0.000006
1.000000 -0.000007 0.000008
1.000000 -0.000007 0.000008
1.000000 -0.000005 0.000009
1.000000 -0.000007 0.000008
1.000000 -0.000007 0.000008
1.000000 -0.000007 0.000008
1.000000 -0.000005 0.000009
1.000000 -0.000005 0.000009
1.000000 -0.000005 0.000009
1.000000 -0.000004 0.000009
1.000000 -0.000005 0.000009
1.000000 -0.000005 0.000009
1.000000 -0.000004 0.000009
1.000000 -0.000004 0.000009
1.000000 -0.000004 0.000009
1.000000 -0.000002 0.000010
1.000000 -0.000004 0.000009
1.000000 -0.000002 0.000010
1.000000 -0.000004 0.000009
1.000000 -0.000002 0.000010
1.000000 -0.000002 0.000010
1.000000 -0.000000 0.000010
1.000000 -0.000002 0.000010
1.000000 -0.000000 0.000010
1.000000 -0.000002 0.000010
1.000000 -0.000000 0.000010
1.000000 -0.000000 0.000010
1.000000 0.000001 0.000010
1.000000 -0.000000 0.000010
1.000000 0.000001 0.000010
1.000000 -0.000000 0.000010
1.000000 0.000001 0.000010
1.000000 0.000003 0.000010
1.000000 0.000001 0.000010
1.000000 0.000003 0.000010
1.000000 0.000001 0.000010
1.000000 0.000001 0.000010
1.000000 0.000003 0.000010
1.000000 0.000005 0.000009
1.000000 0.000003 0.000010
1.000000 0.000004 0.000009
1.000000 0.000003 0.000010
1.000000 0.000003 0.000010
1.000000 0.000004 0.000009
1.000000 0.000006 0.000008
1.000000 0.000005 0.000009
1.000000 0.000006 0.000008
1.000000 0.000006 0.000008
1.000000 0.000005 0.000009
1.000000 0.000004 0.000009
1.000000 0.000006 0.000008
1.000000 0.000006 0.000007
1.000000 0.000006 0.000007
1.000000 0.000006 0.000007
1.000000 0.000006 0.000008
1.000000 0.000006 0.000008
1.000000 0.000007 0.000005
1.000000 0.000006 0.000007
1.000000 0.000006 0.000007
1.000000 0.000006 0.000007
1.000000 0.000007 0.000005
1.000000 0.000007 0.000005
1.000000 0.000007 0.000003
1.000000 0.000007 0.000005
1.000000 0.000007 0.000005
1.000000 0.000007 0.000005
1.000000 0.000007 0.000003
1.000000 0.000007 0.000003
1.000000 0.000008 0.000002
1.000000 0.000007 0.000003
1.000000 0.000007 0.000003
1.000000 0.000007 0.000003
1.000000 0.000008 0.000002
1.000000 0.000008 0.000002
1.000000 0.000008 0.000001
1.000000 0.000008 0.000002
1.000000 0.000008 0.000002
1.000000 0.000008 0.000002
1.000000 0.000008 0.000001
1.000000 0.000008 0.000001
0.001120 0.860272 0.509834
-0.000860 0.930572 0.366108
0.000734 0.866516 0.499149
0.000734 0.866516 0.499149
-0.000860 0.930572 0.366108
-0.000728 0.935565 0.353153
-0.000860 0.930572 0.366108
0.001933 0.978654 0.205505
-0.000728 0.935565 0.353153
-0.000728 0.935565 0.353153
0.001933 0.978654 0.205505
0.002301 0.981648 0.190688
0.001933 0.978654 0.205505
0.001988 0.999268 0.038210
0.002301 0.981648 0.190688
0.002301 0.981648 0.190688
0.001988 0.999268 0.038210
0.001609 0.999665 0.025846
-0.873158 0.378041 0.307703
-0.870514 0.387101 0.303907
-0.812320 0.460110 0.358379
-0.870514 0.387101 0.303907
-0.815437 0.459796 0.351639
-0.812320 0.460110 0.358379
-0.867404 0.394423 0.303380
-0.815437 0.459796 0.351639
-0.870514 0.387101 0.303907
-0.815437 0.459796 0.351639
-0.867404 0.394423 0.303380
-0.816609 0.459897 0.348776
-0.914642 0.318807 0.248581
-0.867404 0.394423 0.303380
-0.870514 0.387101 0.303907
-0.867404 0.394423 0.303380
-0.914642 0.318807 0.248581
-0.910766 0.325389 0.254218
-0.919976 0.306655 0.244144
-0.914642 0.318807 0.248581
-0.870514 0.387101 0.303907
-0.919976 0.306655 0.244144
-0.870514 0.387101 0.303907
-0.873158 0.378041 0.307703
-0.875717 0.369888 0.310327
-0.873158 0.378041 0.307703
-0.809641 0.459629 0.364998
-0.873158 0.378041 0.307703
-0.812320 0.460110 0.358379
-0.809641 0.459629 0.364998
-0.919976 0.306655 0.244144
-0.875717 0.369888 0.310327
-0.926232 0.293169 0.236952
-0.875717 0.369888 0.310327
-0.919976 0.306655 0.244144
-0.873158 0.378041 0.307703
-0.926232 0.293169 0.236952
-0.877207 0.345045 0.333845
-0.931544 0.257182 0.257068
-0.877207 0.345045 0.333845
-0.926232 0.293169 0.236952
-0.875717 0.369888 0.310327
-0.877207 0.345045 0.333845
-0.875717 0.369888 0.310327
-0.806906 0.446357 0.386869
-0.875717 0.369888 0.310327
-0.809641 0.459629 0.364998
-0.806906 0.446357 0.386869
-0.717517 0.549053 0.428614
-0.703015 0.540146 0.462614
-0.806906 0.446357 0.386869
-0.798690 0.421786 0.429175
-0.806906 0.446357 0.386869
-0.703015 0.540146 0.462614
-0.809641 0.459629 0.364998
-0.717517 0.549053 0.428614
-0.806906 0.446357 0.386869
-0.717517 0.549053 0.428614
-0.809641 0.459629 0.364998
-0.726614 0.551791 0.409340
-0.877207 0.345045 0.333845
-0.798690 0.421786 0.429175
-0.871043 0.308672 0.382108
-0.798690 0.421786 0.429175
-0.877207 0.345045 0.333845
-0.806906 0.446357 0.386869
-0.931544 0.257182 0.257068
-0.871043 0.308672 0.382108
-0.931244 0.203840 0.302051
-0.871043 0.308672 0.382108
-0.931544 0.257182 0.257068
-0.877207 0.345045 0.333845
-0.863620 0.295097 0.408752
-0.871043 0.308672 0.382108
-0.798690 0.421786 0.429175
-0.863620 0.295097 0.408752
-0.798690 0.421786 0.429175
-0.788056 0.416032 0.453745
-0.703015 0.540146 0.462614
-0.684410 0.545223 0.484062
-0.798690 0.421786 0.429175
-0.788056 0.416032 0.453745
-0.798690 0.421786 0.429175
-0.684410 0.545223 0.484062
-0.871043 0.308672 0.382108
-0.930668 0.174330 0.321660
-0.931244 0.203840 0.302051
-0.930668 0.174330 0.321660
-0.871043 0.308672 0.382108
-0.863620 0.295097 0.408752
-0.533780 0.680599 0.501860
-0.510228 0.693658 0.508435
-0.684410 0.545223 0.484062
-0.670970 0.559485 0.486595
-0.684410 0.545223 0.484062
-0.510228 0.693658 0.508435
-0.567026 0.663595 0.487978
-0.684410 0.545223 0.484062
-0.703015 0.540146 0.462614
-0.684410 0.545223 0.484062
-0.567026 0.663595 0.487978
-0.533780 0.680599 0.501860
-0.788056 0.416032 0.453745
-0.670970 0.559485 0.486595
-0.780126 0.429459 0.454938
-0.670970 0.559485 0.486595
-0.788056 0.416032 0.453745
-0.684410 0.545223 0.484062
-0.860707 0.302741 0.409306
-0.863620 0.295097 0.408752
-0.788056 0.416032 0.453745
-0.860707 0.302741 0.409306
-0.788056 0.416032 0.453745
-0.780126 0.429459 0.454938
-0.937066 0.170212 0.304854
-0.930668 0.174330 0.321660
-0.863620 0.295097 0.408752
-0.937066 0.170212 0.304854
-0.863620 0.295097 0.408752
-0.860707 0.302741 0.409306
-0.930668 0.174330 0.321660
-0.998569 0.018650 0.050116
-0.993173 0.050174 0.105311
-0.998569 0.018650 0.050116
-0.930668 0.174330 0.321660
-0.937066 0.170212 0.304854
-0.993173 0.050174 0.105311
-0.931244 0.203840 0.302051
-0.930668 0.174330 0.321660
-0.931244 0.203840 0.302051
-0.993173 0.050174 0.105311
-0.984934 0.110872 0.132714
-0.510228 0.693658 0.508435
-0.506974 0.710407 0.488160
-0.670970 0.559485 0.486595
-0.670970 0.559485 0.486595
-0.506974 0.710407 0.488160
-0.669065 0.591406 0.450101
-0.780126 0.429459 0.454938
-0.669065 0.591406 0.450101
-0.784184 0.468046 0.407417
-0.669065 0.591406 0.450101
-0.780126 0.429459 0.454938
-0.670970 0.559485 0.486595
-0.872515 0.338525 0.352305
-0.860707 0.302741 0.409306
-0.780126 0.429459 0.454938
-0.872515 0.338525 0.352305
-0.780126 0.429459 0.454938
-0.784184 0.468046 0.407417
-0.950549 0.190145 0.245564
-0.937066 0.170212 0.304854
-0.860707 0.302741 0.409306
-0.950549 0.190145 0.245564
-0.860707 0.302741 0.409306
-0.872515 0.338525 0.352305
-0.937066 0.170212 0.304854
-0.999837 -0.005110 0.017338
-0.998569 0.018650 0.050116
-0.999837 -0.005110 0.017338
-0.937066 0.170212 0.304854
-0.950549 0.190145 0.245564
-0.793568 0.506540 0.337145
-0.784184 0.468046 0.407417
-0.669065 0.591406 0.450101
-0.793568 0.506540 0.337145
-0.669065 0.591406 0.450101
-0.675074 0.621071 0.398178
-0.669065 0.591406 0.450101
-0.506974 0.710407 0.488160
-0.519275 0.721633 0.457821
-0.669065 0.591406 0.450101
-0.519275 0.721633 0.457821
-0.675074 0.621071 0.398178
-0.884357 0.380032 0.271089
-0.872515 0.338525 0.352305
-0.784184 0.468046 0.407417
-0.884357 0.380032 0.271089
-0.784184 0.468046 0.407417
-0.793568 0.506540 0.337145
-0.958967 0.220170 0.178627
-0.950549 0.190145 0.245564
-0.872515 0.338525 0.352305
-0.958967 0.220170 0.178627
-0.872515 0.338525 0.352305
-0.884357 0.380032 0.271089
-0.999842 -0.011887 0.013219
-0.999837 -0.005110 0.017338
-0.950549 0.190145 0.245564
-0.999842 -0.011887 0.013219
-0.950549 0.190145 0.245564
-0.958967 0.220170 0.178627
-0.519275 0.721633 0.457821
-0.314703 0.802234 0.507329
-0.323204 0.835833 0.443759
-0.519275 0.721633 0.457821
-0.323204 0.835833 0.443759
-0.532076 0.732688 0.424339
-0.314703 0.802234 0.507329
-0.506974 0.710407 0.488160
-0.303988 0.804161 0.510799
-0.506974 0.710407 0.488160
-0.314703 0.802234 0.507329
-0.519275 0.721633 0.457821
-0.675074 0.621071 0.398178
-0.532076 0.732688 0.424339
-0.687924 0.643468 0.335722
-0.532076 0.732688 0.424339
-0.675074 0.621071 0.398178
-0.519275 0.721633 0.457821
-0.793568 0.506540 0.337145
-0.675074 0.621071 0.398178
-0.797696 0.542331 0.263737
-0.797696 0.542331 0.263737
-0.675074 0.621071 0.398178
-0.687924 0.643468 0.335722
-0.884357 0.380032 0.271089
-0.797696 0.542331 0.263737
-0.887812 0.409518 0.209963
-0.797696 0.542331 0.263737
-0.884357 0.380032 0.271089
-0.793568 0.506540 0.337145
-0.958967 0.220170 0.178627
-0.887812 0.409518 0.209963
-0.962097 0.245642 0.118450
-0.887812 0.409518 0.209963
-0.958967 0.220170 0.178627
-0.884357 0.380032 0.271089
-0.999842 -0.011887 0.013219
-0.962097 0.245642 0.118450
-0.998556 0.011122 -0.052555
-0.962097 0.245642 0.118450
-0.999842 -0.011887 0.013219
-0.958967 0.220170 0.178627
-0.687924 0.643468 0.335722
-0.532055 0.807057 0.256078
-0.690940 0.704551 0.161893
-0.532055 0.807057 0.256078
-0.687924 0.643468 0.335722
-0.532076 0.732688 0.424339
-0.532076 0.732688 0.424339
-0.323204 0.835833 0.443759
-0.298466 0.926044 0.230997
-0.532076 0.732688 0.424339
-0.298466 0.926044 0.230997
-0.532055 0.807057 0.256078
-0.797696 0.542331 0.263737
-0.690940 0.704551 0.161893
-0.777971 0.623013 0.081342
-0.690940 0.704551 0.161893
-0.797696 0.542331 0.263737
-0.687924 0.643468 0.335722
-0.887812 0.409518 0.209963
-0.777971 0.623013 0.081342
-0.865126 0.501540 0.003789
-0.777971 0.623013 0.081342
-0.887812 0.409518 0.209963
-0.797696 0.542331 0.263737
-0.962097 0.245642 0.118450
-0.865126 0.501540 0.003789
-0.925796 0.355987 -0.127178
-0.865126 0.501540 0.003789
-0.962097 0.245642 0.118450
-0.887812 0.409518 0.209963
-0.998556 0.011122 -0.052555
-0.925796 0.355987 -0.127178
-0.931616 0.160562 -0.326055
-0.925796 0.355987 -0.127178
-0.998556 0.011122 -0.052555
-0.962097 0.245642 0.118450
-0.298466 0.926044 0.230997
-0.018864 0.992075 0.124223
-0.009271 0.992330 -0.123272
-0.298466 0.926044 0.230997
-0.009271 0.992330 -0.123272
-0.232584 0.952360 -0.197271
-0.323204 0.835833 0.443759
-0.018864 0.992075 0.124223
-0.298466 0.926044 0.230997
-0.018864 0.992075 0.124223
-0.323204 0.835833 0.443759
-0.052643 0.913001 0.404547
-0.232584 0.952360 -0.197271
-0.532055 0.807057 0.256078
-0.298466 0.926044 0.230997
-0.532055 0.807057 0.256078
-0.232584 0.952360 -0.197271
-0.438997 0.884428 -0.158332
-0.690940 0.704551 0.161893
-0.438997 0.884428 -0.158332
-0.620356 0.770296 -0.147660
-0.438997 0.884428 -0.158332
-0.690940 0.704551 0.161893
-0.532055 0.807057 0.256078
-0.777971 0.623013 0.081342
-0.620356 0.770296 -0.147660
-0.693901 0.694787 -0.189135
-0.620356 0.770296 -0.147660
-0.777971 0.623013 0.081342
-0.690940 0.704551 0.161893
-0.865126 0.501540 0.003789
-0.693901 0.694787 -0.189135
-0.766241 0.584567 -0.266750
-0.693901 0.694787 -0.189135
-0.865126 0.501540 0.003789
-0.777971 0.623013 0.081342
-0.925796 0.355987 -0.127178
-0.766241 0.584567 -0.266750
-0.801195 0.446608 -0.398281
-0.766241 0.584567 -0.266750
-0.925796 0.355987 -0.127178
-0.865126 0.501540 0.003789
-0.931616 0.160562 -0.326055
-0.801195 0.446608 -0.398281
-0.765381 0.277396 -0.580727
-0.801195 0.446608 -0.398281
-0.931616 0.160562 -0.326055
-0.925796 0.355987 -0.127178
-0.009271 0.992330 -0.123272
-0.137424 0.819455 -0.556425
-0.232584 0.952360 -0.197271
-0.137424 0.819455 -0.556425
-0.009271 0.992330 -0.123272
-0.020632 0.879268 -0.475880
-0.137424 0.819455 -0.556425
-0.240227 0.798817 -0.551528
-0.232584 0.952360 -0.197271
-0.438997 0.884428 -0.158332
-0.232584 0.952360 -0.197271
-0.240227 0.798817 -0.551528
-0.620356 0.770296 -0.147660
-0.438997 0.884428 -0.158332
-0.444925 0.761265 -0.471718
-0.438997 0.884428 -0.158332
-0.240227 0.798817 -0.551528
-0.444925 0.761265 -0.471718
-0.693901 0.694787 -0.189135
-0.444925 0.761265 -0.471718
-0.546966 0.711931 -0.440434
-0.444925 0.761265 -0.471718
-0.693901 0.694787 -0.189135
-0.620356 0.770296 -0.147660
-0.766241 0.584567 -0.266750
-0.546966 0.711931 -0.440434
-0.619668 0.609737 -0.494198
-0.546966 0.711931 -0.440434
-0.766241 0.584567 -0.266750
-0.693901 0.694787 -0.189135
-0.801195 0.446608 -0.398281
-0.619668 0.609737 -0.494198
-0.629323 0.486527 -0.606007
-0.619668 0.609737 -0.494198
-0.801195 0.446608 -0.398281
-0.766241 0.584567 -0.266750
-0.765381 0.277396 -0.580727
-0.629323 0.486527 -0.606007
-0.587885 0.341821 -0.733177
-0.629323 0.486527 -0.606007
-0.765381 0.277396 -0.580727
-0.801195 0.446608 -0.398281
-0.698255 0.034921 -0.714997
-0.587885 0.341821 -0.733177
-0.501432 0.213503 -0.838440
-0.587885 0.341821 -0.733177
-0.698255 0.034921 -0.714997
-0.765381 0.277396 -0.580727
-0.842008 -0.133177 -0.522769
-0.765381 0.277396 -0.580727
-0.698255 0.034921 -0.714997
-0.842008 -0.133177 -0.522769
-0.931616 0.160562 -0.326055
-0.765381 0.277396 -0.580727
-0.240227 0.798817 -0.551528
-0.137424 0.819455 -0.556425
-0.082059 0.658710 -0.747909
-0.137424 0.819455 -0.556425
-0.069665 0.653183 -0.753988
-0.082059 0.658710 -0.747909
-0.069665 0.653183 -0.753988
-0.020632 0.879268 -0.475880
-0.027614 0.627718 -0.777951
-0.020632 0.879268 -0.475880
-0.069665 0.653183 -0.753988
-0.137424 0.819455 -0.556425
-0.444925 0.761265 -0.471718
-0.240227 0.798817 -0.551528
-0.176533 0.634668 -0.752352
-0.240227 0.798817 -0.551528
-0.082059 0.658710 -0.747909
-0.176533 0.634668 -0.752352
-0.546966 0.711931 -0.440434
-0.444925 0.761265 -0.471718
-0.253199 0.630701 -0.733557
-0.253199 0.630701 -0.733557
-0.444925 0.761265 -0.471718
-0.176533 0.634668 -0.752352
-0.619668 0.609737 -0.494198
-0.253199 0.630701 -0.733557
-0.250994 0.574077 -0.779383
-0.253199 0.630701 -0.733557
-0.619668 0.609737 -0.494198
-0.546966 0.711931 -0.440434
-0.250994 0.574077 -0.779383
-0.629323 0.486527 -0.606007
-0.619668 0.609737 -0.494198
-0.629323 0.486527 -0.606007
-0.250994 0.574077 -0.779383
-0.255280 0.513146 -0.819459
-0.587885 0.341821 -0.733177
-0.255280 0.513146 -0.819459
-0.276910 0.426068 -0.861270
-0.255280 0.513146 -0.819459
-0.587885 0.341821 -0.733177
-0.629323 0.486527 -0.606007
-0.501432 0.213503 -0.838440
-0.276910 0.426068 -0.861270
-0.255858 0.363822 -0.895640
-0.276910 0.426068 -0.861270
-0.501432 0.213503 -0.838440
-0.587885 0.341821 -0.733177
-0.012113 0.516735 -0.856059
0.081064 0.637788 -0.765934
-0.000444 0.501190 -0.865337
0.081064 0.637788 -0.765934
-0.012113 0.516735 -0.856059
-0.027614 0.627718 -0.777951
0.230245 0.891118 -0.391018
-0.027614 0.627718 -0.777951
-0.020632 0.879268 -0.475880
-0.027614 0.627718 -0.777951
0.230245 0.891118 -0.391018
0.081064 0.637788 -0.765934
-0.014253 0.535686 -0.844297
-0.027614 0.627718 -0.777951
-0.012113 0.516735 -0.856059
-0.027614 0.627718 -0.777951
-0.014253 0.535686 -0.844297
-0.069665 0.653183 -0.753988
-0.014253 0.535686 -0.844297
-0.000842 0.522231 -0.852803
-0.069665 0.653183 -0.753988
-0.069665 0.653183 -0.753988
-0.000842 0.522231 -0.852803
-0.082059 0.658710 -0.747909
-0.000842 0.522231 -0.852803
-0.000912 0.500609 -0.865673
-0.082059 0.658710 -0.747909
-0.082059 0.658710 -0.747909
-0.000912 0.500609 -0.865673
-0.176533 0.634668 -0.752352
-0.000912 0.500609 -0.865673
-0.000818 0.500693 -0.865624
-0.176533 0.634668 -0.752352
-0.253199 0.630701 -0.733557
-0.176533 0.634668 -0.752352
-0.000818 0.500693 -0.865624
-0.000818 0.500693 -0.865624
-0.250994 0.574077 -0.779383
-0.253199 0.630701 -0.733557
-0.250994 0.574077 -0.779383
-0.000818 0.500693 -0.865624
-0.001329 0.500078 -0.865979
-0.255280 0.513146 -0.819459
-0.001329 0.500078 -0.865979
-0.003699 0.499561 -0.866271
-0.001329 0.500078 -0.865979
-0.255280 0.513146 -0.819459
-0.250994 0.574077 -0.779383
-0.276910 0.426068 -0.861270
-0.003699 0.499561 -0.866271
-0.021519 0.490098 -0.871402
-0.003699 0.499561 -0.866271
-0.276910 0.426068 -0.861270
-0.255280 0.513146 -0.819459
-0.255858 0.363822 -0.895640
-0.021519 0.490098 -0.871402
-0.035672 0.482622 -0.875102
-0.021519 0.490098 -0.871402
-0.255858 0.363822 -0.895640
-0.276910 0.426068 -0.861270
0.000001 0.499999 -0.866026
-0.012113 0.516735 -0.856059
0.000000 0.499998 -0.866027
-0.012113 0.516735 -0.856059
0.000001 0.499999 -0.866026
-0.014253 0.535686 -0.844297
-0.000444 0.501190 -0.865337
0.000000 0.499998 -0.866027
-0.012113 0.516735 -0.856059
0.000000 0.499998 -0.866027
-0.000444 0.501190 -0.865337
-0.000002 0.499996 -0.866028
0.000001 0.499999 -0.866026
0.000001 0.499999 -0.866026
-0.014253 0.535686 -0.844297
-0.014253 0.535686 -0.844297
0.000001 0.499999 -0.866026
-0.000842 0.522231 -0.852803
0.000001 0.499999 -0.866026
0.000001 0.499999 -0.866026
-0.000842 0.522231 -0.852803
-0.000842 0.522231 -0.852803
0.000001 0.499999 -0.866026
-0.000912 0.500609 -0.865673
0.000001 0.499999 -0.866026
0.000000 0.500000 -0.866026
-0.000912 0.500609 -0.865673
-0.000818 0.500693 -0.865624
-0.000912 0.500609 -0.865673
0.000000 0.500000 -0.866026
-0.001329 0.500078 -0.865979
0.000000 0.500000 -0.866026
-0.000215 0.499968 -0.866044
0.000000 0.500000 -0.866026
-0.001329 0.500078 -0.865979
-0.000818 0.500693 -0.865624
-0.003699 0.499561 -0.866271
-0.000215 0.499968 -0.866044
-0.000838 0.499905 -0.866080
-0.000215 0.499968 -0.866044
-0.003699 0.499561 -0.866271
-0.001329 0.500078 -0.865979
-0.021519 0.490098 -0.871402
-0.000838 0.499905 -0.866080
-0.001066 0.500080 -0.865978
-0.000838 0.499905 -0.866080
-0.021519 0.490098 -0.871402
-0.003699 0.499561 -0.866271
-0.035672 0.482622 -0.875102
-0.001066 0.500080 -0.865978
-0.000476 0.500108 -0.865963
-0.001066 0.500080 -0.865978
-0.035672 0.482622 -0.875102
-0.021519 0.490098 -0.871402
0.000000 0.500000 -0.866026
0.000001 0.500000 -0.866025
0.000000 0.499998 -0.866027
0.000000 0.499998 -0.866027
0.000001 0.500000 -0.866025
0.000001 0.499999 -0.866026
0.000000 0.500000 -0.866026
-0.000002 0.499996 -0.866028
0.000606 0.500051 -0.865996
-0.000002 0.499996 -0.866028
0.000000 0.500000 -0.866026
0.000000 0.499998 -0.866027
0.000001 0.500000 -0.866025
0.000000 0.499999 -0.866026
0.000001 0.499999 -0.866026
0.000001 0.499999 -0.866026
0.000000 0.499999 -0.866026
0.000001 0.499999 -0.866026
0.000000 0.499999 -0.866026
0.000001 0.500000 -0.866026
0.000001 0.499999 -0.866026
0.000001 0.499999 -0.866026
0.000001 0.500000 -0.866026
0.000001 0.499999 -0.866026
0.000001 0.499999 -0.866026
0.000001 0.500000 -0.866026
0.000000 0.500000 -0.866025
0.000001 0.499999 -0.866026
0.000000 0.500000 -0.866025
0.000000 0.500000 -0.866026
-0.000215 0.499968 -0.866044
0.000000 0.500000 -0.866025
-0.000000 0.500000 -0.866026
0.000000 0.500000 -0.866025
-0.000215 0.499968 -0.866044
0.000000 0.500000 -0.866026
-0.000838 0.499905 -0.866080
-0.000000 0.500000 -0.866026
0.000001 0.499999 -0.866026
-0.000000 0.500000 -0.866026
-0.000838 0.499905 -0.866080
-0.000215 0.499968 -0.866044
-0.001066 0.500080 -0.865978
0.000001 0.499999 -0.866026
0.000002 0.500001 -0.866025
0.000001 0.499999 -0.866026
-0.001066 0.500080 -0.865978
-0.000838 0.499905 -0.866080
0.000002 0.500001 -0.866025
-0.000476 0.500108 -0.865963
-0.001066 0.500080 -0.865978
-0.000476 0.500108 -0.865963
0.000002 0.500001 -0.866025
0.000021 0.500058 -0.865992
0.655268 -0.676167 -0.336781
0.718073 -0.622047 -0.312136
0.666438 -0.667502 -0.332115
0.718073 -0.622047 -0.312136
0.655268 -0.676167 -0.336781
0.711668 -0.627350 -0.316166
0.752015 -0.587748 -0.298372
0.753962 -0.586283 -0.296333
0.711668 -0.627350 -0.316166
0.718073 -0.622047 -0.312136
0.711668 -0.627350 -0.316166
0.753962 -0.586283 -0.296333
0.704988 -0.632218 -0.321392
0.752015 -0.587748 -0.298372
0.711668 -0.627350 -0.316166
0.752015 -0.587748 -0.298372
0.704988 -0.632218 -0.321392
0.746838 -0.592376 -0.302197
0.622097 -0.698869 -0.352954
0.711668 -0.627350 -0.316166
0.655268 -0.676167 -0.336781
0.711668 -0.627350 -0.316166
0.622097 -0.698869 -0.352954
0.704988 -0.632218 -0.321392
0.666438 -0.667502 -0.332115
0.724376 -0.615576 -0.310396
0.679046 -0.656551 -0.328386
0.724376 -0.615576 -0.310396
0.666438 -0.667502 -0.332115
0.718073 -0.622047 -0.312136
0.753962 -0.586283 -0.296333
0.754717 -0.585206 -0.296539
0.718073 -0.622047 -0.312136
0.724376 -0.615576 -0.310396
0.718073 -0.622047 -0.312136
0.754717 -0.585206 -0.296539
0.690696 -0.645682 -0.325628
0.679046 -0.656551 -0.328386
0.724376 -0.615576 -0.310396
0.690696 -0.645682 -0.325628
0.724376 -0.615576 -0.310396
0.729452 -0.609714 -0.310077
0.754717 -0.585206 -0.296539
0.755675 -0.583223 -0.298005
0.724376 -0.615576 -0.310396
0.729452 -0.609714 -0.310077
0.724376 -0.615576 -0.310396
0.755675 -0.583223 -0.298005
0.697766 -0.638063 -0.325574
0.690696 -0.645682 -0.325628
0.729452 -0.609714 -0.310077
0.697766 -0.638063 -0.325574
0.729452 -0.609714 -0.310077
0.733391 -0.604618 -0.310765
0.755675 -0.583223 -0.298005
0.733391 -0.604618 -0.310765
0.729452 -0.609714 -0.310077
0.733391 -0.604618 -0.310765
0.755675 -0.583223 -0.298005
0.756059 -0.581776 -0.299852
0.756059 -0.581776 -0.299852
0.734868 -0.602647 -0.311105
0.733391 -0.604618 -0.310765
0.734868 -0.602647 -0.311105
0.756059 -0.581776 -0.299852
0.757608 -0.579796 -0.299779
0.705982 -0.630187 -0.323194
0.697766 -0.638063 -0.325574
0.733391 -0.604618 -0.310765
0.705982 -0.630187 -0.323194
0.733391 -0.604618 -0.310765
0.734868 -0.602647 -0.311105
0.757608 -0.579796 -0.299779
0.735958 -0.600844 -0.312012
0.734868 -0.602647 -0.311105
0.735958 -0.600844 -0.312012
0.757608 -0.579796 -0.299779
0.759667 -0.576824 -0.300302
0.712548 -0.622946 -0.322821
0.705982 -0.630187 -0.323194
0.734868 -0.602647 -0.311105
0.712548 -0.622946 -0.322821
0.734868 -0.602647 -0.311105
0.735958 -0.600844 -0.312012
0.759667 -0.576824 -0.300302
0.740969 -0.595198 -0.310973
0.735958 -0.600844 -0.312012
0.740969 -0.595198 -0.310973
0.759667 -0.576824 -0.300302
0.760305 -0.575036 -0.302110
0.719825 -0.615119 -0.321684
0.712548 -0.622946 -0.322821
0.735958 -0.600844 -0.312012
0.735958 -0.600844 -0.312012
0.740969 -0.595198 -0.310973
0.719825 -0.615119 -0.321684
0.760305 -0.575036 -0.302110
0.749789 -0.585365 -0.308487
0.740969 -0.595198 -0.310973
0.749789 -0.585365 -0.308487
0.760305 -0.575036 -0.302110
0.763367 -0.573718 -0.296847
0.711111 -0.632725 -0.306563
0.719825 -0.615119 -0.321684
0.740969 -0.595198 -0.310973
0.740969 -0.595198 -0.310973
0.749789 -0.585365 -0.308487
0.711111 -0.632725 -0.306563
0.686138 -0.673331 -0.275389
0.687044 -0.672157 -0.276000
0.742286 -0.620538 -0.252873
0.686138 -0.673331 -0.275389
0.742286 -0.620538 -0.252873
0.743563 -0.617340 -0.256915
0.743563 -0.617340 -0.256915
0.779074 -0.583146 -0.230184
0.780934 -0.578568 -0.235377
0.779074 -0.583146 -0.230184
0.743563 -0.617340 -0.256915
0.742286 -0.620538 -0.252873
0.735510 -0.634426 -0.237758
0.773446 -0.600222 -0.203750
0.742286 -0.620538 -0.252873
0.742286 -0.620538 -0.252873
0.773446 -0.600222 -0.203750
0.779074 -0.583146 -0.230184
0.687044 -0.672157 -0.276000
0.735510 -0.634426 -0.237758
0.742286 -0.620538 -0.252873
0.735510 -0.634426 -0.237758
0.687044 -0.672157 -0.276000
0.683145 -0.675888 -0.276565
0.686702 -0.667449 -0.288014
0.686138 -0.673331 -0.275389
0.743563 -0.617340 -0.256915
0.686702 -0.667449 -0.288014
0.743563 -0.617340 -0.256915
0.745626 -0.609624 -0.269074
0.745626 -0.609624 -0.269074
0.780934 -0.578568 -0.235377
0.784014 -0.569537 -0.246878
0.780934 -0.578568 -0.235377
0.745626 -0.609624 -0.269074
0.743563 -0.617340 -0.256915
0.686702 -0.667449 -0.288014
0.746939 -0.600291 -0.285890
0.687179 -0.661249 -0.300890
0.746939 -0.600291 -0.285890
0.686702 -0.667449 -0.288014
0.745626 -0.609624 -0.269074
0.746939 -0.600291 -0.285890
0.745626 -0.609624 -0.269074
0.785685 -0.556515 -0.270168
0.745626 -0.609624 -0.269074
0.784014 -0.569537 -0.246878
0.785685 -0.556515 -0.270168
0.687179 -0.661249 -0.300890
0.744560 -0.599508 -0.293634
0.687320 -0.659462 -0.304468
0.744560 -0.599508 -0.293634
0.687179 -0.661249 -0.300890
0.746939 -0.600291 -0.285890
0.744560 -0.599508 -0.293634
0.746939 -0.600291 -0.285890
0.783788 -0.552215 -0.284139
0.746939 -0.600291 -0.285890
0.785685 -0.556515 -0.270168
0.783788 -0.552215 -0.284139
0.741033 -0.602057 -0.297316
0.744560 -0.599508 -0.293634
0.780467 -0.555590 -0.286691
0.744560 -0.599508 -0.293634
0.783788 -0.552215 -0.284139
0.780467 -0.555590 -0.286691
0.687320 -0.659462 -0.304468
0.741033 -0.602057 -0.297316
0.688247 -0.656707 -0.308304
0.741033 -0.602057 -0.297316
0.687320 -0.659462 -0.304468
0.744560 -0.599508 -0.293634
0.739111 -0.601906 -0.302364
0.741033 -0.602057 -0.297316
0.777452 -0.557818 -0.290529
0.741033 -0.602057 -0.297316
0.780467 -0.555590 -0.286691
0.777452 -0.557818 -0.290529
0.688247 -0.656707 -0.308304
0.739111 -0.601906 -0.302364
0.686288 -0.655784 -0.314572
0.739111 -0.601906 -0.302364
0.688247 -0.656707 -0.308304
0.741033 -0.602057 -0.297316
0.738678 -0.600489 -0.306215
0.739111 -0.601906 -0.302364
0.775689 -0.559150 -0.292675
0.739111 -0.601906 -0.302364
0.777452 -0.557818 -0.290529
0.775689 -0.559150 -0.292675
0.686288 -0.655784 -0.314572
0.738678 -0.600489 -0.306215
0.687874 -0.650832 -0.321321
0.738678 -0.600489 -0.306215
0.686288 -0.655784 -0.314572
0.739111 -0.601906 -0.302364
0.741122 -0.597634 -0.305894
0.738678 -0.600489 -0.306215
0.775969 -0.560384 -0.289555
0.738678 -0.600489 -0.306215
0.775689 -0.559150 -0.292675
0.775969 -0.560384 -0.289555
0.687874 -0.650832 -0.321321
0.741122 -0.597634 -0.305894
0.696299 -0.640500 -0.323924
0.741122 -0.597634 -0.305894
0.687874 -0.650832 -0.321321
0.738678 -0.600489 -0.306215
0.746838 -0.592376 -0.302197
0.741122 -0.597634 -0.305894
0.777205 -0.560594 -0.285810
0.741122 -0.597634 -0.305894
0.775969 -0.560384 -0.289555
0.777205 -0.560594 -0.285810
0.696299 -0.640500 -0.323924
0.746838 -0.592376 -0.302197
0.704988 -0.632218 -0.321392
0.746838 -0.592376 -0.302197
0.696299 -0.640500 -0.323924
0.741122 -0.597634 -0.305894
0.777205 -0.560594 -0.285810
0.777816 -0.560228 -0.284862
0.746838 -0.592376 -0.302197
0.752015 -0.587748 -0.298372
0.746838 -0.592376 -0.302197
0.777816 -0.560228 -0.284862
0.777816 -0.560228 -0.284862
0.777429 -0.560660 -0.285069
0.752015 -0.587748 -0.298372
0.753962 -0.586283 -0.296333
0.752015 -0.587748 -0.298372
0.777429 -0.560660 -0.285069
0.777429 -0.560660 -0.285069
0.776438 -0.561744 -0.285637
0.753962 -0.586283 -0.296333
0.754717 -0.585206 -0.296539
0.753962 -0.586283 -0.296333
0.776438 -0.561744 -0.285637
0.776438 -0.561744 -0.285637
0.775908 -0.561698 -0.287163
0.754717 -0.585206 -0.296539
0.755675 -0.583223 -0.298005
0.754717 -0.585206 -0.296539
0.775908 -0.561698 -0.287163
0.775908 -0.561698 -0.287163
0.776324 -0.560385 -0.288600
0.755675 -0.583223 -0.298005
0.756059 -0.581776 -0.299852
0.755675 -0.583223 -0.298005
0.776324 -0.560385 -0.288600
0.776324 -0.560385 -0.288600
0.775950 -0.560455 -0.289469
0.756059 -0.581776 -0.299852
0.757608 -0.579796 -0.299779
0.756059 -0.581776 -0.299852
0.775950 -0.560455 -0.289469
0.775950 -0.560455 -0.289469
0.774690 -0.561032 -0.291718
0.757608 -0.579796 -0.299779
0.759667 -0.576824 -0.300302
0.757608 -0.579796 -0.299779
0.774690 -0.561032 -0.291718
0.774690 -0.561032 -0.291718
0.772815 -0.561503 -0.295757
0.759667 -0.576824 -0.300302
0.760305 -0.575036 -0.302110
0.759667 -0.576824 -0.300302
0.772815 -0.561503 -0.295757
0.705043 -0.366654 -0.607025
0.802909 -0.296110 -0.517355
0.731565 -0.369132 -0.573197
0.802909 -0.296110 -0.517355
0.705043 -0.366654 -0.607025
0.810490 -0.263743 -0.523016
0.541581 -0.254927 -0.801063
0.705043 -0.366654 -0.607025
0.731565 -0.369132 -0.573197
0.731565 -0.369132 -0.573197
0.642663 -0.342570 -0.685296
0.541581 -0.254927 -0.801063
0.642663 -0.342570 -0.685296
0.764698 -0.430466 -0.479517
0.694813 -0.520914 -0.495866
0.764698 -0.430466 -0.479517
0.642663 -0.342570 -0.685296
0.731565 -0.369132 -0.573197
0.819054 -0.374088 -0.434982
0.764698 -0.430466 -0.479517
0.731565 -0.369132 -0.573197
0.731565 -0.369132 -0.573197
0.802909 -0.296110 -0.517355
0.819054 -0.374088 -0.434982
0.694813 -0.520914 -0.495866
0.777606 -0.521906 -0.350633
0.687626 -0.621885 -0.374740
0.777606 -0.521906 -0.350633
0.694813 -0.520914 -0.495866
0.764698 -0.430466 -0.479517
0.837788 -0.451767 -0.306623
0.777606 -0.521906 -0.350633
0.764698 -0.430466 -0.479517
0.764698 -0.430466 -0.479517
0.819054 -0.374088 -0.434982
0.837788 -0.451767 -0.306623
0.687626 -0.621885 -0.374740
0.774446 -0.577512 -0.258288
0.680769 -0.660990 -0.315667
0.774446 -0.577512 -0.258288
0.687626 -0.621885 -0.374740
0.777606 -0.521906 -0.350633
0.774446 -0.577512 -0.258288
0.777606 -0.521906 -0.350633
0.843126 -0.494761 -0.210595
0.777606 -0.521906 -0.350633
0.837788 -0.451767 -0.306623
0.843126 -0.494761 -0.210595
0.680769 -0.660990 -0.315667
0.765750 -0.617146 -0.180988
0.677700 -0.693310 -0.245037
0.765750 -0.617146 -0.180988
0.680769 -0.660990 -0.315667
0.774446 -0.577512 -0.258288
0.765750 -0.617146 -0.180988
0.843126 -0.494761 -0.210595
0.835281 -0.532124 -0.138382
0.843126 -0.494761 -0.210595
0.765750 -0.617146 -0.180988
0.774446 -0.577512 -0.258288
0.677700 -0.693310 -0.245037
0.753170 -0.638748 -0.157279
0.679583 -0.702205 -0.212308
0.753170 -0.638748 -0.157279
0.677700 -0.693310 -0.245037
0.765750 -0.617146 -0.180988
0.835281 -0.532124 -0.138382
0.753170 -0.638748 -0.157279
0.765750 -0.617146 -0.180988
0.753170 -0.638748 -0.157279
0.835281 -0.532124 -0.138382
0.822228 -0.555881 -0.122215
0.822228 -0.555881 -0.122215
0.748235 -0.641153 -0.170491
0.753170 -0.638748 -0.157279
0.748235 -0.641153 -0.170491
0.822228 -0.555881 -0.122215
0.811969 -0.568611 -0.131863
0.688515 -0.691055 -0.219978
0.679583 -0.702205 -0.212308
0.753170 -0.638748 -0.157279
0.753170 -0.638748 -0.157279
0.748235 -0.641153 -0.170491
0.688515 -0.691055 -0.219978
0.754384 -0.630642 -0.182196
0.811969 -0.568611 -0.131863
0.808533 -0.572018 -0.138093
0.811969 -0.568611 -0.131863
0.754384 -0.630642 -0.182196
0.748235 -0.641153 -0.170491
0.705718 -0.667877 -0.236436
0.688515 -0.691055 -0.219978
0.748235 -0.641153 -0.170491
0.748235 -0.641153 -0.170491
0.754384 -0.630642 -0.182196
0.705718 -0.667877 -0.236436
0.763476 -0.619754 -0.181681
0.808533 -0.572018 -0.138093
0.809244 -0.570121 -0.141726
0.808533 -0.572018 -0.138093
0.763476 -0.619754 -0.181681
0.754384 -0.630642 -0.182196
0.722013 -0.652498 -0.230093
0.705718 -0.667877 -0.236436
0.754384 -0.630642 -0.182196
0.754384 -0.630642 -0.182196
0.763476 -0.619754 -0.181681
0.722013 -0.652498 -0.230093
0.773446 -0.600222 -0.203750
0.809244 -0.570121 -0.141726
0.812767 -0.555783 -0.174687
0.809244 -0.570121 -0.141726
0.773446 -0.600222 -0.203750
0.763476 -0.619754 -0.181681
0.735510 -0.634426 -0.237758
0.722013 -0.652498 -0.230093
0.763476 -0.619754 -0.181681
0.735510 -0.634426 -0.237758
0.763476 -0.619754 -0.181681
0.773446 -0.600222 -0.203750
0.779074 -0.583146 -0.230184
0.812767 -0.555783 -0.174687
0.814074 -0.542011 -0.208582
0.812767 -0.555783 -0.174687
0.779074 -0.583146 -0.230184
0.773446 -0.600222 -0.203750
0.780934 -0.578568 -0.235377
0.814074 -0.542011 -0.208582
0.813098 -0.541202 -0.214410
0.814074 -0.542011 -0.208582
0.780934 -0.578568 -0.235377
0.779074 -0.583146 -0.230184
0.784014 -0.569537 -0.246878
0.813098 -0.541202 -0.214410
0.813047 -0.536089 -0.227076
0.813098 -0.541202 -0.214410
0.784014 -0.569537 -0.246878
0.780934 -0.578568 -0.235377
0.785685 -0.556515 -0.270168
0.813047 -0.536089 -0.227076
0.812828 -0.523282 -0.255904
0.813047 -0.536089 -0.227076
0.785685 -0.556515 -0.270168
0.784014 -0.569537 -0.246878
0.783788 -0.552215 -0.284139
0.785685 -0.556515 -0.270168
0.810751 -0.517138 -0.274318
0.785685 -0.556515 -0.270168
0.812828 -0.523282 -0.255904
0.810751 -0.517138 -0.274318
0.780467 -0.555590 -0.286691
0.783788 -0.552215 -0.284139
0.807917 -0.520497 -0.276322
0.783788 -0.552215 -0.284139
0.810751 -0.517138 -0.274318
0.807917 -0.520497 -0.276322
0.777452 -0.557818 -0.290529
0.780467 -0.555590 -0.286691
0.805191 -0.523215 -0.279131
0.780467 -0.555590 -0.286691
0.807917 -0.520497 -0.276322
0.805191 -0.523215 -0.279131
0.775689 -0.559150 -0.292675
0.777452 -0.557818 -0.290529
0.802931 -0.526455 -0.279548
0.777452 -0.557818 -0.290529
0.805191 -0.523215 -0.279131
0.802931 -0.526455 -0.279548
0.775969 -0.560384 -0.289555
0.775689 -0.559150 -0.292675
0.801377 -0.531042 -0.275299
0.775689 -0.559150 -0.292675
0.802931 -0.526455 -0.279548
0.801377 -0.531042 -0.275299
0.801377 -0.531042 -0.275299
0.799953 -0.534639 -0.272464
0.775969 -0.560384 -0.289555
0.777205 -0.560594 -0.285810
0.775969 -0.560384 -0.289555
0.799953 -0.534639 -0.272464
0.799953 -0.534639 -0.272464
0.798548 -0.536723 -0.272487
0.777205 -0.560594 -0.285810
0.777816 -0.560228 -0.284862
0.777205 -0.560594 -0.285810
0.798548 -0.536723 -0.272487
0.798548 -0.536723 -0.272487
0.797428 -0.538003 -0.273244
0.777816 -0.560228 -0.284862
0.777429 -0.560660 -0.285069
0.777816 -0.560228 -0.284862
0.797428 -0.538003 -0.273244
0.797428 -0.538003 -0.273244
0.796984 -0.538798 -0.272969
0.777429 -0.560660 -0.285069
0.776438 -0.561744 -0.285637
0.777429 -0.560660 -0.285069
0.796984 -0.538798 -0.272969
0.796984 -0.538798 -0.272969
0.797531 -0.537981 -0.272983
0.776438 -0.561744 -0.285637
0.775908 -0.561698 -0.287163
0.776438 -0.561744 -0.285637
0.797531 -0.537981 -0.272983
0.797531 -0.537981 -0.272983
0.796972 -0.537424 -0.275701
0.775908 -0.561698 -0.287163
0.776324 -0.560385 -0.288600
0.775908 -0.561698 -0.287163
0.796972 -0.537424 -0.275701
0.796972 -0.537424 -0.275701
0.795520 -0.538613 -0.277568
0.776324 -0.560385 -0.288600
0.775950 -0.560455 -0.289469
0.776324 -0.560385 -0.288600
0.795520 -0.538613 -0.277568
0.795520 -0.538613 -0.277568
0.793660 -0.540145 -0.279906
0.775950 -0.560455 -0.289469
0.774690 -0.561032 -0.291718
0.775950 -0.560455 -0.289469
0.793660 -0.540145 -0.279906
0.000199 0.500066 -0.865987
0.106552 0.443831 -0.889753
0.000533 0.498875 -0.866674
0.106552 0.443831 -0.889753
0.000199 0.500066 -0.865987
0.166557 0.436583 -0.884112
0.000533 0.498875 -0.866674
0.079660 0.429408 -0.899590
0.002188 0.497804 -0.867287
0.079660 0.429408 -0.899590
0.000533 0.498875 -0.866674
0.106552 0.443831 -0.889753
0.589550 0.071050 -0.804601
0.079660 0.429408 -0.899590
0.106552 0.443831 -0.889753
0.079660 0.429408 -0.899590
0.589550 0.071050 -0.804601
0.484879 -0.012942 -0.874485
0.615882 0.156376 -0.772163
0.106552 0.443831 -0.889753
0.166557 0.436583 -0.884112
0.106552 0.443831 -0.889753
0.615882 0.156376 -0.772163
0.589550 0.071050 -0.804601
0.821995 -0.098930 -0.560836
0.810490 -0.263743 -0.523016
0.589550 0.071050 -0.804601
0.589550 0.071050 -0.804601
0.615882 0.156376 -0.772163
0.821995 -0.098930 -0.560836
0.484879 -0.012942 -0.874485
0.810490 -0.263743 -0.523016
0.705043 -0.366654 -0.607025
0.810490 -0.263743 -0.523016
0.484879 -0.012942 -0.874485
0.589550 0.071050 -0.804601
0.825786 -0.154799 -0.542323
0.802909 -0.296110 -0.517355
0.810490 -0.263743 -0.523016
0.810490 -0.263743 -0.523016
0.821995 -0.098930 -0.560836
0.825786 -0.154799 -0.542323
0.879605 -0.287785 -0.378782
0.819054 -0.374088 -0.434982
0.802909 -0.296110 -0.517355
0.802909 -0.296110 -0.517355
0.825786 -0.154799 -0.542323
0.879605 -0.287785 -0.378782
0.901302 -0.374751 -0.217294
0.837788 -0.451767 -0.306623
0.819054 -0.374088 -0.434982
0.819054 -0.374088 -0.434982
0.879605 -0.287785 -0.378782
0.901302 -0.374751 -0.217294
0.843126 -0.494761 -0.210595
0.837788 -0.451767 -0.306623
0.906207 -0.393752 -0.154104
0.837788 -0.451767 -0.306623
0.901302 -0.374751 -0.217294
0.906207 -0.393752 -0.154104
0.835281 -0.532124 -0.138382
0.906207 -0.393752 -0.154104
0.899290 -0.426365 -0.097414
0.906207 -0.393752 -0.154104
0.835281 -0.532124 -0.138382
0.843126 -0.494761 -0.210595
0.899290 -0.426365 -0.097414
0.822228 -0.555881 -0.122215
0.835281 -0.532124 -0.138382
0.822228 -0.555881 -0.122215
0.899290 -0.426365 -0.097414
0.888008 -0.450858 -0.090380
0.888008 -0.450858 -0.090380
0.811969 -0.568611 -0.131863
0.822228 -0.555881 -0.122215
0.811969 -0.568611 -0.131863
0.888008 -0.450858 -0.090380
0.877326 -0.469943 -0.097219
0.808533 -0.572018 -0.138093
0.877326 -0.469943 -0.097219
0.869862 -0.483065 -0.099941
0.877326 -0.469943 -0.097219
0.808533 -0.572018 -0.138093
0.811969 -0.568611 -0.131863
0.809244 -0.570121 -0.141726
0.869862 -0.483065 -0.099941
0.862639 -0.493682 -0.110145
0.869862 -0.483065 -0.099941
0.809244 -0.570121 -0.141726
0.808533 -0.572018 -0.138093
0.812767 -0.555783 -0.174687
0.862639 -0.493682 -0.110145
0.856678 -0.493495 -0.150219
0.862639 -0.493682 -0.110145
0.812767 -0.555783 -0.174687
0.809244 -0.570121 -0.141726
0.814074 -0.542011 -0.208582
0.856678 -0.493495 -0.150219
0.852472 -0.488645 -0.185788
0.856678 -0.493495 -0.150219
0.814074 -0.542011 -0.208582
0.812767 -0.555783 -0.174687
0.813098 -0.541202 -0.214410
0.852472 -0.488645 -0.185788
0.848104 -0.493210 -0.193555
0.852472 -0.488645 -0.185788
0.813098 -0.541202 -0.214410
0.814074 -0.542011 -0.208582
0.813047 -0.536089 -0.227076
0.848104 -0.493210 -0.193555
0.843225 -0.495021 -0.209585
0.848104 -0.493210 -0.193555
0.813047 -0.536089 -0.227076
0.813098 -0.541202 -0.214410
0.812828 -0.523282 -0.255904
0.843225 -0.495021 -0.209585
0.838960 -0.487752 -0.241337
0.843225 -0.495021 -0.209585
0.812828 -0.523282 -0.255904
0.813047 -0.536089 -0.227076
0.810751 -0.517138 -0.274318
0.838960 -0.487752 -0.241337
0.835608 -0.483799 -0.260187
0.838960 -0.487752 -0.241337
0.810751 -0.517138 -0.274318
0.812828 -0.523282 -0.255904
0.835608 -0.483799 -0.260187
0.807917 -0.520497 -0.276322
0.810751 -0.517138 -0.274318
0.807917 -0.520497 -0.276322
0.835608 -0.483799 -0.260187
0.833704 -0.486846 -0.260612
0.833704 -0.486846 -0.260612
0.805191 -0.523215 -0.279131
0.807917 -0.520497 -0.276322
0.805191 -0.523215 -0.279131
0.833704 -0.486846 -0.260612
0.833864 -0.486791 -0.260201
0.833864 -0.486791 -0.260201
0.802931 -0.526455 -0.279548
0.805191 -0.523215 -0.279131
0.802931 -0.526455 -0.279548
0.833864 -0.486791 -0.260201
0.834017 -0.487435 -0.258503
0.834017 -0.487435 -0.258503
0.831511 -0.493548 -0.254953
0.802931 -0.526455 -0.279548
0.801377 -0.531042 -0.275299
0.802931 -0.526455 -0.279548
0.831511 -0.493548 -0.254953
0.831511 -0.493548 -0.254953
0.827662 -0.500723 -0.253482
0.801377 -0.531042 -0.275299
0.799953 -0.534639 -0.272464
0.801377 -0.531042 -0.275299
0.827662 -0.500723 -0.253482
0.827662 -0.500723 -0.253482
0.823747 -0.506484 -0.254785
0.799953 -0.534639 -0.272464
0.798548 -0.536723 -0.272487
0.799953 -0.534639 -0.272464
0.823747 -0.506484 -0.254785
0.823747 -0.506484 -0.254785
0.820337 -0.510879 -0.257001
0.798548 -0.536723 -0.272487
0.797428 -0.538003 -0.273244
0.798548 -0.536723 -0.272487
0.820337 -0.510879 -0.257001
0.820337 -0.510879 -0.257001
0.819891 -0.512623 -0.254944
0.797428 -0.538003 -0.273244
0.796984 -0.538798 -0.272969
0.797428 -0.538003 -0.273244
0.819891 -0.512623 -0.254944
0.819891 -0.512623 -0.254944
0.821396 -0.510756 -0.253845
0.796984 -0.538798 -0.272969
0.797531 -0.537981 -0.272983
0.796984 -0.538798 -0.272969
0.821396 -0.510756 -0.253845
0.821396 -0.510756 -0.253845
0.820649 -0.509541 -0.258657
0.797531 -0.537981 -0.272983
0.796972 -0.537424 -0.275701
0.797531 -0.537981 -0.272983
0.820649 -0.509541 -0.258657
0.820649 -0.509541 -0.258657
0.818076 -0.512013 -0.261907
0.796972 -0.537424 -0.275701
0.795520 -0.538613 -0.277568
0.796972 -0.537424 -0.275701
0.818076 -0.512013 -0.261907
0.166557 0.436583 -0.884112
0.642536 0.193959 -0.741301
0.615882 0.156376 -0.772163
0.642536 0.193959 -0.741301
0.166557 0.436583 -0.884112
0.228868 0.424395 -0.876076
0.799427 0.044174 -0.599137
0.821995 -0.098930 -0.560836
0.615882 0.156376 -0.772163
0.615882 0.156376 -0.772163
0.642536 0.193959 -0.741301
0.799427 0.044174 -0.599137
0.852156 -0.025640 -0.522659
0.825786 -0.154799 -0.542323
0.821995 -0.098930 -0.560836
0.821995 -0.098930 -0.560836
0.799427 0.044174 -0.599137
0.852156 -0.025640 -0.522659
0.941039 -0.181052 -0.285772
0.879605 -0.287785 -0.378782
0.825786 -0.154799 -0.542323
0.825786 -0.154799 -0.542323
0.852156 -0.025640 -0.522659
0.941039 -0.181052 -0.285772
0.956449 -0.265259 -0.121831
0.901302 -0.374751 -0.217294
0.879605 -0.287785 -0.378782
0.879605 -0.287785 -0.378782
0.941039 -0.181052 -0.285772
0.956449 -0.265259 -0.121831
0.906207 -0.393752 -0.154104
0.956449 -0.265259 -0.121831
0.957251 -0.274950 -0.089847
0.956449 -0.265259 -0.121831
0.906207 -0.393752 -0.154104
0.901302 -0.374751 -0.217294
0.899290 -0.426365 -0.097414
0.957251 -0.274950 -0.089847
0.953341 -0.297218 -0.052944
0.957251 -0.274950 -0.089847
0.899290 -0.426365 -0.097414
0.906207 -0.393752 -0.154104
0.888008 -0.450858 -0.090380
0.953341 -0.297218 -0.052944
0.946562 -0.317993 -0.053861
0.953341 -0.297218 -0.052944
0.888008 -0.450858 -0.090380
0.899290 -0.426365 -0.097414
0.877326 -0.469943 -0.097219
0.946562 -0.317993 -0.053861
0.936973 -0.343894 -0.061799
0.946562 -0.317993 -0.053861
0.877326 -0.469943 -0.097219
0.888008 -0.450858 -0.090380
0.869862 -0.483065 -0.099941
0.936973 -0.343894 -0.061799
0.927872 -0.367796 -0.061483
0.936973 -0.343894 -0.061799
0.869862 -0.483065 -0.099941
0.877326 -0.469943 -0.097219
0.862639 -0.493682 -0.110145
0.927872 -0.367796 -0.061483
0.921326 -0.381543 -0.074730
0.927872 -0.367796 -0.061483
0.862639 -0.493682 -0.110145
0.869862 -0.483065 -0.099941
0.856678 -0.493495 -0.150219
0.921326 -0.381543 -0.074730
0.914970 -0.387883 -0.111249
0.921326 -0.381543 -0.074730
0.856678 -0.493495 -0.150219
0.862639 -0.493682 -0.110145
0.852472 -0.488645 -0.185788
0.914970 -0.387883 -0.111249
0.908619 -0.392340 -0.143114
0.914970 -0.387883 -0.111249
0.852472 -0.488645 -0.185788
0.856678 -0.493495 -0.150219
0.908619 -0.392340 -0.143114
0.848104 -0.493210 -0.193555
0.852472 -0.488645 -0.185788
0.848104 -0.493210 -0.193555
0.908619 -0.392340 -0.143114
0.900163 -0.406510 -0.156388
0.900163 -0.406510 -0.156388
0.843225 -0.495021 -0.209585
0.848104 -0.493210 -0.193555
0.843225 -0.495021 -0.209585
0.900163 -0.406510 -0.156388
0.892781 -0.416179 -0.172446
0.892781 -0.416179 -0.172446
0.838960 -0.487752 -0.241337
0.843225 -0.495021 -0.209585
0.838960 -0.487752 -0.241337
0.892781 -0.416179 -0.172446
0.889841 -0.409736 -0.200750
0.889841 -0.409736 -0.200750
0.835608 -0.483799 -0.260187
0.838960 -0.487752 -0.241337
0.835608 -0.483799 -0.260187
0.889841 -0.409736 -0.200750
0.887647 -0.407035 -0.215419
0.887647 -0.407035 -0.215419
0.833704 -0.486846 -0.260612
0.835608 -0.483799 -0.260187
0.833704 -0.486846 -0.260612
0.887647 -0.407035 -0.215419
0.886234 -0.410956 -0.213785
0.886234 -0.410956 -0.213785
0.833864 -0.486791 -0.260201
0.833704 -0.486846 -0.260612
0.833864 -0.486791 -0.260201
0.886234 -0.410956 -0.213785
0.886145 -0.412354 -0.211448
0.886145 -0.412354 -0.211448
0.834017 -0.487435 -0.258503
0.833864 -0.486791 -0.260201
0.834017 -0.487435 -0.258503
0.886145 -0.412354 -0.211448
0.882072 -0.418028 -0.217260
0.882072 -0.418028 -0.217260
0.831511 -0.493548 -0.254953
0.834017 -0.487435 -0.258503
0.831511 -0.493548 -0.254953
0.882072 -0.418028 -0.217260
0.871528 -0.436571 -0.223260
0.871528 -0.436571 -0.223260
0.867189 -0.446947 -0.219596
0.831511 -0.493548 -0.254953
0.827662 -0.500723 -0.253482
0.831511 -0.493548 -0.254953
0.867189 -0.446947 -0.219596
0.867189 -0.446947 -0.219596
0.875091 -0.437564 -0.206770
0.827662 -0.500723 -0.253482
0.823747 -0.506484 -0.254785
0.827662 -0.500723 -0.253482
0.875091 -0.437564 -0.206770
0.875091 -0.437564 -0.206770
0.895284 -0.408087 -0.178696
0.823747 -0.506484 -0.254785
0.820337 -0.510879 -0.257001
0.823747 -0.506484 -0.254785
0.895284 -0.408087 -0.178696
0.895284 -0.408087 -0.178696
0.899861 -0.398810 -0.176634
0.820337 -0.510879 -0.257001
0.819891 -0.512623 -0.254944
0.820337 -0.510879 -0.257001
0.899861 -0.398810 -0.176634
0.899861 -0.398810 -0.176634
0.871878 -0.441502 -0.211907
0.819891 -0.512623 -0.254944
0.821396 -0.510756 -0.253845
0.819891 -0.512623 -0.254944
0.871878 -0.441502 -0.211907
0.871878 -0.441502 -0.211907
0.847559 -0.474891 -0.236903
0.821396 -0.510756 -0.253845
0.820649 -0.509541 -0.258657
0.821396 -0.510756 -0.253845
0.847559 -0.474891 -0.236903
0.642536 0.193959 -0.741301
0.805820 0.161255 -0.569781
0.799427 0.044174 -0.599137
0.805820 0.161255 -0.569781
0.642536 0.193959 -0.741301
0.662884 0.259399 -0.702351
0.896943 0.082770 -0.434329
0.852156 -0.025640 -0.522659
0.799427 0.044174 -0.599137
0.799427 0.044174 -0.599137
0.805820 0.161255 -0.569781
0.896943 0.082770 -0.434329
0.984363 -0.063284 -0.164391
0.941039 -0.181052 -0.285772
0.852156 -0.025640 -0.522659
0.852156 -0.025640 -0.522659
0.896943 0.082770 -0.434329
0.984363 -0.063284 -0.164391
0.956449 -0.265259 -0.121831
0.984363 -0.063284 -0.164391
0.991811 -0.124283 -0.029391
0.984363 -0.063284 -0.164391
0.956449 -0.265259 -0.121831
0.941039 -0.181052 -0.285772
0.957251 -0.274950 -0.089847
0.991811 -0.124283 -0.029391
0.991955 -0.125565 -0.016064
0.991811 -0.124283 -0.029391
0.957251 -0.274950 -0.089847
0.956449 -0.265259 -0.121831
0.953341 -0.297218 -0.052944
0.991955 -0.125565 -0.016064
0.990133 -0.140128 0.000682
0.991955 -0.125565 -0.016064
0.953341 -0.297218 -0.052944
0.957251 -0.274950 -0.089847
0.946562 -0.317993 -0.053861
0.990133 -0.140128 0.000682
0.987916 -0.154846 -0.006712
0.990133 -0.140128 0.000682
0.946562 -0.317993 -0.053861
0.953341 -0.297218 -0.052944
0.936973 -0.343894 -0.061799
0.987916 -0.154846 -0.006712
0.985142 -0.171551 -0.008156
0.987916 -0.154846 -0.006712
0.936973 -0.343894 -0.061799
0.946562 -0.317993 -0.053861
0.927872 -0.367796 -0.061483
0.985142 -0.171551 -0.008156
0.982145 -0.188088 0.003701
0.985142 -0.171551 -0.008156
0.927872 -0.367796 -0.061483
0.936973 -0.343894 -0.061799
0.982145 -0.188088 0.003701
0.921326 -0.381543 -0.074730
0.927872 -0.367796 -0.061483
0.921326 -0.381543 -0.074730
0.982145 -0.188088 0.003701
0.977342 -0.211067 -0.015900
0.977342 -0.211067 -0.015900
0.914970 -0.387883 -0.111249
0.921326 -0.381543 -0.074730
0.914970 -0.387883 -0.111249
0.977342 -0.211067 -0.015900
0.970779 -0.235181 -0.047719
0.970779 -0.235181 -0.047719
0.969091 -0.237981 -0.065023
0.914970 -0.387883 -0.111249
0.908619 -0.392340 -0.143114
0.914970 -0.387883 -0.111249
0.969091 -0.237981 -0.065023
0.969091 -0.237981 -0.065023
0.968588 -0.238288 -0.071099
0.908619 -0.392340 -0.143114
0.900163 -0.406510 -0.156388
0.908619 -0.392340 -0.143114
0.968588 -0.238288 -0.071099
0.968588 -0.238288 -0.071099
0.892781 -0.416179 -0.172446
0.900163 -0.406510 -0.156388
0.892781 -0.416179 -0.172446
0.968588 -0.238288 -0.071099
0.965997 -0.246303 -0.078643
0.965997 -0.246303 -0.078643
0.889841 -0.409736 -0.200750
0.892781 -0.416179 -0.172446
0.889841 -0.409736 -0.200750
0.965997 -0.246303 -0.078643
0.963504 -0.246211 -0.105068
0.963504 -0.246211 -0.105068
0.887647 -0.407035 -0.215419
0.889841 -0.409736 -0.200750
0.887647 -0.407035 -0.215419
0.963504 -0.246211 -0.105068
0.962049 -0.247392 -0.115152
0.962049 -0.247392 -0.115152
0.886234 -0.410956 -0.213785
0.887647 -0.407035 -0.215419
0.886234 -0.410956 -0.213785
0.962049 -0.247392 -0.115152
0.962323 -0.249649 -0.107745
0.962323 -0.249649 -0.107745
0.886145 -0.412354 -0.211448
0.886234 -0.410956 -0.213785
0.886145 -0.412354 -0.211448
0.962323 -0.249649 -0.107745
0.974995 -0.211630 -0.067799
0.974995 -0.211630 -0.067799
0.882072 -0.418028 -0.217260
0.886145 -0.412354 -0.211448
0.882072 -0.418028 -0.217260
0.974995 -0.211630 -0.067799
0.990798 -0.132797 -0.026153
0.990798 -0.132797 -0.026153
0.988641 -0.144409 -0.041655
0.882072 -0.418028 -0.217260
0.871528 -0.436571 -0.223260
0.882072 -0.418028 -0.217260
0.988641 -0.144409 -0.041655
0.988641 -0.144409 -0.041655
0.980824 -0.187816 -0.052062
0.871528 -0.436571 -0.223260
0.867189 -0.446947 -0.219596
0.871528 -0.436571 -0.223260
0.980824 -0.187816 -0.052062
0.980824 -0.187816 -0.052062
0.977149 -0.206370 -0.050906
0.867189 -0.446947 -0.219596
0.875091 -0.437564 -0.206770
0.867189 -0.446947 -0.219596
0.977149 -0.206370 -0.050906
0.977149 -0.206370 -0.050906
0.974935 -0.219085 -0.038762
0.875091 -0.437564 -0.206770
0.895284 -0.408087 -0.178696
0.875091 -0.437564 -0.206770
0.974935 -0.219085 -0.038762
0.974935 -0.219085 -0.038762
0.978250 -0.202561 -0.044673
0.895284 -0.408087 -0.178696
0.899861 -0.398810 -0.176634
0.895284 -0.408087 -0.178696
0.978250 -0.202561 -0.044673
0.978250 -0.202561 -0.044673
0.977531 -0.204000 -0.053086
0.899861 -0.398810 -0.176634
0.871878 -0.441502 -0.211907
0.899861 -0.398810 -0.176634
0.977531 -0.204000 -0.053086
0.805820 0.161255 -0.569781
0.795572 0.344632 -0.498292
0.896943 0.082770 -0.434329
0.904920 0.272068 -0.327259
0.896943 0.082770 -0.434329
0.795572 0.344632 -0.498292
0.984363 -0.063284 -0.164391
0.904920 0.272068 -0.327259
0.991771 0.116244 -0.053641
0.904920 0.272068 -0.327259
0.984363 -0.063284 -0.164391
0.896943 0.082770 -0.434329
0.991811 -0.124283 -0.029391
0.991771 0.116244 -0.053641
0.996593 0.044964 0.069143
0.991771 0.116244 -0.053641
0.991811 -0.124283 -0.029391
0.984363 -0.063284 -0.164391
0.991955 -0.125565 -0.016064
0.996593 0.044964 0.069143
0.996466 0.048669 0.068458
0.996593 0.044964 0.069143
0.991955 -0.125565 -0.016064
0.991811 -0.124283 -0.029391
0.990133 -0.140128 0.000682
0.996466 0.048669 0.068458
0.996785 0.043908 0.067014
0.996466 0.048669 0.068458
0.990133 -0.140128 0.000682
0.991955 -0.125565 -0.016064
0.987916 -0.154846 -0.006712
0.996785 0.043908 0.067014
0.997228 0.041169 0.061985
0.996785 0.043908 0.067014
0.987916 -0.154846 -0.006712
0.990133 -0.140128 0.000682
0.997228 0.041169 0.061985
0.985142 -0.171551 -0.008156
0.987916 -0.154846 -0.006712
0.985142 -0.171551 -0.008156
0.997228 0.041169 0.061985
0.996483 0.040016 0.073621
0.996483 0.040016 0.073621
0.982145 -0.188088 0.003701
0.985142 -0.171551 -0.008156
0.982145 -0.188088 0.003701
0.996483 0.040016 0.073621
0.995263 0.032110 0.091758
0.995263 0.032110 0.091758
0.977342 -0.211067 -0.015900
0.982145 -0.188088 0.003701
0.977342 -0.211067 -0.015900
0.995263 0.032110 0.091758
0.995992 0.030466 0.084098
0.995992 0.030466 0.084098
0.994292 0.048240 0.095160
0.977342 -0.211067 -0.015900
0.970779 -0.235181 -0.047719
0.977342 -0.211067 -0.015900
0.994292 0.048240 0.095160
0.994292 0.048240 0.095160
0.990037 0.085997 0.111492
0.970779 -0.235181 -0.047719
0.969091 -0.237981 -0.065023
0.970779 -0.235181 -0.047719
0.990037 0.085997 0.111492
0.990037 0.085997 0.111492
0.992963 0.070894 0.094859
0.969091 -0.237981 -0.065023
0.968588 -0.238288 -0.071099
0.969091 -0.237981 -0.065023
0.992963 0.070894 0.094859
0.992963 0.070894 0.094859
0.965997 -0.246303 -0.078643
0.968588 -0.238288 -0.071099
0.965997 -0.246303 -0.078643
0.992963 0.070894 0.094859
0.996026 0.035201 0.081813
0.996026 0.035201 0.081813
0.963504 -0.246211 -0.105068
0.965997 -0.246303 -0.078643
0.963504 -0.246211 -0.105068
0.996026 0.035201 0.081813
0.996022 0.046429 0.076050
0.996022 0.046429 0.076050
0.962049 -0.247392 -0.115152
0.963504 -0.246211 -0.105068
0.962049 -0.247392 -0.115152
0.996022 0.046429 0.076050
0.989565 0.094069 0.109142
0.989565 0.094069 0.109142
0.962323 -0.249649 -0.107745
0.962049 -0.247392 -0.115152
0.962323 -0.249649 -0.107745
0.989565 0.094069 0.109142
0.976279 0.147588 0.158421
0.976279 0.147588 0.158421
0.974995 -0.211630 -0.067799
0.962323 -0.249649 -0.107745
0.974995 -0.211630 -0.067799
0.976279 0.147588 0.158421
0.962976 0.177313 0.203067
0.962976 0.177313 0.203067
0.990798 -0.132797 -0.026153
0.974995 -0.211630 -0.067799
0.990798 -0.132797 -0.026153
0.962976 0.177313 0.203067
0.955932 0.213922 0.201075
0.955932 0.213922 0.201075
0.960167 0.217009 0.176030
0.990798 -0.132797 -0.026153
0.988641 -0.144409 -0.041655
0.990798 -0.132797 -0.026153
0.960167 0.217009 0.176030
0.960167 0.217009 0.176030
0.966950 0.182391 0.178162
0.988641 -0.144409 -0.041655
0.980824 -0.187816 -0.052062
0.988641 -0.144409 -0.041655
0.966950 0.182391 0.178162
0.966950 0.182391 0.178162
0.974948 0.145049 0.168631
0.980824 -0.187816 -0.052062
0.977149 -0.206370 -0.050906
0.980824 -0.187816 -0.052062
0.974948 0.145049 0.168631
0.974948 0.145049 0.168631
0.991848 0.036877 0.121976
0.977149 -0.206370 -0.050906
0.974935 -0.219085 -0.038762
0.977149 -0.206370 -0.050906
0.991848 0.036877 0.121976
0.991848 0.036877 0.121976
0.997142 -0.042161 0.062694
0.974935 -0.219085 -0.038762
0.978250 -0.202561 -0.044673
0.974935 -0.219085 -0.038762
0.997142 -0.042161 0.062694
0.904920 0.272068 -0.327259
0.838398 0.472472 -0.271769
0.991771 0.116244 -0.053641
0.943278 0.331819 0.011114
0.991771 0.116244 -0.053641
0.838398 0.472472 -0.271769
0.996593 0.044964 0.069143
0.943278 0.331819 0.011114
0.956201 0.238653 0.169482
0.943278 0.331819 0.011114
0.996593 0.044964 0.069143
0.991771 0.116244 -0.053641
0.956201 0.238653 0.169482
0.996466 0.048669 0.068458
0.996593 0.044964 0.069143
0.996466 0.048669 0.068458
0.956201 0.238653 0.169482
0.954386 0.250646 0.162249
0.996785 0.043908 0.067014
0.954386 0.250646 0.162249
0.951650 0.261292 0.161518
0.954386 0.250646 0.162249
0.996785 0.043908 0.067014
0.996466 0.048669 0.068458
0.951650 0.261292 0.161518
0.997228 0.041169 0.061985
0.996785 0.043908 0.067014
0.997228 0.041169 0.061985
0.951650 0.261292 0.161518
0.946906 0.275941 0.165000
0.946906 0.275941 0.165000
0.996483 0.040016 0.073621
0.997228 0.041169 0.061985
0.996483 0.040016 0.073621
0.946906 0.275941 0.165000
0.939121 0.286906 0.189042
0.939121 0.286906 0.189042
0.995263 0.032110 0.091758
0.996483 0.040016 0.073621
0.995263 0.032110 0.091758
0.939121 0.286906 0.189042
0.930541 0.296511 0.214882
0.930541 0.296511 0.214882
0.922427 0.316882 0.220712
0.995263 0.032110 0.091758
0.995992 0.030466 0.084098
0.995263 0.032110 0.091758
0.922427 0.316882 0.220712
0.922427 0.316882 0.220712
0.906724 0.337773 0.252509
0.995992 0.030466 0.084098
0.994292 0.048240 0.095160
0.995992 0.030466 0.084098
0.906724 0.337773 0.252509
0.906724 0.337773 0.252509
0.888005 0.372648 0.269407
0.994292 0.048240 0.095160
0.990037 0.085997 0.111492
0.994292 0.048240 0.095160
0.888005 0.372648 0.269407
0.888005 0.372648 0.269407
0.877487 0.396817 0.269357
0.990037 0.085997 0.111492
0.992963 0.070894 0.094859
0.990037 0.085997 0.111492
0.877487 0.396817 0.269357
0.877487 0.396817 0.269357
0.996026 0.035201 0.081813
0.992963 0.070894 0.094859
0.996026 0.035201 0.081813
0.877487 0.396817 0.269357
0.864880 0.404969 0.296618
0.864880 0.404969 0.296618
0.996022 0.046429 0.076050
0.996026 0.035201 0.081813
0.996022 0.046429 0.076050
0.864880 0.404969 0.296618
0.849249 0.423284 0.315605
0.849249 0.423284 0.315605
0.989565 0.094069 0.109142
0.996022 0.046429 0.076050
0.989565 0.094069 0.109142
0.849249 0.423284 0.315605
0.824947 0.449042 0.343255
0.824947 0.449042 0.343255
0.976279 0.147588 0.158421
0.989565 0.094069 0.109142
0.976279 0.147588 0.158421
0.824947 0.449042 0.343255
0.813660 0.458096 0.357918
0.813660 0.458096 0.357918
0.962976 0.177313 0.203067
0.976279 0.147588 0.158421
0.962976 0.177313 0.203067
0.813660 0.458096 0.357918
0.843857 0.409496 0.346726
0.843857 0.409496 0.346726
0.955932 0.213922 0.201075
0.962976 0.177313 0.203067
0.955932 0.213922 0.201075
0.843857 0.409496 0.346726
0.872964 0.380265 0.305503
0.872964 0.380265 0.305503
0.960167 0.217009 0.176030
0.955932 0.213922 0.201075
0.960167 0.217009 0.176030
0.872964 0.380265 0.305503
0.850637 0.424972 0.309541
0.850637 0.424972 0.309541
0.813177 0.461761 0.354288
0.960167 0.217009 0.176030
0.966950 0.182391 0.178162
0.960167 0.217009 0.176030
0.813177 0.461761 0.354288
0.813177 0.461761 0.354288
0.799799 0.472193 0.370615
0.966950 0.182391 0.178162
0.974948 0.145049 0.168631
0.966950 0.182391 0.178162
0.799799 0.472193 0.370615
0.799799 0.472193 0.370615
0.801939 0.462868 0.377687
0.974948 0.145049 0.168631
0.991848 0.036877 0.121976
0.974948 0.145049 0.168631
0.801939 0.462868 0.377687
0.943278 0.331819 0.011114
0.838235 0.532299 0.118407
0.956201 0.238653 0.169482
0.956201 0.238653 0.169482
0.838235 0.532299 0.118407
0.845646 0.456203 0.277059
0.845646 0.456203 0.277059
0.954386 0.250646 0.162249
0.956201 0.238653 0.169482
0.954386 0.250646 0.162249
0.845646 0.456203 0.277059
0.835862 0.476244 0.272996
0.835862 0.476244 0.272996
0.951650 0.261292 0.161518
0.954386 0.250646 0.162249
0.951650 0.261292 0.161518
0.835862 0.476244 0.272996
0.825011 0.489955 0.281605
0.825011 0.489955 0.281605
0.946906 0.275941 0.165000
0.951650 0.261292 0.161518
0.946906 0.275941 0.165000
0.825011 0.489955 0.281605
0.810942 0.509598 0.287545
0.810942 0.509598 0.287545
0.939121 0.286906 0.189042
0.946906 0.275941 0.165000
0.939121 0.286906 0.189042
0.810942 0.509598 0.287545
0.790874 0.525401 0.313802
0.790874 0.525401 0.313802
0.770841 0.539644 0.338509
0.939121 0.286906 0.189042
0.930541 0.296511 0.214882
0.939121 0.286906 0.189042
0.770841 0.539644 0.338509
0.770841 0.539644 0.338509
0.743637 0.568154 0.352427
0.930541 0.296511 0.214882
0.922427 0.316882 0.220712
0.930541 0.296511 0.214882
0.743637 0.568154 0.352427
0.743637 0.568154 0.352427
0.723064 0.574002 0.384319
0.922427 0.316882 0.220712
0.906724 0.337773 0.252509
0.922427 0.316882 0.220712
0.723064 0.574002 0.384319
0.723064 0.574002 0.384319
0.712667 0.580921 0.393238
0.906724 0.337773 0.252509
0.888005 0.372648 0.269407
0.906724 0.337773 0.252509
0.712667 0.580921 0.393238
0.712667 0.580921 0.393238
0.660498 0.628974 0.410042
0.888005 0.372648 0.269407
0.877487 0.396817 0.269357
0.888005 0.372648 0.269407
0.660498 0.628974 0.410042
0.660498 0.628974 0.410042
0.864880 0.404969 0.296618
0.877487 0.396817 0.269357
0.864880 0.404969 0.296618
0.660498 0.628974 0.410042
0.599109 0.663494 0.448157
0.599109 0.663494 0.448157
0.849249 0.423284 0.315605
0.864880 0.404969 0.296618
0.849249 0.423284 0.315605
0.599109 0.663494 0.448157
0.588848 0.663220 0.461950
0.588848 0.663220 0.461950
0.824947 0.449042 0.343255
0.849249 0.423284 0.315605
0.824947 0.449042 0.343255
0.588848 0.663220 0.461950
0.599499 0.647903 0.469918
0.599499 0.647903 0.469918
0.813660 0.458096 0.357918
0.824947 0.449042 0.343255
0.813660 0.458096 0.357918
0.599499 0.647903 0.469918
0.593187 0.649714 0.475395
0.593187 0.649714 0.475395
0.843857 0.409496 0.346726
0.813660 0.458096 0.357918
0.843857 0.409496 0.346726
0.593187 0.649714 0.475395
0.582691 0.657858 0.477172
0.582691 0.657858 0.477172
0.872964 0.380265 0.305503
0.843857 0.409496 0.346726
0.872964 0.380265 0.305503
0.582691 0.657858 0.477172
0.572167 0.669029 0.474368
0.572167 0.669029 0.474368
0.850637 0.424972 0.309541
0.872964 0.380265 0.305503
0.850637 0.424972 0.309541
0.572167 0.669029 0.474368
0.537020 0.687369 0.489012
0.537020 0.687369 0.489012
0.472866 0.715964 0.513608
0.850637 0.424972 0.309541
0.813177 0.461761 0.354288
0.850637 0.424972 0.309541
0.472866 0.715964 0.513608
0.472866 0.715964 0.513608
0.425538 0.731517 0.532730
0.813177 0.461761 0.354288
0.799799 0.472193 0.370615
0.813177 0.461761 0.354288
0.425538 0.731517 0.532730
0.845646 0.456203 0.277059
0.611547 0.684531 0.396771
0.835862 0.476244 0.272996
0.835862 0.476244 0.272996
0.611547 0.684531 0.396771
0.591305 0.701130 0.398466
0.591305 0.701130 0.398466
0.825011 0.489955 0.281605
0.835862 0.476244 0.272996
0.825011 0.489955 0.281605
0.591305 0.701130 0.398466
0.573660 0.711273 0.406209
0.573660 0.711273 0.406209
0.810942 0.509598 0.287545
0.825011 0.489955 0.281605
0.810942 0.509598 0.287545
0.573660 0.711273 0.406209
0.559071 0.719423 0.412153
0.559071 0.719423 0.412153
0.790874 0.525401 0.313802
0.810942 0.509598 0.287545
0.790874 0.525401 0.313802
0.559071 0.719423 0.412153
0.550700 0.718988 0.424011
0.550700 0.718988 0.424011
0.539012 0.718775 0.439123
0.790874 0.525401 0.313802
0.770841 0.539644 0.338509
0.790874 0.525401 0.313802
0.539012 0.718775 0.439123
0.539012 0.718775 0.439123
0.505371 0.733458 0.454575
0.770841 0.539644 0.338509
0.743637 0.568154 0.352427
0.770841 0.539644 0.338509
0.505371 0.733458 0.454575
0.723064 0.574002 0.384319
0.505371 0.733458 0.454575
0.455949 0.748347 0.481755
0.505371 0.733458 0.454575
0.723064 0.574002 0.384319
0.743637 0.568154 0.352427
0.712667 0.580921 0.393238
0.455949 0.748347 0.481755
0.434295 0.754330 0.492315
0.455949 0.748347 0.481755
0.712667 0.580921 0.393238
0.723064 0.574002 0.384319
0.660498 0.628974 0.410042
0.434295 0.754330 0.492315
0.421197 0.759225 0.496156
0.434295 0.754330 0.492315
0.660498 0.628974 0.410042
0.712667 0.580921 0.393238
0.599109 0.663494 0.448157
0.421197 0.759225 0.496156
0.396559 0.763782 0.509292
0.421197 0.759225 0.496156
0.599109 0.663494 0.448157
0.660498 0.628974 0.410042
0.588848 0.663220 0.461950
0.396559 0.763782 0.509292
0.373462 0.767519 0.521000
0.396559 0.763782 0.509292
0.588848 0.663220 0.461950
0.599109 0.663494 0.448157
0.599499 0.647903 0.469918
0.373462 0.767519 0.521000
0.330814 0.768894 0.547141
0.373462 0.767519 0.521000
0.599499 0.647903 0.469918
0.588848 0.663220 0.461950
0.593187 0.649714 0.475395
0.330814 0.768894 0.547141
0.258084 0.787378 0.559847
0.330814 0.768894 0.547141
0.593187 0.649714 0.475395
0.599499 0.647903 0.469918
0.582691 0.657858 0.477172
0.258084 0.787378 0.559847
0.202110 0.810487 0.549784
0.258084 0.787378 0.559847
0.582691 0.657858 0.477172
0.593187 0.649714 0.475395
0.572167 0.669029 0.474368
0.202110 0.810487 0.549784
0.195492 0.814405 0.546377
0.202110 0.810487 0.549784
0.572167 0.669029 0.474368
0.582691 0.657858 0.477172
0.537020 0.687369 0.489012
0.195492 0.814405 0.546377
0.196552 0.802697 0.563067
0.195492 0.814405 0.546377
0.537020 0.687369 0.489012
0.572167 0.669029 0.474368
0.472866 0.715964 0.513608
0.196552 0.802697 0.563067
0.120351 0.808509 0.576047
0.196552 0.802697 0.563067
0.472866 0.715964 0.513608
0.537020 0.687369 0.489012
0.230505 0.842851 0.486282
0.573660 0.711273 0.406209
0.246309 0.838430 0.486175
0.573660 0.711273 0.406209
0.591305 0.701130 0.398466
0.246309 0.838430 0.486175
0.559071 0.719423 0.412153
0.230505 0.842851 0.486282
0.223606 0.842312 0.490419
0.230505 0.842851 0.486282
0.559071 0.719423 0.412153
0.573660 0.711273 0.406209
0.550700 0.718988 0.424011
0.223606 0.842312 0.490419
0.223524 0.839064 0.495992
0.223606 0.842312 0.490419
0.550700 0.718988 0.424011
0.559071 0.719423 0.412153
0.539012 0.718775 0.439123
0.223524 0.839064 0.495992
0.204313 0.833427 0.513475
0.223524 0.839064 0.495992
0.539012 0.718775 0.439123
0.550700 0.718988 0.424011
0.505371 0.733458 0.454575
0.204313 0.833427 0.513475
0.172322 0.833774 0.524525
0.204313 0.833427 0.513475
0.505371 0.733458 0.454575
0.539012 0.718775 0.439123
0.455949 0.748347 0.481755
0.172322 0.833774 0.524525
0.176082 0.829029 0.530760
0.172322 0.833774 0.524525
0.455949 0.748347 0.481755
0.505371 0.733458 0.454575
0.434295 0.754330 0.492315
0.176082 0.829029 0.530760
0.165587 0.826750 0.537648
0.176082 0.829029 0.530760
0.434295 0.754330 0.492315
0.455949 0.748347 0.481755
0.421197 0.759225 0.496156
0.165587 0.826750 0.537648
0.128557 0.829543 0.543445
0.165587 0.826750 0.537648
0.421197 0.759225 0.496156
0.434295 0.754330 0.492315
0.396559 0.763782 0.509292
0.128557 0.829543 0.543445
0.083047 0.830341 0.551033
0.128557 0.829543 0.543445
0.396559 0.763782 0.509292
0.421197 0.759225 0.496156
0.373462 0.767519 0.521000
0.083047 0.830341 0.551033
0.048647 0.830259 0.555251
0.083047 0.830341 0.551033
0.373462 0.767519 0.521000
0.396559 0.763782 0.509292
0.330814 0.768894 0.547141
0.048647 0.830259 0.555251
0.041121 0.817821 0.574001
0.048647 0.830259 0.555251
0.330814 0.768894 0.547141
0.373462 0.767519 0.521000
0.258084 0.787378 0.559847
0.041121 0.817821 0.574001
0.043853 0.815467 0.577140
0.041121 0.817821 0.574001
0.258084 0.787378 0.559847
0.330814 0.768894 0.547141
0.202110 0.810487 0.549784
0.043853 0.815467 0.577140
0.012152 0.827791 0.560904
0.043853 0.815467 0.577140
0.202110 0.810487 0.549784
0.258084 0.787378 0.559847
0.195492 0.814405 0.546377
0.012152 0.827791 0.560904
-0.070510 0.829391 0.554201
0.012152 0.827791 0.560904
0.195492 0.814405 0.546377
0.202110 0.810487 0.549784
0.196552 0.802697 0.563067
-0.070510 0.829391 0.554201
-0.146386 0.813118 0.563392
-0.070510 0.829391 0.554201
0.196552 0.802697 0.563067
0.195492 0.814405 0.546377
-0.072702 0.855903 0.512001
-0.084825 0.854485 0.512504
0.223606 0.842312 0.490419
0.223606 0.842312 0.490419
0.230505 0.842851 0.486282
-0.072702 0.855903 0.512001
0.223524 0.839064 0.495992
0.223606 0.842312 0.490419
-0.095344 0.850711 0.516915
-0.095344 0.850711 0.516915
0.223606 0.842312 0.490419
-0.084825 0.854485 0.512504
0.204313 0.833427 0.513475
0.223524 0.839064 0.495992
-0.108864 0.838115 0.534520
-0.108864 0.838115 0.534520
0.223524 0.839064 0.495992
-0.095344 0.850711 0.516915
0.172322 0.833774 0.524525
0.204313 0.833427 0.513475
-0.124604 0.835539 0.535116
-0.124604 0.835539 0.535116
0.204313 0.833427 0.513475
-0.108864 0.838115 0.534520
0.176082 0.829029 0.530760
0.172322 0.833774 0.524525
-0.131410 0.836547 0.531903
-0.131410 0.836547 0.531903
0.172322 0.833774 0.524525
-0.124604 0.835539 0.535116
0.165587 0.826750 0.537648
0.176082 0.829029 0.530760
-0.142475 0.826507 0.544598
-0.142475 0.826507 0.544598
0.176082 0.829029 0.530760
-0.131410 0.836547 0.531903
0.128557 0.829543 0.543445
0.165587 0.826750 0.537648
-0.192957 0.815181 0.546120
-0.192957 0.815181 0.546120
0.165587 0.826750 0.537648
-0.142475 0.826507 0.544598
0.083047 0.830341 0.551033
0.128557 0.829543 0.543445
-0.250148 0.805176 0.537697
-0.250148 0.805176 0.537697
0.128557 0.829543 0.543445
-0.192957 0.815181 0.546120
0.048647 0.830259 0.555251
0.083047 0.830341 0.551033
-0.295639 0.795552 0.528862
-0.295639 0.795552 0.528862
0.083047 0.830341 0.551033
-0.250148 0.805176 0.537697
0.041121 0.817821 0.574001
0.048647 0.830259 0.555251
-0.315690 0.783875 0.534677
-0.315690 0.783875 0.534677
0.048647 0.830259 0.555251
-0.295639 0.795552 0.528862
0.043853 0.815467 0.577140
-0.315690 0.783875 0.534677
-0.331280 0.775644 0.537242
-0.315690 0.783875 0.534677
0.043853 0.815467 0.577140
0.041121 0.817821 0.574001
0.012152 0.827791 0.560904
0.043853 0.815467 0.577140
-0.375768 0.767885 0.518797
-0.375768 0.767885 0.518797
0.043853 0.815467 0.577140
-0.331280 0.775644 0.537242
-0.070510 0.829391 0.554201
0.012152 0.827791 0.560904
-0.433004 0.747429 0.503842
-0.433004 0.747429 0.503842
0.012152 0.827791 0.560904
-0.375768 0.767885 0.518797
-0.369694 0.777889 0.508149
-0.084825 0.854485 0.512504
-0.337279 0.791169 0.510190
-0.084825 0.854485 0.512504
-0.369694 0.777889 0.508149
-0.095344 0.850711 0.516915
-0.108864 0.838115 0.534520
-0.095344 0.850711 0.516915
-0.386576 0.767401 0.511521
-0.095344 0.850711 0.516915
-0.369694 0.777889 0.508149
-0.386576 0.767401 0.511521
-0.124604 0.835539 0.535116
-0.108864 0.838115 0.534520
-0.389201 0.767101 0.509978
-0.389201 0.767101 0.509978
-0.108864 0.838115 0.534520
-0.386576 0.767401 0.511521
-0.131410 0.836547 0.531903
-0.124604 0.835539 0.535116
-0.412122 0.761870 0.499710
-0.412122 0.761870 0.499710
-0.124604 0.835539 0.535116
-0.389201 0.767101 0.509978
-0.142475 0.826507 0.544598
-0.131410 0.836547 0.531903
-0.444242 0.742787 0.500916
-0.444242 0.742787 0.500916
-0.131410 0.836547 0.531903
-0.412122 0.761870 0.499710
-0.192957 0.815181 0.546120
-0.142475 0.826507 0.544598
-0.465449 0.728536 0.502585
-0.465449 0.728536 0.502585
-0.142475 0.826507 0.544598
-0.444242 0.742787 0.500916
-0.250148 0.805176 0.537697
-0.192957 0.815181 0.546120
-0.494037 0.717081 0.491653
-0.494037 0.717081 0.491653
-0.192957 0.815181 0.546120
-0.465449 0.728536 0.502585
-0.295639 0.795552 0.528862
-0.250148 0.805176 0.537697
-0.538418 0.698277 0.471715
-0.538418 0.698277 0.471715
-0.250148 0.805176 0.537697
-0.494037 0.717081 0.491653
-0.315690 0.783875 0.534677
-0.295639 0.795552 0.528862
-0.579877 0.674660 0.456702
-0.579877 0.674660 0.456702
-0.295639 0.795552 0.528862
-0.538418 0.698277 0.471715
-0.331280 0.775644 0.537242
-0.315690 0.783875 0.534677
-0.607369 0.655101 0.449384
-0.607369 0.655101 0.449384
-0.315690 0.783875 0.534677
-0.579877 0.674660 0.456702
-0.375768 0.767885 0.518797
-0.331280 0.775644 0.537242
-0.627631 0.644052 0.437353
-0.627631 0.644052 0.437353
-0.331280 0.775644 0.537242
-0.607369 0.655101 0.449384
-0.595354 0.654087 0.466609
-0.369694 0.777889 0.508149
-0.567026 0.663595 0.487978
-0.369694 0.777889 0.508149
-0.595354 0.654087 0.466609
-0.386576 0.767401 0.511521
-0.389201 0.767101 0.509978
-0.386576 0.767401 0.511521
-0.613200 0.647470 0.452513
-0.386576 0.767401 0.511521
-0.595354 0.654087 0.466609
-0.613200 0.647470 0.452513
-0.412122 0.761870 0.499710
-0.389201 0.767101 0.509978
-0.627128 0.639203 0.445119
-0.627128 0.639203 0.445119
-0.389201 0.767101 0.509978
-0.613200 0.647470 0.452513
-0.444242 0.742787 0.500916
-0.412122 0.761870 0.499710
-0.644010 0.626166 0.439507
-0.644010 0.626166 0.439507
-0.412122 0.761870 0.499710
-0.627128 0.639203 0.445119
-0.465449 0.728536 0.502585
-0.444242 0.742787 0.500916
-0.660708 0.612043 0.434590
-0.660708 0.612043 0.434590
-0.444242 0.742787 0.500916
-0.644010 0.626166 0.439507
-0.494037 0.717081 0.491653
-0.465449 0.728536 0.502585
-0.675574 0.601569 0.426280
-0.675574 0.601569 0.426280
-0.465449 0.728536 0.502585
-0.660708 0.612043 0.434590
-0.689839 0.596028 0.410942
-0.494037 0.717081 0.491653
-0.675574 0.601569 0.426280
-0.494037 0.717081 0.491653
-0.689839 0.596028 0.410942
-0.538418 0.698277 0.471715
-0.696559 0.592373 0.404845
-0.538418 0.698277 0.471715
-0.689839 0.596028 0.410942
-0.538418 0.698277 0.471715
-0.696559 0.592373 0.404845
-0.579877 0.674660 0.456702
-0.700360 0.586957 0.406173
-0.579877 0.674660 0.456702
-0.696559 0.592373 0.404845
-0.579877 0.674660 0.456702
-0.700360 0.586957 0.406173
-0.607369 0.655101 0.449384
-0.726614 0.551791 0.409340
-0.595354 0.654087 0.466609
-0.717517 0.549053 0.428614
-0.595354 0.654087 0.466609
-0.726614 0.551791 0.409340
-0.613200 0.647470 0.452513
-0.736676 0.545110 0.400205
-0.613200 0.647470 0.452513
-0.726614 0.551791 0.409340
-0.613200 0.647470 0.452513
-0.736676 0.545110 0.400205
-0.627128 0.639203 0.445119
-0.745391 0.537444 0.394393
-0.627128 0.639203 0.445119
-0.736676 0.545110 0.400205
-0.627128 0.639203 0.445119
-0.745391 0.537444 0.394393
-0.644010 0.626166 0.439507
-0.751842 0.531234 0.390543
-0.644010 0.626166 0.439507
-0.745391 0.537444 0.394393
-0.644010 0.626166 0.439507
-0.751842 0.531234 0.390543
-0.660708 0.612043 0.434590
-0.756332 0.528983 0.384887
-0.660708 0.612043 0.434590
-0.751842 0.531234 0.390543
-0.660708 0.612043 0.434590
-0.756332 0.528983 0.384887
-0.675574 0.601569 0.426280
-0.760763 0.530815 0.373463
-0.675574 0.601569 0.426280
-0.756332 0.528983 0.384887
-0.675574 0.601569 0.426280
-0.760763 0.530815 0.373463
-0.689839 0.596028 0.410942
-0.767813 0.527411 0.363732
-0.689839 0.596028 0.410942
-0.760763 0.530815 0.373463
-0.689839 0.596028 0.410942
-0.767813 0.527411 0.363732
-0.696559 0.592373 0.404845
-0.812320 0.460110 0.358379
-0.726614 0.551791 0.409340
-0.809641 0.459629 0.364998
-0.726614 0.551791 0.409340
-0.812320 0.460110 0.358379
-0.736676 0.545110 0.400205
-0.815437 0.459796 0.351639
-0.736676 0.545110 0.400205
-0.812320 0.460110 0.358379
-0.736676 0.545110 0.400205
-0.815437 0.459796 0.351639
-0.745391 0.537444 0.394393
-0.816609 0.459897 0.348776
-0.745391 0.537444 0.394393
-0.815437 0.459796 0.351639
-0.745391 0.537444 0.394393
-0.816609 0.459897 0.348776
-0.751842 0.531234 0.390543
-0.816377 0.463480 0.344550
-0.751842 0.531234 0.390543
-0.816609 0.459897 0.348776
-0.751842 0.531234 0.390543
-0.816377 0.463480 0.344550
-0.756332 0.528983 0.384887
-0.815910 0.470473 0.336075
-0.756332 0.528983 0.384887
-0.816377 0.463480 0.344550
-0.756332 0.528983 0.384887
-0.815910 0.470473 0.336075
-0.760763 0.530815 0.373463
-0.867404 0.394423 0.303380
-0.816377 0.463480 0.344550
-0.816609 0.459897 0.348776
-0.816377 0.463480 0.344550
-0.867404 0.394423 0.303380
-0.864292 0.402567 0.301563
0.002188 0.497804 -0.867287
0.000000 0.500001 -0.866025
0.000533 0.498875 -0.866674
0.000000 0.500001 -0.866025
0.002188 0.497804 -0.867287
0.000000 0.499999 -0.866026
0.000000 0.499999 -0.866026
0.003080 0.495064 -0.868851
0.000000 0.499998 -0.866027
0.003080 0.495064 -0.868851
0.000000 0.499999 -0.866026
0.002188 0.497804 -0.867287
0.079660 0.429408 -0.899590
0.092633 0.365103 -0.926347
0.002188 0.497804 -0.867287
0.002188 0.497804 -0.867287
0.092633 0.365103 -0.926347
0.003080 0.495064 -0.868851
0.000000 0.499998 -0.866027
0.005284 0.492150 -0.870494
0.000001 0.499999 -0.866026
0.005284 0.492150 -0.870494
0.000000 0.499998 -0.866027
0.003080 0.495064 -0.868851
0.092633 0.365103 -0.926347
0.124148 0.303286 -0.944778
0.003080 0.495064 -0.868851
0.003080 0.495064 -0.868851
0.124148 0.303286 -0.944778
0.005284 0.492150 -0.870494
0.124148 0.303286 -0.944778
0.091785 0.316354 -0.944190
0.005284 0.492150 -0.870494
0.005284 0.492150 -0.870494
0.091785 0.316354 -0.944190
0.004966 0.494202 -0.869333
0.000001 0.499999 -0.866026
0.004966 0.494202 -0.869333
0.000002 0.500000 -0.866025
0.004966 0.494202 -0.869333
0.000001 0.499999 -0.866026
0.005284 0.492150 -0.870494
0.091785 0.316354 -0.944190
0.024448 0.348749 -0.936897
0.004966 0.494202 -0.869333
0.004966 0.494202 -0.869333
0.024448 0.348749 -0.936897
-0.000067 0.494719 -0.869053
0.000002 0.500000 -0.866025
-0.000067 0.494719 -0.869053
-0.000314 0.499241 -0.866463
-0.000067 0.494719 -0.869053
0.000002 0.500000 -0.866025
0.004966 0.494202 -0.869333
-0.030215 0.366758 -0.929826
-0.000067 0.494719 -0.869053
0.024448 0.348749 -0.936897
-0.000067 0.494719 -0.869053
-0.030215 0.366758 -0.929826
-0.000710 0.493965 -0.869482
-0.000710 0.493965 -0.869482
-0.000314 0.499241 -0.866463
-0.000067 0.494719 -0.869053
-0.000314 0.499241 -0.866463
-0.000710 0.493965 -0.869482
-0.000253 0.498160 -0.867085
-0.030215 0.366758 -0.929826
-0.004916 0.493670 -0.869635
-0.000710 0.493965 -0.869482
-0.004916 0.493670 -0.869635
-0.030215 0.366758 -0.929826
-0.087803 0.363725 -0.927359
-0.004916 0.493670 -0.869635
-0.000253 0.498160 -0.867085
-0.000710 0.493965 -0.869482
-0.000253 0.498160 -0.867085
-0.004916 0.493670 -0.869635
0.000077 0.499195 -0.866490
0.484879 -0.012942 -0.874485
0.356448 -0.018823 -0.934125
0.079660 0.429408 -0.899590
0.079660 0.429408 -0.899590
0.356448 -0.018823 -0.934125
0.092633 0.365103 -0.926347
0.356448 -0.018823 -0.934125
0.124148 0.303286 -0.944778
0.092633 0.365103 -0.926347
0.124148 0.303286 -0.944778
0.356448 -0.018823 -0.934125
0.278244 0.074078 -0.957650
0.170908 0.141551 -0.975066
0.124148 0.303286 -0.944778
0.278244 0.074078 -0.957650
0.124148 0.303286 -0.944778
0.170908 0.141551 -0.975066
0.091785 0.316354 -0.944190
0.026636 0.059744 -0.997858
0.091785 0.316354 -0.944190
0.170908 0.141551 -0.975066
0.091785 0.316354 -0.944190
0.026636 0.059744 -0.997858
0.024448 0.348749 -0.936897
-0.131315 -0.040302 -0.990521
0.024448 0.348749 -0.936897
0.026636 0.059744 -0.997858
0.024448 0.348749 -0.936897
-0.131315 -0.040302 -0.990521
-0.030215 0.366758 -0.929826
-0.087803 0.363725 -0.927359
-0.131315 -0.040302 -0.990521
-0.264871 -0.017588 -0.964123
-0.131315 -0.040302 -0.990521
-0.087803 0.363725 -0.927359
-0.030215 0.366758 -0.929826
0.541581 -0.254927 -0.801063
0.278244 0.074078 -0.957650
0.356448 -0.018823 -0.934125
0.278244 0.074078 -0.957650
0.541581 -0.254927 -0.801063
0.390557 -0.037620 -0.919810
0.705043 -0.366654 -0.607025
0.356448 -0.018823 -0.934125
0.484879 -0.012942 -0.874485
0.356448 -0.018823 -0.934125
0.705043 -0.366654 -0.607025
0.541581 -0.254927 -0.801063
0.212143 -0.015756 -0.977112
0.278244 0.074078 -0.957650
0.390557 -0.037620 -0.919810
0.278244 0.074078 -0.957650
0.212143 -0.015756 -0.977112
0.170908 0.141551 -0.975066
-0.007385 -0.183879 -0.982921
0.170908 0.141551 -0.975066
0.212143 -0.015756 -0.977112
0.170908 0.141551 -0.975066
-0.007385 -0.183879 -0.982921
0.026636 0.059744 -0.997858
-0.209354 -0.340587 -0.916609
0.026636 0.059744 -0.997858
-0.007385 -0.183879 -0.982921
0.026636 0.059744 -0.997858
-0.209354 -0.340587 -0.916609
-0.131315 -0.040302 -0.990521
-0.369079 -0.340719 -0.864691
-0.131315 -0.040302 -0.990521
-0.209354 -0.340587 -0.916609
-0.264871 -0.017588 -0.964123
-0.131315 -0.040302 -0.990521
-0.369079 -0.340719 -0.864691
0.642663 -0.342570 -0.685296
0.390557 -0.037620 -0.919810
0.541581 -0.254927 -0.801063
0.390557 -0.037620 -0.919810
0.642663 -0.342570 -0.685296
0.538856 -0.413401 -0.733985
0.538856 -0.413401 -0.733985
0.212143 -0.015756 -0.977112
0.390557 -0.037620 -0.919810
0.212143 -0.015756 -0.977112
0.538856 -0.413401 -0.733985
0.305368 -0.524479 -0.794778
-0.006657 -0.550072 -0.835091
0.212143 -0.015756 -0.977112
0.305368 -0.524479 -0.794778
0.212143 -0.015756 -0.977112
-0.006657 -0.550072 -0.835091
-0.007385 -0.183879 -0.982921
-0.240508 -0.521463 -0.818677
-0.007385 -0.183879 -0.982921
-0.006657 -0.550072 -0.835091
-0.007385 -0.183879 -0.982921
-0.240508 -0.521463 -0.818677
-0.209354 -0.340587 -0.916609
-0.240508 -0.521463 -0.818677
-0.369079 -0.340719 -0.864691
-0.209354 -0.340587 -0.916609
-0.369079 -0.340719 -0.864691
-0.240508 -0.521463 -0.818677
-0.423181 -0.490544 -0.761764
0.538856 -0.413401 -0.733985
0.694813 -0.520914 -0.495866
0.558619 -0.689166 -0.461515
0.694813 -0.520914 -0.495866
0.538856 -0.413401 -0.733985
0.642663 -0.342570 -0.685296
0.324579 -0.814076 -0.481590
0.538856 -0.413401 -0.733985
0.558619 -0.689166 -0.461515
0.305368 -0.524479 -0.794778
0.538856 -0.413401 -0.733985
0.324579 -0.814076 -0.481590
0.027199 -0.817791 -0.574873
0.305368 -0.524479 -0.794778
0.324579 -0.814076 -0.481590
0.305368 -0.524479 -0.794778
0.027199 -0.817791 -0.574873
-0.006657 -0.550072 -0.835091
0.027199 -0.817791 -0.574873
-0.240508 -0.521463 -0.818677
-0.006657 -0.550072 -0.835091
-0.240508 -0.521463 -0.818677
0.027199 -0.817791 -0.574873
-0.245633 -0.743390 -0.622122
-0.465967 -0.663008 -0.585914
-0.240508 -0.521463 -0.818677
-0.245633 -0.743390 -0.622122
-0.423181 -0.490544 -0.761764
-0.240508 -0.521463 -0.818677
-0.465967 -0.663008 -0.585914
0.534379 -0.735647 -0.416248
0.694813 -0.520914 -0.495866
0.687626 -0.621885 -0.374740
0.694813 -0.520914 -0.495866
0.534379 -0.735647 -0.416248
0.558619 -0.689166 -0.461515
0.315022 -0.825900 -0.467599
0.558619 -0.689166 -0.461515
0.534379 -0.735647 -0.416248
0.558619 -0.689166 -0.461515
0.315022 -0.825900 -0.467599
0.324579 -0.814076 -0.481590
0.315022 -0.825900 -0.467599
0.027199 -0.817791 -0.574873
0.324579 -0.814076 -0.481590
0.027199 -0.817791 -0.574873
0.315022 -0.825900 -0.467599
0.040224 -0.854226 -0.518344
0.040224 -0.854226 -0.518344
-0.245633 -0.743390 -0.622122
0.027199 -0.817791 -0.574873
-0.245633 -0.743390 -0.622122
0.040224 -0.854226 -0.518344
-0.247764 -0.811333 -0.529483
-0.247764 -0.811333 -0.529483
-0.465967 -0.663008 -0.585914
-0.245633 -0.743390 -0.622122
-0.465967 -0.663008 -0.585914
-0.247764 -0.811333 -0.529483
-0.482517 -0.731876 -0.481180
0.315022 -0.825900 -0.467599
0.523457 -0.752180 -0.400272
0.309967 -0.800511 -0.512935
0.523457 -0.752180 -0.400272
0.315022 -0.825900 -0.467599
0.534379 -0.735647 -0.416248
0.523457 -0.752180 -0.400272
0.687626 -0.621885 -0.374740
0.680769 -0.660990 -0.315667
0.687626 -0.621885 -0.374740
0.523457 -0.752180 -0.400272
0.534379 -0.735647 -0.416248
0.040224 -0.854226 -0.518344
0.309967 -0.800511 -0.512935
0.047349 -0.785387 -0.617191
0.309967 -0.800511 -0.512935
0.040224 -0.854226 -0.518344
0.315022 -0.825900 -0.467599
-0.247764 -0.811333 -0.529483
0.047349 -0.785387 -0.617191
-0.242553 -0.708368 -0.662860
0.047349 -0.785387 -0.617191
-0.247764 -0.811333 -0.529483
0.040224 -0.854226 -0.518344
-0.482517 -0.731876 -0.481180
-0.242553 -0.708368 -0.662860
-0.476551 -0.600884 -0.641746
-0.242553 -0.708368 -0.662860
-0.482517 -0.731876 -0.481180
-0.247764 -0.811333 -0.529483
0.309967 -0.800511 -0.512935
0.543341 -0.754404 -0.368313
0.348371 -0.768992 -0.535993
0.543341 -0.754404 -0.368313
0.309967 -0.800511 -0.512935
0.523457 -0.752180 -0.400272
0.543341 -0.754404 -0.368313
0.523457 -0.752180 -0.400272
0.677700 -0.693310 -0.245037
0.523457 -0.752180 -0.400272
0.680769 -0.660990 -0.315667
0.677700 -0.693310 -0.245037
0.047349 -0.785387 -0.617191
0.348371 -0.768992 -0.535993
0.096189 -0.717940 -0.689427
0.348371 -0.768992 -0.535993
0.047349 -0.785387 -0.617191
0.309967 -0.800511 -0.512935
-0.242553 -0.708368 -0.662860
0.096189 -0.717940 -0.689427
-0.193584 -0.598500 -0.777382
0.096189 -0.717940 -0.689427
-0.242553 -0.708368 -0.662860
0.047349 -0.785387 -0.617191
-0.242553 -0.708368 -0.662860
-0.440260 -0.462796 -0.769410
-0.476551 -0.600884 -0.641746
-0.440260 -0.462796 -0.769410
-0.242553 -0.708368 -0.662860
-0.193584 -0.598500 -0.777382
0.579309 -0.750300 -0.318512
0.543341 -0.754404 -0.368313
0.679583 -0.702205 -0.212308
0.543341 -0.754404 -0.368313
0.677700 -0.693310 -0.245037
0.679583 -0.702205 -0.212308
0.348371 -0.768992 -0.535993
0.579309 -0.750300 -0.318512
0.415061 -0.767184 -0.489032
0.579309 -0.750300 -0.318512
0.348371 -0.768992 -0.535993
0.543341 -0.754404 -0.368313
0.096189 -0.717940 -0.689427
0.415061 -0.767184 -0.489032
0.184918 -0.721012 -0.667793
0.415061 -0.767184 -0.489032
0.096189 -0.717940 -0.689427
0.348371 -0.768992 -0.535993
-0.193584 -0.598500 -0.777382
0.184918 -0.721012 -0.667793
-0.140100 -0.601293 -0.786650
0.184918 -0.721012 -0.667793
-0.193584 -0.598500 -0.777382
0.096189 -0.717940 -0.689427
-0.432711 -0.453957 -0.778899
-0.440260 -0.462796 -0.769410
-0.193584 -0.598500 -0.777382
-0.432711 -0.453957 -0.778899
-0.193584 -0.598500 -0.777382
-0.140100 -0.601293 -0.786650
0.184918 -0.721012 -0.667793
0.492093 -0.749466 -0.442883
0.299483 -0.734105 -0.609426
0.492093 -0.749466 -0.442883
0.184918 -0.721012 -0.667793
0.415061 -0.767184 -0.489032
0.492093 -0.749466 -0.442883
0.415061 -0.767184 -0.489032
0.613776 -0.728900 -0.303289
0.415061 -0.767184 -0.489032
0.579309 -0.750300 -0.318512
0.613776 -0.728900 -0.303289
-0.140100 -0.601293 -0.786650
0.299483 -0.734105 -0.609426
-0.066091 -0.650860 -0.756315
0.299483 -0.734105 -0.609426
-0.140100 -0.601293 -0.786650
0.184918 -0.721012 -0.667793
-0.437269 -0.488245 -0.755257
-0.432711 -0.453957 -0.778899
-0.140100 -0.601293 -0.786650
-0.437269 -0.488245 -0.755257
-0.140100 -0.601293 -0.786650
-0.066091 -0.650860 -0.756315
-0.709519 -0.307990 -0.633818
-0.440260 -0.462796 -0.769410
-0.432711 -0.453957 -0.778899
-0.440260 -0.462796 -0.769410
-0.709519 -0.307990 -0.633818
-0.673854 -0.340122 -0.655926
-0.776353 -0.276363 -0.566479
-0.709519 -0.307990 -0.633818
-0.432711 -0.453957 -0.778899
-0.776353 -0.276363 -0.566479
-0.432711 -0.453957 -0.778899
-0.437269 -0.488245 -0.755257
0.414477 -0.744773 -0.522993
0.299483 -0.734105 -0.609426
0.492093 -0.749466 -0.442883
0.414477 -0.744773 -0.522993
0.492093 -0.749466 -0.442883
0.557691 -0.724728 -0.404662
0.557691 -0.724728 -0.404662
0.613776 -0.728900 -0.303289
0.647306 -0.697417 -0.307578
0.613776 -0.728900 -0.303289
0.557691 -0.724728 -0.404662
0.492093 -0.749466 -0.442883
-0.066091 -0.650860 -0.756315
0.414477 -0.744773 -0.522993
-0.007087 -0.731926 -0.681347
0.414477 -0.744773 -0.522993
-0.066091 -0.650860 -0.756315
0.299483 -0.734105 -0.609426
-0.527983 -0.539352 -0.655998
-0.437269 -0.488245 -0.755257
-0.066091 -0.650860 -0.756315
-0.527983 -0.539352 -0.655998
-0.066091 -0.650860 -0.756315
-0.007087 -0.731926 -0.681347
-0.865954 -0.252622 -0.431631
-0.776353 -0.276363 -0.566479
-0.437269 -0.488245 -0.755257
-0.437269 -0.488245 -0.755257
-0.527983 -0.539352 -0.655998
-0.865954 -0.252622 -0.431631
0.591995 -0.724470 -0.353108
0.647306 -0.697417 -0.307578
0.669899 -0.684089 -0.288542
0.647306 -0.697417 -0.307578
0.591995 -0.724470 -0.353108
0.557691 -0.724728 -0.404662
0.457994 -0.781155 -0.424308
0.414477 -0.744773 -0.522993
0.557691 -0.724728 -0.404662
0.457994 -0.781155 -0.424308
0.557691 -0.724728 -0.404662
0.591995 -0.724470 -0.353108
0.015681 -0.844791 -0.534866
-0.007087 -0.731926 -0.681347
0.414477 -0.744773 -0.522993
0.015681 -0.844791 -0.534866
0.414477 -0.744773 -0.522993
0.457994 -0.781155 -0.424308
-0.527983 -0.539352 -0.655998
0.015681 -0.844791 -0.534866
-0.639874 -0.609788 -0.467675
0.015681 -0.844791 -0.534866
-0.527983 -0.539352 -0.655998
-0.007087 -0.731926 -0.681347
-0.950938 -0.216263 -0.221239
-0.865954 -0.252622 -0.431631
-0.527983 -0.539352 -0.655998
-0.527983 -0.539352 -0.655998
-0.639874 -0.609788 -0.467675
-0.950938 -0.216263 -0.221239
0.595174 -0.739299 -0.314968
0.669899 -0.684089 -0.288542
0.683145 -0.675888 -0.276565
0.669899 -0.684089 -0.288542
0.595174 -0.739299 -0.314968
0.591995 -0.724470 -0.353108
0.460908 -0.814514 -0.352322
0.457994 -0.781155 -0.424308
0.591995 -0.724470 -0.353108
0.460908 -0.814514 -0.352322
0.591995 -0.724470 -0.353108
0.595174 -0.739299 -0.314968
-0.038298 -0.915933 -0.399501
0.015681 -0.844791 -0.534866
0.457994 -0.781155 -0.424308
-0.038298 -0.915933 -0.399501
0.457994 -0.781155 -0.424308
0.460908 -0.814514 -0.352322
0.015681 -0.844791 -0.534866
-0.678689 -0.674237 -0.291179
-0.639874 -0.609788 -0.467675
-0.678689 -0.674237 -0.291179
0.015681 -0.844791 -0.534866
-0.038298 -0.915933 -0.399501
-0.973780 -0.213928 -0.077374
-0.639874 -0.609788 -0.467675
-0.678689 -0.674237 -0.291179
-0.639874 -0.609788 -0.467675
-0.973780 -0.213928 -0.077374
-0.950938 -0.216263 -0.221239
-0.055620 -0.955210 -0.290654
0.460908 -0.814514 -0.352322
0.424685 -0.855081 -0.297455
-0.055620 -0.955210 -0.290654
-0.038298 -0.915933 -0.399501
0.460908 -0.814514 -0.352322
0.424685 -0.855081 -0.297455
0.595174 -0.739299 -0.314968
0.549019 -0.782010 -0.295023
0.595174 -0.739299 -0.314968
0.424685 -0.855081 -0.297455
0.460908 -0.814514 -0.352322
-0.704633 -0.691914 -0.157312
-0.038298 -0.915933 -0.399501
-0.055620 -0.955210 -0.290654
-0.038298 -0.915933 -0.399501
-0.704633 -0.691914 -0.157312
-0.678689 -0.674237 -0.291179
-0.970510 -0.240480 0.016746
-0.678689 -0.674237 -0.291179
-0.704633 -0.691914 -0.157312
-0.678689 -0.674237 -0.291179
-0.970510 -0.240480 0.016746
-0.973780 -0.213928 -0.077374
0.084583 -0.960366 -0.265600
0.424685 -0.855081 -0.297455
0.317451 -0.903265 -0.288682
0.084583 -0.960366 -0.265600
-0.055620 -0.955210 -0.290654
0.424685 -0.855081 -0.297455
0.317451 -0.903265 -0.288682
0.549019 -0.782010 -0.295023
0.519507 -0.802213 -0.294222
0.549019 -0.782010 -0.295023
0.317451 -0.903265 -0.288682
0.424685 -0.855081 -0.297455
-0.616492 -0.778001 -0.121042
-0.055620 -0.955210 -0.290654
0.084583 -0.960366 -0.265600
-0.055620 -0.955210 -0.290654
-0.616492 -0.778001 -0.121042
-0.704633 -0.691914 -0.157312
-0.963991 -0.256534 0.070091
-0.704633 -0.691914 -0.157312
-0.616492 -0.778001 -0.121042
-0.704633 -0.691914 -0.157312
-0.963991 -0.256534 0.070091
-0.970510 -0.240480 0.016746
0.251220 -0.918667 -0.304859
0.519507 -0.802213 -0.294222
0.531576 -0.789871 -0.305827
0.519507 -0.802213 -0.294222
0.251220 -0.918667 -0.304859
0.317451 -0.903265 -0.288682
0.108194 -0.950891 -0.290000
0.317451 -0.903265 -0.288682
0.251220 -0.918667 -0.304859
0.317451 -0.903265 -0.288682
0.108194 -0.950891 -0.290000
0.084583 -0.960366 -0.265600
-0.456362 -0.870322 -0.185130
0.084583 -0.960366 -0.265600
0.108194 -0.950891 -0.290000
0.084583 -0.960366 -0.265600
-0.456362 -0.870322 -0.185130
-0.616492 -0.778001 -0.121042
-0.456362 -0.870322 -0.185130
-0.963991 -0.256534 0.070091
-0.616492 -0.778001 -0.121042
-0.963991 -0.256534 0.070091
-0.456362 -0.870322 -0.185130
-0.956096 -0.288810 0.049694
0.250979 -0.908024 -0.335414
0.531576 -0.789871 -0.305827
0.550430 -0.770264 -0.322055
0.531576 -0.789871 -0.305827
0.250979 -0.908024 -0.335414
0.251220 -0.918667 -0.304859
0.062854 -0.943824 -0.324415
0.251220 -0.918667 -0.304859
0.250979 -0.908024 -0.335414
0.251220 -0.918667 -0.304859
0.062854 -0.943824 -0.324415
0.108194 -0.950891 -0.290000
-0.474461 -0.850325 -0.227673
0.108194 -0.950891 -0.290000
0.062854 -0.943824 -0.324415
0.108194 -0.950891 -0.290000
-0.474461 -0.850325 -0.227673
-0.456362 -0.870322 -0.185130
-0.474461 -0.850325 -0.227673
-0.956096 -0.288810 0.049694
-0.456362 -0.870322 -0.185130
-0.956096 -0.288810 0.049694
-0.474461 -0.850325 -0.227673
-0.962442 -0.270543 0.022647
-0.585503 -0.782244 -0.212793
0.062854 -0.943824 -0.324415
0.000902 -0.942293 -0.334788
0.062854 -0.943824 -0.324415
-0.585503 -0.782244 -0.212793
-0.474461 -0.850325 -0.227673
0.000902 -0.942293 -0.334788
0.250979 -0.908024 -0.335414
0.287511 -0.892237 -0.348212
0.250979 -0.908024 -0.335414
0.000902 -0.942293 -0.334788
0.062854 -0.943824 -0.324415
-0.977975 -0.204934 0.039581
-0.474461 -0.850325 -0.227673
-0.585503 -0.782244 -0.212793
-0.474461 -0.850325 -0.227673
-0.977975 -0.204934 0.039581
-0.962442 -0.270543 0.022647
-0.032244 -0.950831 -0.308028
-0.585503 -0.782244 -0.212793
0.000902 -0.942293 -0.334788
-0.585503 -0.782244 -0.212793
-0.032244 -0.950831 -0.308028
-0.732120 -0.667578 -0.135427
-0.032244 -0.950831 -0.308028
0.287511 -0.892237 -0.348212
0.320582 -0.887475 -0.331082
0.287511 -0.892237 -0.348212
-0.032244 -0.950831 -0.308028
0.000902 -0.942293 -0.334788
-0.732120 -0.667578 -0.135427
-0.977975 -0.204934 0.039581
-0.585503 -0.782244 -0.212793
-0.977975 -0.204934 0.039581
-0.732120 -0.667578 -0.135427
-0.990401 -0.111515 0.081674
-0.033276 -0.941772 -0.334601
0.320582 -0.887475 -0.331082
0.342567 -0.870494 -0.353395
0.320582 -0.887475 -0.331082
-0.033276 -0.941772 -0.334601
-0.032244 -0.950831 -0.308028
-0.033276 -0.941772 -0.334601
-0.732120 -0.667578 -0.135427
-0.032244 -0.950831 -0.308028
-0.732120 -0.667578 -0.135427
-0.033276 -0.941772 -0.334601
-0.771936 -0.625355 -0.114215
-0.771936 -0.625355 -0.114215
-0.990401 -0.111515 0.081674
-0.732120 -0.667578 -0.135427
-0.990401 -0.111515 0.081674
-0.771936 -0.625355 -0.114215
-0.986654 -0.132737 0.094308
-0.986654 -0.132737 0.094308
-0.986949 0.064017 0.147763
-0.990401 -0.111515 0.081674
-0.986949 0.064017 0.147763
-0.986654 -0.132737 0.094308
-0.989122 0.030691 0.143859
-0.986949 0.064017 0.147763
-0.986877 0.072105 0.144484
-0.990401 -0.111515 0.081674
-0.977975 -0.204934 0.039581
-0.990401 -0.111515 0.081674
-0.986877 0.072105 0.144484
-0.750702 -0.641187 -0.159142
-0.986654 -0.132737 0.094308
-0.771936 -0.625355 -0.114215
-0.986654 -0.132737 0.094308
-0.750702 -0.641187 -0.159142
-0.983011 -0.179417 0.038712
-0.750702 -0.641187 -0.159142
-0.771936 -0.625355 -0.114215
-0.025344 -0.935371 -0.352758
-0.025344 -0.935371 -0.352758
-0.771936 -0.625355 -0.114215
-0.033276 -0.941772 -0.334601
-0.983011 -0.179417 0.038712
-0.989122 0.030691 0.143859
-0.986654 -0.132737 0.094308
-0.989122 0.030691 0.143859
-0.983011 -0.179417 0.038712
-0.993823 0.010547 0.110479
-0.724968 -0.651785 -0.222707
-0.983011 -0.179417 0.038712
-0.750702 -0.641187 -0.159142
-0.983011 -0.179417 0.038712
-0.724968 -0.651785 -0.222707
-0.985963 -0.166959 0.001423
-0.724968 -0.651785 -0.222707
-0.750702 -0.641187 -0.159142
0.003424 -0.922496 -0.385991
0.003424 -0.922496 -0.385991
-0.750702 -0.641187 -0.159142
-0.025344 -0.935371 -0.352758
-0.985963 -0.166959 0.001423
-0.993823 0.010547 0.110479
-0.983011 -0.179417 0.038712
-0.993823 0.010547 0.110479
-0.985963 -0.166959 0.001423
-0.992670 0.059976 0.104922
-0.601138 -0.748260 -0.280607
0.003424 -0.922496 -0.385991
0.007770 -0.914448 -0.404629
0.003424 -0.922496 -0.385991
-0.601138 -0.748260 -0.280607
-0.724968 -0.651785 -0.222707
-0.985908 -0.167267 0.002807
-0.724968 -0.651785 -0.222707
-0.601138 -0.748260 -0.280607
-0.724968 -0.651785 -0.222707
-0.985908 -0.167267 0.002807
-0.985963 -0.166959 0.001423
-0.985908 -0.167267 0.002807
-0.992670 0.059976 0.104922
-0.985963 -0.166959 0.001423
-0.992670 0.059976 0.104922
-0.985908 -0.167267 0.002807
-0.983404 0.123900 0.132535
-0.624072 -0.731080 -0.275783
-0.601138 -0.748260 -0.280607
-0.036941 -0.917034 -0.397095
-0.036941 -0.917034 -0.397095
-0.601138 -0.748260 -0.280607
0.007770 -0.914448 -0.404629
-0.624072 -0.731080 -0.275783
-0.985908 -0.167267 0.002807
-0.601138 -0.748260 -0.280607
-0.985908 -0.167267 0.002807
-0.624072 -0.731080 -0.275783
-0.989643 -0.143164 0.010502
-0.989643 -0.143164 0.010502
-0.983404 0.123900 0.132535
-0.985908 -0.167267 0.002807
-0.983404 0.123900 0.132535
-0.989643 -0.143164 0.010502
-0.973024 0.168366 0.157726
-0.989684 -0.138718 0.035829
-0.973024 0.168366 0.157726
-0.989643 -0.143164 0.010502
-0.973024 0.168366 0.157726
-0.989684 -0.138718 0.035829
-0.966858 0.184070 0.176928
-0.989684 -0.138718 0.035829
-0.989643 -0.143164 0.010502
-0.684100 -0.688004 -0.242194
-0.684100 -0.688004 -0.242194
-0.989643 -0.143164 0.010502
-0.624072 -0.731080 -0.275783
-0.979580 -0.197684 0.036662
-0.966858 0.184070 0.176928
-0.989684 -0.138718 0.035829
-0.966858 0.184070 0.176928
-0.979580 -0.197684 0.036662
-0.968764 0.166734 0.183563
-0.663000 -0.717922 -0.212175
-0.989684 -0.138718 0.035829
-0.684100 -0.688004 -0.242194
-0.989684 -0.138718 0.035829
-0.663000 -0.717922 -0.212175
-0.979580 -0.197684 0.036662
-0.978774 -0.201249 0.038732
-0.979580 -0.197684 0.036662
-0.676834 -0.704794 -0.212509
-0.676834 -0.704794 -0.212509
-0.979580 -0.197684 0.036662
-0.663000 -0.717922 -0.212175
-0.978774 -0.201249 0.038732
-0.968764 0.166734 0.183563
-0.979580 -0.197684 0.036662
-0.968764 0.166734 0.183563
-0.978774 -0.201249 0.038732
-0.969830 0.159337 0.184506
-0.714581 -0.673515 -0.189080
-0.978774 -0.201249 0.038732
-0.676834 -0.704794 -0.212509
-0.978774 -0.201249 0.038732
-0.714581 -0.673515 -0.189080
-0.984391 -0.145801 0.098573
-0.984391 -0.145801 0.098573
-0.969830 0.159337 0.184506
-0.978774 -0.201249 0.038732
-0.969830 0.159337 0.184506
-0.984391 -0.145801 0.098573
-0.968549 0.128269 0.213214
-0.941959 0.246152 0.228301
-0.980496 0.050830 0.189851
-0.989355 0.061398 0.131935
-0.980496 0.050830 0.189851
-0.941959 0.246152 0.228301
-0.932284 0.260379 0.251097
-0.986955 -0.060320 0.149267
-0.989355 0.061398 0.131935
-0.980496 0.050830 0.189851
-0.989355 0.061398 0.131935
-0.986955 -0.060320 0.149267
-0.992526 0.050889 0.110916
-0.986955 -0.060320 0.149267
-0.968549 0.128269 0.213214
-0.984391 -0.145801 0.098573
-0.968549 0.128269 0.213214
-0.986955 -0.060320 0.149267
-0.980496 0.050830 0.189851
-0.932284 0.260379 0.251097
-0.898526 0.340342 0.277159
-0.980496 0.050830 0.189851
-0.968549 0.128269 0.213214
-0.980496 0.050830 0.189851
-0.898526 0.340342 0.277159
-0.972153 0.186038 0.142508
-0.992526 0.050889 0.110916
-0.990503 0.102204 0.091968
-0.992526 0.050889 0.110916
-0.972153 0.186038 0.142508
-0.989355 0.061398 0.131935
-0.926107 0.299549 0.229338
-0.989355 0.061398 0.131935
-0.972153 0.186038 0.142508
-0.989355 0.061398 0.131935
-0.926107 0.299549 0.229338
-0.941959 0.246152 0.228301
-0.940912 0.270735 0.203439
-0.990503 0.102204 0.091968
-0.989460 0.049493 0.136082
-0.990503 0.102204 0.091968
-0.940912 0.270735 0.203439
-0.972153 0.186038 0.142508
-0.865695 0.415958 0.278479
-0.972153 0.186038 0.142508
-0.940912 0.270735 0.203439
-0.972153 0.186038 0.142508
-0.865695 0.415958 0.278479
-0.926107 0.299549 0.229338
0.002145 0.500219 -0.865896
-0.000000 0.500000 -0.866025
-0.000001 0.500000 -0.866025
-0.000000 0.500000 -0.866025
0.002145 0.500219 -0.865896
0.000279 0.499959 -0.866049
0.005715 0.501173 -0.865328
-0.000001 0.500000 -0.866025
0.004463 0.501041 -0.865412
-0.000001 0.500000 -0.866025
0.005715 0.501173 -0.865328
0.002145 0.500219 -0.865896
0.004463 0.501041 -0.865412
0.000000 0.500000 -0.866026
0.002274 0.500378 -0.865804
0.000000 0.500000 -0.866026
0.004463 0.501041 -0.865412
-0.000001 0.500000 -0.866025
0.000000 0.500000 -0.866026
-0.000000 0.500000 -0.866025
0.000001 0.500000 -0.866026
-0.000000 0.500000 -0.866025
0.000000 0.500000 -0.866026
-0.000001 0.500000 -0.866025
0.000279 0.499959 -0.866049
0.007667 0.501600 -0.865066
0.001475 0.500077 -0.865980
0.007667 0.501600 -0.865066
0.000279 0.499959 -0.866049
0.002145 0.500219 -0.865896
0.005715 0.501173 -0.865328
0.007667 0.501600 -0.865066
0.002145 0.500219 -0.865896
0.007667 0.501600 -0.865066
0.005715 0.501173 -0.865328
0.015751 0.502850 -0.864230
0.001475 0.500077 -0.865980
0.000078 0.500006 -0.866022
0.000279 0.499959 -0.866049
0.000078 0.500006 -0.866022
0.001475 0.500077 -0.865980
0.000199 0.500066 -0.865987
-0.000000 0.500000 -0.866025
0.000078 0.500006 -0.866022
0.000000 0.500000 -0.866025
0.000078 0.500006 -0.866022
-0.000000 0.500000 -0.866025
0.000279 0.499959 -0.866049
0.000000 0.500000 -0.866025
0.000000 0.500001 -0.866025
0.000000 0.500000 -0.866025
0.000000 0.500001 -0.866025
0.000000 0.500000 -0.866025
0.000078 0.500006 -0.866022
0.000078 0.500006 -0.866022
0.000199 0.500066 -0.865987
0.000533 0.498875 -0.866674
0.000078 0.500006 -0.866022
0.000533 0.498875 -0.866674
0.000000 0.500001 -0.866025
-0.910766 0.325389 0.254218
-0.864292 0.402567 0.301563
-0.867404 0.394423 0.303380
-0.864292 0.402567 0.301563
-0.910766 0.325389 0.254218
-0.908465 0.332378 0.253409
-0.864292 0.402567 0.301563
-0.815910 0.470473 0.336075
-0.816377 0.463480 0.344550
-0.815910 0.470473 0.336075
-0.864292 0.402567 0.301563
-0.861271 0.413778 0.294959
-0.815232 0.475505 0.330594
-0.760763 0.530815 0.373463
-0.815910 0.470473 0.336075
-0.760763 0.530815 0.373463
-0.815232 0.475505 0.330594
-0.767813 0.527411 0.363732
-0.815232 0.475505 0.330594
-0.772744 0.521353 0.362019
-0.767813 0.527411 0.363732
-0.772744 0.521353 0.362019
-0.815232 0.475505 0.330594
-0.814735 0.476397 0.330533
-0.772744 0.521353 0.362019
-0.696559 0.592373 0.404845
-0.767813 0.527411 0.363732
-0.696559 0.592373 0.404845
-0.772744 0.521353 0.362019
-0.700360 0.586957 0.406173
-0.708344 0.582169 0.399158
-0.607369 0.655101 0.449384
-0.700360 0.586957 0.406173
-0.607369 0.655101 0.449384
-0.708344 0.582169 0.399158
-0.627631 0.644052 0.437353
-0.776472 0.518727 0.357790
-0.700360 0.586957 0.406173
-0.772744 0.521353 0.362019
-0.700360 0.586957 0.406173
-0.776472 0.518727 0.357790
-0.708344 0.582169 0.399158
-0.776472 0.518727 0.357790
-0.723919 0.568679 0.390571
-0.708344 0.582169 0.399158
-0.723919 0.568679 0.390571
-0.776472 0.518727 0.357790
-0.780307 0.514217 0.355953
-0.723919 0.568679 0.390571
-0.627631 0.644052 0.437353
-0.708344 0.582169 0.399158
-0.627631 0.644052 0.437353
-0.723919 0.568679 0.390571
-0.642775 0.633768 0.430323
-0.642775 0.633768 0.430323
-0.375768 0.767885 0.518797
-0.627631 0.644052 0.437353
-0.375768 0.767885 0.518797
-0.642775 0.633768 0.430323
-0.433004 0.747429 0.503842
-0.653740 0.621466 0.431745
-0.433004 0.747429 0.503842
-0.642775 0.633768 0.430323
-0.433004 0.747429 0.503842
-0.653740 0.621466 0.431745
-0.488201 0.717792 0.496421
-0.739500 0.552291 0.384857
-0.642775 0.633768 0.430323
-0.723919 0.568679 0.390571
-0.642775 0.633768 0.430323
-0.739500 0.552291 0.384857
-0.653740 0.621466 0.431745
-0.488201 0.717792 0.496421
-0.070510 0.829391 0.554201
-0.433004 0.747429 0.503842
-0.070510 0.829391 0.554201
-0.488201 0.717792 0.496421
-0.146386 0.813118 0.563392
-0.520372 0.695174 0.495929
-0.146386 0.813118 0.563392
-0.488201 0.717792 0.496421
-0.146386 0.813118 0.563392
-0.520372 0.695174 0.495929
-0.203540 0.794170 0.572596
-0.520372 0.695174 0.495929
-0.488201 0.717792 0.496421
-0.672791 0.603933 0.427338
-0.672791 0.603933 0.427338
-0.488201 0.717792 0.496421
-0.653740 0.621466 0.431745
0.120351 0.808509 0.576047
-0.146386 0.813118 0.563392
-0.203540 0.794170 0.572596
-0.146386 0.813118 0.563392
0.120351 0.808509 0.576047
0.196552 0.802697 0.563067
-0.689453 0.591096 0.418639
-0.520372 0.695174 0.495929
-0.672791 0.603933 0.427338
-0.520372 0.695174 0.495929
-0.689453 0.591096 0.418639
-0.537641 0.685580 0.490838
-0.537641 0.685580 0.490838
-0.203540 0.794170 0.572596
-0.520372 0.695174 0.495929
-0.203540 0.794170 0.572596
-0.537641 0.685580 0.490838
-0.285364 0.779441 0.557708
-0.285364 0.779441 0.557708
0.120351 0.808509 0.576047
-0.203540 0.794170 0.572596
0.120351 0.808509 0.576047
-0.285364 0.779441 0.557708
0.013678 0.814458 0.580061
0.425538 0.731517 0.532730
0.120351 0.808509 0.576047
0.013678 0.814458 0.580061
0.120351 0.808509 0.576047
0.425538 0.731517 0.532730
0.472866 0.715964 0.513608
-0.345213 0.762874 0.546672
0.013678 0.814458 0.580061
-0.285364 0.779441 0.557708
0.013678 0.814458 0.580061
-0.345213 0.762874 0.546672
-0.044103 0.808416 0.586957
-0.345213 0.762874 0.546672
-0.285364 0.779441 0.557708
-0.576608 0.665713 0.473655
-0.576608 0.665713 0.473655
-0.285364 0.779441 0.557708
-0.537641 0.685580 0.490838
-0.044103 0.808416 0.586957
0.425538 0.731517 0.532730
0.013678 0.814458 0.580061
0.425538 0.731517 0.532730
-0.044103 0.808416 0.586957
0.340095 0.757708 0.556969
0.801939 0.462868 0.377687
0.425538 0.731517 0.532730
0.340095 0.757708 0.556969
0.425538 0.731517 0.532730
0.801939 0.462868 0.377687
0.799799 0.472193 0.370615
-0.401940 0.745025 0.532336
-0.345213 0.762874 0.546672
-0.614168 0.642124 0.458774
-0.614168 0.642124 0.458774
-0.345213 0.762874 0.546672
-0.576608 0.665713 0.473655
-0.401940 0.745025 0.532336
-0.044103 0.808416 0.586957
-0.345213 0.762874 0.546672
-0.044103 0.808416 0.586957
-0.401940 0.745025 0.532336
-0.127091 0.809144 0.573703
-0.127091 0.809144 0.573703
0.340095 0.757708 0.556969
-0.044103 0.808416 0.586957
0.340095 0.757708 0.556969
-0.127091 0.809144 0.573703
0.250904 0.785541 0.565661
0.831159 0.422879 0.361037
0.340095 0.757708 0.556969
0.250904 0.785541 0.565661
0.340095 0.757708 0.556969
0.831159 0.422879 0.361037
0.801939 0.462868 0.377687
0.991848 0.036877 0.121976
0.831159 0.422879 0.361037
0.997142 -0.042161 0.062694
0.831159 0.422879 0.361037
0.991848 0.036877 0.121976
0.801939 0.462868 0.377687
-0.226896 0.792287 0.566391
0.250904 0.785541 0.565661
-0.127091 0.809144 0.573703
0.250904 0.785541 0.565661
-0.226896 0.792287 0.566391
0.298728 0.758775 0.578811
-0.226896 0.792287 0.566391
-0.127091 0.809144 0.573703
-0.483844 0.711634 0.509384
-0.483844 0.711634 0.509384
-0.127091 0.809144 0.573703
-0.401940 0.745025 0.532336
0.887481 0.325326 0.326406
0.250904 0.785541 0.565661
0.298728 0.758775 0.578811
0.250904 0.785541 0.565661
0.887481 0.325326 0.326406
0.831159 0.422879 0.361037
0.997142 -0.042161 0.062694
0.887481 0.325326 0.326406
0.995364 0.001339 0.096168
0.887481 0.325326 0.326406
0.997142 -0.042161 0.062694
0.831159 0.422879 0.361037
0.978250 -0.202561 -0.044673
0.995364 0.001339 0.096168
0.977531 -0.204000 -0.053086
0.995364 0.001339 0.096168
0.978250 -0.202561 -0.044673
0.997142 -0.042161 0.062694
-0.284096 0.776635 0.562253
-0.226896 0.792287 0.566391
-0.543517 0.682997 0.487958
-0.543517 0.682997 0.487958
-0.226896 0.792287 0.566391
-0.483844 0.711634 0.509384
-0.284096 0.776635 0.562253
0.298728 0.758775 0.578811
-0.226896 0.792287 0.566391
0.298728 0.758775 0.578811
-0.284096 0.776635 0.562253
0.470496 0.691871 0.547675
0.887481 0.325326 0.326406
0.470496 0.691871 0.547675
0.934272 0.243891 0.260104
0.470496 0.691871 0.547675
0.887481 0.325326 0.326406
0.298728 0.758775 0.578811
0.995364 0.001339 0.096168
0.934272 0.243891 0.260104
0.986160 0.075791 0.147455
0.934272 0.243891 0.260104
0.995364 0.001339 0.096168
0.887481 0.325326 0.326406
0.977531 -0.204000 -0.053086
0.986160 0.075791 0.147455
0.968283 -0.239586 -0.070896
0.986160 0.075791 0.147455
0.977531 -0.204000 -0.053086
0.995364 0.001339 0.096168
0.871878 -0.441502 -0.211907
0.968283 -0.239586 -0.070896
0.847559 -0.474891 -0.236903
0.968283 -0.239586 -0.070896
0.871878 -0.441502 -0.211907
0.977531 -0.204000 -0.053086
0.412247 0.702501 0.580125
0.470496 0.691871 0.547675
-0.287455 0.767567 0.572896
-0.287455 0.767567 0.572896
0.470496 0.691871 0.547675
-0.284096 0.776635 0.562253
0.934272 0.243891 0.260104
0.412247 0.702501 0.580125
0.895326 0.326764 0.302683
0.412247 0.702501 0.580125
0.934272 0.243891 0.260104
0.470496 0.691871 0.547675
0.986160 0.075791 0.147455
0.895326 0.326764 0.302683
0.993827 0.050488 0.098787
0.895326 0.326764 0.302683
0.986160 0.075791 0.147455
0.934272 0.243891 0.260104
0.968283 -0.239586 -0.070896
0.993827 0.050488 0.098787
0.942926 -0.307293 -0.128301
0.993827 0.050488 0.098787
0.968283 -0.239586 -0.070896
0.986160 0.075791 0.147455
0.847559 -0.474891 -0.236903
0.942926 -0.307293 -0.128301
0.844851 -0.478389 -0.239523
0.942926 -0.307293 -0.128301
0.847559 -0.474891 -0.236903
0.968283 -0.239586 -0.070896
0.820649 -0.509541 -0.258657
0.844851 -0.478389 -0.239523
0.818076 -0.512013 -0.261907
0.844851 -0.478389 -0.239523
0.820649 -0.509541 -0.258657
0.847559 -0.474891 -0.236903
0.993827 0.050488 0.098787
0.694844 0.576082 0.430490
0.998585 -0.048710 0.021323
0.694844 0.576082 0.430490
0.993827 0.050488 0.098787
0.895326 0.326764 0.302683
0.694844 0.576082 0.430490
0.412247 0.702501 0.580125
0.089932 0.792856 0.602737
0.694844 0.576082 0.430490
0.895326 0.326764 0.302683
0.412247 0.702501 0.580125
0.942926 -0.307293 -0.128301
0.998585 -0.048710 0.021323
0.897197 -0.396818 -0.193834
0.998585 -0.048710 0.021323
0.942926 -0.307293 -0.128301
0.993827 0.050488 0.098787
0.844851 -0.478389 -0.239523
0.897197 -0.396818 -0.193834
0.843671 -0.479198 -0.242049
0.897197 -0.396818 -0.193834
0.844851 -0.478389 -0.239523
0.942926 -0.307293 -0.128301
0.818076 -0.512013 -0.261907
0.843671 -0.479198 -0.242049
0.816128 -0.514168 -0.263755
0.843671 -0.479198 -0.242049
0.818076 -0.512013 -0.261907
0.844851 -0.478389 -0.239523
0.795520 -0.538613 -0.277568
0.816128 -0.514168 -0.263755
0.793660 -0.540145 -0.279906
0.816128 -0.514168 -0.263755
0.795520 -0.538613 -0.277568
0.818076 -0.512013 -0.261907
0.476672 0.696263 0.536658
0.694844 0.576082 0.430490
-0.194159 0.815381 0.545396
-0.194159 0.815381 0.545396
0.694844 0.576082 0.430490
0.089932 0.792856 0.602737
0.998585 -0.048710 0.021323
0.476672 0.696263 0.536658
0.994514 -0.077681 0.070059
0.476672 0.696263 0.536658
0.998585 -0.048710 0.021323
0.694844 0.576082 0.430490
0.897197 -0.396818 -0.193834
0.994514 -0.077681 0.070059
0.883543 -0.424672 -0.197496
0.994514 -0.077681 0.070059
0.897197 -0.396818 -0.193834
0.998585 -0.048710 0.021323
0.843671 -0.479198 -0.242049
0.883543 -0.424672 -0.197496
0.838675 -0.484916 -0.247952
0.883543 -0.424672 -0.197496
0.843671 -0.479198 -0.242049
0.897197 -0.396818 -0.193834
0.816128 -0.514168 -0.263755
0.838675 -0.484916 -0.247952
0.810929 -0.518038 -0.272085
0.838675 -0.484916 -0.247952
0.816128 -0.514168 -0.263755
0.843671 -0.479198 -0.242049
0.793660 -0.540145 -0.279906
0.810929 -0.518038 -0.272085
0.787887 -0.544536 -0.287603
0.810929 -0.518038 -0.272085
0.793660 -0.540145 -0.279906
0.816128 -0.514168 -0.263755
0.774690 -0.561032 -0.291718
0.787887 -0.544536 -0.287603
0.772815 -0.561503 -0.295757
0.787887 -0.544536 -0.287603
0.774690 -0.561032 -0.291718
0.793660 -0.540145 -0.279906
0.883543 -0.424672 -0.197496
0.968015 -0.079251 0.238047
0.940260 -0.339989 -0.017852
0.968015 -0.079251 0.238047
0.883543 -0.424672 -0.197496
0.994514 -0.077681 0.070059
0.476672 0.696263 0.536658
0.511732 0.590056 0.624472
0.994514 -0.077681 0.070059
0.968015 -0.079251 0.238047
0.994514 -0.077681 0.070059
0.511732 0.590056 0.624472
0.838675 -0.484916 -0.247952
0.940260 -0.339989 -0.017852
0.868327 -0.457102 -0.192523
0.940260 -0.339989 -0.017852
0.838675 -0.484916 -0.247952
0.883543 -0.424672 -0.197496
0.810929 -0.518038 -0.272085
0.868327 -0.457102 -0.192523
0.797865 -0.531974 -0.283575
0.868327 -0.457102 -0.192523
0.810929 -0.518038 -0.272085
0.838675 -0.484916 -0.247952
0.787887 -0.544536 -0.287603
0.797865 -0.531974 -0.283575
0.780158 -0.553167 -0.292164
0.797865 -0.531974 -0.283575
0.787887 -0.544536 -0.287603
0.810929 -0.518038 -0.272085
0.772815 -0.561503 -0.295757
0.780158 -0.553167 -0.292164
0.766986 -0.570555 -0.293599
0.780158 -0.553167 -0.292164
0.772815 -0.561503 -0.295757
0.787887 -0.544536 -0.287603
0.763367 -0.573718 -0.296847
0.760305 -0.575036 -0.302110
0.772815 -0.561503 -0.295757
0.763367 -0.573718 -0.296847
0.772815 -0.561503 -0.295757
0.766986 -0.570555 -0.293599
0.511732 0.590056 0.624472
0.439161 0.474068 0.763149
0.968015 -0.079251 0.238047
0.849560 0.150505 0.505565
0.968015 -0.079251 0.238047
0.439161 0.474068 0.763149
0.940260 -0.339989 -0.017852
0.849560 0.150505 0.505565
0.986739 -0.106328 0.122640
0.849560 0.150505 0.505565
0.940260 -0.339989 -0.017852
0.968015 -0.079251 0.238047
0.868327 -0.457102 -0.192523
0.986739 -0.106328 0.122640
0.867007 -0.445499 -0.223227
0.986739 -0.106328 0.122640
0.868327 -0.457102 -0.192523
0.940260 -0.339989 -0.017852
0.797865 -0.531974 -0.283575
0.867007 -0.445499 -0.223227
0.787758 -0.544885 -0.287292
0.867007 -0.445499 -0.223227
0.797865 -0.531974 -0.283575
0.868327 -0.457102 -0.192523
0.780158 -0.553167 -0.292164
0.787758 -0.544885 -0.287292
0.763852 -0.576504 -0.290129
0.787758 -0.544885 -0.287292
0.780158 -0.553167 -0.292164
0.797865 -0.531974 -0.283575
0.766986 -0.570555 -0.293599
0.763852 -0.576504 -0.290129
0.760463 -0.587190 -0.277315
0.763852 -0.576504 -0.290129
0.766986 -0.570555 -0.293599
0.780158 -0.553167 -0.292164
0.765455 -0.584757 -0.268586
0.763367 -0.573718 -0.296847
0.766986 -0.570555 -0.293599
0.765455 -0.584757 -0.268586
0.766986 -0.570555 -0.293599
0.760463 -0.587190 -0.277315
0.732500 -0.624648 -0.270665
0.749789 -0.585365 -0.308487
0.763367 -0.573718 -0.296847
0.732500 -0.624648 -0.270665
0.763367 -0.573718 -0.296847
0.765455 -0.584757 -0.268586
0.695765 -0.662107 -0.278436
0.711111 -0.632725 -0.306563
0.749789 -0.585365 -0.308487
0.749789 -0.585365 -0.308487
0.732500 -0.624648 -0.270665
0.695765 -0.662107 -0.278436
0.867007 -0.445499 -0.223227
0.955452 -0.131356 0.264304
0.865157 -0.480897 0.142270
0.955452 -0.131356 0.264304
0.867007 -0.445499 -0.223227
0.986739 -0.106328 0.122640
0.849560 0.150505 0.505565
0.574001 0.199853 0.794092
0.986739 -0.106328 0.122640
0.986739 -0.106328 0.122640
0.574001 0.199853 0.794092
0.955452 -0.131356 0.264304
0.787758 -0.544885 -0.287292
0.865157 -0.480897 0.142270
0.805208 -0.587589 -0.079871
0.865157 -0.480897 0.142270
0.787758 -0.544885 -0.287292
0.867007 -0.445499 -0.223227
0.763852 -0.576504 -0.290129
0.805208 -0.587589 -0.079871
0.771338 -0.598220 -0.217187
0.805208 -0.587589 -0.079871
0.763852 -0.576504 -0.290129
0.787758 -0.544885 -0.287292
0.760463 -0.587190 -0.277315
0.771338 -0.598220 -0.217187
0.745918 -0.614431 -0.257060
0.771338 -0.598220 -0.217187
0.760463 -0.587190 -0.277315
0.763852 -0.576504 -0.290129
0.765455 -0.584757 -0.268586
0.745918 -0.614431 -0.257060
0.700844 -0.684966 -0.199094
0.745918 -0.614431 -0.257060
0.765455 -0.584757 -0.268586
0.760463 -0.587190 -0.277315
0.574539 -0.808721 -0.126000
0.732500 -0.624648 -0.270665
0.765455 -0.584757 -0.268586
0.765455 -0.584757 -0.268586
0.700844 -0.684966 -0.199094
0.574539 -0.808721 -0.126000
0.574539 -0.808721 -0.126000
0.695765 -0.662107 -0.278436
0.732500 -0.624648 -0.270665
0.695765 -0.662107 -0.278436
0.574539 -0.808721 -0.126000
0.488902 -0.860398 -0.143845
0.613776 -0.728900 -0.303289
0.579309 -0.750300 -0.318512
0.679583 -0.702205 -0.212308
0.613776 -0.728900 -0.303289
0.679583 -0.702205 -0.212308
0.688515 -0.691055 -0.219978
0.647306 -0.697417 -0.307578
0.613776 -0.728900 -0.303289
0.688515 -0.691055 -0.219978
0.688515 -0.691055 -0.219978
0.705718 -0.667877 -0.236436
0.647306 -0.697417 -0.307578
0.669899 -0.684089 -0.288542
0.647306 -0.697417 -0.307578
0.705718 -0.667877 -0.236436
0.705718 -0.667877 -0.236436
0.722013 -0.652498 -0.230093
0.669899 -0.684089 -0.288542
0.683145 -0.675888 -0.276565
0.669899 -0.684089 -0.288542
0.722013 -0.652498 -0.230093
0.683145 -0.675888 -0.276565
0.722013 -0.652498 -0.230093
0.735510 -0.634426 -0.237758
0.549019 -0.782010 -0.295023
0.683145 -0.675888 -0.276565
0.687044 -0.672157 -0.276000
0.549019 -0.782010 -0.295023
0.595174 -0.739299 -0.314968
0.683145 -0.675888 -0.276565
0.519507 -0.802213 -0.294222
0.687044 -0.672157 -0.276000
0.686138 -0.673331 -0.275389
0.519507 -0.802213 -0.294222
0.549019 -0.782010 -0.295023
0.687044 -0.672157 -0.276000
0.531576 -0.789871 -0.305827
0.686138 -0.673331 -0.275389
0.686702 -0.667449 -0.288014
0.531576 -0.789871 -0.305827
0.519507 -0.802213 -0.294222
0.686138 -0.673331 -0.275389
0.550430 -0.770264 -0.322055
0.686702 -0.667449 -0.288014
0.687179 -0.661249 -0.300890
0.550430 -0.770264 -0.322055
0.531576 -0.789871 -0.305827
0.686702 -0.667449 -0.288014
0.571792 -0.753338 -0.324865
0.687179 -0.661249 -0.300890
0.687320 -0.659462 -0.304468
0.687179 -0.661249 -0.300890
0.571792 -0.753338 -0.324865
0.550430 -0.770264 -0.322055
0.287511 -0.892237 -0.348212
0.550430 -0.770264 -0.322055
0.571792 -0.753338 -0.324865
0.550430 -0.770264 -0.322055
0.287511 -0.892237 -0.348212
0.250979 -0.908024 -0.335414
0.570739 -0.754980 -0.322896
0.687320 -0.659462 -0.304468
0.688247 -0.656707 -0.308304
0.687320 -0.659462 -0.304468
0.570739 -0.754980 -0.322896
0.571792 -0.753338 -0.324865
0.320582 -0.887475 -0.331082
0.571792 -0.753338 -0.324865
0.570739 -0.754980 -0.322896
0.571792 -0.753338 -0.324865
0.320582 -0.887475 -0.331082
0.287511 -0.892237 -0.348212
0.562289 -0.756092 -0.334897
0.688247 -0.656707 -0.308304
0.686288 -0.655784 -0.314572
0.688247 -0.656707 -0.308304
0.562289 -0.756092 -0.334897
0.570739 -0.754980 -0.322896
0.342567 -0.870494 -0.353395
0.570739 -0.754980 -0.322896
0.562289 -0.756092 -0.334897
0.570739 -0.754980 -0.322896
0.342567 -0.870494 -0.353395
0.320582 -0.887475 -0.331082
0.567414 -0.747307 -0.345794
0.686288 -0.655784 -0.314572
0.687874 -0.650832 -0.321321
0.686288 -0.655784 -0.314572
0.567414 -0.747307 -0.345794
0.562289 -0.756092 -0.334897
0.369264 -0.854776 -0.364693
0.562289 -0.756092 -0.334897
0.567414 -0.747307 -0.345794
0.562289 -0.756092 -0.334897
0.369264 -0.854776 -0.364693
0.342567 -0.870494 -0.353395
-0.025344 -0.935371 -0.352758
0.342567 -0.870494 -0.353395
0.369264 -0.854776 -0.364693
0.342567 -0.870494 -0.353395
-0.025344 -0.935371 -0.352758
-0.033276 -0.941772 -0.334601
0.581234 -0.731304 -0.356876
0.687874 -0.650832 -0.321321
0.696299 -0.640500 -0.323924
0.687874 -0.650832 -0.321321
0.581234 -0.731304 -0.356876
0.567414 -0.747307 -0.345794
0.359965 -0.849082 -0.386632
0.567414 -0.747307 -0.345794
0.581234 -0.731304 -0.356876
0.567414 -0.747307 -0.345794
0.359965 -0.849082 -0.386632
0.369264 -0.854776 -0.364693
0.003424 -0.922496 -0.385991
0.369264 -0.854776 -0.364693
0.359965 -0.849082 -0.386632
0.369264 -0.854776 -0.364693
0.003424 -0.922496 -0.385991
-0.025344 -0.935371 -0.352758
0.581234 -0.731304 -0.356876
0.704988 -0.632218 -0.321392
0.622097 -0.698869 -0.352954
0.704988 -0.632218 -0.321392
0.581234 -0.731304 -0.356876
0.696299 -0.640500 -0.323924
0.346536 -0.846454 -0.404263
0.581234 -0.731304 -0.356876
0.622097 -0.698869 -0.352954
0.581234 -0.731304 -0.356876
0.346536 -0.846454 -0.404263
0.359965 -0.849082 -0.386632
0.007770 -0.914448 -0.404629
0.359965 -0.849082 -0.386632
0.346536 -0.846454 -0.404263
0.359965 -0.849082 -0.386632
0.007770 -0.914448 -0.404629
0.003424 -0.922496 -0.385991
0.365663 -0.843462 -0.393526
0.622097 -0.698869 -0.352954
0.655268 -0.676167 -0.336781
0.622097 -0.698869 -0.352954
0.365663 -0.843462 -0.393526
0.346536 -0.846454 -0.404263
-0.036941 -0.917034 -0.397095
0.346536 -0.846454 -0.404263
0.365663 -0.843462 -0.393526
0.346536 -0.846454 -0.404263
-0.036941 -0.917034 -0.397095
0.007770 -0.914448 -0.404629
0.440192 -0.808663 -0.390251
0.655268 -0.676167 -0.336781
0.666438 -0.667502 -0.332115
0.655268 -0.676167 -0.336781
0.440192 -0.808663 -0.390251
0.365663 -0.843462 -0.393526
-0.029250 -0.911801 -0.409589
0.365663 -0.843462 -0.393526
0.440192 -0.808663 -0.390251
0.365663 -0.843462 -0.393526
-0.029250 -0.911801 -0.409589
-0.036941 -0.917034 -0.397095
-0.029250 -0.911801 -0.409589
-0.624072 -0.731080 -0.275783
-0.036941 -0.917034 -0.397095
-0.624072 -0.731080 -0.275783
-0.029250 -0.911801 -0.409589
-0.684100 -0.688004 -0.242194
0.510112 -0.779143 -0.364311
0.666438 -0.667502 -0.332115
0.679046 -0.656551 -0.328386
0.666438 -0.667502 -0.332115
0.510112 -0.779143 -0.364311
0.440192 -0.808663 -0.390251
0.028795 -0.926752 -0.374568
0.440192 -0.808663 -0.390251
0.510112 -0.779143 -0.364311
0.440192 -0.808663 -0.390251
0.028795 -0.926752 -0.374568
-0.029250 -0.911801 -0.409589
0.028795 -0.926752 -0.374568
-0.684100 -0.688004 -0.242194
-0.029250 -0.911801 -0.409589
-0.684100 -0.688004 -0.242194
0.028795 -0.926752 -0.374568
-0.663000 -0.717922 -0.212175
0.531803 -0.765127 -0.362998
0.679046 -0.656551 -0.328386
0.690696 -0.645682 -0.325628
0.531803 -0.765127 -0.362998
0.510112 -0.779143 -0.364311
0.679046 -0.656551 -0.328386
0.063203 -0.921134 -0.384081
0.510112 -0.779143 -0.364311
0.531803 -0.765127 -0.362998
0.510112 -0.779143 -0.364311
0.063203 -0.921134 -0.384081
0.028795 -0.926752 -0.374568
0.063203 -0.921134 -0.384081
-0.663000 -0.717922 -0.212175
0.028795 -0.926752 -0.374568
-0.663000 -0.717922 -0.212175
0.063203 -0.921134 -0.384081
-0.676834 -0.704794 -0.212509
0.583882 -0.724775 -0.365763
0.531803 -0.765127 -0.362998
0.690696 -0.645682 -0.325628
0.583882 -0.724775 -0.365763
0.690696 -0.645682 -0.325628
0.697766 -0.638063 -0.325574
0.103159 -0.907482 -0.407228
0.531803 -0.765127 -0.362998
0.583882 -0.724775 -0.365763
0.531803 -0.765127 -0.362998
0.103159 -0.907482 -0.407228
0.063203 -0.921134 -0.384081
0.103159 -0.907482 -0.407228
-0.676834 -0.704794 -0.212509
0.063203 -0.921134 -0.384081
-0.676834 -0.704794 -0.212509
0.103159 -0.907482 -0.407228
-0.714581 -0.673515 -0.189080
0.650068 -0.676783 -0.345508
0.583882 -0.724775 -0.365763
0.697766 -0.638063 -0.325574
0.650068 -0.676783 -0.345508
0.697766 -0.638063 -0.325574
0.705982 -0.630187 -0.323194
0.126780 -0.915603 -0.381574
0.583882 -0.724775 -0.365763
0.650068 -0.676783 -0.345508
0.583882 -0.724775 -0.365763
0.126780 -0.915603 -0.381574
0.103159 -0.907482 -0.407228
0.126780 -0.915603 -0.381574
-0.714581 -0.673515 -0.189080
0.103159 -0.907482 -0.407228
-0.714581 -0.673515 -0.189080
0.126780 -0.915603 -0.381574
-0.805904 -0.582448 -0.106170
-0.805904 -0.582448 -0.106170
-0.984391 -0.145801 0.098573
-0.714581 -0.673515 -0.189080
-0.984391 -0.145801 0.098573
-0.805904 -0.582448 -0.106170
-0.986955 -0.060320 0.149267
0.650750 -0.678240 -0.341344
0.650068 -0.676783 -0.345508
0.705982 -0.630187 -0.323194
0.650750 -0.678240 -0.341344
0.705982 -0.630187 -0.323194
0.712548 -0.622946 -0.322821
0.063334 -0.903360 -0.424181
0.650068 -0.676783 -0.345508
0.650750 -0.678240 -0.341344
0.063334 -0.903360 -0.424181
0.126780 -0.915603 -0.381574
0.650068 -0.676783 -0.345508
-0.877272 -0.458308 -0.142649
0.126780 -0.915603 -0.381574
0.063334 -0.903360 -0.424181
0.126780 -0.915603 -0.381574
-0.877272 -0.458308 -0.142649
-0.805904 -0.582448 -0.106170
-0.992526 0.050889 0.110916
-0.805904 -0.582448 -0.106170
-0.877272 -0.458308 -0.142649
-0.805904 -0.582448 -0.106170
-0.992526 0.050889 0.110916
-0.986955 -0.060320 0.149267
0.613758 -0.708009 -0.349319
0.650750 -0.678240 -0.341344
0.712548 -0.622946 -0.322821
0.712548 -0.622946 -0.322821
0.719825 -0.615119 -0.321684
0.613758 -0.708009 -0.349319
-0.166468 -0.913837 -0.370393
0.650750 -0.678240 -0.341344
0.613758 -0.708009 -0.349319
-0.166468 -0.913837 -0.370393
0.063334 -0.903360 -0.424181
0.650750 -0.678240 -0.341344
0.063334 -0.903360 -0.424181
-0.928444 -0.353400 -0.114456
-0.877272 -0.458308 -0.142649
-0.928444 -0.353400 -0.114456
0.063334 -0.903360 -0.424181
-0.166468 -0.913837 -0.370393
-0.990503 0.102204 0.091968
-0.877272 -0.458308 -0.142649
-0.928444 -0.353400 -0.114456
-0.877272 -0.458308 -0.142649
-0.990503 0.102204 0.091968
-0.992526 0.050889 0.110916
0.549400 -0.790708 -0.270074
0.613758 -0.708009 -0.349319
0.719825 -0.615119 -0.321684
0.719825 -0.615119 -0.321684
0.711111 -0.632725 -0.306563
0.549400 -0.790708 -0.270074
-0.091686 -0.976568 -0.194703
0.613758 -0.708009 -0.349319
0.549400 -0.790708 -0.270074
-0.091686 -0.976568 -0.194703
-0.166468 -0.913837 -0.370393
0.613758 -0.708009 -0.349319
-0.899905 -0.435994 0.008931
-0.166468 -0.913837 -0.370393
-0.091686 -0.976568 -0.194703
-0.166468 -0.913837 -0.370393
-0.899905 -0.435994 0.008931
-0.928444 -0.353400 -0.114456
-0.989460 0.049493 0.136082
-0.928444 -0.353400 -0.114456
-0.899905 -0.435994 0.008931
-0.928444 -0.353400 -0.114456
-0.989460 0.049493 0.136082
-0.990503 0.102204 0.091968
0.488902 -0.860398 -0.143845
0.711111 -0.632725 -0.306563
0.695765 -0.662107 -0.278436
0.488902 -0.860398 -0.143845
0.549400 -0.790708 -0.270074
0.711111 -0.632725 -0.306563
0.137290 -0.990182 -0.026285
0.549400 -0.790708 -0.270074
0.488902 -0.860398 -0.143845
0.137290 -0.990182 -0.026285
-0.091686 -0.976568 -0.194703
0.549400 -0.790708 -0.270074
-0.629489 -0.758632 0.167991
-0.091686 -0.976568 -0.194703
0.137290 -0.990182 -0.026285
-0.629489 -0.758632 0.167991
-0.899905 -0.435994 0.008931
-0.091686 -0.976568 -0.194703
-0.966917 -0.038001 0.252246
-0.899905 -0.435994 0.008931
-0.629489 -0.758632 0.167991
-0.899905 -0.435994 0.008931
-0.966917 -0.038001 0.252246
-0.989460 0.049493 0.136082
-0.884204 0.366875 0.289112
-0.989460 0.049493 0.136082
-0.966917 -0.038001 0.252246
-0.989460 0.049493 0.136082
-0.884204 0.366875 0.289112
-0.940912 0.270735 0.203439
-0.805095 0.489338 0.335217
-0.940912 0.270735 0.203439
-0.884204 0.366875 0.289112
-0.940912 0.270735 0.203439
-0.805095 0.489338 0.335217
-0.865695 0.415958 0.278479
-0.175251 0.350258 -0.920112
-0.264871 -0.017588 -0.964123
-0.373419 0.095402 -0.922744
-0.264871 -0.017588 -0.964123
-0.175251 0.350258 -0.920112
-0.087803 0.363725 -0.927359
-0.373419 0.095402 -0.922744
-0.369079 -0.340719 -0.864691
-0.551968 -0.172480 -0.815832
-0.369079 -0.340719 -0.864691
-0.373419 0.095402 -0.922744
-0.264871 -0.017588 -0.964123
-0.551968 -0.172480 -0.815832
-0.423181 -0.490544 -0.761764
-0.657080 -0.366005 -0.659004
-0.423181 -0.490544 -0.761764
-0.551968 -0.172480 -0.815832
-0.369079 -0.340719 -0.864691
-0.657080 -0.366005 -0.659004
-0.423181 -0.490544 -0.761764
-0.701003 -0.523332 -0.484477
-0.701003 -0.523332 -0.484477
-0.423181 -0.490544 -0.761764
-0.465967 -0.663008 -0.585914
-0.482517 -0.731876 -0.481180
-0.701003 -0.523332 -0.484477
-0.465967 -0.663008 -0.585914
-0.701003 -0.523332 -0.484477
-0.482517 -0.731876 -0.481180
-0.700644 -0.592153 -0.398061
-0.700644 -0.592153 -0.398061
-0.913025 -0.283632 -0.293152
-0.701003 -0.523332 -0.484477
-0.913025 -0.283632 -0.293152
-0.700644 -0.592153 -0.398061
-0.918005 -0.325375 -0.226714
-0.657080 -0.366005 -0.659004
-0.913025 -0.283632 -0.293152
-0.842008 -0.133177 -0.522769
-0.913025 -0.283632 -0.293152
-0.657080 -0.366005 -0.659004
-0.701003 -0.523332 -0.484477
-0.476551 -0.600884 -0.641746
-0.700644 -0.592153 -0.398061
-0.482517 -0.731876 -0.481180
-0.700644 -0.592153 -0.398061
-0.476551 -0.600884 -0.641746
-0.691226 -0.462735 -0.555052
-0.691226 -0.462735 -0.555052
-0.915724 -0.249316 -0.315106
-0.700644 -0.592153 -0.398061
-0.700644 -0.592153 -0.398061
-0.915724 -0.249316 -0.315106
-0.918005 -0.325375 -0.226714
-0.673854 -0.340122 -0.655926
-0.691226 -0.462735 -0.555052
-0.476551 -0.600884 -0.641746
-0.673854 -0.340122 -0.655926
-0.476551 -0.600884 -0.641746
-0.440260 -0.462796 -0.769410
-0.915724 -0.249316 -0.315106
-0.691226 -0.462735 -0.555052
-0.921432 -0.170086 -0.349333
-0.691226 -0.462735 -0.555052
-0.673854 -0.340122 -0.655926
-0.921432 -0.170086 -0.349333
-0.921432 -0.170086 -0.349333
-0.673854 -0.340122 -0.655926
-0.953378 -0.114280 -0.279303
-0.673854 -0.340122 -0.655926
-0.709519 -0.307990 -0.633818
-0.953378 -0.114280 -0.279303
-0.998569 0.018650 0.050116
-0.921432 -0.170086 -0.349333
-0.993173 0.050174 0.105311
-0.921432 -0.170086 -0.349333
-0.953378 -0.114280 -0.279303
-0.993173 0.050174 0.105311
-0.915724 -0.249316 -0.315106
-0.998569 0.018650 0.050116
-0.999837 -0.005110 0.017338
-0.998569 0.018650 0.050116
-0.915724 -0.249316 -0.315106
-0.921432 -0.170086 -0.349333
-0.983255 -0.026296 -0.180329
-0.953378 -0.114280 -0.279303
-0.709519 -0.307990 -0.633818
-0.709519 -0.307990 -0.633818
-0.776353 -0.276363 -0.566479
-0.983255 -0.026296 -0.180329
-0.993173 0.050174 0.105311
-0.953378 -0.114280 -0.279303
-0.984934 0.110872 0.132714
-0.953378 -0.114280 -0.279303
-0.983255 -0.026296 -0.180329
-0.984934 0.110872 0.132714
-0.994696 0.045553 -0.092219
-0.983255 -0.026296 -0.180329
-0.776353 -0.276363 -0.566479
-0.776353 -0.276363 -0.566479
-0.865954 -0.252622 -0.431631
-0.994696 0.045553 -0.092219
-0.983255 -0.026296 -0.180329
-0.994696 0.045553 -0.092219
-0.974237 0.184229 0.130086
-0.983255 -0.026296 -0.180329
-0.974237 0.184229 0.130086
-0.984934 0.110872 0.132714
-0.974237 0.184229 0.130086
-0.931544 0.257182 0.257068
-0.984934 0.110872 0.132714
-0.984934 0.110872 0.132714
-0.931544 0.257182 0.257068
-0.931244 0.203840 0.302051
-0.865954 -0.252622 -0.431631
-0.950938 -0.216263 -0.221239
-0.997829 0.065757 -0.003681
-0.865954 -0.252622 -0.431631
-0.997829 0.065757 -0.003681
-0.994696 0.045553 -0.092219
-0.994696 0.045553 -0.092219
-0.997829 0.065757 -0.003681
-0.964754 0.220988 0.142877
-0.994696 0.045553 -0.092219
-0.964754 0.220988 0.142877
-0.974237 0.184229 0.130086
-0.964754 0.220988 0.142877
-0.926232 0.293169 0.236952
-0.974237 0.184229 0.130086
-0.974237 0.184229 0.130086
-0.926232 0.293169 0.236952
-0.931544 0.257182 0.257068
-0.992918 0.088694 0.079038
-0.950938 -0.216263 -0.221239
-0.973780 -0.213928 -0.077374
-0.950938 -0.216263 -0.221239
-0.992918 0.088694 0.079038
-0.997829 0.065757 -0.003681
-0.997829 0.065757 -0.003681
-0.992918 0.088694 0.079038
-0.958291 0.228090 0.172201
-0.997829 0.065757 -0.003681
-0.958291 0.228090 0.172201
-0.964754 0.220988 0.142877
-0.958291 0.228090 0.172201
-0.919976 0.306655 0.244144
-0.964754 0.220988 0.142877
-0.964754 0.220988 0.142877
-0.919976 0.306655 0.244144
-0.926232 0.293169 0.236952
-0.985610 0.097841 0.137838
-0.973780 -0.213928 -0.077374
-0.970510 -0.240480 0.016746
-0.973780 -0.213928 -0.077374
-0.985610 0.097841 0.137838
-0.992918 0.088694 0.079038
-0.985610 0.097841 0.137838
-0.958291 0.228090 0.172201
-0.992918 0.088694 0.079038
-0.958291 0.228090 0.172201
-0.985610 0.097841 0.137838
-0.953582 0.230878 0.193328
-0.914642 0.318807 0.248581
-0.958291 0.228090 0.172201
-0.953582 0.230878 0.193328
-0.958291 0.228090 0.172201
-0.914642 0.318807 0.248581
-0.919976 0.306655 0.244144
-0.963991 -0.256534 0.070091
-0.985610 0.097841 0.137838
-0.970510 -0.240480 0.016746
-0.985610 0.097841 0.137838
-0.963991 -0.256534 0.070091
-0.984155 0.066501 0.164367
-0.984155 0.066501 0.164367
-0.953582 0.230878 0.193328
-0.985610 0.097841 0.137838
-0.953582 0.230878 0.193328
-0.984155 0.066501 0.164367
-0.951407 0.225594 0.209598
-0.910766 0.325389 0.254218
-0.953582 0.230878 0.193328
-0.951407 0.225594 0.209598
-0.953582 0.230878 0.193328
-0.910766 0.325389 0.254218
-0.914642 0.318807 0.248581
-0.956096 -0.288810 0.049694
-0.984155 0.066501 0.164367
-0.963991 -0.256534 0.070091
-0.984155 0.066501 0.164367
-0.956096 -0.288810 0.049694
-0.986865 0.052114 0.152912
-0.986865 0.052114 0.152912
-0.951407 0.225594 0.209598
-0.984155 0.066501 0.164367
-0.951407 0.225594 0.209598
-0.986865 0.052114 0.152912
-0.950810 0.229706 0.207833
-0.908465 0.332378 0.253409
-0.951407 0.225594 0.209598
-0.950810 0.229706 0.207833
-0.951407 0.225594 0.209598
-0.908465 0.332378 0.253409
-0.910766 0.325389 0.254218
-0.962442 -0.270543 0.022647
-0.986865 0.052114 0.152912
-0.956096 -0.288810 0.049694
-0.986865 0.052114 0.152912
-0.962442 -0.270543 0.022647
-0.987435 0.069831 0.141756
-0.987435 0.069831 0.141756
-0.950810 0.229706 0.207833
-0.986865 0.052114 0.152912
-0.950810 0.229706 0.207833
-0.987435 0.069831 0.141756
-0.949323 0.241382 0.201297
-0.905975 0.343086 0.247993
-0.950810 0.229706 0.207833
-0.949323 0.241382 0.201297
-0.950810 0.229706 0.207833
-0.905975 0.343086 0.247993
-0.908465 0.332378 0.253409
-0.861271 0.413778 0.294959
-0.908465 0.332378 0.253409
-0.905975 0.343086 0.247993
-0.908465 0.332378 0.253409
-0.861271 0.413778 0.294959
-0.864292 0.402567 0.301563
-0.977975 -0.204934 0.039581
-0.987435 0.069831 0.141756
-0.962442 -0.270543 0.022647
-0.987435 0.069831 0.141756
-0.977975 -0.204934 0.039581
-0.986877 0.072105 0.144484
-0.986877 0.072105 0.144484
-0.949323 0.241382 0.201297
-0.987435 0.069831 0.141756
-0.949323 0.241382 0.201297
-0.986877 0.072105 0.144484
-0.947113 0.246392 0.205591
-0.947113 0.246392 0.205591
-0.905975 0.343086 0.247993
-0.949323 0.241382 0.201297
-0.905975 0.343086 0.247993
-0.947113 0.246392 0.205591
-0.902610 0.350178 0.250341
-0.858464 0.421227 0.292586
-0.905975 0.343086 0.247993
-0.902610 0.350178 0.250341
-0.905975 0.343086 0.247993
-0.858464 0.421227 0.292586
-0.861271 0.413778 0.294959
-0.986949 0.064017 0.147763
-0.947113 0.246392 0.205591
-0.986877 0.072105 0.144484
-0.947113 0.246392 0.205591
-0.986949 0.064017 0.147763
-0.944174 0.251032 0.213350
-0.900257 0.353282 0.254420
-0.947113 0.246392 0.205591
-0.944174 0.251032 0.213350
-0.947113 0.246392 0.205591
-0.900257 0.353282 0.254420
-0.902610 0.350178 0.250341
-0.856147 0.424601 0.294494
-0.902610 0.350178 0.250341
-0.900257 0.353282 0.254420
-0.902610 0.350178 0.250341
-0.856147 0.424601 0.294494
-0.858464 0.421227 0.292586
-0.989122 0.030691 0.143859
-0.944174 0.251032 0.213350
-0.986949 0.064017 0.147763
-0.944174 0.251032 0.213350
-0.989122 0.030691 0.143859
-0.943625 0.251875 0.214780
-0.898935 0.355949 0.255376
-0.944174 0.251032 0.213350
-0.943625 0.251875 0.214780
-0.944174 0.251032 0.213350
-0.898935 0.355949 0.255376
-0.900257 0.353282 0.254420
-0.854133 0.427940 0.295505
-0.900257 0.353282 0.254420
-0.898935 0.355949 0.255376
-0.900257 0.353282 0.254420
-0.854133 0.427940 0.295505
-0.856147 0.424601 0.294494
-0.993823 0.010547 0.110479
-0.943625 0.251875 0.214780
-0.989122 0.030691 0.143859
-0.943625 0.251875 0.214780
-0.993823 0.010547 0.110479
-0.944257 0.258019 0.204460
-0.896577 0.363189 0.253462
-0.943625 0.251875 0.214780
-0.944257 0.258019 0.204460
-0.943625 0.251875 0.214780
-0.896577 0.363189 0.253462
-0.898935 0.355949 0.255376
-0.851728 0.432117 0.296368
-0.898935 0.355949 0.255376
-0.896577 0.363189 0.253462
-0.898935 0.355949 0.255376
-0.851728 0.432117 0.296368
-0.854133 0.427940 0.295505
-0.992670 0.059976 0.104922
-0.944257 0.258019 0.204460
-0.993823 0.010547 0.110479
-0.944257 0.258019 0.204460
-0.992670 0.059976 0.104922
-0.940039 0.274947 0.201816
-0.891365 0.374830 0.254892
-0.944257 0.258019 0.204460
-0.940039 0.274947 0.201816
-0.944257 0.258019 0.204460
-0.891365 0.374830 0.254892
-0.896577 0.363189 0.253462
-0.847635 0.438730 0.298380
-0.896577 0.363189 0.253462
-0.891365 0.374830 0.254892
-0.896577 0.363189 0.253462
-0.847635 0.438730 0.298380
-0.851728 0.432117 0.296368
-0.983404 0.123900 0.132535
-0.940039 0.274947 0.201816
-0.992670 0.059976 0.104922
-0.940039 0.274947 0.201816
-0.983404 0.123900 0.132535
-0.933425 0.289750 0.211572
-0.884748 0.384852 0.262888
-0.940039 0.274947 0.201816
-0.933425 0.289750 0.211572
-0.940039 0.274947 0.201816
-0.884748 0.384852 0.262888
-0.891365 0.374830 0.254892
-0.973024 0.168366 0.157726
-0.933425 0.289750 0.211572
-0.983404 0.123900 0.132535
-0.933425 0.289750 0.211572
-0.973024 0.168366 0.157726
-0.924744 0.306802 0.225215
-0.878364 0.392942 0.272165
-0.933425 0.289750 0.211572
-0.924744 0.306802 0.225215
-0.933425 0.289750 0.211572
-0.878364 0.392942 0.272165
-0.884748 0.384852 0.262888
-0.966858 0.184070 0.176928
-0.924744 0.306802 0.225215
-0.973024 0.168366 0.157726
-0.924744 0.306802 0.225215
-0.966858 0.184070 0.176928
-0.913345 0.327899 0.241420
-0.873294 0.399533 0.278802
-0.924744 0.306802 0.225215
-0.913345 0.327899 0.241420
-0.924744 0.306802 0.225215
-0.873294 0.399533 0.278802
-0.878364 0.392942 0.272165
-0.968764 0.166734 0.183563
-0.913345 0.327899 0.241420
-0.966858 0.184070 0.176928
-0.913345 0.327899 0.241420
-0.968764 0.166734 0.183563
-0.902664 0.347626 0.253682
-0.867479 0.406744 0.286427
-0.913345 0.327899 0.241420
-0.902664 0.347626 0.253682
-0.913345 0.327899 0.241420
-0.867479 0.406744 0.286427
-0.873294 0.399533 0.278802
-0.969830 0.159337 0.184506
-0.902664 0.347626 0.253682
-0.968764 0.166734 0.183563
-0.902664 0.347626 0.253682
-0.969830 0.159337 0.184506
-0.889744 0.370486 0.266639
-0.857672 0.420699 0.295654
-0.902664 0.347626 0.253682
-0.889744 0.370486 0.266639
-0.902664 0.347626 0.253682
-0.857672 0.420699 0.295654
-0.867479 0.406744 0.286427
-0.968549 0.128269 0.213214
-0.889744 0.370486 0.266639
-0.969830 0.159337 0.184506
-0.889744 0.370486 0.266639
-0.968549 0.128269 0.213214
-0.898526 0.340342 0.277159
-0.849146 0.431660 0.304337
-0.889744 0.370486 0.266639
-0.898526 0.340342 0.277159
-0.889744 0.370486 0.266639
-0.849146 0.431660 0.304337
-0.857672 0.420699 0.295654
-0.838606 0.445179 0.313936
-0.898526 0.340342 0.277159
-0.932284 0.260379 0.251097
-0.898526 0.340342 0.277159
-0.838606 0.445179 0.313936
-0.849146 0.431660 0.304337
-0.828067 0.459257 0.321539
-0.932284 0.260379 0.251097
-0.941959 0.246152 0.228301
-0.932284 0.260379 0.251097
-0.828067 0.459257 0.321539
-0.838606 0.445179 0.313936
-0.861271 0.413778 0.294959
-0.815232 0.475505 0.330594
-0.815910 0.470473 0.336075
-0.815232 0.475505 0.330594
-0.861271 0.413778 0.294959
-0.858464 0.421227 0.292586
-0.858464 0.421227 0.292586
-0.814735 0.476397 0.330533
-0.815232 0.475505 0.330594
-0.814735 0.476397 0.330533
-0.858464 0.421227 0.292586
-0.856147 0.424601 0.294494
-0.856147 0.424601 0.294494
-0.815019 0.476735 0.329346
-0.814735 0.476397 0.330533
-0.815019 0.476735 0.329346
-0.856147 0.424601 0.294494
-0.854133 0.427940 0.295505
-0.814735 0.476397 0.330533
-0.815019 0.476735 0.329346
-0.776472 0.518727 0.357790
-0.814735 0.476397 0.330533
-0.776472 0.518727 0.357790
-0.772744 0.521353 0.362019
-0.815019 0.476735 0.329346
-0.780307 0.514217 0.355953
-0.776472 0.518727 0.357790
-0.780307 0.514217 0.355953
-0.815019 0.476735 0.329346
-0.815058 0.476831 0.329108
-0.780307 0.514217 0.355953
-0.781729 0.511627 0.356564
-0.739500 0.552291 0.384857
-0.780307 0.514217 0.355953
-0.739500 0.552291 0.384857
-0.723919 0.568679 0.390571
-0.815058 0.476831 0.329108
-0.781729 0.511627 0.356564
-0.780307 0.514217 0.355953
-0.781729 0.511627 0.356564
-0.815058 0.476831 0.329108
-0.813573 0.478417 0.330479
-0.781729 0.511627 0.356564
-0.782732 0.510432 0.356077
-0.744142 0.546376 0.384351
-0.781729 0.511627 0.356564
-0.744142 0.546376 0.384351
-0.739500 0.552291 0.384857
-0.813573 0.478417 0.330479
-0.782732 0.510432 0.356077
-0.781729 0.511627 0.356564
-0.782732 0.510432 0.356077
-0.813573 0.478417 0.330479
-0.810002 0.482413 0.333427
-0.739500 0.552291 0.384857
-0.744142 0.546376 0.384351
-0.672791 0.603933 0.427338
-0.739500 0.552291 0.384857
-0.672791 0.603933 0.427338
-0.653740 0.621466 0.431745
-0.782476 0.510478 0.356572
-0.810002 0.482413 0.333427
-0.806381 0.486358 0.336461
-0.810002 0.482413 0.333427
-0.782476 0.510478 0.356572
-0.782732 0.510432 0.356077
-0.782732 0.510432 0.356077
-0.782476 0.510478 0.356572
-0.746146 0.544463 0.383180
-0.782732 0.510432 0.356077
-0.746146 0.544463 0.383180
-0.744142 0.546376 0.384351
-0.744142 0.546376 0.384351
-0.746146 0.544463 0.383180
-0.689453 0.591096 0.418639
-0.744142 0.546376 0.384351
-0.689453 0.591096 0.418639
-0.672791 0.603933 0.427338
-0.779804 0.513819 0.357626
-0.806381 0.486358 0.336461
-0.803903 0.489605 0.337678
-0.806381 0.486358 0.336461
-0.779804 0.513819 0.357626
-0.782476 0.510478 0.356572
-0.782476 0.510478 0.356572
-0.779804 0.513819 0.357626
-0.749183 0.541683 0.381188
-0.782476 0.510478 0.356572
-0.749183 0.541683 0.381188
-0.746146 0.544463 0.383180
-0.746146 0.544463 0.383180
-0.749183 0.541683 0.381188
-0.697549 0.584491 0.414482
-0.746146 0.544463 0.383180
-0.697549 0.584491 0.414482
-0.689453 0.591096 0.418639
-0.697549 0.584491 0.414482
-0.537641 0.685580 0.490838
-0.689453 0.591096 0.418639
-0.537641 0.685580 0.490838
-0.697549 0.584491 0.414482
-0.576608 0.665713 0.473655
-0.749183 0.541683 0.381188
-0.748178 0.542611 0.381842
-0.702734 0.579760 0.412363
-0.749183 0.541683 0.381188
-0.702734 0.579760 0.412363
-0.697549 0.584491 0.414482
-0.779804 0.513819 0.357626
-0.748178 0.542611 0.381842
-0.749183 0.541683 0.381188
-0.748178 0.542611 0.381842
-0.779804 0.513819 0.357626
-0.776496 0.517123 0.360053
-0.702734 0.579760 0.412363
-0.576608 0.665713 0.473655
-0.697549 0.584491 0.414482
-0.576608 0.665713 0.473655
-0.702734 0.579760 0.412363
-0.614168 0.642124 0.458774
-0.748178 0.542611 0.381842
-0.744250 0.546732 0.383636
-0.704098 0.578729 0.411483
-0.748178 0.542611 0.381842
-0.704098 0.578729 0.411483
-0.702734 0.579760 0.412363
-0.776496 0.517123 0.360053
-0.744250 0.546732 0.383636
-0.748178 0.542611 0.381842
-0.744250 0.546732 0.383636
-0.776496 0.517123 0.360053
-0.774696 0.519149 0.361012
-0.704098 0.578729 0.411483
-0.614168 0.642124 0.458774
-0.702734 0.579760 0.412363
-0.614168 0.642124 0.458774
-0.704098 0.578729 0.411483
-0.636849 0.626798 0.448942
-0.636849 0.626798 0.448942
-0.401940 0.745025 0.532336
-0.614168 0.642124 0.458774
-0.401940 0.745025 0.532336
-0.636849 0.626798 0.448942
-0.483844 0.711634 0.509384
-0.738888 0.551701 0.386874
-0.774696 0.519149 0.361012
-0.772762 0.521223 0.362168
-0.774696 0.519149 0.361012
-0.738888 0.551701 0.386874
-0.744250 0.546732 0.383636
-0.744250 0.546732 0.383636
-0.738888 0.551701 0.386874
-0.701019 0.581363 0.413025
-0.744250 0.546732 0.383636
-0.701019 0.581363 0.413025
-0.704098 0.578729 0.411483
-0.704098 0.578729 0.411483
-0.701019 0.581363 0.413025
-0.651990 0.616620 0.441236
-0.704098 0.578729 0.411483
-0.651990 0.616620 0.441236
-0.636849 0.626798 0.448942
-0.651990 0.616620 0.441236
-0.483844 0.711634 0.509384
-0.636849 0.626798 0.448942
-0.483844 0.711634 0.509384
-0.651990 0.616620 0.441236
-0.543517 0.682997 0.487958
-0.735325 0.554933 0.389031
-0.772762 0.521223 0.362168
-0.768301 0.524708 0.366599
-0.772762 0.521223 0.362168
-0.735325 0.554933 0.389031
-0.738888 0.551701 0.386874
-0.738888 0.551701 0.386874
-0.735325 0.554933 0.389031
-0.699307 0.584741 0.411154
-0.738888 0.551701 0.386874
-0.699307 0.584741 0.411154
-0.701019 0.581363 0.413025
-0.701019 0.581363 0.413025
-0.699307 0.584741 0.411154
-0.664450 0.611696 0.429342
-0.701019 0.581363 0.413025
-0.664450 0.611696 0.429342
-0.651990 0.616620 0.441236
-0.664450 0.611696 0.429342
-0.543517 0.682997 0.487958
-0.651990 0.616620 0.441236
-0.543517 0.682997 0.487958
-0.664450 0.611696 0.429342
-0.576379 0.667310 0.471682
-0.576379 0.667310 0.471682
-0.284096 0.776635 0.562253
-0.543517 0.682997 0.487958
-0.284096 0.776635 0.562253
-0.576379 0.667310 0.471682
-0.287455 0.767567 0.572896
-0.699307 0.584741 0.411154
-0.702939 0.583082 0.407299
-0.671359 0.607383 0.424691
-0.699307 0.584741 0.411154
-0.671359 0.607383 0.424691
-0.664450 0.611696 0.429342
-0.735325 0.554933 0.389031
-0.702939 0.583082 0.407299
-0.699307 0.584741 0.411154
-0.702939 0.583082 0.407299
-0.735325 0.554933 0.389031
-0.732896 0.557758 0.389575
-0.671359 0.607383 0.424691
-0.576379 0.667310 0.471682
-0.664450 0.611696 0.429342
-0.576379 0.667310 0.471682
-0.671359 0.607383 0.424691
-0.576880 0.663839 0.475949
-0.576880 0.663839 0.475949
-0.287455 0.767567 0.572896
-0.576379 0.667310 0.471682
-0.287455 0.767567 0.572896
-0.576880 0.663839 0.475949
-0.289373 0.763407 0.577471
0.089932 0.792856 0.602737
-0.287455 0.767567 0.572896
-0.289373 0.763407 0.577471
-0.287455 0.767567 0.572896
0.089932 0.792856 0.602737
0.412247 0.702501 0.580125
-0.708323 0.580172 0.402093
-0.671359 0.607383 0.424691
-0.702939 0.583082 0.407299
-0.671359 0.607383 0.424691
-0.708323 0.580172 0.402093
-0.677834 0.605665 0.416788
-0.732896 0.557758 0.389575
-0.708323 0.580172 0.402093
-0.702939 0.583082 0.407299
-0.708323 0.580172 0.402093
-0.732896 0.557758 0.389575
-0.732049 0.559327 0.388919
-0.677834 0.605665 0.416788
-0.576880 0.663839 0.475949
-0.671359 0.607383 0.424691
-0.576880 0.663839 0.475949
-0.677834 0.605665 0.416788
-0.577143 0.672124 0.463849
-0.577143 0.672124 0.463849
-0.289373 0.763407 0.577471
-0.576880 0.663839 0.475949
-0.289373 0.763407 0.577471
-0.577143 0.672124 0.463849
-0.341273 0.775382 0.531333
-0.341273 0.775382 0.531333
0.089932 0.792856 0.602737
-0.289373 0.763407 0.577471
0.089932 0.792856 0.602737
-0.341273 0.775382 0.531333
-0.194159 0.815381 0.545396
-0.732049 0.559327 0.388919
-0.716760 0.574916 0.394623
-0.708323 0.580172 0.402093
-0.716760 0.574916 0.394623
-0.732049 0.559327 0.388919
-0.735203 0.556456 0.387084
-0.716760 0.574916 0.394623
-0.677834 0.605665 0.416788
-0.708323 0.580172 0.402093
-0.677834 0.605665 0.416788
-0.716760 0.574916 0.394623
-0.693289 0.596721 0.404073
-0.693289 0.596721 0.404073
-0.577143 0.672124 0.463849
-0.677834 0.605665 0.416788
-0.577143 0.672124 0.463849
-0.693289 0.596721 0.404073
-0.638774 0.643571 0.421645
-0.638774 0.643571 0.421645
-0.341273 0.775382 0.531333
-0.577143 0.672124 0.463849
-0.341273 0.775382 0.531333
-0.638774 0.643571 0.421645
-0.465920 0.735976 0.491180
-0.465920 0.735976 0.491180
-0.194159 0.815381 0.545396
-0.341273 0.775382 0.531333
-0.194159 0.815381 0.545396
-0.465920 0.735976 0.491180
-0.272522 0.778262 0.565721
-0.272522 0.778262 0.565721
0.476672 0.696263 0.536658
-0.194159 0.815381 0.545396
0.476672 0.696263 0.536658
-0.272522 0.778262 0.565721
0.511732 0.590056 0.624472
-0.735203 0.556456 0.387084
-0.724116 0.567613 0.391754
-0.716760 0.574916 0.394623
-0.724116 0.567613 0.391754
-0.735203 0.556456 0.387084
-0.737402 0.554677 0.385449
-0.724116 0.567613 0.391754
-0.693289 0.596721 0.404073
-0.716760 0.574916 0.394623
-0.693289 0.596721 0.404073
-0.724116 0.567613 0.391754
-0.714489 0.577531 0.394923
-0.638774 0.643571 0.421645
-0.714489 0.577531 0.394923
-0.704152 0.589746 0.395436
-0.714489 0.577531 0.394923
-0.638774 0.643571 0.421645
-0.693289 0.596721 0.404073
-0.465920 0.735976 0.491180
-0.704152 0.589746 0.395436
-0.619829 0.644706 0.447400
-0.704152 0.589746 0.395436
-0.465920 0.735976 0.491180
-0.638774 0.643571 0.421645
-0.619829 0.644706 0.447400
-0.272522 0.778262 0.565721
-0.465920 0.735976 0.491180
-0.272522 0.778262 0.565721
-0.619829 0.644706 0.447400
-0.284674 0.711013 0.642979
-0.284674 0.711013 0.642979
0.511732 0.590056 0.624472
-0.272522 0.778262 0.565721
0.511732 0.590056 0.624472
-0.284674 0.711013 0.642979
0.439161 0.474068 0.763149
-0.704152 0.589746 0.395436
-0.732640 0.561478 0.384684
-0.724681 0.570073 0.387110
-0.732640 0.561478 0.384684
-0.704152 0.589746 0.395436
-0.714489 0.577531 0.394923
-0.732640 0.561478 0.384684
-0.714489 0.577531 0.394923
-0.737402 0.554677 0.385449
-0.714489 0.577531 0.394923
-0.724116 0.567613 0.391754
-0.737402 0.554677 0.385449
-0.619829 0.644706 0.447400
-0.724681 0.570073 0.387110
-0.694871 0.559488 0.451804
-0.724681 0.570073 0.387110
-0.619829 0.644706 0.447400
-0.704152 0.589746 0.395436
-0.284674 0.711013 0.642979
-0.694871 0.559488 0.451804
-0.371604 0.533329 0.759914
-0.694871 0.559488 0.451804
-0.284674 0.711013 0.642979
-0.619829 0.644706 0.447400
0.439161 0.474068 0.763149
-0.371604 0.533329 0.759914
0.128267 0.420237 0.898303
-0.371604 0.533329 0.759914
0.439161 0.474068 0.763149
-0.284674 0.711013 0.642979
0.849560 0.150505 0.505565
0.128267 0.420237 0.898303
0.574001 0.199853 0.794092
0.128267 0.420237 0.898303
0.849560 0.150505 0.505565
0.439161 0.474068 0.763149
0.002274 0.500378 -0.865804
0.000000 0.500000 -0.866026
0.000606 0.500051 -0.865996
0.000606 0.500051 -0.865996
0.000000 0.500000 -0.866026
0.000000 0.500000 -0.866026
0.004602 0.499749 -0.866158
0.000606 0.500051 -0.865996
0.000982 0.499790 -0.866146
0.000606 0.500051 -0.865996
0.004602 0.499749 -0.866158
0.002274 0.500378 -0.865804
0.000982 0.499790 -0.866146
-0.000002 0.499996 -0.866028
-0.000444 0.501190 -0.865337
-0.000002 0.499996 -0.866028
0.000982 0.499790 -0.866146
0.000606 0.500051 -0.865996
0.222195 0.634641 -0.740176
0.331398 0.594032 -0.733008
0.000982 0.499790 -0.866146
0.000982 0.499790 -0.866146
0.331398 0.594032 -0.733008
0.004602 0.499749 -0.866158
-0.000444 0.501190 -0.865337
0.222195 0.634641 -0.740176
0.000982 0.499790 -0.866146
0.222195 0.634641 -0.740176
-0.000444 0.501190 -0.865337
0.081064 0.637788 -0.765934
0.230245 0.891118 -0.391018
0.222195 0.634641 -0.740176
0.081064 0.637788 -0.765934
0.222195 0.634641 -0.740176
0.230245 0.891118 -0.391018
0.483344 0.763680 -0.427985
0.547688 0.801072 -0.241499
0.230245 0.891118 -0.391018
0.277873 0.953681 -0.115239
0.230245 0.891118 -0.391018
0.547688 0.801072 -0.241499
0.483344 0.763680 -0.427985
0.277873 0.953681 -0.115239
-0.020632 0.879268 -0.475880
-0.009271 0.992330 -0.123272
-0.020632 0.879268 -0.475880
0.277873 0.953681 -0.115239
0.230245 0.891118 -0.391018
-0.018864 0.992075 0.124223
0.277873 0.953681 -0.115239
-0.009271 0.992330 -0.123272
0.277873 0.953681 -0.115239
-0.018864 0.992075 0.124223
0.287778 0.956659 0.044579
0.285607 0.893547 0.346413
-0.018864 0.992075 0.124223
-0.052643 0.913001 0.404547
-0.018864 0.992075 0.124223
0.285607 0.893547 0.346413
0.287778 0.956659 0.044579
-0.314703 0.802234 0.507329
-0.052643 0.913001 0.404547
-0.323204 0.835833 0.443759
-0.052643 0.913001 0.404547
-0.314703 0.802234 0.507329
-0.061985 0.848823 0.525031
-0.303988 0.804161 0.510799
-0.061985 0.848823 0.525031
-0.314703 0.802234 0.507329
-0.061985 0.848823 0.525031
-0.303988 0.804161 0.510799
-0.061525 0.855655 0.513876
-0.303988 0.804161 0.510799
-0.510228 0.693658 0.508435
-0.313584 0.797985 0.514671
-0.510228 0.693658 0.508435
-0.303988 0.804161 0.510799
-0.506974 0.710407 0.488160
-0.313584 0.797985 0.514671
-0.533780 0.680599 0.501860
-0.337279 0.791169 0.510190
-0.533780 0.680599 0.501860
-0.313584 0.797985 0.514671
-0.510228 0.693658 0.508435
-0.717517 0.549053 0.428614
-0.567026 0.663595 0.487978
-0.703015 0.540146 0.462614
-0.567026 0.663595 0.487978
-0.717517 0.549053 0.428614
-0.595354 0.654087 0.466609
0.593205 -0.518107 0.616176
0.865157 -0.480897 0.142270
0.459265 -0.196396 0.866316
0.865157 -0.480897 0.142270
0.593205 -0.518107 0.616176
0.805208 -0.587589 -0.079871
0.459265 -0.196396 0.866316
0.955452 -0.131356 0.264304
0.574001 0.199853 0.794092
0.955452 -0.131356 0.264304
0.459265 -0.196396 0.866316
0.865157 -0.480897 0.142270
0.771338 -0.598220 -0.217187
0.593205 -0.518107 0.616176
0.629628 -0.675597 0.383583
0.593205 -0.518107 0.616176
0.771338 -0.598220 -0.217187
0.805208 -0.587589 -0.079871
-0.204506 -0.040981 0.978007
0.629628 -0.675597 0.383583
0.593205 -0.518107 0.616176
0.629628 -0.675597 0.383583
-0.204506 -0.040981 0.978007
-0.167750 -0.295868 0.940384
-0.155654 0.221332 0.962696
0.593205 -0.518107 0.616176
0.459265 -0.196396 0.866316
0.593205 -0.518107 0.616176
-0.155654 0.221332 0.962696
-0.204506 -0.040981 0.978007
0.575637 -0.790028 0.210946
0.629628 -0.675597 0.383583
-0.167750 -0.295868 0.940384
-0.167750 -0.295868 0.940384
-0.116050 -0.462863 0.878801
0.575637 -0.790028 0.210946
-0.585328 0.131011 0.800142
-0.116050 -0.462863 0.878801
-0.167750 -0.295868 0.940384
-0.116050 -0.462863 0.878801
-0.585328 0.131011 0.800142
-0.509533 0.163010 0.844869
-0.594814 0.226110 0.771408
-0.167750 -0.295868 0.940384
-0.204506 -0.040981 0.978007
-0.167750 -0.295868 0.940384
-0.594814 0.226110 0.771408
-0.585328 0.131011 0.800142
0.745918 -0.614431 -0.257060
0.629628 -0.675597 0.383583
0.575637 -0.790028 0.210946
0.629628 -0.675597 0.383583
0.745918 -0.614431 -0.257060
0.771338 -0.598220 -0.217187
-0.191699 -0.605041 0.772772
-0.509533 0.163010 0.844869
-0.566056 -0.047524 0.822996
-0.191699 -0.605041 0.772772
-0.116050 -0.462863 0.878801
-0.509533 0.163010 0.844869
-0.566056 -0.047524 0.822996
-0.549581 0.231548 0.802712
-0.659241 0.300119 0.689442
-0.549581 0.231548 0.802712
-0.566056 -0.047524 0.822996
-0.509533 0.163010 0.844869
-0.509533 0.163010 0.844869
-0.585328 0.131011 0.800142
-0.607170 0.231874 0.759986
-0.509533 0.163010 0.844869
-0.607170 0.231874 0.759986
-0.549581 0.231548 0.802712
0.436967 -0.887847 0.144177
-0.116050 -0.462863 0.878801
-0.191699 -0.605041 0.772772
0.436967 -0.887847 0.144177
0.575637 -0.790028 0.210946
-0.116050 -0.462863 0.878801
0.575637 -0.790028 0.210946
0.700844 -0.684966 -0.199094
0.745918 -0.614431 -0.257060
0.700844 -0.684966 -0.199094
0.575637 -0.790028 0.210946
0.436967 -0.887847 0.144177
-0.659241 0.300119 0.689442
-0.798222 0.415349 0.436264
-0.802893 -0.127463 0.582336
-0.659241 0.300119 0.689442
-0.802893 -0.127463 0.582336
-0.566056 -0.047524 0.822996
-0.798222 0.415349 0.436264
-0.752425 0.421686 0.506001
-0.793816 0.475083 0.379675
-0.752425 0.421686 0.506001
-0.798222 0.415349 0.436264
-0.659241 0.300119 0.689442
-0.659241 0.300119 0.689442
-0.549581 0.231548 0.802712
-0.698592 0.431325 0.570901
-0.659241 0.300119 0.689442
-0.698592 0.431325 0.570901
-0.752425 0.421686 0.506001
-0.276767 -0.858080 0.432548
-0.566056 -0.047524 0.822996
-0.802893 -0.127463 0.582336
-0.276767 -0.858080 0.432548
-0.191699 -0.605041 0.772772
-0.566056 -0.047524 0.822996
0.280710 -0.957024 0.072846
0.436967 -0.887847 0.144177
-0.191699 -0.605041 0.772772
-0.191699 -0.605041 0.772772
-0.276767 -0.858080 0.432548
0.280710 -0.957024 0.072846
0.436967 -0.887847 0.144177
0.280710 -0.957024 0.072846
0.574539 -0.808721 -0.126000
0.436967 -0.887847 0.144177
0.574539 -0.808721 -0.126000
0.700844 -0.684966 -0.199094
0.488902 -0.860398 -0.143845
0.574539 -0.808721 -0.126000
0.280710 -0.957024 0.072846
0.280710 -0.957024 0.072846
0.137290 -0.990182 -0.026285
0.488902 -0.860398 -0.143845
-0.276767 -0.858080 0.432548
0.137290 -0.990182 -0.026285
0.280710 -0.957024 0.072846
0.137290 -0.990182 -0.026285
-0.276767 -0.858080 0.432548
-0.629489 -0.758632 0.167991
0.012928 0.500785 -0.865475
0.002274 0.500378 -0.865804
0.004602 0.499749 -0.866158
0.002274 0.500378 -0.865804
0.012928 0.500785 -0.865475
0.004463 0.501041 -0.865412
0.012928 0.500785 -0.865475
0.005715 0.501173 -0.865328
0.004463 0.501041 -0.865412
0.005715 0.501173 -0.865328
0.012928 0.500785 -0.865475
0.015751 0.502850 -0.864230
0.280426 0.482689 -0.829682
0.012928 0.500785 -0.865475
0.289671 0.541768 -0.789036
0.012928 0.500785 -0.865475
0.280426 0.482689 -0.829682
0.015751 0.502850 -0.864230
0.289671 0.541768 -0.789036
0.004602 0.499749 -0.866158
0.331398 0.594032 -0.733008
0.004602 0.499749 -0.866158
0.289671 0.541768 -0.789036
0.012928 0.500785 -0.865475
0.623577 0.631615 -0.460667
0.222195 0.634641 -0.740176
0.483344 0.763680 -0.427985
0.222195 0.634641 -0.740176
0.623577 0.631615 -0.460667
0.331398 0.594032 -0.733008
0.289671 0.541768 -0.789036
0.331398 0.594032 -0.733008
0.659883 0.536076 -0.526476
0.331398 0.594032 -0.733008
0.623577 0.631615 -0.460667
0.659883 0.536076 -0.526476
0.659883 0.536076 -0.526476
0.623577 0.631615 -0.460667
0.734117 0.531556 -0.422517
0.623577 0.631615 -0.460667
0.686417 0.631526 -0.360563
0.734117 0.531556 -0.422517
0.686417 0.631526 -0.360563
0.483344 0.763680 -0.427985
0.547688 0.801072 -0.241499
0.483344 0.763680 -0.427985
0.686417 0.631526 -0.360563
0.623577 0.631615 -0.460667
0.750624 0.626719 -0.209254
0.547688 0.801072 -0.241499
0.577541 0.813677 -0.066155
0.686417 0.631526 -0.360563
0.547688 0.801072 -0.241499
0.750624 0.626719 -0.209254
0.577541 0.813677 -0.066155
0.277873 0.953681 -0.115239
0.287778 0.956659 0.044579
0.277873 0.953681 -0.115239
0.577541 0.813677 -0.066155
0.547688 0.801072 -0.241499
0.620229 0.743197 0.250948
0.287778 0.956659 0.044579
0.285607 0.893547 0.346413
0.287778 0.956659 0.044579
0.620229 0.743197 0.250948
0.577541 0.813677 -0.066155
0.611547 0.684531 0.396771
0.285607 0.893547 0.346413
0.261066 0.830322 0.492352
0.285607 0.893547 0.346413
0.611547 0.684531 0.396771
0.620229 0.743197 0.250948
0.261066 0.830322 0.492352
-0.052643 0.913001 0.404547
-0.061985 0.848823 0.525031
-0.052643 0.913001 0.404547
0.261066 0.830322 0.492352
0.285607 0.893547 0.346413
-0.061525 0.855655 0.513876
0.261066 0.830322 0.492352
-0.061985 0.848823 0.525031
0.261066 0.830322 0.492352
-0.061525 0.855655 0.513876
0.246309 0.838430 0.486175
-0.061525 0.855655 0.513876
-0.313584 0.797985 0.514671
-0.072702 0.855903 0.512001
-0.313584 0.797985 0.514671
-0.061525 0.855655 0.513876
-0.303988 0.804161 0.510799
-0.072702 0.855903 0.512001
-0.337279 0.791169 0.510190
-0.084825 0.854485 0.512504
-0.337279 0.791169 0.510190
-0.072702 0.855903 0.512001
-0.313584 0.797985 0.514671
-0.337279 0.791169 0.510190
-0.567026 0.663595 0.487978
-0.369694 0.777889 0.508149
-0.567026 0.663595 0.487978
-0.337279 0.791169 0.510190
-0.533780 0.680599 0.501860
-0.854133 0.427940 0.295505
-0.851728 0.432117 0.296368
-0.815058 0.476831 0.329108
-0.854133 0.427940 0.295505
-0.815058 0.476831 0.329108
-0.815019 0.476735 0.329346
-0.851728 0.432117 0.296368
-0.847635 0.438730 0.298380
-0.813573 0.478417 0.330479
-0.851728 0.432117 0.296368
-0.813573 0.478417 0.330479
-0.815058 0.476831 0.329108
-0.842266 0.445507 0.303498
-0.891365 0.374830 0.254892
-0.884748 0.384852 0.262888
-0.891365 0.374830 0.254892
-0.842266 0.445507 0.303498
-0.847635 0.438730 0.298380
-0.847635 0.438730 0.298380
-0.842266 0.445507 0.303498
-0.810002 0.482413 0.333427
-0.847635 0.438730 0.298380
-0.810002 0.482413 0.333427
-0.813573 0.478417 0.330479
-0.884748 0.384852 0.262888
-0.878364 0.392942 0.272165
-0.837262 0.450813 0.309449
-0.884748 0.384852 0.262888
-0.837262 0.450813 0.309449
-0.842266 0.445507 0.303498
-0.842266 0.445507 0.303498
-0.837262 0.450813 0.309449
-0.806381 0.486358 0.336461
-0.842266 0.445507 0.303498
-0.806381 0.486358 0.336461
-0.810002 0.482413 0.333427
-0.878364 0.392942 0.272165
-0.873294 0.399533 0.278802
-0.833522 0.455551 0.312592
-0.878364 0.392942 0.272165
-0.833522 0.455551 0.312592
-0.837262 0.450813 0.309449
-0.837262 0.450813 0.309449
-0.833522 0.455551 0.312592
-0.803903 0.489605 0.337678
-0.837262 0.450813 0.309449
-0.803903 0.489605 0.337678
-0.806381 0.486358 0.336461
-0.830020 0.458763 0.317180
-0.873294 0.399533 0.278802
-0.867479 0.406744 0.286427
-0.873294 0.399533 0.278802
-0.830020 0.458763 0.317180
-0.833522 0.455551 0.312592
-0.833522 0.455551 0.312592
-0.830020 0.458763 0.317180
-0.801651 0.491673 0.340019
-0.833522 0.455551 0.312592
-0.801651 0.491673 0.340019
-0.803903 0.489605 0.337678
-0.803903 0.489605 0.337678
-0.801651 0.491673 0.340019
-0.776496 0.517123 0.360053
-0.803903 0.489605 0.337678
-0.776496 0.517123 0.360053
-0.779804 0.513819 0.357626
-0.826210 0.462483 0.321692
-0.867479 0.406744 0.286427
-0.857672 0.420699 0.295654
-0.867479 0.406744 0.286427
-0.826210 0.462483 0.321692
-0.830020 0.458763 0.317180
-0.830020 0.458763 0.317180
-0.826210 0.462483 0.321692
-0.799972 0.492925 0.342155
-0.830020 0.458763 0.317180
-0.799972 0.492925 0.342155
-0.801651 0.491673 0.340019
-0.801651 0.491673 0.340019
-0.799972 0.492925 0.342155
-0.774696 0.519149 0.361012
-0.801651 0.491673 0.340019
-0.774696 0.519149 0.361012
-0.776496 0.517123 0.360053
-0.820980 0.469542 0.324841
-0.857672 0.420699 0.295654
-0.849146 0.431660 0.304337
-0.857672 0.420699 0.295654
-0.820980 0.469542 0.324841
-0.826210 0.462483 0.321692
-0.826210 0.462483 0.321692
-0.820980 0.469542 0.324841
-0.797327 0.496377 0.343336
-0.826210 0.462483 0.321692
-0.797327 0.496377 0.343336
-0.799972 0.492925 0.342155
-0.799972 0.492925 0.342155
-0.797327 0.496377 0.343336
-0.772762 0.521223 0.362168
-0.799972 0.492925 0.342155
-0.772762 0.521223 0.362168
-0.774696 0.519149 0.361012
-0.812209 0.477662 0.334896
-0.849146 0.431660 0.304337
-0.838606 0.445179 0.313936
-0.849146 0.431660 0.304337
-0.812209 0.477662 0.334896
-0.820980 0.469542 0.324841
-0.793350 0.498825 0.348954
-0.820980 0.469542 0.324841
-0.812209 0.477662 0.334896
-0.820980 0.469542 0.324841
-0.793350 0.498825 0.348954
-0.797327 0.496377 0.343336
-0.797327 0.496377 0.343336
-0.793350 0.498825 0.348954
-0.768301 0.524708 0.366599
-0.797327 0.496377 0.343336
-0.768301 0.524708 0.366599
-0.772762 0.521223 0.362168
-0.804143 0.488561 0.338620
-0.838606 0.445179 0.313936
-0.828067 0.459257 0.321539
-0.838606 0.445179 0.313936
-0.804143 0.488561 0.338620
-0.812209 0.477662 0.334896
-0.789289 0.503904 0.350862
-0.812209 0.477662 0.334896
-0.804143 0.488561 0.338620
-0.812209 0.477662 0.334896
-0.789289 0.503904 0.350862
-0.793350 0.498825 0.348954
-0.793350 0.498825 0.348954
-0.789289 0.503904 0.350862
-0.765028 0.528188 0.368443
-0.793350 0.498825 0.348954
-0.765028 0.528188 0.368443
-0.768301 0.524708 0.366599
-0.768301 0.524708 0.366599
-0.765028 0.528188 0.368443
-0.732896 0.557758 0.389575
-0.768301 0.524708 0.366599
-0.732896 0.557758 0.389575
-0.735325 0.554933 0.389031
-0.941959 0.246152 0.228301
-0.926107 0.299549 0.229338
-0.826357 0.461597 0.322587
-0.941959 0.246152 0.228301
-0.826357 0.461597 0.322587
-0.828067 0.459257 0.321539
-0.798864 0.496227 0.339964
-0.828067 0.459257 0.321539
-0.826357 0.461597 0.322587
-0.828067 0.459257 0.321539
-0.798864 0.496227 0.339964
-0.804143 0.488561 0.338620
-0.804143 0.488561 0.338620
-0.798864 0.496227 0.339964
-0.782707 0.512980 0.352450
-0.804143 0.488561 0.338620
-0.782707 0.512980 0.352450
-0.789289 0.503904 0.350862
-0.789289 0.503904 0.350862
-0.782707 0.512980 0.352450
-0.760083 0.534042 0.370234
-0.789289 0.503904 0.350862
-0.760083 0.534042 0.370234
-0.765028 0.528188 0.368443
-0.765028 0.528188 0.368443
-0.760083 0.534042 0.370234
-0.732049 0.559327 0.388919
-0.765028 0.528188 0.368443
-0.732049 0.559327 0.388919
-0.732896 0.557758 0.389575
-0.816180 0.475058 0.328892
-0.926107 0.299549 0.229338
-0.865695 0.415958 0.278479
-0.926107 0.299549 0.229338
-0.816180 0.475058 0.328892
-0.826357 0.461597 0.322587
-0.791449 0.501795 0.349014
-0.826357 0.461597 0.322587
-0.816180 0.475058 0.328892
-0.826357 0.461597 0.322587
-0.791449 0.501795 0.349014
-0.798864 0.496227 0.339964
-0.798864 0.496227 0.339964
-0.791449 0.501795 0.349014
-0.770912 0.522153 0.364761
-0.798864 0.496227 0.339964
-0.770912 0.522153 0.364761
-0.782707 0.512980 0.352450
-0.782707 0.512980 0.352450
-0.770912 0.522153 0.364761
-0.753601 0.538063 0.377589
-0.782707 0.512980 0.352450
-0.753601 0.538063 0.377589
-0.760083 0.534042 0.370234
-0.760083 0.534042 0.370234
-0.753601 0.538063 0.377589
-0.735203 0.556456 0.387084
-0.760083 0.534042 0.370234
-0.735203 0.556456 0.387084
-0.732049 0.559327 0.388919
-0.794170 0.499445 0.346193
-0.865695 0.415958 0.278479
-0.805095 0.489338 0.335217
-0.865695 0.415958 0.278479
-0.794170 0.499445 0.346193
-0.816180 0.475058 0.328892
-0.777141 0.516473 0.359592
-0.816180 0.475058 0.328892
-0.794170 0.499445 0.346193
-0.816180 0.475058 0.328892
-0.777141 0.516473 0.359592
-0.791449 0.501795 0.349014
-0.758574 0.535163 0.371707
-0.791449 0.501795 0.349014
-0.777141 0.516473 0.359592
-0.791449 0.501795 0.349014
-0.758574 0.535163 0.371707
-0.770912 0.522153 0.364761
-0.749759 0.542802 0.378455
-0.770912 0.522153 0.364761
-0.758574 0.535163 0.371707
-0.770912 0.522153 0.364761
-0.749759 0.542802 0.378455
-0.753601 0.538063 0.377589
-0.737402 0.554677 0.385449
-0.753601 0.538063 0.377589
-0.749759 0.542802 0.378455
-0.753601 0.538063 0.377589
-0.737402 0.554677 0.385449
-0.735203 0.556456 0.387084
0.000199 0.500066 -0.865987
0.001475 0.500077 -0.865980
0.228868 0.424395 -0.876076
0.000199 0.500066 -0.865987
0.228868 0.424395 -0.876076
0.166557 0.436583 -0.884112
0.007667 0.501600 -0.865066
0.228868 0.424395 -0.876076
0.001475 0.500077 -0.865980
0.228868 0.424395 -0.876076
0.007667 0.501600 -0.865066
0.267981 0.436253 -0.858993
0.228868 0.424395 -0.876076
0.267981 0.436253 -0.858993
0.662884 0.259399 -0.702351
0.228868 0.424395 -0.876076
0.662884 0.259399 -0.702351
0.642536 0.193959 -0.741301
0.267981 0.436253 -0.858993
0.015751 0.502850 -0.864230
0.280426 0.482689 -0.829682
0.015751 0.502850 -0.864230
0.267981 0.436253 -0.858993
0.007667 0.501600 -0.865066
0.662884 0.259399 -0.702351
0.280426 0.482689 -0.829682
0.658169 0.396636 -0.639917
0.280426 0.482689 -0.829682
0.662884 0.259399 -0.702351
0.267981 0.436253 -0.858993
0.805820 0.161255 -0.569781
0.658169 0.396636 -0.639917
0.795572 0.344632 -0.498292
0.658169 0.396636 -0.639917
0.805820 0.161255 -0.569781
0.662884 0.259399 -0.702351
0.658169 0.396636 -0.639917
0.289671 0.541768 -0.789036
0.659883 0.536076 -0.526476
0.289671 0.541768 -0.789036
0.658169 0.396636 -0.639917
0.280426 0.482689 -0.829682
0.795572 0.344632 -0.498292
0.659883 0.536076 -0.526476
0.734117 0.531556 -0.422517
0.659883 0.536076 -0.526476
0.795572 0.344632 -0.498292
0.658169 0.396636 -0.639917
0.904920 0.272068 -0.327259
0.734117 0.531556 -0.422517
0.838398 0.472472 -0.271769
0.734117 0.531556 -0.422517
0.904920 0.272068 -0.327259
0.795572 0.344632 -0.498292
0.838398 0.472472 -0.271769
0.686417 0.631526 -0.360563
0.750624 0.626719 -0.209254
0.686417 0.631526 -0.360563
0.838398 0.472472 -0.271769
0.734117 0.531556 -0.422517
0.943278 0.331819 0.011114
0.750624 0.626719 -0.209254
0.838235 0.532299 0.118407
0.750624 0.626719 -0.209254
0.943278 0.331819 0.011114
0.838398 0.472472 -0.271769
0.838235 0.532299 0.118407
0.577541 0.813677 -0.066155
0.620229 0.743197 0.250948
0.577541 0.813677 -0.066155
0.838235 0.532299 0.118407
0.750624 0.626719 -0.209254
0.845646 0.456203 0.277059
0.620229 0.743197 0.250948
0.611547 0.684531 0.396771
0.620229 0.743197 0.250948
0.845646 0.456203 0.277059
0.838235 0.532299 0.118407
0.591305 0.701130 0.398466
0.261066 0.830322 0.492352
0.246309 0.838430 0.486175
0.261066 0.830322 0.492352
0.591305 0.701130 0.398466
0.611547 0.684531 0.396771
0.230505 0.842851 0.486282
-0.061525 0.855655 0.513876
-0.072702 0.855903 0.512001
-0.061525 0.855655 0.513876
0.230505 0.842851 0.486282
0.246309 0.838430 0.486175
-0.000001 0.499999 -0.866026
0.000004 0.500002 -0.866024
0.000001 0.500003 -0.866024
0.000004 0.500002 -0.866024
-0.000001 0.499999 -0.866026
-0.000000 0.499999 -0.866026
0.000002 0.500001 -0.866025
-0.000001 0.499999 -0.866026
0.000001 0.500003 -0.866024
-0.000001 0.499999 -0.866026
0.000002 0.500001 -0.866025
0.000001 0.499999 -0.866026
0.000021 0.500058 -0.865992
0.000002 0.500001 -0.866025
0.000001 0.500003 -0.866024
0.000021 0.500058 -0.865992
0.000001 0.500003 -0.866024
0.000050 0.500071 -0.865984
0.000050 0.500071 -0.865984
0.000001 0.500003 -0.866024
0.000060 0.500031 -0.866008
0.000001 0.500003 -0.866024
0.000004 0.500002 -0.866024
0.000060 0.500031 -0.866008
-0.000059 0.500013 -0.866018
0.000050 0.500071 -0.865984
0.000077 0.499195 -0.866490
0.000050 0.500071 -0.865984
0.000060 0.500031 -0.866008
0.000077 0.499195 -0.866490
-0.000059 0.500013 -0.866018
0.000021 0.500058 -0.865992
0.000050 0.500071 -0.865984
0.000021 0.500058 -0.865992
-0.000059 0.500013 -0.866018
-0.000476 0.500108 -0.865963
-0.000000 0.499999 -0.866026
0.000001 0.499999 -0.866026
-0.000000 0.499999 -0.866026
0.000001 0.499999 -0.866026
-0.000000 0.499999 -0.866026
0.000000 0.499998 -0.866027
-0.000000 0.499999 -0.866026
-0.000000 0.499999 -0.866026
-0.000001 0.499999 -0.866026
-0.000000 0.499999 -0.866026
-0.000000 0.499999 -0.866026
-0.000000 0.499999 -0.866026
-0.000000 0.499999 -0.866026
0.000001 0.499999 -0.866026
0.000002 0.500000 -0.866025
-0.000000 0.499999 -0.866026
0.000002 0.500000 -0.866025
0.000004 0.500002 -0.866024
0.000004 0.500002 -0.866024
0.000002 0.500000 -0.866025
-0.000314 0.499241 -0.866463
0.000004 0.500002 -0.866024
-0.000314 0.499241 -0.866463
0.000060 0.500031 -0.866008
0.000077 0.499195 -0.866490
0.000060 0.500031 -0.866008
-0.000253 0.498160 -0.867085
0.000060 0.500031 -0.866008
-0.000314 0.499241 -0.866463
-0.000253 0.498160 -0.867085
0.000000 0.499998 -0.866027
0.000001 0.500001 -0.866025
0.000000 0.499999 -0.866026
0.000001 0.500001 -0.866025
0.000000 0.499998 -0.866027
-0.000000 0.499999 -0.866026
-0.000000 0.500000 -0.866026
-0.000000 0.499999 -0.866026
0.000001 0.499999 -0.866026
0.000001 0.499999 -0.866026
-0.000000 0.499999 -0.866026
-0.000001 0.499999 -0.866026
0.000000 0.500000 -0.866025
-0.000000 0.499999 -0.866026
-0.000000 0.500000 -0.866026
-0.000000 0.499999 -0.866026
0.000000 0.500000 -0.866025
0.000001 0.500000 -0.866025
0.000001 0.500000 -0.866026
0.000001 0.500000 -0.866025
0.000000 0.500000 -0.866025
0.000001 0.500000 -0.866025
0.000001 0.500000 -0.866026
0.000001 0.500000 -0.866025
0.000000 0.499999 -0.866026
0.000001 0.500000 -0.866025
0.000001 0.500000 -0.866026
0.000001 0.500000 -0.866025
0.000000 0.499999 -0.866026
0.000000 0.500000 -0.866026
0.000001 0.500000 -0.866025
0.000000 0.500000 -0.866026
0.000000 0.499999 -0.866026
0.000000 0.500000 -0.866026
0.000001 0.500000 -0.866025
0.000001 0.500000 -0.866026
0.000000 0.500000 -0.866026
0.000001 0.500000 -0.866026
0.000001 0.500000 -0.866025
0.000001 0.500000 -0.866026
0.000000 0.500000 -0.866026
0.000000 0.500000 -0.866026
0.000001 0.500000 -0.866026
-0.000000 0.500000 -0.866025
0.000000 0.500000 -0.866025
0.000001 0.500000 -0.866026
0.000000 0.500000 -0.866025
0.000000 0.500000 -0.866026
0.000000 0.500000 -0.866026
0.000000 0.500000 -0.866025
0.000000 0.500000 -0.866025
0.000000 0.500000 -0.866026
0.000000 0.500000 -0.866025
0.000001 0.500000 -0.866025
0.000001 0.500000 -0.866025
0.000000 0.500000 -0.866025
0.000001 0.500001 -0.866025
0.000001 0.500000 -0.866025
0.000001 0.500001 -0.866025
0.000001 0.500000 -0.866025
0.000001 0.500000 -0.866025
0.000001 0.500001 -0.866025
-0.000000 0.499999 -0.866026
0.000001 0.500000 -0.866025
-0.000000 0.499999 -0.866026
-0.000000 0.499999 -0.866026
0.000000 0.500000 -0.866025
0.000000 0.500001 -0.866025
0.000000 0.499999 -0.866026
0.000000 0.500000 -0.866025
0.000000 0.499999 -0.866026
0.000001 0.500001 -0.866025
-0.913025 -0.283632 -0.293152
-0.931616 0.160562 -0.326055
-0.842008 -0.133177 -0.522769
-0.931616 0.160562 -0.326055
-0.913025 -0.283632 -0.293152
-0.998556 0.011122 -0.052555
-0.918005 -0.325375 -0.226714
-0.998556 0.011122 -0.052555
-0.913025 -0.283632 -0.293152
-0.998556 0.011122 -0.052555
-0.918005 -0.325375 -0.226714
-0.999842 -0.011887 0.013219
-0.918005 -0.325375 -0.226714
-0.999837 -0.005110 0.017338
-0.999842 -0.011887 0.013219
-0.999837 -0.005110 0.017338
-0.918005 -0.325375 -0.226714
-0.915724 -0.249316 -0.315106
-0.000476 0.500108 -0.865963
-0.000059 0.500013 -0.866018
-0.024299 0.487193 -0.872956
-0.000476 0.500108 -0.865963
-0.024299 0.487193 -0.872956
-0.035672 0.482622 -0.875102
-0.035672 0.482622 -0.875102
-0.024299 0.487193 -0.872956
-0.175251 0.350258 -0.920112
-0.035672 0.482622 -0.875102
-0.175251 0.350258 -0.920112
-0.255858 0.363822 -0.895640
-0.255858 0.363822 -0.895640
-0.175251 0.350258 -0.920112
-0.373419 0.095402 -0.922744
-0.255858 0.363822 -0.895640
-0.373419 0.095402 -0.922744
-0.501432 0.213503 -0.838440
-0.501432 0.213503 -0.838440
-0.373419 0.095402 -0.922744
-0.551968 -0.172480 -0.815832
-0.501432 0.213503 -0.838440
-0.551968 -0.172480 -0.815832
-0.698255 0.034921 -0.714997
-0.657080 -0.366005 -0.659004
-0.698255 0.034921 -0.714997
-0.551968 -0.172480 -0.815832
-0.698255 0.034921 -0.714997
-0.657080 -0.366005 -0.659004
-0.842008 -0.133177 -0.522769
-0.024299 0.487193 -0.872956
-0.000059 0.500013 -0.866018
-0.004916 0.493670 -0.869635
-0.000059 0.500013 -0.866018
0.000077 0.499195 -0.866490
-0.004916 0.493670 -0.869635
-0.087803 0.363725 -0.927359
-0.175251 0.350258 -0.920112
-0.024299 0.487193 -0.872956
-0.024299 0.487193 -0.872956
-0.004916 0.493670 -0.869635
-0.087803 0.363725 -0.927359
-0.732640 0.561478 0.384684
-0.749759 0.542802 0.378455
-0.744179 0.551302 0.377179
-0.749759 0.542802 0.378455
-0.732640 0.561478 0.384684
-0.737402 0.554677 0.385449
-0.744179 0.551302 0.377179
-0.758574 0.535163 0.371707
-0.751332 0.544507 0.372845
-0.758574 0.535163 0.371707
-0.744179 0.551302 0.377179
-0.749759 0.542802 0.378455
-0.758574 0.535163 0.371707
-0.761494 0.532166 0.370036
-0.751332 0.544507 0.372845
-0.761494 0.532166 0.370036
-0.758574 0.535163 0.371707
-0.777141 0.516473 0.359592
-0.777141 0.516473 0.359592
-0.776434 0.516898 0.360509
-0.761494 0.532166 0.370036
-0.776434 0.516898 0.360509
-0.777141 0.516473 0.359592
-0.794170 0.499445 0.346193
-0.698592 0.431325 0.570901
-0.708042 0.430394 0.559856
-0.761494 0.532166 0.370036
-0.698592 0.431325 0.570901
-0.761494 0.532166 0.370036
-0.776434 0.516898 0.360509
-0.708042 0.430394 0.559856
-0.751332 0.544507 0.372845
-0.761494 0.532166 0.370036
-0.751332 0.544507 0.372845
-0.708042 0.430394 0.559856
-0.731638 0.479534 0.484514
-0.776434 0.516898 0.360509
-0.805095 0.489338 0.335217
-0.793816 0.475083 0.379675
-0.805095 0.489338 0.335217
-0.776434 0.516898 0.360509
-0.794170 0.499445 0.346193
-0.752425 0.421686 0.506001
-0.698592 0.431325 0.570901
-0.776434 0.516898 0.360509
-0.752425 0.421686 0.506001
-0.776434 0.516898 0.360509
-0.793816 0.475083 0.379675
-0.793816 0.475083 0.379675
-0.884204 0.366875 0.289112
-0.798222 0.415349 0.436264
-0.884204 0.366875 0.289112
-0.793816 0.475083 0.379675
-0.805095 0.489338 0.335217
-0.629489 -0.758632 0.167991
-0.802893 -0.127463 0.582336
-0.966917 -0.038001 0.252246
-0.802893 -0.127463 0.582336
-0.629489 -0.758632 0.167991
-0.276767 -0.858080 0.432548
-0.966917 -0.038001 0.252246
-0.802893 -0.127463 0.582336
-0.798222 0.415349 0.436264
-0.966917 -0.038001 0.252246
-0.798222 0.415349 0.436264
-0.884204 0.366875 0.289112
-0.724681 0.570073 0.387110
-0.744179 0.551302 0.377179
-0.735826 0.539275 0.409564
-0.744179 0.551302 0.377179
-0.724681 0.570073 0.387110
-0.732640 0.561478 0.384684
-0.694871 0.559488 0.451804
-0.735826 0.539275 0.409564
-0.684925 0.477566 0.550280
-0.735826 0.539275 0.409564
-0.694871 0.559488 0.451804
-0.724681 0.570073 0.387110
-0.371604 0.533329 0.759914
-0.684925 0.477566 0.550280
-0.492788 0.388213 0.778749
-0.684925 0.477566 0.550280
-0.371604 0.533329 0.759914
-0.694871 0.559488 0.451804
0.128267 0.420237 0.898303
-0.492788 0.388213 0.778749
-0.155654 0.221332 0.962696
-0.492788 0.388213 0.778749
0.128267 0.420237 0.898303
-0.371604 0.533329 0.759914
0.574001 0.199853 0.794092
-0.155654 0.221332 0.962696
0.459265 -0.196396 0.866316
-0.155654 0.221332 0.962696
0.574001 0.199853 0.794092
0.128267 0.420237 0.898303
-0.735826 0.539275 0.409564
-0.751332 0.544507 0.372845
-0.731638 0.479534 0.484514
-0.751332 0.544507 0.372845
-0.735826 0.539275 0.409564
-0.744179 0.551302 0.377179
-0.684925 0.477566 0.550280
-0.731638 0.479534 0.484514
-0.669507 0.329272 0.665838
-0.731638 0.479534 0.484514
-0.684925 0.477566 0.550280
-0.735826 0.539275 0.409564
-0.594814 0.226110 0.771408
-0.492788 0.388213 0.778749
-0.684925 0.477566 0.550280
-0.684925 0.477566 0.550280
-0.669507 0.329272 0.665838
-0.594814 0.226110 0.771408
-0.204506 -0.040981 0.978007
-0.155654 0.221332 0.962696
-0.492788 0.388213 0.778749
-0.204506 -0.040981 0.978007
-0.492788 0.388213 0.778749
-0.594814 0.226110 0.771408
-0.669507 0.329272 0.665838
-0.708042 0.430394 0.559856
-0.607170 0.231874 0.759986
-0.708042 0.430394 0.559856
-0.669507 0.329272 0.665838
-0.731638 0.479534 0.484514
-0.585328 0.131011 0.800142
-0.594814 0.226110 0.771408
-0.669507 0.329272 0.665838
-0.585328 0.131011 0.800142
-0.669507 0.329272 0.665838
-0.607170 0.231874 0.759986
-0.549581 0.231548 0.802712
-0.607170 0.231874 0.759986
-0.708042 0.430394 0.559856
-0.549581 0.231548 0.802712
-0.708042 0.430394 0.559856
-0.698592 0.431325 0.570901
-0.873158 0.077458 -0.481244
-0.870514 0.069642 -0.487191
-0.812320 0.080311 -0.577656
-0.870514 0.069642 -0.487191
-0.815437 0.074631 -0.574014
-0.812320 0.080311 -0.577656
-0.867405 0.065524 -0.493270
-0.815437 0.074631 -0.574014
-0.870514 0.069642 -0.487191
-0.815437 0.074631 -0.574014
-0.867405 0.065524 -0.493270
-0.816608 0.072101 -0.572671
-0.914642 0.055874 -0.400385
-0.867405 0.065524 -0.493270
-0.870514 0.069642 -0.487191
-0.867405 0.065524 -0.493270
-0.914642 0.055874 -0.400385
-0.910766 0.057466 -0.408904
-0.919977 0.058108 -0.387642
-0.914642 0.055874 -0.400385
-0.870514 0.069642 -0.487191
-0.919977 0.058108 -0.387642
-0.870514 0.069642 -0.487191
-0.873158 0.077458 -0.481244
-0.875717 0.083808 -0.475495
-0.873158 0.077458 -0.481244
-0.809641 0.086283 -0.580548
-0.873158 0.077458 -0.481244
-0.812320 0.080311 -0.577656
-0.809641 0.086283 -0.580548
-0.919977 0.058108 -0.387642
-0.875717 0.083808 -0.475495
-0.926232 0.058623 -0.372368
-0.875717 0.083808 -0.475495
-0.919977 0.058108 -0.387642
-0.873158 0.077458 -0.481244
-0.926232 0.058623 -0.372368
-0.877207 0.116596 -0.465740
-0.931544 0.094037 -0.351260
-0.877207 0.116596 -0.465740
-0.926232 0.058623 -0.372368
-0.875717 0.083808 -0.475495
-0.877207 0.116596 -0.465740
-0.875717 0.083808 -0.475495
-0.806906 0.111860 -0.579991
-0.875717 0.083808 -0.475495
-0.809641 0.086283 -0.580548
-0.806906 0.111860 -0.579991
-0.717517 0.096664 -0.689801
-0.703016 0.130564 -0.699087
-0.806906 0.111860 -0.579991
-0.798690 0.160785 -0.579865
-0.806906 0.111860 -0.579991
-0.703016 0.130564 -0.699087
-0.809641 0.086283 -0.580548
-0.717517 0.096664 -0.689801
-0.806906 0.111860 -0.579991
-0.717517 0.096664 -0.689801
-0.809641 0.086283 -0.580548
-0.726613 0.078604 -0.682536
-0.877207 0.116596 -0.465740
-0.798690 0.160785 -0.579865
-0.871042 0.176580 -0.458372
-0.798690 0.160785 -0.579865
-0.877207 0.116596 -0.465740
-0.806906 0.111860 -0.579991
-0.931544 0.094037 -0.351260
-0.871042 0.176580 -0.458372
-0.931243 0.159665 -0.327556
-0.871042 0.176580 -0.458372
-0.931544 0.094037 -0.351260
-0.877207 0.116596 -0.465740
-0.863620 0.206442 -0.459937
-0.871042 0.176580 -0.458372
-0.798690 0.160785 -0.579865
-0.863620 0.206442 -0.459937
-0.798690 0.160785 -0.579865
-0.788056 0.184940 -0.587167
-0.703016 0.130564 -0.699087
-0.684410 0.146600 -0.714207
-0.798690 0.160785 -0.579865
-0.788056 0.184940 -0.587167
-0.798690 0.160785 -0.579865
-0.684410 0.146600 -0.714207
-0.871042 0.176580 -0.458372
-0.930668 0.191401 -0.311805
-0.931243 0.159665 -0.327556
-0.930668 0.191401 -0.311805
-0.871042 0.176580 -0.458372
-0.863620 0.206442 -0.459937
-0.670970 0.141662 -0.727826
-0.684410 0.146600 -0.714207
-0.510228 0.093489 -0.854943
-0.684410 0.146600 -0.714207
-0.533780 0.094325 -0.840346
-0.510228 0.093489 -0.854943
-0.703016 0.130564 -0.699087
-0.533780 0.094325 -0.840346
-0.684410 0.146600 -0.714207
-0.533780 0.094325 -0.840346
-0.703016 0.130564 -0.699087
-0.567026 0.090804 -0.818679
-0.788056 0.184940 -0.587167
-0.670970 0.141662 -0.727826
-0.780126 0.179259 -0.599391
-0.670970 0.141662 -0.727826
-0.788056 0.184940 -0.587167
-0.684410 0.146600 -0.714207
-0.860707 0.203100 -0.466834
-0.863620 0.206442 -0.459937
-0.788056 0.184940 -0.587167
-0.860707 0.203100 -0.466834
-0.788056 0.184940 -0.587167
-0.780126 0.179259 -0.599391
-0.937066 0.178906 -0.299835
-0.930668 0.191401 -0.311805
-0.863620 0.206442 -0.459937
-0.937066 0.178906 -0.299835
-0.863620 0.206442 -0.459937
-0.860707 0.203100 -0.466834
-0.930668 0.191401 -0.311805
-0.998569 0.034077 -0.041209
-0.993173 0.066116 -0.096108
-0.998569 0.034077 -0.041209
-0.930668 0.191401 -0.311805
-0.937066 0.178906 -0.299835
-0.993173 0.066116 -0.096108
-0.931243 0.159665 -0.327556
-0.930668 0.191401 -0.311805
-0.931243 0.159665 -0.327556
-0.993173 0.066116 -0.096108
-0.984934 0.059498 -0.162375
-0.669064 0.094097 -0.737224
-0.670970 0.141662 -0.727826
-0.506974 0.067556 -0.859310
-0.670970 0.141662 -0.727826
-0.510228 0.093489 -0.854943
-0.506974 0.067556 -0.859310
-0.780126 0.179259 -0.599391
-0.669064 0.094097 -0.737224
-0.784184 0.118812 -0.609048
-0.669064 0.094097 -0.737224
-0.780126 0.179259 -0.599391
-0.670970 0.141662 -0.727826
-0.872515 0.135844 -0.469323
-0.860707 0.203100 -0.466834
-0.780126 0.179259 -0.599391
-0.872515 0.135844 -0.469323
-0.780126 0.179259 -0.599391
-0.784184 0.118812 -0.609048
-0.950549 0.117594 -0.287452
-0.937066 0.178906 -0.299835
-0.860707 0.203100 -0.466834
-0.950549 0.117594 -0.287452
-0.860707 0.203100 -0.466834
-0.872515 0.135844 -0.469323
-0.937066 0.178906 -0.299835
-0.999837 0.017571 -0.004243
-0.998569 0.034077 -0.041209
-0.999837 0.017571 -0.004243
-0.937066 0.178906 -0.299835
-0.950549 0.117594 -0.287452
-0.793568 0.038706 -0.607249
-0.784184 0.118812 -0.609048
-0.669064 0.094097 -0.737224
-0.793568 0.038706 -0.607249
-0.669064 0.094097 -0.737224
-0.675073 0.034297 -0.736953
-0.519275 0.035668 -0.853863
-0.675073 0.034297 -0.736953
-0.669064 0.094097 -0.737224
-0.519275 0.035668 -0.853863
-0.669064 0.094097 -0.737224
-0.506974 0.067556 -0.859310
-0.884357 0.044755 -0.464661
-0.872515 0.135844 -0.469323
-0.784184 0.118812 -0.609048
-0.884357 0.044755 -0.464661
-0.784184 0.118812 -0.609048
-0.793568 0.038706 -0.607249
-0.958967 0.044612 -0.279986
-0.950549 0.117594 -0.287452
-0.872515 0.135844 -0.469323
-0.958967 0.044612 -0.279986
-0.872515 0.135844 -0.469323
-0.884357 0.044755 -0.464661
-0.999842 0.017393 0.003685
-0.999837 0.017571 -0.004243
-0.950549 0.117594 -0.287452
-0.999842 0.017393 0.003685
-0.950549 0.117594 -0.287452
-0.958967 0.044612 -0.279986
-0.323205 -0.033610 -0.945732
-0.532076 0.001145 -0.846696
-0.519275 0.035668 -0.853863
-0.323205 -0.033610 -0.945732
-0.519275 0.035668 -0.853863
-0.314703 0.038242 -0.948419
-0.314703 0.038242 -0.948419
-0.506974 0.067556 -0.859310
-0.303989 0.040285 -0.951824
-0.506974 0.067556 -0.859310
-0.314703 0.038242 -0.948419
-0.519275 0.035668 -0.853863
-0.687924 -0.030991 -0.725121
-0.519275 0.035668 -0.853863
-0.532076 0.001145 -0.846696
-0.519275 0.035668 -0.853863
-0.687924 -0.030991 -0.725121
-0.675073 0.034297 -0.736953
-0.793568 0.038706 -0.607249
-0.675073 0.034297 -0.736953
-0.797697 -0.042763 -0.601541
-0.797697 -0.042763 -0.601541
-0.675073 0.034297 -0.736953
-0.687924 -0.030991 -0.725121
-0.884357 0.044755 -0.464661
-0.797697 -0.042763 -0.601541
-0.887812 -0.022925 -0.459634
-0.797697 -0.042763 -0.601541
-0.884357 0.044755 -0.464661
-0.793568 0.038706 -0.607249
-0.958967 0.044612 -0.279986
-0.887812 -0.022925 -0.459634
-0.962097 -0.020238 -0.271957
-0.887812 -0.022925 -0.459634
-0.958967 0.044612 -0.279986
-0.884357 0.044755 -0.464661
-0.999842 0.017393 0.003685
-0.962097 -0.020238 -0.271957
-0.998556 -0.051074 0.016646
-0.962097 -0.020238 -0.271957
-0.999842 0.017393 0.003685
-0.958967 0.044612 -0.279986
-0.690941 -0.212071 -0.691105
-0.532076 0.001145 -0.846696
-0.532056 -0.181758 -0.826971
-0.532076 0.001145 -0.846696
-0.690941 -0.212071 -0.691105
-0.687924 -0.030991 -0.725121
-0.532056 -0.181758 -0.826971
-0.323205 -0.033610 -0.945732
-0.298467 -0.262973 -0.917476
-0.323205 -0.033610 -0.945732
-0.532056 -0.181758 -0.826971
-0.532076 0.001145 -0.846696
-0.797697 -0.042763 -0.601541
-0.690941 -0.212071 -0.691105
-0.777971 -0.241061 -0.580216
-0.690941 -0.212071 -0.691105
-0.797697 -0.042763 -0.601541
-0.687924 -0.030991 -0.725121
-0.887812 -0.022925 -0.459634
-0.777971 -0.241061 -0.580216
-0.865127 -0.247486 -0.436240
-0.777971 -0.241061 -0.580216
-0.887812 -0.022925 -0.459634
-0.797697 -0.042763 -0.601541
-0.962097 -0.020238 -0.271957
-0.865127 -0.247486 -0.436240
-0.925797 -0.288131 -0.244705
-0.865127 -0.247486 -0.436240
-0.962097 -0.020238 -0.271957
-0.887812 -0.022925 -0.459634
-0.998556 -0.051074 0.016646
-0.925797 -0.288131 -0.244705
-0.931616 -0.362651 0.023978
-0.925797 -0.288131 -0.244705
-0.998556 -0.051074 0.016646
-0.962097 -0.020238 -0.271957
-0.232585 -0.647020 -0.726133
-0.018865 -0.388458 -0.921273
-0.009272 -0.602922 -0.797746
-0.018865 -0.388458 -0.921273
-0.232585 -0.647020 -0.726133
-0.298467 -0.262973 -0.917476
-0.323205 -0.033610 -0.945732
-0.052643 -0.106153 -0.992955
-0.298467 -0.262973 -0.917476
-0.018865 -0.388458 -0.921273
-0.298467 -0.262973 -0.917476
-0.052643 -0.106153 -0.992955
-0.438999 -0.579331 -0.686772
-0.298467 -0.262973 -0.917476
-0.232585 -0.647020 -0.726133
-0.298467 -0.262973 -0.917476
-0.438999 -0.579331 -0.686772
-0.532056 -0.181758 -0.826971
-0.620356 -0.513023 -0.593266
-0.532056 -0.181758 -0.826971
-0.438999 -0.579331 -0.686772
-0.532056 -0.181758 -0.826971
-0.620356 -0.513023 -0.593266
-0.690941 -0.212071 -0.691105
-0.777971 -0.241061 -0.580216
-0.620356 -0.513023 -0.593266
-0.693903 -0.511186 -0.507137
-0.620356 -0.513023 -0.593266
-0.777971 -0.241061 -0.580216
-0.690941 -0.212071 -0.691105
-0.865127 -0.247486 -0.436240
-0.693903 -0.511186 -0.507137
-0.766243 -0.523293 -0.372875
-0.693903 -0.511186 -0.507137
-0.865127 -0.247486 -0.436240
-0.777971 -0.241061 -0.580216
-0.925797 -0.288131 -0.244705
-0.766243 -0.523293 -0.372875
-0.801196 -0.568223 -0.187633
-0.766243 -0.523293 -0.372875
-0.925797 -0.288131 -0.244705
-0.865127 -0.247486 -0.436240
-0.931616 -0.362651 0.023978
-0.801196 -0.568223 -0.187633
-0.765380 -0.641623 0.050130
-0.801196 -0.568223 -0.187633
-0.931616 -0.362651 0.023978
-0.925797 -0.288131 -0.244705
-0.137426 -0.891605 -0.431457
-0.009272 -0.602922 -0.797746
-0.020633 -0.851757 -0.523531
-0.009272 -0.602922 -0.797746
-0.137426 -0.891605 -0.431457
-0.232585 -0.647020 -0.726133
-0.137426 -0.891605 -0.431457
-0.240229 -0.877044 -0.416034
-0.232585 -0.647020 -0.726133
-0.232585 -0.647020 -0.726133
-0.240229 -0.877044 -0.416034
-0.438999 -0.579331 -0.686772
-0.240229 -0.877044 -0.416034
-0.444925 -0.789152 -0.423416
-0.438999 -0.579331 -0.686772
-0.438999 -0.579331 -0.686772
-0.444925 -0.789152 -0.423416
-0.620356 -0.513023 -0.593266
-0.693903 -0.511186 -0.507137
-0.444925 -0.789152 -0.423416
-0.546967 -0.737393 -0.396333
-0.444925 -0.789152 -0.423416
-0.693903 -0.511186 -0.507137
-0.620356 -0.513023 -0.593266
-0.546967 -0.737393 -0.396333
-0.766243 -0.523293 -0.372875
-0.693903 -0.511186 -0.507137
-0.766243 -0.523293 -0.372875
-0.546967 -0.737393 -0.396333
-0.619668 -0.732857 -0.280948
-0.801196 -0.568223 -0.187633
-0.619668 -0.732857 -0.280948
-0.629322 -0.768082 -0.118340
-0.619668 -0.732857 -0.280948
-0.801196 -0.568223 -0.187633
-0.766243 -0.523293 -0.372875
-0.765380 -0.641623 0.050130
-0.629322 -0.768082 -0.118340
-0.587883 -0.805862 0.070564
-0.629322 -0.768082 -0.118340
-0.765380 -0.641623 0.050130
-0.801196 -0.568223 -0.187633
-0.698255 -0.636667 0.327255
-0.587883 -0.805862 0.070564
-0.501431 -0.832863 0.234320
-0.587883 -0.805862 0.070564
-0.698255 -0.636667 0.327255
-0.765380 -0.641623 0.050130
-0.842008 -0.386142 0.376720
-0.765380 -0.641623 0.050130
-0.698255 -0.636667 0.327255
-0.842008 -0.386142 0.376720
-0.931616 -0.362651 0.023978
-0.765380 -0.641623 0.050130
-0.069666 -0.979565 -0.188679
-0.082061 -0.977063 -0.196505
-0.137426 -0.891605 -0.431457
-0.137426 -0.891605 -0.431457
-0.082061 -0.977063 -0.196505
-0.240229 -0.877044 -0.416034
-0.069666 -0.979565 -0.188679
-0.020633 -0.851757 -0.523531
-0.027615 -0.987584 -0.154644
-0.020633 -0.851757 -0.523531
-0.069666 -0.979565 -0.188679
-0.137426 -0.891605 -0.431457
-0.082061 -0.977063 -0.196505
-0.176533 -0.968890 -0.173462
-0.240229 -0.877044 -0.416034
-0.240229 -0.877044 -0.416034
-0.176533 -0.968890 -0.173462
-0.444925 -0.789152 -0.423416
-0.176533 -0.968890 -0.173462
-0.546967 -0.737393 -0.396333
-0.444925 -0.789152 -0.423416
-0.546967 -0.737393 -0.396333
-0.176533 -0.968890 -0.173462
-0.253199 -0.950630 -0.179424
-0.253199 -0.950630 -0.179424
-0.619668 -0.732857 -0.280948
-0.546967 -0.737393 -0.396333
-0.619668 -0.732857 -0.280948
-0.253199 -0.950630 -0.179424
-0.250994 -0.962004 -0.107473
-0.250994 -0.962004 -0.107473
-0.629322 -0.768082 -0.118340
-0.619668 -0.732857 -0.280948
-0.629322 -0.768082 -0.118340
-0.250994 -0.962004 -0.107473
-0.255280 -0.966245 -0.034667
-0.587883 -0.805862 0.070564
-0.255280 -0.966245 -0.034667
-0.276911 -0.958916 0.061649
-0.255280 -0.966245 -0.034667
-0.587883 -0.805862 0.070564
-0.629322 -0.768082 -0.118340
-0.501431 -0.832863 0.234320
-0.276911 -0.958916 0.061649
-0.255861 -0.957557 0.132741
-0.276911 -0.958916 0.061649
-0.501431 -0.832863 0.234320
-0.587883 -0.805862 0.070564
-0.012114 -0.999737 -0.019475
0.081064 -0.982212 -0.169374
-0.000446 -0.999999 -0.001376
0.081064 -0.982212 -0.169374
-0.012114 -0.999737 -0.019475
-0.027615 -0.987584 -0.154644
-0.020633 -0.851757 -0.523531
0.230244 -0.784190 -0.576224
-0.027615 -0.987584 -0.154644
0.081064 -0.982212 -0.169374
-0.027615 -0.987584 -0.154644
0.230244 -0.784190 -0.576224
-0.014254 -0.999026 -0.041769
-0.027615 -0.987584 -0.154644
-0.012114 -0.999737 -0.019475
-0.027615 -0.987584 -0.154644
-0.014254 -0.999026 -0.041769
-0.069666 -0.979565 -0.188679
-0.014254 -0.999026 -0.041769
-0.000843 -0.999665 -0.025864
-0.069666 -0.979565 -0.188679
-0.069666 -0.979565 -0.188679
-0.000843 -0.999665 -0.025864
-0.082061 -0.977063 -0.196505
-0.000843 -0.999665 -0.025864
-0.000913 -0.999999 -0.000704
-0.082061 -0.977063 -0.196505
-0.082061 -0.977063 -0.196505
-0.000913 -0.999999 -0.000704
-0.176533 -0.968890 -0.173462
-0.000913 -0.999999 -0.000704
-0.253199 -0.950630 -0.179424
-0.176533 -0.968890 -0.173462
-0.253199 -0.950630 -0.179424
-0.000913 -0.999999 -0.000704
-0.000820 -0.999999 -0.000801
-0.000820 -0.999999 -0.000801
-0.250994 -0.962004 -0.107473
-0.253199 -0.950630 -0.179424
-0.250994 -0.962004 -0.107473
-0.000820 -0.999999 -0.000801
-0.001331 -0.999999 -0.000091
-0.255280 -0.966245 -0.034667
-0.001331 -0.999999 -0.000091
-0.003702 -0.999993 0.000503
-0.001331 -0.999999 -0.000091
-0.255280 -0.966245 -0.034667
-0.250994 -0.962004 -0.107473
-0.276911 -0.958916 0.061649
-0.003702 -0.999993 0.000503
-0.021522 -0.999705 0.011264
-0.003702 -0.999993 0.000503
-0.276911 -0.958916 0.061649
-0.255280 -0.966245 -0.034667
-0.255861 -0.957557 0.132741
-0.021522 -0.999705 0.011264
-0.035675 -0.999171 0.019588
-0.021522 -0.999705 0.011264
-0.255861 -0.957557 0.132741
-0.276911 -0.958916 0.061649
-0.000000 -1.000000 0.000001
-0.012114 -0.999737 -0.019475
-0.000002 -1.000000 0.000001
-0.012114 -0.999737 -0.019475
-0.000000 -1.000000 0.000001
-0.014254 -0.999026 -0.041769
-0.000002 -1.000000 0.000001
-0.000446 -0.999999 -0.001376
-0.000003 -1.000000 0.000003
-0.000446 -0.999999 -0.001376
-0.000002 -1.000000 0.000001
-0.012114 -0.999737 -0.019475
-0.000000 -1.000000 0.000001
0.000000 -1.000000 0.000001
-0.014254 -0.999026 -0.041769
-0.014254 -0.999026 -0.041769
0.000000 -1.000000 0.000001
-0.000843 -0.999665 -0.025864
0.000000 -1.000000 0.000001
-0.000001 -1.000000 0.000001
-0.000843 -0.999665 -0.025864
-0.000843 -0.999665 -0.025864
-0.000001 -1.000000 0.000001
-0.000913 -0.999999 -0.000704
-0.000001 -1.000000 0.000001
-0.000820 -0.999999 -0.000801
-0.000913 -0.999999 -0.000704
-0.000820 -0.999999 -0.000801
-0.000001 -1.000000 0.000001
-0.000001 -1.000000 0.000001
-0.001331 -0.999999 -0.000091
-0.000001 -1.000000 0.000001
-0.000215 -1.000000 0.000037
-0.000001 -1.000000 0.000001
-0.001331 -0.999999 -0.000091
-0.000820 -0.999999 -0.000801
-0.003702 -0.999993 0.000503
-0.000215 -1.000000 0.000037
-0.000839 -1.000000 0.000110
-0.000215 -1.000000 0.000037
-0.003702 -0.999993 0.000503
-0.001331 -0.999999 -0.000091
-0.021522 -0.999705 0.011264
-0.000839 -1.000000 0.000110
-0.001068 -0.999999 -0.000093
-0.000839 -1.000000 0.000110
-0.021522 -0.999705 0.011264
-0.003702 -0.999993 0.000503
-0.035675 -0.999171 0.019588
-0.001068 -0.999999 -0.000093
-0.000476 -1.000000 -0.000125
-0.001068 -0.999999 -0.000093
-0.035675 -0.999171 0.019588
-0.021522 -0.999705 0.011264
-0.000001 -1.000000 0.000001
-0.000001 -1.000000 0.000001
-0.000002 -1.000000 0.000001
-0.000002 -1.000000 0.000001
-0.000001 -1.000000 0.000001
-0.000000 -1.000000 0.000001
-0.000001 -1.000000 0.000001
-0.000003 -1.000000 0.000003
0.000605 -1.000000 -0.000059
-0.000003 -1.000000 0.000003
-0.000001 -1.000000 0.000001
-0.000002 -1.000000 0.000001
-0.000001 -1.000000 0.000001
-0.000000 -1.000000 0.000000
-0.000000 -1.000000 0.000001
-0.000000 -1.000000 0.000001
-0.000000 -1.000000 0.000000
0.000000 -1.000000 0.000001
-0.000000 -1.000000 0.000000
-0.000001 -1.000000 0.000001
0.000000 -1.000000 0.000001
0.000000 -1.000000 0.000001
-0.000001 -1.000000 0.000001
-0.000001 -1.000000 0.000001
-0.000001 -1.000000 0.000001
-0.000001 -1.000000 0.000001
-0.000001 -1.000000 0.000001
-0.000001 -1.000000 0.000001
-0.000001 -1.000000 0.000001
-0.000001 -1.000000 0.000001
-0.000215 -1.000000 0.000037
-0.000001 -1.000000 0.000001
-0.000000 -1.000000 -0.000000
-0.000001 -1.000000 0.000001
-0.000215 -1.000000 0.000037
-0.000001 -1.000000 0.000001
-0.000839 -1.000000 0.000110
-0.000000 -1.000000 -0.000000
-0.000001 -1.000000 0.000000
-0.000000 -1.000000 -0.000000
-0.000839 -1.000000 0.000110
-0.000215 -1.000000 0.000037
-0.001068 -0.999999 -0.000093
-0.000001 -1.000000 0.000000
-0.000000 -1.000000 0.000000
-0.000001 -1.000000 0.000000
-0.001068 -0.999999 -0.000093
-0.000839 -1.000000 0.000110
-0.000000 -1.000000 0.000000
-0.000476 -1.000000 -0.000125
-0.001068 -0.999999 -0.000093
-0.000476 -1.000000 -0.000125
-0.000000 -1.000000 0.000000
0.000019 -1.000000 -0.000065
0.718076 0.040702 0.694774
0.655269 0.046421 0.753968
0.711670 0.039866 0.701382
0.655269 0.046421 0.753968
0.718076 0.040702 0.694774
0.666437 0.046129 0.744133
0.752014 0.035475 0.658192
0.753961 0.036508 0.655904
0.711670 0.039866 0.701382
0.718076 0.040702 0.694774
0.711670 0.039866 0.701382
0.753961 0.036508 0.655904
0.704989 0.037776 0.708212
0.752014 0.035475 0.658192
0.711670 0.039866 0.701382
0.752014 0.035475 0.658192
0.704989 0.037776 0.708212
0.746838 0.034477 0.664112
0.655269 0.046421 0.753968
0.622099 0.043768 0.781714
0.711670 0.039866 0.701382
0.711670 0.039866 0.701382
0.622099 0.043768 0.781714
0.704989 0.037776 0.708212
0.724378 0.038975 0.688301
0.666437 0.046129 0.744133
0.718076 0.040702 0.694774
0.666437 0.046129 0.744133
0.724378 0.038975 0.688301
0.679044 0.043885 0.732785
0.753961 0.036508 0.655904
0.754717 0.035791 0.655074
0.718076 0.040702 0.694774
0.724378 0.038975 0.688301
0.718076 0.040702 0.694774
0.754717 0.035791 0.655074
0.690694 0.040839 0.721993
0.679044 0.043885 0.732785
0.724378 0.038975 0.688301
0.690694 0.040839 0.721993
0.724378 0.038975 0.688301
0.729453 0.036322 0.683066
0.754717 0.035791 0.655074
0.755674 0.033531 0.654089
0.724378 0.038975 0.688301
0.729453 0.036322 0.683066
0.724378 0.038975 0.688301
0.755674 0.033531 0.654089
0.697765 0.037076 0.715366
0.690694 0.040839 0.721993
0.729453 0.036322 0.683066
0.697765 0.037076 0.715366
0.729453 0.036322 0.683066
0.733392 0.033178 0.678996
0.755674 0.033531 0.654089
0.733392 0.033178 0.678996
0.729453 0.036322 0.683066
0.733392 0.033178 0.678996
0.755674 0.033531 0.654089
0.756059 0.031208 0.653759
0.756059 0.031208 0.653759
0.734867 0.031897 0.677461
0.733392 0.033178 0.678996
0.734867 0.031897 0.677461
0.756059 0.031208 0.653759
0.757609 0.030280 0.652006
0.705980 0.035199 0.707357
0.697765 0.037076 0.715366
0.733392 0.033178 0.678996
0.705980 0.035199 0.707357
0.733392 0.033178 0.678996
0.734867 0.031897 0.677461
0.757609 0.030280 0.652006
0.735957 0.030213 0.676354
0.734867 0.031897 0.677461
0.735957 0.030213 0.676354
0.757609 0.030280 0.652006
0.759668 0.028343 0.649693
0.712548 0.031901 0.700898
0.705980 0.035199 0.707357
0.734867 0.031897 0.677461
0.712548 0.031901 0.700898
0.734867 0.031897 0.677461
0.735957 0.030213 0.676354
0.759668 0.028343 0.649693
0.740969 0.028288 0.670944
0.735957 0.030213 0.676354
0.740969 0.028288 0.670944
0.759668 0.028343 0.649693
0.760306 0.025882 0.649049
0.719826 0.028972 0.693549
0.712548 0.031901 0.700898
0.735957 0.030213 0.676354
0.735957 0.030213 0.676354
0.740969 0.028288 0.670944
0.719826 0.028972 0.693549
0.760306 0.025882 0.649049
0.749789 0.025523 0.661185
0.740969 0.028288 0.670944
0.749789 0.025523 0.661185
0.760306 0.025882 0.649049
0.763369 0.029782 0.645275
0.711111 0.050871 0.701237
0.719826 0.028972 0.693549
0.740969 0.028288 0.670944
0.740969 0.028288 0.670944
0.749789 0.025523 0.661185
0.711111 0.050871 0.701237
0.686137 0.098172 0.720817
0.687042 0.097056 0.720106
0.742287 0.091274 0.663837
0.686137 0.098172 0.720817
0.742287 0.091274 0.663837
0.743564 0.086174 0.663089
0.743564 0.086174 0.663089
0.779074 0.092228 0.620111
0.780934 0.085441 0.618742
0.779074 0.092228 0.620111
0.743564 0.086174 0.663089
0.742287 0.091274 0.663837
0.735511 0.111307 0.668307
0.773447 0.123657 0.621683
0.742287 0.091274 0.663837
0.742287 0.091274 0.663837
0.773447 0.123657 0.621683
0.779074 0.092228 0.620111
0.687042 0.097056 0.720106
0.735511 0.111307 0.668307
0.742287 0.091274 0.663837
0.735511 0.111307 0.668307
0.687042 0.097056 0.720106
0.683145 0.098430 0.723619
0.686702 0.084296 0.722035
0.686137 0.098172 0.720817
0.743564 0.086174 0.663089
0.686702 0.084296 0.722035
0.743564 0.086174 0.663089
0.745626 0.071786 0.662487
0.745626 0.071786 0.662487
0.780934 0.085441 0.618742
0.784015 0.070965 0.616673
0.780934 0.085441 0.618742
0.745626 0.071786 0.662487
0.743564 0.086174 0.663089
0.686702 0.084296 0.722035
0.746939 0.052556 0.662813
0.687179 0.070046 0.723104
0.746939 0.052556 0.662813
0.686702 0.084296 0.722035
0.745626 0.071786 0.662487
0.746939 0.052556 0.662813
0.745626 0.071786 0.662487
0.785685 0.044284 0.617040
0.745626 0.071786 0.662487
0.784015 0.070965 0.616673
0.785685 0.044284 0.617040
0.687179 0.070046 0.723104
0.744560 0.045459 0.666006
0.687320 0.066053 0.723345
0.744560 0.045459 0.666006
0.687179 0.070046 0.723104
0.746939 0.052556 0.662813
0.744560 0.045459 0.666006
0.746939 0.052556 0.662813
0.783788 0.030035 0.620301
0.746939 0.052556 0.662813
0.785685 0.044284 0.617040
0.783788 0.030035 0.620301
0.741034 0.043544 0.670055
0.744560 0.045459 0.666006
0.780467 0.029512 0.624500
0.744560 0.045459 0.666006
0.783788 0.030035 0.620301
0.780467 0.029512 0.624500
0.687320 0.066053 0.723345
0.741034 0.043544 0.670055
0.688247 0.061354 0.722878
0.741034 0.043544 0.670055
0.687320 0.066053 0.723345
0.744560 0.045459 0.666006
0.739111 0.039098 0.672448
0.741034 0.043544 0.670055
0.777453 0.027303 0.628349
0.741034 0.043544 0.670055
0.780467 0.029512 0.624500
0.777453 0.027303 0.628349
0.688247 0.061354 0.722878
0.739111 0.039098 0.672448
0.686289 0.055464 0.725211
0.739111 0.039098 0.672448
0.688247 0.061354 0.722878
0.741034 0.043544 0.670055
0.738678 0.035053 0.673146
0.739111 0.039098 0.672448
0.775689 0.026110 0.630575
0.739111 0.039098 0.672448
0.777453 0.027303 0.628349
0.775689 0.026110 0.630575
0.686289 0.055464 0.725211
0.738678 0.035053 0.673146
0.687874 0.047142 0.724297
0.738678 0.035053 0.673146
0.686289 0.055464 0.725211
0.739111 0.039098 0.672448
0.741122 0.033904 0.670513
0.738678 0.035053 0.673146
0.775969 0.029429 0.630084
0.738678 0.035053 0.673146
0.775689 0.026110 0.630575
0.775969 0.029429 0.630084
0.687874 0.047142 0.724297
0.741122 0.033904 0.670513
0.696300 0.039723 0.716651
0.741122 0.033904 0.670513
0.687874 0.047142 0.724297
0.738678 0.035053 0.673146
0.746838 0.034477 0.664112
0.741122 0.033904 0.670513
0.777205 0.032777 0.628394
0.741122 0.033904 0.670513
0.775969 0.029429 0.630084
0.777205 0.032777 0.628394
0.696300 0.039723 0.716651
0.746838 0.034477 0.664112
0.704989 0.037776 0.708212
0.746838 0.034477 0.664112
0.696300 0.039723 0.716651
0.741122 0.033904 0.670513
0.777205 0.032777 0.628394
0.777816 0.033414 0.627603
0.746838 0.034477 0.664112
0.752014 0.035475 0.658192
0.746838 0.034477 0.664112
0.777816 0.033414 0.627603
0.777816 0.033414 0.627603
0.777429 0.033451 0.628081
0.752014 0.035475 0.658192
0.753961 0.036508 0.655904
0.752014 0.035475 0.658192
0.777429 0.033451 0.628081
0.777429 0.033451 0.628081
0.776438 0.033502 0.629302
0.753961 0.036508 0.655904
0.754717 0.035791 0.655074
0.753961 0.036508 0.655904
0.776438 0.033502 0.629302
0.776438 0.033502 0.629302
0.775908 0.032158 0.630026
0.754717 0.035791 0.655074
0.755674 0.033531 0.654089
0.754717 0.035791 0.655074
0.775908 0.032158 0.630026
0.775908 0.032158 0.630026
0.776325 0.030258 0.629607
0.755674 0.033531 0.654089
0.756059 0.031208 0.653759
0.755674 0.033531 0.654089
0.776325 0.030258 0.629607
0.776325 0.030258 0.629607
0.775952 0.029540 0.630100
0.756059 0.031208 0.653759
0.757609 0.030280 0.652006
0.756059 0.031208 0.653759
0.775952 0.029540 0.630100
0.775952 0.029540 0.630100
0.774693 0.027880 0.631723
0.757609 0.030280 0.652006
0.759668 0.028343 0.649693
0.757609 0.030280 0.652006
0.774693 0.027880 0.631723
0.774693 0.027880 0.631723
0.772816 0.024616 0.634153
0.759668 0.028343 0.649693
0.760306 0.025882 0.649049
0.759668 0.028343 0.649693
0.772816 0.024616 0.634153
0.705042 -0.342375 0.621044
0.802909 -0.299988 0.515116
0.731565 -0.311837 0.606276
0.802909 -0.299988 0.515116
0.705042 -0.342375 0.621044
0.810489 -0.321077 0.489916
0.642663 -0.422200 0.639321
0.705042 -0.342375 0.621044
0.731565 -0.311837 0.606276
0.705042 -0.342375 0.621044
0.642663 -0.422200 0.639321
0.541580 -0.566279 0.621304
0.642663 -0.422200 0.639321
0.764698 -0.200042 0.612553
0.694813 -0.168977 0.699058
0.764698 -0.200042 0.612553
0.642663 -0.422200 0.639321
0.731565 -0.311837 0.606276
0.819054 -0.189661 0.541460
0.764698 -0.200042 0.612553
0.731565 -0.311837 0.606276
0.731565 -0.311837 0.606276
0.802909 -0.299988 0.515116
0.819054 -0.189661 0.541460
0.694813 -0.168977 0.699058
0.777606 -0.042704 0.627300
0.687626 -0.013591 0.725938
0.777606 -0.042704 0.627300
0.694813 -0.168977 0.699058
0.764698 -0.200042 0.612553
0.837788 -0.039661 0.544553
0.777606 -0.042704 0.627300
0.764698 -0.200042 0.612553
0.764698 -0.200042 0.612553
0.819054 -0.189661 0.541460
0.837788 -0.039661 0.544553
0.687626 -0.013591 0.725938
0.774446 0.065072 0.629284
0.680769 0.057119 0.730268
0.774446 0.065072 0.629284
0.687626 -0.013591 0.725938
0.777606 -0.042704 0.627300
0.774446 0.065072 0.629284
0.777606 -0.042704 0.627300
0.843126 0.065000 0.533773
0.777606 -0.042704 0.627300
0.837788 -0.039661 0.544553
0.843126 0.065000 0.533773
0.680769 0.057119 0.730268
0.765751 0.151832 0.624958
0.677701 0.134446 0.722943
0.765751 0.151832 0.624958
0.680769 0.057119 0.730268
0.774446 0.065072 0.629284
0.765751 0.151832 0.624958
0.843126 0.065000 0.533773
0.835281 0.146219 0.530024
0.843126 0.065000 0.533773
0.765751 0.151832 0.624958
0.774446 0.065072 0.629284
0.677701 0.134446 0.722943
0.753170 0.183165 0.631811
0.679584 0.167238 0.714281
0.753170 0.183165 0.631811
0.677701 0.134446 0.722943
0.765751 0.151832 0.624958
0.835281 0.146219 0.530024
0.753170 0.183165 0.631811
0.765751 0.151832 0.624958
0.753170 0.183165 0.631811
0.835281 0.146219 0.530024
0.822229 0.172099 0.542514
0.822229 0.172099 0.542514
0.748236 0.172926 0.640500
0.753170 0.183165 0.631811
0.748236 0.172926 0.640500
0.822229 0.172099 0.542514
0.811970 0.170107 0.558362
0.688515 0.155020 0.708460
0.679584 0.167238 0.714281
0.753170 0.183165 0.631811
0.753170 0.183165 0.631811
0.748236 0.172926 0.640500
0.688515 0.155020 0.708460
0.754385 0.157534 0.637249
0.811970 0.170107 0.558362
0.808533 0.166416 0.564428
0.811970 0.170107 0.558362
0.754385 0.157534 0.637249
0.748236 0.172926 0.640500
0.705718 0.129178 0.696617
0.688515 0.155020 0.708460
0.748236 0.172926 0.640500
0.748236 0.172926 0.640500
0.754385 0.157534 0.637249
0.705718 0.129178 0.696617
0.763477 0.152536 0.627564
0.808533 0.166416 0.564428
0.809244 0.162321 0.564602
0.808533 0.166416 0.564428
0.763477 0.152536 0.627564
0.754385 0.157534 0.637249
0.722014 0.126982 0.680126
0.705718 0.129178 0.696617
0.754385 0.157534 0.637249
0.722014 0.126982 0.680126
0.754385 0.157534 0.637249
0.763477 0.152536 0.627564
0.773447 0.123657 0.621683
0.809244 0.162321 0.564602
0.812767 0.126607 0.568666
0.809244 0.162321 0.564602
0.773447 0.123657 0.621683
0.763477 0.152536 0.627564
0.735511 0.111307 0.668307
0.722014 0.126982 0.680126
0.763477 0.152536 0.627564
0.735511 0.111307 0.668307
0.763477 0.152536 0.627564
0.773447 0.123657 0.621683
0.779074 0.092228 0.620111
0.812767 0.126607 0.568666
0.814075 0.090367 0.573686
0.812767 0.126607 0.568666
0.779074 0.092228 0.620111
0.773447 0.123657 0.621683
0.780934 0.085441 0.618742
0.814075 0.090367 0.573686
0.813098 0.084916 0.575900
0.814075 0.090367 0.573686
0.780934 0.085441 0.618742
0.779074 0.092228 0.620111
0.784015 0.070965 0.616673
0.813098 0.084916 0.575900
0.813047 0.071390 0.577804
0.813098 0.084916 0.575900
0.784015 0.070965 0.616673
0.780934 0.085441 0.618742
0.785685 0.044284 0.617040
0.813047 0.071390 0.577804
0.812828 0.040021 0.581127
0.813047 0.071390 0.577804
0.785685 0.044284 0.617040
0.784015 0.070965 0.616673
0.783788 0.030035 0.620301
0.785685 0.044284 0.617040
0.810751 0.021001 0.585014
0.785685 0.044284 0.617040
0.812828 0.040021 0.581127
0.810751 0.021001 0.585014
0.780467 0.029512 0.624500
0.783788 0.030035 0.620301
0.807917 0.020946 0.588924
0.783788 0.030035 0.620301
0.810751 0.021001 0.585014
0.807917 0.020946 0.588924
0.777453 0.027303 0.628349
0.780467 0.029512 0.624500
0.805191 0.019873 0.592683
0.780467 0.029512 0.624500
0.807917 0.020946 0.588924
0.805191 0.019873 0.592683
0.775689 0.026110 0.630575
0.777453 0.027303 0.628349
0.802931 0.021130 0.595697
0.777453 0.027303 0.628349
0.805191 0.019873 0.592683
0.802931 0.021130 0.595697
0.775969 0.029429 0.630084
0.775689 0.026110 0.630575
0.801377 0.027105 0.597545
0.775689 0.026110 0.630575
0.802931 0.021130 0.595697
0.801377 0.027105 0.597545
0.801377 0.027105 0.597545
0.799953 0.031358 0.599242
0.775969 0.029429 0.630084
0.777205 0.032777 0.628394
0.775969 0.029429 0.630084
0.799953 0.031358 0.599242
0.799953 0.031358 0.599242
0.798549 0.032379 0.601058
0.777205 0.032777 0.628394
0.777816 0.033414 0.627603
0.777205 0.032777 0.628394
0.798549 0.032379 0.601058
0.798549 0.032379 0.601058
0.797429 0.032364 0.602544
0.777816 0.033414 0.627603
0.777429 0.033451 0.628081
0.777816 0.033414 0.627603
0.797429 0.032364 0.602544
0.797429 0.032364 0.602544
0.796986 0.033000 0.603096
0.777429 0.033451 0.628081
0.776438 0.033502 0.629302
0.777429 0.033451 0.628081
0.796986 0.033000 0.603096
0.796986 0.033000 0.603096
0.797533 0.032580 0.602395
0.776438 0.033502 0.629302
0.775908 0.032158 0.630026
0.776438 0.033502 0.629302
0.797533 0.032580 0.602395
0.797533 0.032580 0.602395
0.796973 0.029948 0.603272
0.775908 0.032158 0.630026
0.776325 0.030258 0.629607
0.775908 0.032158 0.630026
0.796973 0.029948 0.603272
0.796973 0.029948 0.603272
0.795519 0.028925 0.605238
0.776325 0.030258 0.629607
0.775952 0.029540 0.630100
0.776325 0.030258 0.629607
0.795519 0.028925 0.605238
0.795519 0.028925 0.605238
0.793657 0.027665 0.607736
0.775952 0.029540 0.630100
0.774693 0.027880 0.631723
0.775952 0.029540 0.630100
0.793657 0.027665 0.607736
0.166558 -0.983955 0.063965
0.000530 -0.999999 0.001298
0.000198 -1.000000 -0.000076
0.000530 -0.999999 0.001298
0.166558 -0.983955 0.063965
0.106553 -0.992464 0.060508
0.002186 -0.999994 0.002532
0.000530 -0.999999 0.001298
0.106553 -0.992464 0.060508
0.106553 -0.992464 0.060508
0.079659 -0.993772 0.077917
0.002186 -0.999994 0.002532
0.589550 -0.732330 0.340769
0.079659 -0.993772 0.077917
0.106553 -0.992464 0.060508
0.079659 -0.993772 0.077917
0.589550 -0.732330 0.340769
0.484877 -0.750857 0.448449
0.106553 -0.992464 0.060508
0.166558 -0.983955 0.063965
0.615882 -0.746900 0.250657
0.106553 -0.992464 0.060508
0.615882 -0.746900 0.250657
0.589550 -0.732330 0.340769
0.821993 -0.436237 0.366093
0.810489 -0.321077 0.489916
0.589550 -0.732330 0.340769
0.589550 -0.732330 0.340769
0.615882 -0.746900 0.250657
0.821993 -0.436237 0.366093
0.484877 -0.750857 0.448449
0.810489 -0.321077 0.489916
0.705042 -0.342375 0.621044
0.810489 -0.321077 0.489916
0.484877 -0.750857 0.448449
0.589550 -0.732330 0.340769
0.825786 -0.392266 0.405222
0.802909 -0.299988 0.515116
0.810489 -0.321077 0.489916
0.810489 -0.321077 0.489916
0.821993 -0.436237 0.366093
0.825786 -0.392266 0.405222
0.879605 -0.184141 0.438620
0.819054 -0.189661 0.541460
0.802909 -0.299988 0.515116
0.802909 -0.299988 0.515116
0.825786 -0.392266 0.405222
0.879605 -0.184141 0.438620
0.901302 -0.000808 0.433190
0.837788 -0.039661 0.544553
0.819054 -0.189661 0.541460
0.819054 -0.189661 0.541460
0.879605 -0.184141 0.438620
0.901302 -0.000808 0.433190
0.843126 0.065000 0.533773
0.837788 -0.039661 0.544553
0.906207 0.063417 0.418052
0.837788 -0.039661 0.544553
0.901302 -0.000808 0.433190
0.906207 0.063417 0.418052
0.835281 0.146219 0.530024
0.906207 0.063417 0.418052
0.899290 0.128818 0.417950
0.906207 0.063417 0.418052
0.835281 0.146219 0.530024
0.843126 0.065000 0.533773
0.899290 0.128818 0.417950
0.822229 0.172099 0.542514
0.835281 0.146219 0.530024
0.822229 0.172099 0.542514
0.899290 0.128818 0.417950
0.888008 0.147157 0.435645
0.888008 0.147157 0.435645
0.811970 0.170107 0.558362
0.822229 0.172099 0.542514
0.811970 0.170107 0.558362
0.888008 0.147157 0.435645
0.877327 0.150776 0.455592
0.808533 0.166416 0.564428
0.877327 0.150776 0.455592
0.869862 0.154980 0.468317
0.877327 0.150776 0.455592
0.808533 0.166416 0.564428
0.811970 0.170107 0.558362
0.809244 0.162321 0.564602
0.869862 0.154980 0.468317
0.862639 0.151452 0.482614
0.869862 0.154980 0.468317
0.809244 0.162321 0.564602
0.808533 0.166416 0.564428
0.812767 0.126607 0.568666
0.862639 0.151452 0.482614
0.856678 0.116654 0.502488
0.862639 0.151452 0.482614
0.812767 0.126607 0.568666
0.809244 0.162321 0.564602
0.814075 0.090367 0.573686
0.856678 0.116654 0.502488
0.852473 0.083425 0.516073
0.856678 0.116654 0.502488
0.814075 0.090367 0.573686
0.812767 0.126607 0.568666
0.813098 0.084916 0.575900
0.852473 0.083425 0.516073
0.848105 0.078981 0.523909
0.852473 0.083425 0.516073
0.813098 0.084916 0.575900
0.814075 0.090367 0.573686
0.813047 0.071390 0.577804
0.848105 0.078981 0.523909
0.843226 0.066004 0.533492
0.848105 0.078981 0.523909
0.813047 0.071390 0.577804
0.813098 0.084916 0.575900
0.812828 0.040021 0.581127
0.843226 0.066004 0.533492
0.838960 0.034871 0.543075
0.843226 0.066004 0.533492
0.812828 0.040021 0.581127
0.813047 0.071390 0.577804
0.810751 0.021001 0.585014
0.838960 0.034871 0.543075
0.835608 0.016570 0.549076
0.838960 0.034871 0.543075
0.810751 0.021001 0.585014
0.812828 0.040021 0.581127
0.807917 0.020946 0.588924
0.835608 0.016570 0.549076
0.833704 0.017725 0.551927
0.835608 0.016570 0.549076
0.807917 0.020946 0.588924
0.810751 0.021001 0.585014
0.833704 0.017725 0.551927
0.805191 0.019873 0.592683
0.807917 0.020946 0.588924
0.805191 0.019873 0.592683
0.833704 0.017725 0.551927
0.833864 0.018055 0.551674
0.833864 0.018055 0.551674
0.802931 0.021130 0.595697
0.805191 0.019873 0.592683
0.802931 0.021130 0.595697
0.833864 0.018055 0.551674
0.834016 0.019846 0.551383
0.834016 0.019846 0.551383
0.831511 0.025978 0.554900
0.802931 0.021130 0.595697
0.801377 0.027105 0.597545
0.802931 0.021130 0.595697
0.831511 0.025978 0.554900
0.831511 0.025978 0.554900
0.827662 0.030839 0.560378
0.801377 0.027105 0.597545
0.799953 0.031358 0.599242
0.801377 0.027105 0.597545
0.827662 0.030839 0.560378
0.827662 0.030839 0.560378
0.823748 0.032590 0.566019
0.799953 0.031358 0.599242
0.798549 0.032379 0.601058
0.799953 0.031358 0.599242
0.823748 0.032590 0.566019
0.823748 0.032590 0.566019
0.820337 0.032868 0.570935
0.798549 0.032379 0.601058
0.797429 0.032364 0.602544
0.798549 0.032379 0.601058
0.820337 0.032868 0.570935
0.820337 0.032868 0.570935
0.819891 0.035522 0.571417
0.797429 0.032364 0.602544
0.796986 0.033000 0.603096
0.797429 0.032364 0.602544
0.819891 0.035522 0.571417
0.819891 0.035522 0.571417
0.821397 0.035541 0.569248
0.796986 0.033000 0.603096
0.797533 0.032580 0.602395
0.796986 0.033000 0.603096
0.821397 0.035541 0.569248
0.821397 0.035541 0.569248
0.820650 0.030766 0.570603
0.797533 0.032580 0.602395
0.796973 0.029948 0.603272
0.797533 0.032580 0.602395
0.820650 0.030766 0.570603
0.820650 0.030766 0.570603
0.818075 0.029187 0.574371
0.796973 0.029948 0.603272
0.795519 0.028925 0.605238
0.796973 0.029948 0.603272
0.818075 0.029187 0.574371
0.166558 -0.983955 0.063965
0.642535 -0.738966 0.202677
0.615882 -0.746900 0.250657
0.642535 -0.738966 0.202677
0.166558 -0.983955 0.063965
0.228868 -0.970901 0.070502
0.799425 -0.540958 0.261311
0.821993 -0.436237 0.366093
0.615882 -0.746900 0.250657
0.615882 -0.746900 0.250657
0.642535 -0.738966 0.202677
0.799425 -0.540958 0.261311
0.852156 -0.439817 0.283535
0.825786 -0.392266 0.405222
0.821993 -0.436237 0.366093
0.821993 -0.436237 0.366093
0.799425 -0.540958 0.261311
0.852156 -0.439817 0.283535
0.941039 -0.156959 0.299682
0.879605 -0.184141 0.438620
0.825786 -0.392266 0.405222
0.825786 -0.392266 0.405222
0.852156 -0.439817 0.283535
0.941039 -0.156959 0.299682
0.956449 0.027120 0.290637
0.901302 -0.000808 0.433190
0.879605 -0.184141 0.438620
0.879605 -0.184141 0.438620
0.941039 -0.156959 0.299682
0.956449 0.027120 0.290637
0.906207 0.063417 0.418052
0.956449 0.027120 0.290637
0.957251 0.059664 0.283038
0.956449 0.027120 0.290637
0.906207 0.063417 0.418052
0.901302 -0.000808 0.433190
0.899290 0.128818 0.417950
0.957251 0.059664 0.283038
0.953341 0.102757 0.283870
0.957251 0.059664 0.283038
0.899290 0.128818 0.417950
0.906207 0.063417 0.418052
0.888008 0.147157 0.435645
0.953341 0.102757 0.283870
0.946562 0.112351 0.302321
0.953341 0.102757 0.283870
0.888008 0.147157 0.435645
0.899290 0.128818 0.417950
0.946562 0.112351 0.302321
0.877327 0.150776 0.455592
0.888008 0.147157 0.435645
0.877327 0.150776 0.455592
0.946562 0.112351 0.302321
0.936973 0.118427 0.328720
0.869862 0.154980 0.468317
0.936973 0.118427 0.328720
0.927872 0.130651 0.349262
0.936973 0.118427 0.328720
0.869862 0.154980 0.468317
0.877327 0.150776 0.455592
0.862639 0.151452 0.482614
0.927872 0.130651 0.349262
0.921326 0.126052 0.367791
0.927872 0.130651 0.349262
0.862639 0.151452 0.482614
0.869862 0.154980 0.468317
0.856678 0.116654 0.502488
0.921326 0.126052 0.367791
0.914970 0.097596 0.391542
0.921326 0.126052 0.367791
0.856678 0.116654 0.502488
0.862639 0.151452 0.482614
0.852473 0.083425 0.516073
0.914970 0.097596 0.391542
0.908618 0.072228 0.411334
0.914970 0.097596 0.391542
0.852473 0.083425 0.516073
0.856678 0.116654 0.502488
0.908618 0.072228 0.411334
0.848105 0.078981 0.523909
0.852473 0.083425 0.516073
0.848105 0.078981 0.523909
0.908618 0.072228 0.411334
0.900162 0.067818 0.430243
0.900162 0.067818 0.430243
0.843226 0.066004 0.533492
0.848105 0.078981 0.523909
0.843226 0.066004 0.533492
0.900162 0.067818 0.430243
0.892780 0.058746 0.446646
0.892780 0.058746 0.446646
0.838960 0.034871 0.543075
0.843226 0.066004 0.533492
0.838960 0.034871 0.543075
0.892780 0.058746 0.446646
0.889840 0.031013 0.455217
0.889840 0.031013 0.455217
0.835608 0.016570 0.549076
0.838960 0.034871 0.543075
0.835608 0.016570 0.549076
0.889840 0.031013 0.455217
0.887647 0.016958 0.460213
0.887647 0.016958 0.460213
0.833704 0.017725 0.551927
0.835608 0.016570 0.549076
0.833704 0.017725 0.551927
0.887647 0.016958 0.460213
0.886234 0.020333 0.462791
0.886234 0.020333 0.462791
0.833864 0.018055 0.551674
0.833704 0.017725 0.551927
0.833864 0.018055 0.551674
0.886234 0.020333 0.462791
0.886145 0.023057 0.462833
0.886145 0.023057 0.462833
0.834016 0.019846 0.551383
0.833864 0.018055 0.551674
0.834016 0.019846 0.551383
0.886145 0.023057 0.462833
0.882072 0.020861 0.470652
0.882072 0.020861 0.470652
0.831511 0.025978 0.554900
0.834016 0.019846 0.551383
0.831511 0.025978 0.554900
0.882072 0.020861 0.470652
0.871527 0.024936 0.489713
0.871527 0.024936 0.489713
0.867187 0.033297 0.496868
0.831511 0.025978 0.554900
0.827662 0.030839 0.560378
0.831511 0.025978 0.554900
0.867187 0.033297 0.496868
0.867187 0.033297 0.496868
0.875090 0.039712 0.482328
0.827662 0.030839 0.560378
0.823748 0.032590 0.566019
0.827662 0.030839 0.560378
0.875090 0.039712 0.482328
0.875090 0.039712 0.482328
0.895284 0.049286 0.442762
0.823748 0.032590 0.566019
0.820337 0.032868 0.570935
0.823748 0.032590 0.566019
0.895284 0.049286 0.442762
0.895284 0.049286 0.442762
0.899861 0.046435 0.433698
0.820337 0.032868 0.570935
0.819891 0.035522 0.571417
0.820337 0.032868 0.570935
0.899861 0.046435 0.433698
0.899861 0.046435 0.433698
0.871878 0.037234 0.488306
0.819891 0.035522 0.571417
0.821397 0.035541 0.569248
0.819891 0.035522 0.571417
0.871878 0.037234 0.488306
0.871878 0.037234 0.488306
0.847560 0.032280 0.529718
0.821397 0.035541 0.569248
0.820650 0.030766 0.570603
0.821397 0.035541 0.569248
0.847560 0.032280 0.529718
0.642535 -0.738966 0.202677
0.805819 -0.574074 0.145240
0.799425 -0.540958 0.261311
0.805819 -0.574074 0.145240
0.642535 -0.738966 0.202677
0.662883 -0.737954 0.126530
0.896943 -0.417526 0.145483
0.852156 -0.439817 0.283535
0.799425 -0.540958 0.261311
0.799425 -0.540958 0.261311
0.805819 -0.574074 0.145240
0.896943 -0.417526 0.145483
0.984363 -0.110726 0.137000
0.941039 -0.156959 0.299682
0.852156 -0.439817 0.283535
0.852156 -0.439817 0.283535
0.896943 -0.417526 0.145483
0.984363 -0.110726 0.137000
0.956449 0.027120 0.290637
0.984363 -0.110726 0.137000
0.991812 0.036687 0.122328
0.984363 -0.110726 0.137000
0.956449 0.027120 0.290637
0.941039 -0.156959 0.299682
0.957251 0.059664 0.283038
0.991812 0.036687 0.122328
0.991955 0.048869 0.116774
0.991812 0.036687 0.122328
0.957251 0.059664 0.283038
0.956449 0.027120 0.290637
0.953341 0.102757 0.283870
0.991955 0.048869 0.116774
0.990133 0.070654 0.121013
0.991955 0.048869 0.116774
0.953341 0.102757 0.283870
0.957251 0.059664 0.283038
0.946562 0.112351 0.302321
0.990133 0.070654 0.121013
0.987916 0.071609 0.137456
0.990133 0.070654 0.121013
0.946562 0.112351 0.302321
0.953341 0.102757 0.283870
0.936973 0.118427 0.328720
0.987916 0.071609 0.137456
0.985142 0.078711 0.152646
0.987916 0.071609 0.137456
0.936973 0.118427 0.328720
0.946562 0.112351 0.302321
0.927872 0.130651 0.349262
0.985142 0.078711 0.152646
0.982145 0.097248 0.161039
0.985142 0.078711 0.152646
0.927872 0.130651 0.349262
0.936973 0.118427 0.328720
0.982145 0.097248 0.161039
0.921326 0.126052 0.367791
0.927872 0.130651 0.349262
0.921326 0.126052 0.367791
0.982145 0.097248 0.161039
0.977343 0.091762 0.190739
0.977343 0.091762 0.190739
0.914970 0.097596 0.391542
0.921326 0.126052 0.367791
0.914970 0.097596 0.391542
0.977343 0.091762 0.190739
0.970780 0.076264 0.227532
0.970780 0.076264 0.227532
0.969091 0.062678 0.238610
0.914970 0.097596 0.391542
0.908618 0.072228 0.411334
0.914970 0.097596 0.391542
0.969091 0.062678 0.238610
0.969091 0.062678 0.238610
0.968588 0.057569 0.241914
0.908618 0.072228 0.411334
0.900162 0.067818 0.430243
0.908618 0.072228 0.411334
0.968588 0.057569 0.241914
0.968588 0.057569 0.241914
0.892780 0.058746 0.446646
0.900162 0.067818 0.430243
0.892780 0.058746 0.446646
0.968588 0.057569 0.241914
0.965997 0.055043 0.252626
0.965997 0.055043 0.252626
0.889840 0.031013 0.455217
0.892780 0.058746 0.446646
0.889840 0.031013 0.455217
0.965997 0.055043 0.252626
0.963505 0.032113 0.265757
0.963505 0.032113 0.265757
0.887647 0.016958 0.460213
0.889840 0.031013 0.455217
0.887647 0.016958 0.460213
0.963505 0.032113 0.265757
0.962049 0.023971 0.271821
0.962049 0.023971 0.271821
0.886234 0.020333 0.462791
0.887647 0.016958 0.460213
0.886234 0.020333 0.462791
0.962049 0.023971 0.271821
0.962324 0.031514 0.270073
0.962324 0.031514 0.270073
0.886145 0.023057 0.462833
0.886234 0.020333 0.462791
0.886145 0.023057 0.462833
0.962324 0.031514 0.270073
0.974996 0.047099 0.217173
0.974996 0.047099 0.217173
0.882072 0.020861 0.470652
0.886145 0.023057 0.462833
0.882072 0.020861 0.470652
0.974996 0.047099 0.217173
0.990798 0.043748 0.128081
0.990798 0.043748 0.128081
0.988641 0.036129 0.145892
0.882072 0.020861 0.470652
0.871527 0.024936 0.489713
0.882072 0.020861 0.470652
0.988641 0.036129 0.145892
0.988641 0.036129 0.145892
0.980823 0.048820 0.188687
0.871527 0.024936 0.489713
0.867187 0.033297 0.496868
0.871527 0.024936 0.489713
0.980823 0.048820 0.188687
0.980823 0.048820 0.188687
0.977149 0.059099 0.204173
0.867187 0.033297 0.496868
0.875090 0.039712 0.482328
0.867187 0.033297 0.496868
0.977149 0.059099 0.204173
0.977149 0.059099 0.204173
0.974936 0.075972 0.209113
0.875090 0.039712 0.482328
0.895284 0.049286 0.442762
0.875090 0.039712 0.482328
0.974936 0.075972 0.209113
0.974936 0.075972 0.209113
0.978251 0.062592 0.197757
0.895284 0.049286 0.442762
0.899861 0.046435 0.433698
0.895284 0.049286 0.442762
0.978251 0.062592 0.197757
0.978251 0.062592 0.197757
0.977532 0.056027 0.203205
0.899861 0.046435 0.433698
0.871878 0.037234 0.488306
0.899861 0.046435 0.433698
0.977532 0.056027 0.203205
0.805819 -0.574074 0.145240
0.795571 -0.603850 -0.049314
0.896943 -0.417526 0.145483
0.904921 -0.419448 -0.071988
0.896943 -0.417526 0.145483
0.795571 -0.603850 -0.049314
0.984363 -0.110726 0.137000
0.904921 -0.419448 -0.071988
0.991771 -0.104578 -0.073850
0.904921 -0.419448 -0.071988
0.984363 -0.110726 0.137000
0.896943 -0.417526 0.145483
0.991812 0.036687 0.122328
0.991771 -0.104578 -0.073850
0.996593 0.037396 -0.073512
0.991771 -0.104578 -0.073850
0.991812 0.036687 0.122328
0.984363 -0.110726 0.137000
0.991955 0.048869 0.116774
0.996593 0.037396 -0.073512
0.996466 0.034951 -0.076378
0.996593 0.037396 -0.073512
0.991955 0.048869 0.116774
0.991812 0.036687 0.122328
0.990133 0.070654 0.121013
0.996466 0.034951 -0.076378
0.996785 0.036081 -0.071532
0.996466 0.034951 -0.076378
0.990133 0.070654 0.121013
0.991955 0.048869 0.116774
0.987916 0.071609 0.137456
0.996785 0.036081 -0.071532
0.997228 0.033095 -0.066646
0.996785 0.036081 -0.071532
0.987916 0.071609 0.137456
0.990133 0.070654 0.121013
0.997228 0.033095 -0.066646
0.985142 0.078711 0.152646
0.987916 0.071609 0.137456
0.985142 0.078711 0.152646
0.997228 0.033095 -0.066646
0.996483 0.043748 -0.071466
0.996483 0.043748 -0.071466
0.982145 0.097248 0.161039
0.985142 0.078711 0.152646
0.982145 0.097248 0.161039
0.996483 0.043748 -0.071466
0.995264 0.063409 -0.073688
0.995264 0.063409 -0.073688
0.977343 0.091762 0.190739
0.982145 0.097248 0.161039
0.977343 0.091762 0.190739
0.995264 0.063409 -0.073688
0.995992 0.057597 -0.068434
0.995992 0.057597 -0.068434
0.994292 0.058290 -0.089357
0.977343 0.091762 0.190739
0.970780 0.076264 0.227532
0.977343 0.091762 0.190739
0.994292 0.058290 -0.089357
0.994292 0.058290 -0.089357
0.990037 0.053556 -0.130222
0.970780 0.076264 0.227532
0.969091 0.062678 0.238610
0.970780 0.076264 0.227532
0.990037 0.053556 -0.130222
0.990037 0.053556 -0.130222
0.992963 0.046702 -0.108826
0.969091 0.062678 0.238610
0.968588 0.057569 0.241914
0.969091 0.062678 0.238610
0.992963 0.046702 -0.108826
0.992963 0.046702 -0.108826
0.965997 0.055043 0.252626
0.968588 0.057569 0.241914
0.965997 0.055043 0.252626
0.992963 0.046702 -0.108826
0.996026 0.053251 -0.071392
0.996026 0.053251 -0.071392
0.963505 0.032113 0.265757
0.965997 0.055043 0.252626
0.963505 0.032113 0.265757
0.996026 0.053251 -0.071392
0.996023 0.042646 -0.078234
0.996023 0.042646 -0.078234
0.962049 0.023971 0.271821
0.963505 0.032113 0.265757
0.962049 0.023971 0.271821
0.996023 0.042646 -0.078234
0.989565 0.047484 -0.136036
0.989565 0.047484 -0.136036
0.962324 0.031514 0.270073
0.962049 0.023971 0.271821
0.962324 0.031514 0.270073
0.989565 0.047484 -0.136036
0.976280 0.063401 -0.207023
0.976280 0.063401 -0.207023
0.974996 0.047099 0.217173
0.962324 0.031514 0.270073
0.974996 0.047099 0.217173
0.976280 0.063401 -0.207023
0.962977 0.087204 -0.255091
0.962977 0.087204 -0.255091
0.990798 0.043748 0.128081
0.974996 0.047099 0.217173
0.990798 0.043748 0.128081
0.962977 0.087204 -0.255091
0.955932 0.067174 -0.285802
0.955932 0.067174 -0.285802
0.960166 0.043941 -0.275954
0.990798 0.043748 0.128081
0.988641 0.036129 0.145892
0.990798 0.043748 0.128081
0.960166 0.043941 -0.275954
0.960166 0.043941 -0.275954
0.966949 0.063097 -0.247039
0.988641 0.036129 0.145892
0.980823 0.048820 0.188687
0.988641 0.036129 0.145892
0.966949 0.063097 -0.247039
0.966949 0.063097 -0.247039
0.974948 0.073515 -0.209932
0.980823 0.048820 0.188687
0.977149 0.059099 0.204173
0.980823 0.048820 0.188687
0.974948 0.073515 -0.209932
0.974948 0.073515 -0.209932
0.991848 0.087194 -0.092927
0.977149 0.059099 0.204173
0.974936 0.075972 0.209113
0.977149 0.059099 0.204173
0.991848 0.087194 -0.092927
0.991848 0.087194 -0.092927
0.997142 0.075374 0.005166
0.974936 0.075972 0.209113
0.978251 0.062592 0.197757
0.974936 0.075972 0.209113
0.997142 0.075374 0.005166
0.904921 -0.419448 -0.071988
0.838398 -0.471596 -0.273289
0.991771 -0.104578 -0.073850
0.943277 -0.156286 -0.292922
0.991771 -0.104578 -0.073850
0.838398 -0.471596 -0.273289
0.996593 0.037396 -0.073512
0.943277 -0.156286 -0.292922
0.956201 0.027448 -0.291421
0.943277 -0.156286 -0.292922
0.996593 0.037396 -0.073512
0.991771 -0.104578 -0.073850
0.956201 0.027448 -0.291421
0.996466 0.034951 -0.076378
0.996593 0.037396 -0.073512
0.996466 0.034951 -0.076378
0.956201 0.027448 -0.291421
0.954385 0.015188 -0.298191
0.996785 0.036081 -0.071532
0.954385 0.015188 -0.298191
0.951650 0.009231 -0.307045
0.954385 0.015188 -0.298191
0.996785 0.036081 -0.071532
0.996466 0.034951 -0.076378
0.951650 0.009231 -0.307045
0.997228 0.033095 -0.066646
0.996785 0.036081 -0.071532
0.997228 0.033095 -0.066646
0.951650 0.009231 -0.307045
0.946907 0.004923 -0.321471
0.946907 0.004923 -0.321471
0.996483 0.043748 -0.071466
0.997228 0.033095 -0.066646
0.996483 0.043748 -0.071466
0.946907 0.004923 -0.321471
0.939121 0.020261 -0.342988
0.939121 0.020261 -0.342988
0.995264 0.063409 -0.073688
0.996483 0.043748 -0.071466
0.995264 0.063409 -0.073688
0.939121 0.020261 -0.342988
0.930541 0.037837 -0.364228
0.930541 0.037837 -0.364228
0.922427 0.032701 -0.384784
0.995264 0.063409 -0.073688
0.995992 0.057597 -0.068434
0.995264 0.063409 -0.073688
0.922427 0.032701 -0.384784
0.922427 0.032701 -0.384784
0.906724 0.049792 -0.418775
0.995992 0.057597 -0.068434
0.994292 0.058290 -0.089357
0.995992 0.057597 -0.068434
0.906724 0.049792 -0.418775
0.906724 0.049792 -0.418775
0.888006 0.046988 -0.457426
0.994292 0.058290 -0.089357
0.990037 0.053556 -0.130222
0.994292 0.058290 -0.089357
0.888006 0.046988 -0.457426
0.888006 0.046988 -0.457426
0.877487 0.034860 -0.478331
0.990037 0.053556 -0.130222
0.992963 0.046702 -0.108826
0.990037 0.053556 -0.130222
0.877487 0.034860 -0.478331
0.877487 0.034860 -0.478331
0.996026 0.053251 -0.071392
0.992963 0.046702 -0.108826
0.996026 0.053251 -0.071392
0.877487 0.034860 -0.478331
0.864880 0.054394 -0.499022
0.864880 0.054394 -0.499022
0.996023 0.042646 -0.078234
0.996026 0.053251 -0.071392
0.996023 0.042646 -0.078234
0.864880 0.054394 -0.499022
0.849249 0.061679 -0.524378
0.849249 0.061679 -0.524378
0.989565 0.047484 -0.136036
0.996023 0.042646 -0.078234
0.989565 0.047484 -0.136036
0.849249 0.061679 -0.524378
0.824948 0.072746 -0.560507
0.824948 0.072746 -0.560507
0.976280 0.063401 -0.207023
0.989565 0.047484 -0.136036
0.976280 0.063401 -0.207023
0.824948 0.072746 -0.560507
0.813663 0.080917 -0.575678
0.813663 0.080917 -0.575678
0.962977 0.087204 -0.255091
0.976280 0.063401 -0.207023
0.962977 0.087204 -0.255091
0.813663 0.080917 -0.575678
0.843858 0.095525 -0.527994
0.843858 0.095525 -0.527994
0.955932 0.067174 -0.285802
0.962977 0.087204 -0.255091
0.955932 0.067174 -0.285802
0.843858 0.095525 -0.527994
0.872964 0.074440 -0.482071
0.872964 0.074440 -0.482071
0.960166 0.043941 -0.275954
0.955932 0.067174 -0.285802
0.960166 0.043941 -0.275954
0.872964 0.074440 -0.482071
0.850636 0.055583 -0.522809
0.850636 0.055583 -0.522809
0.813177 0.075941 -0.577041
0.960166 0.043941 -0.275954
0.966949 0.063097 -0.247039
0.960166 0.043941 -0.275954
0.813177 0.075941 -0.577041
0.813177 0.075941 -0.577041
0.799802 0.084866 -0.594235
0.966949 0.063097 -0.247039
0.974948 0.073515 -0.209932
0.966949 0.063097 -0.247039
0.799802 0.084866 -0.594235
0.799802 0.084866 -0.594235
0.801939 0.095652 -0.589699
0.974948 0.073515 -0.209932
0.991848 0.087194 -0.092927
0.974948 0.073515 -0.209932
0.801939 0.095652 -0.589699
0.943277 -0.156286 -0.292922
0.838234 -0.163607 -0.520189
0.956201 0.027448 -0.291421
0.956201 0.027448 -0.291421
0.838234 -0.163607 -0.520189
0.845646 0.011838 -0.533613
0.845646 0.011838 -0.533613
0.954385 0.015188 -0.298191
0.956201 0.027448 -0.291421
0.954385 0.015188 -0.298191
0.845646 0.011838 -0.533613
0.835862 -0.001701 -0.548937
0.835862 -0.001701 -0.548937
0.951650 0.009231 -0.307045
0.954385 0.015188 -0.298191
0.951650 0.009231 -0.307045
0.835862 -0.001701 -0.548937
0.825010 -0.001101 -0.565117
0.825010 -0.001101 -0.565117
0.946907 0.004923 -0.321471
0.951650 0.009231 -0.307045
0.946907 0.004923 -0.321471
0.825010 -0.001101 -0.565117
0.810942 -0.005779 -0.585098
0.810942 -0.005779 -0.585098
0.939121 0.020261 -0.342988
0.946907 0.004923 -0.321471
0.939121 0.020261 -0.342988
0.810942 -0.005779 -0.585098
0.790874 0.009059 -0.611912
0.790874 0.009059 -0.611912
0.770840 0.023335 -0.636601
0.939121 0.020261 -0.342988
0.930541 0.037837 -0.364228
0.939121 0.020261 -0.342988
0.770840 0.023335 -0.636601
0.770840 0.023335 -0.636601
0.743636 0.021133 -0.668250
0.930541 0.037837 -0.364228
0.922427 0.032701 -0.384784
0.930541 0.037837 -0.364228
0.743636 0.021133 -0.668250
0.743636 0.021133 -0.668250
0.723063 0.045828 -0.689260
0.922427 0.032701 -0.384784
0.906724 0.049792 -0.418775
0.922427 0.032701 -0.384784
0.723063 0.045828 -0.689260
0.723063 0.045828 -0.689260
0.712667 0.050093 -0.699712
0.906724 0.049792 -0.418775
0.888006 0.046988 -0.457426
0.906724 0.049792 -0.418775
0.712667 0.050093 -0.699712
0.712667 0.050093 -0.699712
0.660498 0.040619 -0.749728
0.888006 0.046988 -0.457426
0.877487 0.034860 -0.478331
0.888006 0.046988 -0.457426
0.660498 0.040619 -0.749728
0.660498 0.040619 -0.749728
0.864880 0.054394 -0.499022
0.877487 0.034860 -0.478331
0.864880 0.054394 -0.499022
0.660498 0.040619 -0.749728
0.599107 0.056369 -0.798682
0.599107 0.056369 -0.798682
0.849249 0.061679 -0.524378
0.864880 0.054394 -0.499022
0.849249 0.061679 -0.524378
0.599107 0.056369 -0.798682
0.588844 0.068450 -0.805343
0.588844 0.068450 -0.805343
0.824948 0.072746 -0.560507
0.849249 0.061679 -0.524378
0.824948 0.072746 -0.560507
0.588844 0.068450 -0.805343
0.599498 0.083008 -0.796060
0.599498 0.083008 -0.796060
0.813663 0.080917 -0.575678
0.824948 0.072746 -0.560507
0.813663 0.080917 -0.575678
0.599498 0.083008 -0.796060
0.593187 0.086847 -0.800367
0.593187 0.086847 -0.800367
0.843858 0.095525 -0.527994
0.813663 0.080917 -0.575678
0.843858 0.095525 -0.527994
0.593187 0.086847 -0.800367
0.582690 0.084314 -0.808309
0.582690 0.084314 -0.808309
0.872964 0.074440 -0.482071
0.843858 0.095525 -0.527994
0.872964 0.074440 -0.482071
0.582690 0.084314 -0.808309
0.572165 0.076300 -0.816582
0.572165 0.076300 -0.816582
0.850636 0.055583 -0.522809
0.872964 0.074440 -0.482071
0.850636 0.055583 -0.522809
0.572165 0.076300 -0.816582
0.537024 0.079812 -0.839783
0.537024 0.079812 -0.839783
0.813177 0.075941 -0.577041
0.850636 0.055583 -0.522809
0.813177 0.075941 -0.577041
0.537024 0.079812 -0.839783
0.472873 0.086814 -0.876844
0.472873 0.086814 -0.876844
0.425542 0.095601 -0.899875
0.813177 0.075941 -0.577041
0.813177 0.075941 -0.577041
0.425542 0.095601 -0.899875
0.799802 0.084866 -0.594235
0.845646 0.011838 -0.533613
0.611546 0.001348 -0.791207
0.835862 -0.001701 -0.548937
0.835862 -0.001701 -0.548937
0.611546 0.001348 -0.791207
0.591305 -0.005484 -0.806429
0.591305 -0.005484 -0.806429
0.825010 -0.001101 -0.565117
0.835862 -0.001701 -0.548937
0.825010 -0.001101 -0.565117
0.591305 -0.005484 -0.806429
0.573660 -0.003850 -0.819084
0.573660 -0.003850 -0.819084
0.810942 -0.005779 -0.585098
0.825010 -0.001101 -0.565117
0.810942 -0.005779 -0.585098
0.573660 -0.003850 -0.819084
0.559071 -0.002777 -0.829115
0.550699 0.007710 -0.834668
0.810942 -0.005779 -0.585098
0.559071 -0.002777 -0.829115
0.810942 -0.005779 -0.585098
0.550699 0.007710 -0.834668
0.790874 0.009059 -0.611912
0.550699 0.007710 -0.834668
0.539011 0.020903 -0.842039
0.790874 0.009059 -0.611912
0.790874 0.009059 -0.611912
0.539011 0.020903 -0.842039
0.770840 0.023335 -0.636601
0.539011 0.020903 -0.842039
0.505371 0.026944 -0.862482
0.770840 0.023335 -0.636601
0.770840 0.023335 -0.636601
0.505371 0.026944 -0.862482
0.743636 0.021133 -0.668250
0.505371 0.026944 -0.862482
0.455948 0.043038 -0.888965
0.743636 0.021133 -0.668250
0.743636 0.021133 -0.668250
0.455948 0.043038 -0.888965
0.723063 0.045828 -0.689260
0.455948 0.043038 -0.888965
0.434293 0.049191 -0.899427
0.723063 0.045828 -0.689260
0.723063 0.045828 -0.689260
0.434293 0.049191 -0.899427
0.712667 0.050093 -0.699712
0.434293 0.049191 -0.899427
0.421196 0.050071 -0.905587
0.712667 0.050093 -0.699712
0.712667 0.050093 -0.699712
0.421196 0.050071 -0.905587
0.660498 0.040619 -0.749728
0.421196 0.050071 -0.905587
0.599107 0.056369 -0.798682
0.660498 0.040619 -0.749728
0.599107 0.056369 -0.798682
0.421196 0.050071 -0.905587
0.396559 0.059169 -0.916100
0.396559 0.059169 -0.916100
0.588844 0.068450 -0.805343
0.599107 0.056369 -0.798682
0.588844 0.068450 -0.805343
0.396559 0.059169 -0.916100
0.373462 0.067440 -0.925191
0.373462 0.067440 -0.925191
0.599498 0.083008 -0.796060
0.588844 0.068450 -0.805343
0.599498 0.083008 -0.796060
0.373462 0.067440 -0.925191
0.330811 0.089391 -0.939454
0.330811 0.089391 -0.939454
0.593187 0.086847 -0.800367
0.599498 0.083008 -0.796060
0.593187 0.086847 -0.800367
0.330811 0.089391 -0.939454
0.258081 0.091152 -0.961814
0.258081 0.091152 -0.961814
0.582690 0.084314 -0.808309
0.593187 0.086847 -0.800367
0.582690 0.084314 -0.808309
0.258081 0.091152 -0.961814
0.202107 0.070884 -0.976795
0.202107 0.070884 -0.976795
0.572165 0.076300 -0.816582
0.582690 0.084314 -0.808309
0.572165 0.076300 -0.816582
0.202107 0.070884 -0.976795
0.195489 0.065973 -0.978484
0.195489 0.065973 -0.978484
0.537024 0.079812 -0.839783
0.572165 0.076300 -0.816582
0.537024 0.079812 -0.839783
0.195489 0.065973 -0.978484
0.196552 0.086280 -0.976690
0.196552 0.086280 -0.976690
0.120349 0.094616 -0.988213
0.537024 0.079812 -0.839783
0.537024 0.079812 -0.839783
0.120349 0.094616 -0.988213
0.472873 0.086814 -0.876844
0.246309 0.001825 -0.969190
0.573660 -0.003850 -0.819084
0.591305 -0.005484 -0.806429
0.573660 -0.003850 -0.819084
0.246309 0.001825 -0.969190
0.230505 -0.000293 -0.973071
0.230505 -0.000293 -0.973071
0.559071 -0.002777 -0.829115
0.573660 -0.003850 -0.819084
0.559071 -0.002777 -0.829115
0.230505 -0.000293 -0.973071
0.223607 0.003560 -0.974673
0.223525 0.010010 -0.974647
0.559071 -0.002777 -0.829115
0.223607 0.003560 -0.974673
0.559071 -0.002777 -0.829115
0.223525 0.010010 -0.974647
0.550699 0.007710 -0.834668
0.223525 0.010010 -0.974647
0.204313 0.027969 -0.978506
0.550699 0.007710 -0.834668
0.550699 0.007710 -0.834668
0.204313 0.027969 -0.978506
0.539011 0.020903 -0.842039
0.204313 0.027969 -0.978506
0.172322 0.037365 -0.984332
0.539011 0.020903 -0.842039
0.539011 0.020903 -0.842039
0.172322 0.037365 -0.984332
0.505371 0.026944 -0.862482
0.172322 0.037365 -0.984332
0.176083 0.045137 -0.983340
0.505371 0.026944 -0.862482
0.505371 0.026944 -0.862482
0.176083 0.045137 -0.983340
0.455948 0.043038 -0.888965
0.176083 0.045137 -0.983340
0.165588 0.052242 -0.984810
0.455948 0.043038 -0.888965
0.455948 0.043038 -0.888965
0.165588 0.052242 -0.984810
0.434293 0.049191 -0.899427
0.165588 0.052242 -0.984810
0.128557 0.055866 -0.990127
0.434293 0.049191 -0.899427
0.434293 0.049191 -0.899427
0.128557 0.055866 -0.990127
0.421196 0.050071 -0.905587
0.128557 0.055866 -0.990127
0.396559 0.059169 -0.916100
0.421196 0.050071 -0.905587
0.396559 0.059169 -0.916100
0.128557 0.055866 -0.990127
0.083049 0.062038 -0.994613
0.083049 0.062038 -0.994613
0.373462 0.067440 -0.925191
0.396559 0.059169 -0.916100
0.373462 0.067440 -0.925191
0.083049 0.062038 -0.994613
0.048647 0.065733 -0.996651
0.048647 0.065733 -0.996651
0.330811 0.089391 -0.939454
0.373462 0.067440 -0.925191
0.330811 0.089391 -0.939454
0.048647 0.065733 -0.996651
0.041117 0.088189 -0.995255
0.041117 0.088189 -0.995255
0.258081 0.091152 -0.961814
0.330811 0.089391 -0.939454
0.258081 0.091152 -0.961814
0.041117 0.088189 -0.995255
0.043848 0.092084 -0.994785
0.043848 0.092084 -0.994785
0.202107 0.070884 -0.976795
0.258081 0.091152 -0.961814
0.202107 0.070884 -0.976795
0.043848 0.092084 -0.994785
0.012151 0.071863 -0.997340
0.012151 0.071863 -0.997340
0.195489 0.065973 -0.978484
0.202107 0.070884 -0.976795
0.195489 0.065973 -0.978484
0.012151 0.071863 -0.997340
-0.070512 0.065257 -0.995374
-0.070512 0.065257 -0.995374
-0.146393 0.081351 -0.985876
0.195489 0.065973 -0.978484
0.195489 0.065973 -0.978484
-0.146393 0.081351 -0.985876
0.196552 0.086280 -0.976690
0.230505 -0.000293 -0.973071
-0.084825 0.016599 -0.996258
0.223607 0.003560 -0.974673
-0.084825 0.016599 -0.996258
0.230505 -0.000293 -0.973071
-0.072703 0.015454 -0.997234
-0.095345 0.022307 -0.995194
0.223607 0.003560 -0.974673
-0.084825 0.016599 -0.996258
0.223607 0.003560 -0.974673
-0.095345 0.022307 -0.995194
0.223525 0.010010 -0.974647
-0.108865 0.043851 -0.993089
0.223525 0.010010 -0.974647
-0.095345 0.022307 -0.995194
0.223525 0.010010 -0.974647
-0.108865 0.043851 -0.993089
0.204313 0.027969 -0.978506
-0.108865 0.043851 -0.993089
-0.124604 0.045654 -0.991156
0.204313 0.027969 -0.978506
0.204313 0.027969 -0.978506
-0.124604 0.045654 -0.991156
0.172322 0.037365 -0.984332
-0.124604 0.045654 -0.991156
-0.131410 0.042368 -0.990422
0.172322 0.037365 -0.984332
0.172322 0.037365 -0.984332
-0.131410 0.042368 -0.990422
0.176083 0.045137 -0.983340
-0.131410 0.042368 -0.990422
-0.142474 0.058382 -0.988075
0.176083 0.045137 -0.983340
0.176083 0.045137 -0.983340
-0.142474 0.058382 -0.988075
0.165588 0.052242 -0.984810
-0.142474 0.058382 -0.988075
-0.192956 0.065364 -0.979028
0.165588 0.052242 -0.984810
0.165588 0.052242 -0.984810
-0.192956 0.065364 -0.979028
0.128557 0.055866 -0.990127
-0.192956 0.065364 -0.979028
-0.250147 0.063073 -0.966151
0.128557 0.055866 -0.990127
0.128557 0.055866 -0.990127
-0.250147 0.063073 -0.966151
0.083049 0.062038 -0.994613
-0.250147 0.063073 -0.966151
0.048647 0.065733 -0.996651
0.083049 0.062038 -0.994613
0.048647 0.065733 -0.996651
-0.250147 0.063073 -0.966151
-0.295638 0.060233 -0.953399
-0.295638 0.060233 -0.953399
0.041117 0.088189 -0.995255
0.048647 0.065733 -0.996651
0.041117 0.088189 -0.995255
-0.295638 0.060233 -0.953399
-0.315689 0.071107 -0.946195
-0.315689 0.071107 -0.946195
0.043848 0.092084 -0.994785
0.041117 0.088189 -0.995255
0.043848 0.092084 -0.994785
-0.315689 0.071107 -0.946195
-0.331279 0.077443 -0.940349
-0.375767 0.065350 -0.924407
0.043848 0.092084 -0.994785
-0.331279 0.077443 -0.940349
0.043848 0.092084 -0.994785
-0.375767 0.065350 -0.924407
0.012151 0.071863 -0.997340
-0.375767 0.065350 -0.924407
-0.433004 0.062627 -0.899214
0.012151 0.071863 -0.997340
0.012151 0.071863 -0.997340
-0.433004 0.062627 -0.899214
-0.070512 0.065257 -0.995374
-0.084825 0.016599 -0.996258
-0.369694 0.051126 -0.927746
-0.095345 0.022307 -0.995194
-0.369694 0.051126 -0.927746
-0.084825 0.016599 -0.996258
-0.337280 0.046253 -0.940267
-0.386576 0.059290 -0.920350
-0.095345 0.022307 -0.995194
-0.369694 0.051126 -0.927746
-0.095345 0.022307 -0.995194
-0.386576 0.059290 -0.920350
-0.108865 0.043851 -0.993089
-0.386576 0.059290 -0.920350
-0.389202 0.058104 -0.919318
-0.108865 0.043851 -0.993089
-0.108865 0.043851 -0.993089
-0.389202 0.058104 -0.919318
-0.124604 0.045654 -0.991156
-0.389202 0.058104 -0.919318
-0.412123 0.051826 -0.909653
-0.124604 0.045654 -0.991156
-0.124604 0.045654 -0.991156
-0.412123 0.051826 -0.909653
-0.131410 0.042368 -0.990422
-0.412123 0.051826 -0.909653
-0.444244 0.062413 -0.893729
-0.131410 0.042368 -0.990422
-0.131410 0.042368 -0.990422
-0.444244 0.062413 -0.893729
-0.142474 0.058382 -0.988075
-0.444244 0.062413 -0.893729
-0.465450 0.070984 -0.882223
-0.142474 0.058382 -0.988075
-0.142474 0.058382 -0.988075
-0.465450 0.070984 -0.882223
-0.192956 0.065364 -0.979028
-0.465450 0.070984 -0.882223
-0.494036 0.067244 -0.866837
-0.192956 0.065364 -0.979028
-0.192956 0.065364 -0.979028
-0.494036 0.067244 -0.866837
-0.250147 0.063073 -0.966151
-0.494036 0.067244 -0.866837
-0.538417 0.059380 -0.840584
-0.250147 0.063073 -0.966151
-0.250147 0.063073 -0.966151
-0.538417 0.059380 -0.840584
-0.295638 0.060233 -0.953399
-0.538417 0.059380 -0.840584
-0.315689 0.071107 -0.946195
-0.295638 0.060233 -0.953399
-0.315689 0.071107 -0.946195
-0.538417 0.059380 -0.840584
-0.579876 0.058186 -0.812624
-0.579876 0.058186 -0.812624
-0.607367 0.061628 -0.792027
-0.315689 0.071107 -0.946195
-0.315689 0.071107 -0.946195
-0.607367 0.061628 -0.792027
-0.331279 0.077443 -0.940349
-0.607367 0.061628 -0.792027
-0.627629 0.056733 -0.776443
-0.331279 0.077443 -0.940349
-0.331279 0.077443 -0.940349
-0.627629 0.056733 -0.776443
-0.375767 0.065350 -0.924407
-0.595354 0.077052 -0.799761
-0.369694 0.051126 -0.927746
-0.567026 0.090804 -0.818679
-0.369694 0.051126 -0.927746
-0.595354 0.077052 -0.799761
-0.386576 0.059290 -0.920350
-0.595354 0.077052 -0.799761
-0.613200 0.068153 -0.786982
-0.386576 0.059290 -0.920350
-0.386576 0.059290 -0.920350
-0.613200 0.068153 -0.786982
-0.389202 0.058104 -0.919318
-0.613200 0.068153 -0.786982
-0.627128 0.065883 -0.776125
-0.389202 0.058104 -0.919318
-0.389202 0.058104 -0.919318
-0.627128 0.065883 -0.776125
-0.412123 0.051826 -0.909653
-0.627128 0.065883 -0.776125
-0.644011 0.067541 -0.762029
-0.412123 0.051826 -0.909653
-0.412123 0.051826 -0.909653
-0.644011 0.067541 -0.762029
-0.444244 0.062413 -0.893729
-0.644011 0.067541 -0.762029
-0.660709 0.070345 -0.747338
-0.444244 0.062413 -0.893729
-0.444244 0.062413 -0.893729
-0.660709 0.070345 -0.747338
-0.465450 0.070984 -0.882223
-0.660709 0.070345 -0.747338
-0.675575 0.068386 -0.734113
-0.465450 0.070984 -0.882223
-0.465450 0.070984 -0.882223
-0.675575 0.068386 -0.734113
-0.494036 0.067244 -0.866837
-0.675575 0.068386 -0.734113
-0.689839 0.057873 -0.721646
-0.494036 0.067244 -0.866837
-0.494036 0.067244 -0.866837
-0.689839 0.057873 -0.721646
-0.538417 0.059380 -0.840584
-0.689839 0.057873 -0.721646
-0.696558 0.054421 -0.715433
-0.538417 0.059380 -0.840584
-0.538417 0.059380 -0.840584
-0.696558 0.054421 -0.715433
-0.579876 0.058186 -0.812624
-0.696558 0.054421 -0.715433
-0.700361 0.058279 -0.711406
-0.579876 0.058186 -0.812624
-0.579876 0.058186 -0.812624
-0.700361 0.058279 -0.711406
-0.607367 0.061628 -0.792027
-0.595354 0.077052 -0.799761
-0.726613 0.078604 -0.682536
-0.613200 0.068153 -0.786982
-0.726613 0.078604 -0.682536
-0.595354 0.077052 -0.799761
-0.717517 0.096664 -0.689801
-0.726613 0.078604 -0.682536
-0.736675 0.074033 -0.672182
-0.613200 0.068153 -0.786982
-0.613200 0.068153 -0.786982
-0.736675 0.074033 -0.672182
-0.627128 0.065883 -0.776125
-0.736675 0.074033 -0.672182
-0.745391 0.072833 -0.662637
-0.627128 0.065883 -0.776125
-0.627128 0.065883 -0.776125
-0.745391 0.072833 -0.662637
-0.644011 0.067541 -0.762029
-0.751842 0.072604 -0.655334
-0.644011 0.067541 -0.762029
-0.745391 0.072833 -0.662637
-0.644011 0.067541 -0.762029
-0.751842 0.072604 -0.655334
-0.660709 0.070345 -0.747338
-0.756332 0.068831 -0.650556
-0.660709 0.070345 -0.747338
-0.751842 0.072604 -0.655334
-0.660709 0.070345 -0.747338
-0.756332 0.068831 -0.650556
-0.675575 0.068386 -0.734113
-0.760763 0.058021 -0.646431
-0.675575 0.068386 -0.734113
-0.756332 0.068831 -0.650556
-0.675575 0.068386 -0.734113
-0.760763 0.058021 -0.646431
-0.689839 0.057873 -0.721646
-0.767812 0.051296 -0.638618
-0.689839 0.057873 -0.721646
-0.760763 0.058021 -0.646431
-0.689839 0.057873 -0.721646
-0.767812 0.051296 -0.638618
-0.696558 0.054421 -0.715433
-0.812320 0.080311 -0.577656
-0.726613 0.078604 -0.682536
-0.809641 0.086283 -0.580548
-0.726613 0.078604 -0.682536
-0.812320 0.080311 -0.577656
-0.736675 0.074033 -0.672182
-0.815437 0.074631 -0.574014
-0.736675 0.074033 -0.672182
-0.812320 0.080311 -0.577656
-0.736675 0.074033 -0.672182
-0.815437 0.074631 -0.574014
-0.745391 0.072833 -0.662637
-0.816608 0.072101 -0.572671
-0.745391 0.072833 -0.662637
-0.815437 0.074631 -0.574014
-0.745391 0.072833 -0.662637
-0.816608 0.072101 -0.572671
-0.751842 0.072604 -0.655334
-0.816377 0.066650 -0.573661
-0.751842 0.072604 -0.655334
-0.816608 0.072101 -0.572671
-0.751842 0.072604 -0.655334
-0.816377 0.066650 -0.573661
-0.756332 0.068831 -0.650556
-0.815910 0.055814 -0.575479
-0.756332 0.068831 -0.650556
-0.816377 0.066650 -0.573661
-0.756332 0.068831 -0.650556
-0.815910 0.055814 -0.575479
-0.760763 0.058021 -0.646431
-0.867405 0.065524 -0.493270
-0.816377 0.066650 -0.573661
-0.816608 0.072101 -0.572671
-0.816377 0.066650 -0.573661
-0.867405 0.065524 -0.493270
-0.864292 0.059879 -0.499414
0.000530 -0.999999 0.001298
-0.000001 -1.000000 0.000001
-0.000002 -1.000000 -0.000000
-0.000001 -1.000000 0.000001
0.000530 -0.999999 0.001298
0.002186 -0.999994 0.002532
-0.000000 -1.000000 0.000002
-0.000001 -1.000000 0.000001
0.002186 -0.999994 0.002532
0.002186 -0.999994 0.002532
0.003079 -0.999979 0.005688
-0.000000 -1.000000 0.000002
0.079659 -0.993772 0.077917
0.003079 -0.999979 0.005688
0.002186 -0.999994 0.002532
0.003079 -0.999979 0.005688
0.079659 -0.993772 0.077917
0.092633 -0.984792 0.146986
-0.000000 -1.000000 0.000002
0.005283 -0.999945 0.009034
-0.000000 -1.000000 0.000001
0.005283 -0.999945 0.009034
-0.000000 -1.000000 0.000002
0.003079 -0.999979 0.005688
0.092633 -0.984792 0.146986
0.005283 -0.999945 0.009034
0.003079 -0.999979 0.005688
0.005283 -0.999945 0.009034
0.092633 -0.984792 0.146986
0.124147 -0.969844 0.209736
0.124147 -0.969844 0.209736
0.091784 -0.975870 0.198125
0.005283 -0.999945 0.009034
0.005283 -0.999945 0.009034
0.091784 -0.975870 0.198125
0.004966 -0.999965 0.006677
-0.000000 -1.000000 0.000001
0.004966 -0.999965 0.006677
0.000002 -1.000000 0.000000
0.004966 -0.999965 0.006677
-0.000000 -1.000000 0.000001
0.005283 -0.999945 0.009034
0.091784 -0.975870 0.198125
0.024448 -0.985751 0.166423
0.004966 -0.999965 0.006677
0.004966 -0.999965 0.006677
0.024448 -0.985751 0.166423
-0.000068 -0.999981 0.006088
0.000002 -1.000000 0.000000
-0.000068 -0.999981 0.006088
-0.000315 -1.000000 0.000878
-0.000068 -0.999981 0.006088
0.000002 -1.000000 0.000000
0.004966 -0.999965 0.006677
-0.030216 -0.988632 0.147290
-0.000068 -0.999981 0.006088
0.024448 -0.985751 0.166423
-0.000068 -0.999981 0.006088
-0.030216 -0.988632 0.147290
-0.000711 -0.999976 0.006954
-0.000711 -0.999976 0.006954
-0.000315 -1.000000 0.000878
-0.000068 -0.999981 0.006088
-0.000315 -1.000000 0.000878
-0.000711 -0.999976 0.006954
-0.000255 -0.999998 0.002126
-0.087804 -0.984979 0.148684
-0.000711 -0.999976 0.006954
-0.030216 -0.988632 0.147290
-0.004917 -0.999961 0.007287
-0.000711 -0.999976 0.006954
-0.087804 -0.984979 0.148684
-0.004917 -0.999961 0.007287
-0.000255 -0.999998 0.002126
-0.000711 -0.999976 0.006954
-0.000255 -0.999998 0.002126
-0.004917 -0.999961 0.007287
0.000075 -1.000000 0.000930
0.484877 -0.750857 0.448449
0.092633 -0.984792 0.146986
0.079659 -0.993772 0.077917
0.092633 -0.984792 0.146986
0.484877 -0.750857 0.448449
0.356447 -0.799566 0.483363
0.356447 -0.799566 0.483363
0.278242 -0.866388 0.414671
0.092633 -0.984792 0.146986
0.092633 -0.984792 0.146986
0.278242 -0.866388 0.414671
0.124147 -0.969844 0.209736
0.278242 -0.866388 0.414671
0.170907 -0.915208 0.364944
0.124147 -0.969844 0.209736
0.124147 -0.969844 0.209736
0.170907 -0.915208 0.364944
0.091784 -0.975870 0.198125
0.026636 -0.894043 0.447188
0.091784 -0.975870 0.198125
0.170907 -0.915208 0.364944
0.091784 -0.975870 0.198125
0.026636 -0.894043 0.447188
0.024448 -0.985751 0.166423
-0.131315 -0.837664 0.530165
0.024448 -0.985751 0.166423
0.026636 -0.894043 0.447188
0.024448 -0.985751 0.166423
-0.131315 -0.837664 0.530165
-0.030216 -0.988632 0.147290
-0.087804 -0.984979 0.148684
-0.131315 -0.837664 0.530165
-0.264871 -0.826162 0.497293
-0.131315 -0.837664 0.530165
-0.087804 -0.984979 0.148684
-0.030216 -0.988632 0.147290
0.541580 -0.566279 0.621304
0.278242 -0.866388 0.414671
0.356447 -0.799566 0.483363
0.278242 -0.866388 0.414671
0.541580 -0.566279 0.621304
0.390556 -0.777770 0.492483
0.541580 -0.566279 0.621304
0.484877 -0.750857 0.448449
0.705042 -0.342375 0.621044
0.484877 -0.750857 0.448449
0.541580 -0.566279 0.621304
0.356447 -0.799566 0.483363
0.390556 -0.777770 0.492483
0.170907 -0.915208 0.364944
0.278242 -0.866388 0.414671
0.170907 -0.915208 0.364944
0.390556 -0.777770 0.492483
0.212142 -0.838327 0.502199
-0.007386 -0.759295 0.650705
0.170907 -0.915208 0.364944
0.212142 -0.838327 0.502199
0.170907 -0.915208 0.364944
-0.007386 -0.759295 0.650705
0.026636 -0.894043 0.447188
-0.209355 -0.623510 0.753263
0.026636 -0.894043 0.447188
-0.007386 -0.759295 0.650705
0.026636 -0.894043 0.447188
-0.209355 -0.623510 0.753263
-0.131315 -0.837664 0.530165
-0.209355 -0.623510 0.753263
-0.264871 -0.826162 0.497293
-0.131315 -0.837664 0.530165
-0.264871 -0.826162 0.497293
-0.209355 -0.623510 0.753263
-0.369079 -0.578483 0.727418
0.642663 -0.422200 0.639321
0.390556 -0.777770 0.492483
0.541580 -0.566279 0.621304
0.390556 -0.777770 0.492483
0.642663 -0.422200 0.639321
0.538856 -0.428951 0.725007
0.538856 -0.428951 0.725007
0.212142 -0.838327 0.502199
0.390556 -0.777770 0.492483
0.212142 -0.838327 0.502199
0.538856 -0.428951 0.725007
0.305368 -0.426060 0.851600
-0.006658 -0.448174 0.893922
0.212142 -0.838327 0.502199
0.305368 -0.426060 0.851600
0.212142 -0.838327 0.502199
-0.006658 -0.448174 0.893922
-0.007386 -0.759295 0.650705
-0.006658 -0.448174 0.893922
-0.209355 -0.623510 0.753263
-0.007386 -0.759295 0.650705
-0.209355 -0.623510 0.753263
-0.006658 -0.448174 0.893922
-0.240508 -0.448263 0.860939
-0.240508 -0.448263 0.860939
-0.369079 -0.578483 0.727418
-0.209355 -0.623510 0.753263
-0.369079 -0.578483 0.727418
-0.240508 -0.448263 0.860939
-0.423182 -0.414432 0.805707
0.558619 -0.055101 0.827592
0.642663 -0.422200 0.639321
0.694813 -0.168977 0.699058
0.642663 -0.422200 0.639321
0.558619 -0.055101 0.827592
0.538856 -0.428951 0.725007
0.324579 -0.010031 0.945805
0.538856 -0.428951 0.725007
0.558619 -0.055101 0.827592
0.538856 -0.428951 0.725007
0.324579 -0.010031 0.945805
0.305368 -0.426060 0.851600
0.324579 -0.010031 0.945805
-0.006658 -0.448174 0.893922
0.305368 -0.426060 0.851600
-0.006658 -0.448174 0.893922
0.324579 -0.010031 0.945805
0.027199 -0.088960 0.995664
0.027199 -0.088960 0.995664
-0.240508 -0.448263 0.860939
-0.006658 -0.448174 0.893922
-0.240508 -0.448263 0.860939
0.027199 -0.088960 0.995664
-0.245634 -0.167079 0.954855
-0.245634 -0.167079 0.954855
-0.423182 -0.414432 0.805707
-0.240508 -0.448263 0.860939
-0.423182 -0.414432 0.805707
-0.245634 -0.167079 0.954855
-0.465967 -0.175913 0.867139
0.687626 -0.013591 0.725938
0.558619 -0.055101 0.827592
0.694813 -0.168977 0.699058
0.558619 -0.055101 0.827592
0.687626 -0.013591 0.725938
0.534379 0.007343 0.845213
0.534379 0.007343 0.845213
0.324579 -0.010031 0.945805
0.558619 -0.055101 0.827592
0.324579 -0.010031 0.945805
0.534379 0.007343 0.845213
0.315023 0.007997 0.949050
0.315023 0.007997 0.949050
0.027199 -0.088960 0.995664
0.324579 -0.010031 0.945805
0.027199 -0.088960 0.995664
0.315023 0.007997 0.949050
0.040223 -0.021787 0.998953
0.040223 -0.021787 0.998953
-0.245634 -0.167079 0.954855
0.027199 -0.088960 0.995664
-0.245634 -0.167079 0.954855
0.040223 -0.021787 0.998953
-0.247764 -0.052880 0.967376
-0.247764 -0.052880 0.967376
-0.465967 -0.175913 0.867139
-0.245634 -0.167079 0.954855
-0.465967 -0.175913 0.867139
-0.247764 -0.052880 0.967376
-0.482517 -0.050777 0.874413
0.315023 0.007997 0.949050
0.523457 0.029443 0.851543
0.309968 -0.043959 0.949730
0.523457 0.029443 0.851543
0.315023 0.007997 0.949050
0.534379 0.007343 0.845213
0.680769 0.057119 0.730268
0.523457 0.029443 0.851543
0.534379 0.007343 0.845213
0.680769 0.057119 0.730268
0.534379 0.007343 0.845213
0.687626 -0.013591 0.725938
0.040223 -0.021787 0.998953
0.309968 -0.043959 0.949730
0.047349 -0.141810 0.988761
0.309968 -0.043959 0.949730
0.040223 -0.021787 0.998953
0.315023 0.007997 0.949050
-0.247764 -0.052880 0.967376
0.047349 -0.141810 0.988761
-0.242552 -0.219870 0.944895
0.047349 -0.141810 0.988761
-0.247764 -0.052880 0.967376
0.040223 -0.021787 0.998953
-0.482517 -0.050777 0.874413
-0.242552 -0.219870 0.944895
-0.476552 -0.255326 0.841253
-0.242552 -0.219870 0.944895
-0.482517 -0.050777 0.874413
-0.247764 -0.052880 0.967376
0.309968 -0.043959 0.949730
0.543341 0.058233 0.837490
0.348371 -0.079688 0.933963
0.543341 0.058233 0.837490
0.309968 -0.043959 0.949730
0.523457 0.029443 0.851543
0.543341 0.058233 0.837490
0.523457 0.029443 0.851543
0.677701 0.134446 0.722943
0.523457 0.029443 0.851543
0.680769 0.057119 0.730268
0.677701 0.134446 0.722943
0.047349 -0.141810 0.988761
0.348371 -0.079688 0.933963
0.096189 -0.238091 0.966468
0.348371 -0.079688 0.933963
0.047349 -0.141810 0.988761
0.309968 -0.043959 0.949730
-0.242552 -0.219870 0.944895
0.096189 -0.238091 0.966468
-0.193584 -0.373982 0.907008
0.096189 -0.238091 0.966468
-0.242552 -0.219870 0.944895
0.047349 -0.141810 0.988761
-0.476552 -0.255326 0.841253
-0.193584 -0.373982 0.907008
-0.440260 -0.434930 0.785498
-0.193584 -0.373982 0.907008
-0.476552 -0.255326 0.841253
-0.242552 -0.219870 0.944895
0.579310 0.099311 0.809035
0.543341 0.058233 0.837490
0.679584 0.167238 0.714281
0.543341 0.058233 0.837490
0.677701 0.134446 0.722943
0.679584 0.167238 0.714281
0.348371 -0.079688 0.933963
0.579310 0.099311 0.809035
0.415062 -0.039922 0.908917
0.579310 0.099311 0.809035
0.348371 -0.079688 0.933963
0.543341 0.058233 0.837490
0.096189 -0.238091 0.966468
0.415062 -0.039922 0.908917
0.184918 -0.217820 0.958311
0.415062 -0.039922 0.908917
0.096189 -0.238091 0.966468
0.348371 -0.079688 0.933963
-0.193584 -0.373982 0.907008
0.184918 -0.217820 0.958311
-0.140101 -0.380612 0.914060
0.184918 -0.217820 0.958311
-0.193584 -0.373982 0.907008
0.096189 -0.238091 0.966468
-0.440260 -0.434930 0.785498
-0.140101 -0.380612 0.914060
-0.432712 -0.447567 0.782588
-0.140101 -0.380612 0.914060
-0.440260 -0.434930 0.785498
-0.193584 -0.373982 0.907008
0.184918 -0.217820 0.958311
0.492093 -0.008815 0.870498
0.299483 -0.160727 0.940466
0.492093 -0.008815 0.870498
0.184918 -0.217820 0.958311
0.415062 -0.039922 0.908917
0.492093 -0.008815 0.870498
0.415062 -0.039922 0.908917
0.613776 0.101793 0.782890
0.415062 -0.039922 0.908917
0.579310 0.099311 0.809035
0.613776 0.101793 0.782890
-0.140101 -0.380612 0.914060
0.299483 -0.160727 0.940466
-0.066092 -0.329559 0.941819
0.299483 -0.160727 0.940466
-0.140101 -0.380612 0.914060
0.184918 -0.217820 0.958311
-0.432712 -0.447567 0.782588
-0.066092 -0.329559 0.941819
-0.437269 -0.409949 0.800461
-0.066092 -0.329559 0.941819
-0.432712 -0.447567 0.782588
-0.140101 -0.380612 0.914060
-0.709518 -0.394907 0.583637
-0.673854 -0.397987 0.622517
-0.432712 -0.447567 0.782588
-0.432712 -0.447567 0.782588
-0.673854 -0.397987 0.622517
-0.440260 -0.434930 0.785498
-0.709518 -0.394907 0.583637
-0.437269 -0.409949 0.800461
-0.776353 -0.352404 0.522577
-0.437269 -0.409949 0.800461
-0.709518 -0.394907 0.583637
-0.432712 -0.447567 0.782588
0.299483 -0.160727 0.940466
0.557691 0.011916 0.829963
0.414478 -0.080540 0.906489
0.557691 0.011916 0.829963
0.299483 -0.160727 0.940466
0.492093 -0.008815 0.870498
0.557691 0.011916 0.829963
0.492093 -0.008815 0.870498
0.647306 0.082337 0.757770
0.492093 -0.008815 0.870498
0.613776 0.101793 0.782890
0.647306 0.082337 0.757770
0.299483 -0.160727 0.940466
-0.007086 -0.224102 0.974540
-0.066092 -0.329559 0.941819
-0.007086 -0.224102 0.974540
0.299483 -0.160727 0.940466
0.414478 -0.080540 0.906489
-0.437269 -0.409949 0.800461
-0.007086 -0.224102 0.974540
-0.527984 -0.298435 0.795091
-0.007086 -0.224102 0.974540
-0.437269 -0.409949 0.800461
-0.066092 -0.329559 0.941819
-0.776353 -0.352404 0.522577
-0.527984 -0.298435 0.795091
-0.865955 -0.247491 0.434592
-0.527984 -0.298435 0.795091
-0.776353 -0.352404 0.522577
-0.437269 -0.409949 0.800461
0.591995 0.056434 0.803964
0.647306 0.082337 0.757770
0.669899 0.092159 0.736710
0.647306 0.082337 0.757770
0.591995 0.056434 0.803964
0.557691 0.011916 0.829963
0.457995 0.023115 0.888654
0.414478 -0.080540 0.906489
0.557691 0.011916 0.829963
0.457995 0.023115 0.888654
0.557691 0.011916 0.829963
0.591995 0.056434 0.803964
0.015682 -0.040812 0.999044
-0.007086 -0.224102 0.974540
0.414478 -0.080540 0.906489
0.015682 -0.040812 0.999044
0.414478 -0.080540 0.906489
0.457995 0.023115 0.888654
-0.007086 -0.224102 0.974540
-0.639875 -0.100124 0.761929
-0.527984 -0.298435 0.795091
-0.639875 -0.100124 0.761929
-0.007086 -0.224102 0.974540
0.015682 -0.040812 0.999044
-0.950939 -0.083466 0.297907
-0.865955 -0.247491 0.434592
-0.527984 -0.298435 0.795091
-0.527984 -0.298435 0.795091
-0.639875 -0.100124 0.761929
-0.950939 -0.083466 0.297907
0.595173 0.096879 0.797736
0.669899 0.092159 0.736710
0.683145 0.098430 0.723619
0.669899 0.092159 0.736710
0.595173 0.096879 0.797736
0.591995 0.056434 0.803964
0.460907 0.102137 0.881551
0.457995 0.023115 0.888654
0.591995 0.056434 0.803964
0.460907 0.102137 0.881551
0.591995 0.056434 0.803964
0.595173 0.096879 0.797736
-0.038295 0.111989 0.992971
0.015682 -0.040812 0.999044
0.457995 0.023115 0.888654
-0.038295 0.111989 0.992971
0.457995 0.023115 0.888654
0.460907 0.102137 0.881551
0.015682 -0.040812 0.999044
-0.678688 0.084952 0.729497
-0.639875 -0.100124 0.761929
-0.678688 0.084952 0.729497
0.015682 -0.040812 0.999044
-0.038295 0.111989 0.992971
-0.973781 0.039956 0.223953
-0.639875 -0.100124 0.761929
-0.678688 0.084952 0.729497
-0.639875 -0.100124 0.761929
-0.973781 0.039956 0.223953
-0.950939 -0.083466 0.297907
-0.055619 0.225891 0.972564
0.460907 0.102137 0.881551
0.424685 0.169936 0.889249
-0.055619 0.225891 0.972564
-0.038295 0.111989 0.992971
0.460907 0.102137 0.881551
0.424685 0.169936 0.889249
0.595173 0.096879 0.797736
0.549019 0.135508 0.824752
0.595173 0.096879 0.797736
0.424685 0.169936 0.889249
0.460907 0.102137 0.881551
-0.704631 0.209722 0.677873
-0.038295 0.111989 0.992971
-0.055619 0.225891 0.972564
-0.704631 0.209722 0.677873
-0.678688 0.084952 0.729497
-0.038295 0.111989 0.992971
-0.970510 0.134743 0.199888
-0.678688 0.084952 0.729497
-0.704631 0.209722 0.677873
-0.678688 0.084952 0.729497
-0.970510 0.134743 0.199888
-0.973781 0.039956 0.223953
0.084585 0.250166 0.964501
0.424685 0.169936 0.889249
0.317456 0.201625 0.926590
0.424685 0.169936 0.889249
0.084585 0.250166 0.964501
-0.055619 0.225891 0.972564
0.317456 0.201625 0.926590
0.549019 0.135508 0.824752
0.519509 0.146302 0.841847
0.549019 0.135508 0.824752
0.317456 0.201625 0.926590
0.424685 0.169936 0.889249
-0.616491 0.284175 0.734291
-0.055619 0.225891 0.972564
0.084585 0.250166 0.964501
-0.616491 0.284175 0.734291
-0.704631 0.209722 0.677873
-0.055619 0.225891 0.972564
-0.963991 0.188968 0.187118
-0.704631 0.209722 0.677873
-0.616491 0.284175 0.734291
-0.704631 0.209722 0.677873
-0.963991 0.188968 0.187118
-0.970510 0.134743 0.199888
0.251227 0.195316 0.948017
0.519509 0.146302 0.841847
0.531578 0.130080 0.836961
0.519509 0.146302 0.841847
0.251227 0.195316 0.948017
0.317456 0.201625 0.926590
0.108195 0.224298 0.968496
0.317456 0.201625 0.926590
0.251227 0.195316 0.948017
0.317456 0.201625 0.926590
0.108195 0.224298 0.968496
0.084585 0.250166 0.964501
-0.456362 0.274834 0.846286
0.084585 0.250166 0.964501
0.108195 0.224298 0.968496
0.084585 0.250166 0.964501
-0.456362 0.274834 0.846286
-0.616491 0.284175 0.734291
-0.456362 0.274834 0.846286
-0.963991 0.188968 0.187118
-0.616491 0.284175 0.734291
-0.963991 0.188968 0.187118
-0.456362 0.274834 0.846286
-0.956096 0.187442 0.225270
0.250984 0.163534 0.954077
0.531578 0.130080 0.836961
0.550432 0.106223 0.828095
0.531578 0.130080 0.836961
0.250984 0.163534 0.954077
0.251227 0.195316 0.948017
0.062853 0.190961 0.979583
0.251227 0.195316 0.948017
0.250984 0.163534 0.954077
0.251227 0.195316 0.948017
0.062853 0.190961 0.979583
0.108195 0.224298 0.968496
-0.474465 0.227992 0.850237
0.108195 0.224298 0.968496
0.062853 0.190961 0.979583
0.108195 0.224298 0.968496
-0.474465 0.227992 0.850237
-0.456362 0.274834 0.846286
-0.474465 0.227992 0.850237
-0.956096 0.187442 0.225270
-0.456362 0.274834 0.846286
-0.956096 0.187442 0.225270
-0.474465 0.227992 0.850237
-0.962441 0.154885 0.222973
-0.585505 0.206839 0.783838
0.062853 0.190961 0.979583
0.000902 0.181212 0.983444
0.062853 0.190961 0.979583
-0.585505 0.206839 0.783838
-0.474465 0.227992 0.850237
0.000902 0.181212 0.983444
0.250984 0.163534 0.954077
0.287512 0.144558 0.946805
0.250984 0.163534 0.954077
0.000902 0.181212 0.983444
0.062853 0.190961 0.979583
-0.977975 0.136746 0.157686
-0.474465 0.227992 0.850237
-0.585505 0.206839 0.783838
-0.474465 0.227992 0.850237
-0.977975 0.136746 0.157686
-0.962441 0.154885 0.222973
-0.732120 0.216506 0.645852
0.000902 0.181212 0.983444
-0.032243 0.208656 0.977458
0.000902 0.181212 0.983444
-0.732120 0.216506 0.645852
-0.585505 0.206839 0.783838
-0.032243 0.208656 0.977458
0.287512 0.144558 0.946805
0.320581 0.157012 0.934117
0.287512 0.144558 0.946805
-0.032243 0.208656 0.977458
0.000902 0.181212 0.983444
-0.732120 0.216506 0.645852
-0.977975 0.136746 0.157686
-0.585505 0.206839 0.783838
-0.977975 0.136746 0.157686
-0.732120 0.216506 0.645852
-0.990401 0.126490 0.055736
-0.033276 0.181112 0.982899
-0.032243 0.208656 0.977458
0.342567 0.129197 0.930568
0.342567 0.129197 0.930568
-0.032243 0.208656 0.977458
0.320581 0.157012 0.934117
-0.033276 0.181112 0.982899
-0.732120 0.216506 0.645852
-0.032243 0.208656 0.977458
-0.732120 0.216506 0.645852
-0.033276 0.181112 0.982899
-0.771940 0.213764 0.598677
-0.771940 0.213764 0.598677
-0.990401 0.126490 0.055736
-0.732120 0.216506 0.645852
-0.990401 0.126490 0.055736
-0.771940 0.213764 0.598677
-0.986654 0.148042 0.067800
-0.986654 0.148042 0.067800
-0.986949 0.095959 -0.129320
-0.990401 0.126490 0.055736
-0.986949 0.095959 -0.129320
-0.986654 0.148042 0.067800
-0.989122 0.109241 -0.098506
-0.986949 0.095959 -0.129320
-0.986877 0.089075 -0.134685
-0.990401 0.126490 0.055736
-0.977975 0.136746 0.157686
-0.990401 0.126490 0.055736
-0.986877 0.089075 -0.134685
-0.750703 0.182773 0.634854
-0.986654 0.148042 0.067800
-0.771940 0.213764 0.598677
-0.986654 0.148042 0.067800
-0.750703 0.182773 0.634854
-0.983011 0.123233 0.136026
-0.750703 0.182773 0.634854
-0.033276 0.181112 0.982899
-0.025343 0.162187 0.986434
-0.033276 0.181112 0.982899
-0.750703 0.182773 0.634854
-0.771940 0.213764 0.598677
-0.983011 0.123233 0.136026
-0.989122 0.109241 -0.098506
-0.986654 0.148042 0.067800
-0.989122 0.109241 -0.098506
-0.983011 0.123233 0.136026
-0.993822 0.090405 -0.064375
-0.724968 0.133023 0.675815
-0.983011 0.123233 0.136026
-0.750703 0.182773 0.634854
-0.983011 0.123233 0.136026
-0.724968 0.133023 0.675815
-0.985963 0.084713 0.143876
-0.724968 0.133023 0.675815
-0.025343 0.162187 0.986434
0.003425 0.126969 0.991901
-0.025343 0.162187 0.986434
-0.724968 0.133023 0.675815
-0.750703 0.182773 0.634854
-0.985963 0.084713 0.143876
-0.993822 0.090405 -0.064375
-0.983011 0.123233 0.136026
-0.993822 0.090405 -0.064375
-0.985963 0.084713 0.143876
-0.992670 0.060879 -0.104402
-0.601142 0.131119 0.788312
0.003425 0.126969 0.991901
0.007774 0.106806 0.994249
0.003425 0.126969 0.991901
-0.601142 0.131119 0.788312
-0.724968 0.133023 0.675815
-0.985908 0.086065 0.143450
-0.724968 0.133023 0.675815
-0.601142 0.131119 0.788312
-0.724968 0.133023 0.675815
-0.985908 0.086065 0.143450
-0.985963 0.084713 0.143876
-0.985908 0.086065 0.143450
-0.992670 0.060879 -0.104402
-0.985963 0.084713 0.143876
-0.992670 0.060879 -0.104402
-0.985908 0.086065 0.143450
-0.983404 0.052830 -0.173565
-0.624079 0.126705 0.771019
0.007774 0.106806 0.994249
-0.036936 0.114622 0.992722
0.007774 0.106806 0.994249
-0.624079 0.126705 0.771019
-0.601142 0.131119 0.788312
-0.624079 0.126705 0.771019
-0.985908 0.086065 0.143450
-0.601142 0.131119 0.788312
-0.985908 0.086065 0.143450
-0.624079 0.126705 0.771019
-0.989644 0.080678 0.118729
-0.989644 0.080678 0.118729
-0.983404 0.052830 -0.173565
-0.985908 0.086065 0.143450
-0.983404 0.052830 -0.173565
-0.989644 0.080678 0.118729
-0.973025 0.052414 -0.224666
-0.989684 0.100387 0.102216
-0.973025 0.052414 -0.224666
-0.989644 0.080678 0.118729
-0.973025 0.052414 -0.224666
-0.989684 0.100387 0.102216
-0.966860 0.061190 -0.247867
-0.684106 0.134254 0.716920
-0.989644 0.080678 0.118729
-0.624079 0.126705 0.771019
-0.989684 0.100387 0.102216
-0.989644 0.080678 0.118729
-0.684106 0.134254 0.716920
-0.979581 0.130593 0.152864
-0.966860 0.061190 -0.247867
-0.989684 0.100387 0.102216
-0.966860 0.061190 -0.247867
-0.979581 0.130593 0.152864
-0.968765 0.075605 -0.236175
-0.663004 0.175212 0.727823
-0.989684 0.100387 0.102216
-0.684106 0.134254 0.716920
-0.989684 0.100387 0.102216
-0.663004 0.175212 0.727823
-0.979581 0.130593 0.152864
-0.676833 0.168359 0.716625
-0.979581 0.130593 0.152864
-0.663004 0.175212 0.727823
-0.978775 0.134167 0.154917
-0.979581 0.130593 0.152864
-0.676833 0.168359 0.716625
-0.978775 0.134167 0.154917
-0.968765 0.075605 -0.236175
-0.979581 0.130593 0.152864
-0.968765 0.075605 -0.236175
-0.978775 0.134167 0.154917
-0.969830 0.080119 -0.230243
-0.714578 0.173009 0.677825
-0.978775 0.134167 0.154917
-0.676833 0.168359 0.716625
-0.978775 0.134167 0.154917
-0.714578 0.173009 0.677825
-0.984391 0.158269 0.076979
-0.984391 0.158269 0.076979
-0.969830 0.080119 -0.230243
-0.978775 0.134167 0.154917
-0.969830 0.080119 -0.230243
-0.984391 0.158269 0.076979
-0.968549 0.120515 -0.217689
-0.941961 0.074638 -0.327321
-0.980496 0.139001 -0.138946
-0.989355 0.083560 -0.119144
-0.980496 0.139001 -0.138946
-0.941961 0.074638 -0.327321
-0.932285 0.087269 -0.351040
-0.986955 0.159430 -0.022395
-0.989355 0.083560 -0.119144
-0.980496 0.139001 -0.138946
-0.989355 0.083560 -0.119144
-0.986955 0.159430 -0.022395
-0.992526 0.070611 -0.099529
-0.986955 0.159430 -0.022395
-0.968549 0.120515 -0.217689
-0.984391 0.158269 0.076979
-0.968549 0.120515 -0.217689
-0.986955 0.159430 -0.022395
-0.980496 0.139001 -0.138946
-0.932285 0.087269 -0.351040
-0.898528 0.069857 -0.433322
-0.980496 0.139001 -0.138946
-0.968549 0.120515 -0.217689
-0.980496 0.139001 -0.138946
-0.898528 0.069857 -0.433322
-0.972152 0.030400 -0.232371
-0.992526 0.070611 -0.099529
-0.990503 0.028547 -0.134495
-0.992526 0.070611 -0.099529
-0.972152 0.030400 -0.232371
-0.989355 0.083560 -0.119144
-0.926108 0.048841 -0.374084
-0.989355 0.083560 -0.119144
-0.972152 0.030400 -0.232371
-0.989355 0.083560 -0.119144
-0.926108 0.048841 -0.374084
-0.941961 0.074638 -0.327321
-0.940913 0.040817 -0.336180
-0.990503 0.028547 -0.134495
-0.989460 0.093105 -0.110904
-0.990503 0.028547 -0.134495
-0.940913 0.040817 -0.336180
-0.972152 0.030400 -0.232371
-0.865699 0.033193 -0.499463
-0.972152 0.030400 -0.232371
-0.940913 0.040817 -0.336180
-0.972152 0.030400 -0.232371
-0.865699 0.033193 -0.499463
-0.926108 0.048841 -0.374084
0.002142 -0.999998 -0.000253
-0.000000 -1.000000 0.000000
-0.000002 -1.000000 0.000001
-0.000000 -1.000000 0.000000
0.002142 -0.999998 -0.000253
0.000278 -1.000000 0.000047
0.005711 -0.999983 -0.001363
-0.000002 -1.000000 0.000001
0.004461 -0.999989 -0.001207
-0.000002 -1.000000 0.000001
0.005711 -0.999983 -0.001363
0.002142 -0.999998 -0.000253
0.004461 -0.999989 -0.001207
-0.000001 -1.000000 0.000001
0.002272 -0.999997 -0.000438
-0.000001 -1.000000 0.000001
0.004461 -0.999989 -0.001207
-0.000002 -1.000000 0.000001
-0.000001 -1.000000 0.000001
-0.000002 -1.000000 0.000001
-0.000000 -1.000000 0.000001
-0.000002 -1.000000 0.000001
-0.000000 -1.000000 0.000000
-0.000000 -1.000000 0.000001
0.007663 -0.999969 -0.001864
0.000278 -1.000000 0.000047
0.002142 -0.999998 -0.000253
0.000278 -1.000000 0.000047
0.007663 -0.999969 -0.001864
0.001474 -0.999999 -0.000090
0.005711 -0.999983 -0.001363
0.007663 -0.999969 -0.001864
0.002142 -0.999998 -0.000253
0.007663 -0.999969 -0.001864
0.005711 -0.999983 -0.001363
0.015749 -0.999870 -0.003365
0.001474 -0.999999 -0.000090
0.000076 -1.000000 -0.000007
0.000278 -1.000000 0.000047
0.000076 -1.000000 -0.000007
0.001474 -0.999999 -0.000090
0.000198 -1.000000 -0.000076
-0.000000 -1.000000 0.000000
0.000278 -1.000000 0.000047
-0.000001 -1.000000 0.000001
0.000278 -1.000000 0.000047
0.000076 -1.000000 -0.000007
-0.000001 -1.000000 0.000001
-0.000001 -1.000000 0.000001
0.000076 -1.000000 -0.000007
-0.000001 -1.000000 0.000000
0.000076 -1.000000 -0.000007
-0.000002 -1.000000 -0.000000
-0.000001 -1.000000 0.000000
0.000198 -1.000000 -0.000076
-0.000002 -1.000000 -0.000000
0.000076 -1.000000 -0.000007
-0.000002 -1.000000 -0.000000
0.000198 -1.000000 -0.000076
0.000530 -0.999999 0.001298
-0.910766 0.057466 -0.408904
-0.864292 0.059879 -0.499414
-0.867405 0.065524 -0.493270
-0.864292 0.059879 -0.499414
-0.910766 0.057466 -0.408904
-0.908465 0.053271 -0.414552
-0.864292 0.059879 -0.499414
-0.815910 0.055814 -0.575479
-0.816377 0.066650 -0.573661
-0.815910 0.055814 -0.575479
-0.864292 0.059879 -0.499414
-0.861271 0.048554 -0.505821
-0.815232 0.048551 -0.577096
-0.760763 0.058021 -0.646431
-0.815910 0.055814 -0.575479
-0.760763 0.058021 -0.646431
-0.815232 0.048551 -0.577096
-0.767812 0.051296 -0.638618
-0.815232 0.048551 -0.577096
-0.772744 0.052843 -0.632515
-0.767812 0.051296 -0.638618
-0.772744 0.052843 -0.632515
-0.815232 0.048551 -0.577096
-0.814735 0.048053 -0.577839
-0.772744 0.052843 -0.632515
-0.696558 0.054421 -0.715433
-0.767812 0.051296 -0.638618
-0.696558 0.054421 -0.715433
-0.772744 0.052843 -0.632515
-0.700361 0.058279 -0.711406
-0.607367 0.061628 -0.792027
-0.708346 0.054597 -0.703751
-0.627629 0.056733 -0.776443
-0.708346 0.054597 -0.703751
-0.607367 0.061628 -0.792027
-0.700361 0.058279 -0.711406
-0.776472 0.050493 -0.628126
-0.700361 0.058279 -0.711406
-0.772744 0.052843 -0.632515
-0.700361 0.058279 -0.711406
-0.776472 0.050493 -0.628126
-0.708346 0.054597 -0.703751
-0.776472 0.050493 -0.628126
-0.723919 0.053906 -0.687776
-0.708346 0.054597 -0.703751
-0.723919 0.053906 -0.687776
-0.776472 0.050493 -0.628126
-0.780307 0.051157 -0.623301
-0.627629 0.056733 -0.776443
-0.723919 0.053906 -0.687776
-0.642772 0.055789 -0.764023
-0.723919 0.053906 -0.687776
-0.627629 0.056733 -0.776443
-0.708346 0.054597 -0.703751
-0.375767 0.065350 -0.924407
-0.642772 0.055789 -0.764023
-0.433004 0.062627 -0.899214
-0.642772 0.055789 -0.764023
-0.375767 0.065350 -0.924407
-0.627629 0.056733 -0.776443
-0.433004 0.062627 -0.899214
-0.653737 0.063170 -0.754081
-0.488203 0.071017 -0.869836
-0.653737 0.063170 -0.754081
-0.433004 0.062627 -0.899214
-0.642772 0.055789 -0.764023
-0.723919 0.053906 -0.687776
-0.739499 0.057151 -0.670727
-0.642772 0.055789 -0.764023
-0.642772 0.055789 -0.764023
-0.739499 0.057151 -0.670727
-0.653737 0.063170 -0.754081
-0.070512 0.065257 -0.995374
-0.488203 0.071017 -0.869836
-0.146393 0.081351 -0.985876
-0.488203 0.071017 -0.869836
-0.070512 0.065257 -0.995374
-0.433004 0.062627 -0.899214
-0.146393 0.081351 -0.985876
-0.520373 0.081899 -0.850002
-0.203549 0.098798 -0.974067
-0.520373 0.081899 -0.850002
-0.146393 0.081351 -0.985876
-0.488203 0.071017 -0.869836
-0.653737 0.063170 -0.754081
-0.672789 0.068119 -0.736692
-0.488203 0.071017 -0.869836
-0.488203 0.071017 -0.869836
-0.672789 0.068119 -0.736692
-0.520373 0.081899 -0.850002
0.196552 0.086280 -0.976690
-0.203549 0.098798 -0.974067
0.120349 0.094616 -0.988213
-0.203549 0.098798 -0.974067
0.196552 0.086280 -0.976690
-0.146393 0.081351 -0.985876
-0.672789 0.068119 -0.736692
-0.689452 0.067005 -0.721225
-0.520373 0.081899 -0.850002
-0.520373 0.081899 -0.850002
-0.689452 0.067005 -0.721225
-0.537638 0.082289 -0.839151
-0.203549 0.098798 -0.974067
-0.537638 0.082289 -0.839151
-0.285372 0.093270 -0.953868
-0.537638 0.082289 -0.839151
-0.203549 0.098798 -0.974067
-0.520373 0.081899 -0.850002
0.120349 0.094616 -0.988213
-0.285372 0.093270 -0.953868
0.013673 0.095119 -0.995372
-0.285372 0.093270 -0.953868
0.120349 0.094616 -0.988213
-0.203549 0.098798 -0.974067
0.472873 0.086814 -0.876844
0.013673 0.095119 -0.995372
0.425542 0.095601 -0.899875
0.013673 0.095119 -0.995372
0.472873 0.086814 -0.876844
0.120349 0.094616 -0.988213
0.013673 0.095119 -0.995372
-0.345212 0.091996 -0.934005
-0.044102 0.104114 -0.993587
-0.345212 0.091996 -0.934005
0.013673 0.095119 -0.995372
-0.285372 0.093270 -0.953868
-0.537638 0.082289 -0.839151
-0.576605 0.077341 -0.813354
-0.285372 0.093270 -0.953868
-0.285372 0.093270 -0.953868
-0.576605 0.077341 -0.813354
-0.345212 0.091996 -0.934005
0.425542 0.095601 -0.899875
-0.044102 0.104114 -0.993587
0.340094 0.103498 -0.934679
-0.044102 0.104114 -0.993587
0.425542 0.095601 -0.899875
0.013673 0.095119 -0.995372
0.799802 0.084866 -0.594235
0.340094 0.103498 -0.934679
0.801939 0.095652 -0.589699
0.340094 0.103498 -0.934679
0.799802 0.084866 -0.594235
0.425542 0.095601 -0.899875
-0.576605 0.077341 -0.813354
-0.614167 0.076250 -0.785484
-0.345212 0.091996 -0.934005
-0.345212 0.091996 -0.934005
-0.614167 0.076250 -0.785484
-0.401936 0.088506 -0.911380
-0.044102 0.104114 -0.993587
-0.401936 0.088506 -0.911380
-0.127086 0.092269 -0.987591
-0.401936 0.088506 -0.911380
-0.044102 0.104114 -0.993587
-0.345212 0.091996 -0.934005
0.340094 0.103498 -0.934679
-0.127086 0.092269 -0.987591
0.250897 0.097106 -0.963131
-0.127086 0.092269 -0.987591
0.340094 0.103498 -0.934679
-0.044102 0.104114 -0.993587
0.801939 0.095652 -0.589699
0.250897 0.097106 -0.963131
0.831155 0.101227 -0.546749
0.250897 0.097106 -0.963131
0.801939 0.095652 -0.589699
0.340094 0.103498 -0.934679
0.991848 0.087194 -0.092927
0.831155 0.101227 -0.546749
0.997142 0.075374 0.005166
0.831155 0.101227 -0.546749
0.991848 0.087194 -0.092927
0.801939 0.095652 -0.589699
0.250897 0.097106 -0.963131
-0.226894 0.094365 -0.969337
0.298718 0.121876 -0.946527
-0.226894 0.094365 -0.969337
0.250897 0.097106 -0.963131
-0.127086 0.092269 -0.987591
-0.401936 0.088506 -0.911380
-0.483849 0.085323 -0.870983
-0.127086 0.092269 -0.987591
-0.127086 0.092269 -0.987591
-0.483849 0.085323 -0.870983
-0.226894 0.094365 -0.969337
0.831155 0.101227 -0.546749
0.298718 0.121876 -0.946527
0.887477 0.120012 -0.444951
0.298718 0.121876 -0.946527
0.831155 0.101227 -0.546749
0.250897 0.097106 -0.963131
0.997142 0.075374 0.005166
0.887477 0.120012 -0.444951
0.995365 0.082612 -0.049239
0.887477 0.120012 -0.444951
0.997142 0.075374 0.005166
0.831155 0.101227 -0.546749
0.978251 0.062592 0.197757
0.995365 0.082612 -0.049239
0.977532 0.056027 0.203205
0.995365 0.082612 -0.049239
0.978251 0.062592 0.197757
0.997142 0.075374 0.005166
-0.483849 0.085323 -0.870983
-0.543522 0.081084 -0.835469
-0.226894 0.094365 -0.969337
-0.226894 0.094365 -0.969337
-0.543522 0.081084 -0.835469
-0.284098 0.098607 -0.953711
0.298718 0.121876 -0.946527
-0.284098 0.098607 -0.953711
0.470482 0.128364 -0.873023
-0.284098 0.098607 -0.953711
0.298718 0.121876 -0.946527
-0.226894 0.094365 -0.969337
0.887477 0.120012 -0.444951
0.470482 0.128364 -0.873023
0.934272 0.103309 -0.341267
0.470482 0.128364 -0.873023
0.887477 0.120012 -0.444951
0.298718 0.121876 -0.946527
0.995365 0.082612 -0.049239
0.934272 0.103309 -0.341267
0.986161 0.089803 -0.139361
0.934272 0.103309 -0.341267
0.995365 0.082612 -0.049239
0.887477 0.120012 -0.444951
0.977532 0.056027 0.203205
0.986161 0.089803 -0.139361
0.968285 0.058395 0.242928
0.986161 0.089803 -0.139361
0.977532 0.056027 0.203205
0.995365 0.082612 -0.049239
0.871878 0.037234 0.488306
0.968285 0.058395 0.242928
0.847560 0.032280 0.529718
0.968285 0.058395 0.242928
0.871878 0.037234 0.488306
0.977532 0.056027 0.203205
-0.284098 0.098607 -0.953711
-0.287458 0.112359 -0.951180
0.470482 0.128364 -0.873023
0.470482 0.128364 -0.873023
-0.287458 0.112359 -0.951180
0.412242 0.151152 -0.898449
0.934272 0.103309 -0.341267
0.412242 0.151152 -0.898449
0.895328 0.098747 -0.434324
0.412242 0.151152 -0.898449
0.934272 0.103309 -0.341267
0.470482 0.128364 -0.873023
0.986161 0.089803 -0.139361
0.895328 0.098747 -0.434324
0.993827 0.060307 -0.093120
0.895328 0.098747 -0.434324
0.986161 0.089803 -0.139361
0.934272 0.103309 -0.341267
0.968285 0.058395 0.242928
0.993827 0.060307 -0.093120
0.942930 0.042534 0.330265
0.993827 0.060307 -0.093120
0.968285 0.058395 0.242928
0.986161 0.089803 -0.139361
0.847560 0.032280 0.529718
0.942930 0.042534 0.330265
0.844852 0.031760 0.534057
0.942930 0.042534 0.330265
0.847560 0.032280 0.529718
0.968285 0.058395 0.242928
0.820650 0.030766 0.570603
0.844852 0.031760 0.534057
0.818075 0.029187 0.574371
0.844852 0.031760 0.534057
0.820650 0.030766 0.570603
0.847560 0.032280 0.529718
0.993827 0.060307 -0.093120
0.694840 0.084773 -0.714151
0.998585 0.042820 0.031522
0.694840 0.084773 -0.714151
0.993827 0.060307 -0.093120
0.895328 0.098747 -0.434324
0.412242 0.151152 -0.898449
0.694840 0.084773 -0.714151
0.895328 0.098747 -0.434324
0.694840 0.084773 -0.714151
0.412242 0.151152 -0.898449
0.089926 0.125558 -0.988002
0.942930 0.042534 0.330265
0.998585 0.042820 0.031522
0.897198 0.030543 0.440571
0.998585 0.042820 0.031522
0.942930 0.042534 0.330265
0.993827 0.060307 -0.093120
0.844852 0.031760 0.534057
0.897198 0.030543 0.440571
0.843674 0.029978 0.536019
0.897198 0.030543 0.440571
0.844852 0.031760 0.534057
0.942930 0.042534 0.330265
0.818075 0.029187 0.574371
0.843674 0.029978 0.536019
0.816127 0.028664 0.577162
0.843674 0.029978 0.536019
0.818075 0.029187 0.574371
0.844852 0.031760 0.534057
0.795519 0.028925 0.605238
0.816127 0.028664 0.577162
0.793657 0.027665 0.607736
0.816127 0.028664 0.577162
0.795519 0.028925 0.605238
0.818075 0.029187 0.574371
0.089926 0.125558 -0.988002
-0.194184 0.064637 -0.978833
0.694840 0.084773 -0.714151
0.476664 0.116627 -0.871315
0.694840 0.084773 -0.714151
-0.194184 0.064637 -0.978833
0.998585 0.042820 0.031522
0.476664 0.116627 -0.871315
0.994513 0.099513 0.032252
0.476664 0.116627 -0.871315
0.998585 0.042820 0.031522
0.694840 0.084773 -0.714151
0.897198 0.030543 0.440571
0.994513 0.099513 0.032252
0.883544 0.041298 0.466524
0.994513 0.099513 0.032252
0.897198 0.030543 0.440571
0.998585 0.042820 0.031522
0.843674 0.029978 0.536019
0.883544 0.041298 0.466524
0.838677 0.027724 0.543923
0.883544 0.041298 0.466524
0.843674 0.029978 0.536019
0.897198 0.030543 0.440571
0.816127 0.028664 0.577162
0.838677 0.027724 0.543923
0.810928 0.023385 0.584679
0.838677 0.027724 0.543923
0.816127 0.028664 0.577162
0.843674 0.029978 0.536019
0.793657 0.027665 0.607736
0.810928 0.023385 0.584679
0.787886 0.023195 0.615384
0.810928 0.023385 0.584679
0.793657 0.027665 0.607736
0.816127 0.028664 0.577162
0.774693 0.027880 0.631723
0.787886 0.023195 0.615384
0.772816 0.024616 0.634153
0.787886 0.023195 0.615384
0.774693 0.027880 0.631723
0.793657 0.027665 0.607736
0.883544 0.041298 0.466524
0.968016 0.245776 -0.050383
0.940263 0.154533 0.303357
0.968016 0.245776 -0.050383
0.883544 0.041298 0.466524
0.994513 0.099513 0.032252
0.476664 0.116627 -0.871315
0.511718 0.245784 -0.823246
0.994513 0.099513 0.032252
0.968016 0.245776 -0.050383
0.994513 0.099513 0.032252
0.511718 0.245784 -0.823246
0.838677 0.027724 0.543923
0.940263 0.154533 0.303357
0.868324 0.061819 0.492130
0.940263 0.154533 0.303357
0.838677 0.027724 0.543923
0.883544 0.041298 0.466524
0.810928 0.023385 0.584679
0.868324 0.061819 0.492130
0.797867 0.020404 0.602489
0.868324 0.061819 0.492130
0.810928 0.023385 0.584679
0.838677 0.027724 0.543923
0.787886 0.023195 0.615384
0.797867 0.020404 0.602489
0.780159 0.023562 0.625138
0.797867 0.020404 0.602489
0.787886 0.023195 0.615384
0.810928 0.023385 0.584679
0.772816 0.024616 0.634153
0.780159 0.023562 0.625138
0.766986 0.031013 0.640914
0.780159 0.023562 0.625138
0.772816 0.024616 0.634153
0.787886 0.023195 0.615384
0.763369 0.029782 0.645275
0.760306 0.025882 0.649049
0.772816 0.024616 0.634153
0.763369 0.029782 0.645275
0.772816 0.024616 0.634153
0.766986 0.031013 0.640914
0.511718 0.245784 -0.823246
0.439159 0.423865 -0.792135
0.968016 0.245776 -0.050383
0.849563 0.362574 -0.383123
0.968016 0.245776 -0.050383
0.439159 0.423865 -0.792135
0.940263 0.154533 0.303357
0.849563 0.362574 -0.383123
0.986739 0.159370 0.030762
0.849563 0.362574 -0.383123
0.940263 0.154533 0.303357
0.968016 0.245776 -0.050383
0.868324 0.061819 0.492130
0.986739 0.159370 0.030762
0.867002 0.029425 0.497435
0.986739 0.159370 0.030762
0.868324 0.061819 0.492130
0.940263 0.154533 0.303357
0.797867 0.020404 0.602489
0.867002 0.029425 0.497435
0.787761 0.023637 0.615527
0.867002 0.029425 0.497435
0.797867 0.020404 0.602489
0.868324 0.061819 0.492130
0.780159 0.023562 0.625138
0.787761 0.023637 0.615527
0.763852 0.036986 0.644330
0.787761 0.023637 0.615527
0.780159 0.023562 0.625138
0.797867 0.020404 0.602489
0.766986 0.031013 0.640914
0.763852 0.036986 0.644330
0.760463 0.053423 0.647180
0.763852 0.036986 0.644330
0.766986 0.031013 0.640914
0.780159 0.023562 0.625138
0.765459 0.059771 0.640703
0.763369 0.029782 0.645275
0.766986 0.031013 0.640914
0.765459 0.059771 0.640703
0.766986 0.031013 0.640914
0.760463 0.053423 0.647180
0.732499 0.077916 0.676295
0.749789 0.025523 0.661185
0.763369 0.029782 0.645275
0.732499 0.077916 0.676295
0.763369 0.029782 0.645275
0.765459 0.059771 0.640703
0.695764 0.089916 0.712620
0.711111 0.050871 0.701237
0.749789 0.025523 0.661185
0.749789 0.025523 0.661185
0.732499 0.077916 0.676295
0.695764 0.089916 0.712620
0.867002 0.029425 0.497435
0.955452 0.294574 -0.018392
0.865154 0.363662 0.345338
0.955452 0.294574 -0.018392
0.867002 0.029425 0.497435
0.986739 0.159370 0.030762
0.849563 0.362574 -0.383123
0.573998 0.587781 -0.570123
0.986739 0.159370 0.030762
0.986739 0.159370 0.030762
0.573998 0.587781 -0.570123
0.955452 0.294574 -0.018392
0.787761 0.023637 0.615527
0.865154 0.363662 0.345338
0.805209 0.224632 0.548798
0.865154 0.363662 0.345338
0.787761 0.023637 0.615527
0.867002 0.029425 0.497435
0.763852 0.036986 0.644330
0.805209 0.224632 0.548798
0.771339 0.111023 0.626665
0.805209 0.224632 0.548798
0.763852 0.036986 0.644330
0.787761 0.023637 0.615527
0.760463 0.053423 0.647180
0.771339 0.111023 0.626665
0.745919 0.084595 0.660642
0.771339 0.111023 0.626665
0.760463 0.053423 0.647180
0.763852 0.036986 0.644330
0.765459 0.059771 0.640703
0.745919 0.084595 0.660642
0.700845 0.170062 0.692745
0.745919 0.084595 0.660642
0.765459 0.059771 0.640703
0.760463 0.053423 0.647180
0.574536 0.295241 0.763375
0.732499 0.077916 0.676295
0.765459 0.059771 0.640703
0.765459 0.059771 0.640703
0.700845 0.170062 0.692745
0.574536 0.295241 0.763375
0.695764 0.089916 0.712620
0.574536 0.295241 0.763375
0.488898 0.305626 0.817050
0.574536 0.295241 0.763375
0.695764 0.089916 0.712620
0.732499 0.077916 0.676295
0.579310 0.099311 0.809035
0.688515 0.155020 0.708460
0.613776 0.101793 0.782890
0.688515 0.155020 0.708460
0.579310 0.099311 0.809035
0.679584 0.167238 0.714281
0.688515 0.155020 0.708460
0.647306 0.082337 0.757770
0.613776 0.101793 0.782890
0.647306 0.082337 0.757770
0.688515 0.155020 0.708460
0.705718 0.129178 0.696617
0.705718 0.129178 0.696617
0.669899 0.092159 0.736710
0.647306 0.082337 0.757770
0.669899 0.092159 0.736710
0.705718 0.129178 0.696617
0.722014 0.126982 0.680126
0.683145 0.098430 0.723619
0.669899 0.092159 0.736710
0.722014 0.126982 0.680126
0.683145 0.098430 0.723619
0.722014 0.126982 0.680126
0.735511 0.111307 0.668307
0.549019 0.135508 0.824752
0.683145 0.098430 0.723619
0.687042 0.097056 0.720106
0.683145 0.098430 0.723619
0.549019 0.135508 0.824752
0.595173 0.096879 0.797736
0.519509 0.146302 0.841847
0.687042 0.097056 0.720106
0.686137 0.098172 0.720817
0.687042 0.097056 0.720106
0.519509 0.146302 0.841847
0.549019 0.135508 0.824752
0.531578 0.130080 0.836961
0.686137 0.098172 0.720817
0.686702 0.084296 0.722035
0.686137 0.098172 0.720817
0.531578 0.130080 0.836961
0.519509 0.146302 0.841847
0.687179 0.070046 0.723104
0.531578 0.130080 0.836961
0.686702 0.084296 0.722035
0.531578 0.130080 0.836961
0.687179 0.070046 0.723104
0.550432 0.106223 0.828095
0.687320 0.066053 0.723345
0.550432 0.106223 0.828095
0.687179 0.070046 0.723104
0.550432 0.106223 0.828095
0.687320 0.066053 0.723345
0.571793 0.095327 0.814841
0.287512 0.144558 0.946805
0.550432 0.106223 0.828095
0.571793 0.095327 0.814841
0.550432 0.106223 0.828095
0.287512 0.144558 0.946805
0.250984 0.163534 0.954077
0.688247 0.061354 0.722878
0.571793 0.095327 0.814841
0.687320 0.066053 0.723345
0.571793 0.095327 0.814841
0.688247 0.061354 0.722878
0.570740 0.097853 0.815280
0.570740 0.097853 0.815280
0.287512 0.144558 0.946805
0.571793 0.095327 0.814841
0.287512 0.144558 0.946805
0.570740 0.097853 0.815280
0.320581 0.157012 0.934117
0.686289 0.055464 0.725211
0.570740 0.097853 0.815280
0.688247 0.061354 0.722878
0.570740 0.097853 0.815280
0.686289 0.055464 0.725211
0.562288 0.088016 0.822244
0.562288 0.088016 0.822244
0.320581 0.157012 0.934117
0.570740 0.097853 0.815280
0.320581 0.157012 0.934117
0.562288 0.088016 0.822244
0.342567 0.129197 0.930568
0.687874 0.047142 0.724297
0.562288 0.088016 0.822244
0.686289 0.055464 0.725211
0.562288 0.088016 0.822244
0.687874 0.047142 0.724297
0.567414 0.074186 0.820084
0.567414 0.074186 0.820084
0.342567 0.129197 0.930568
0.562288 0.088016 0.822244
0.342567 0.129197 0.930568
0.567414 0.074186 0.820084
0.369266 0.111553 0.922604
0.369266 0.111553 0.922604
-0.033276 0.181112 0.982899
0.342567 0.129197 0.930568
-0.033276 0.181112 0.982899
0.369266 0.111553 0.922604
-0.025343 0.162187 0.986434
0.696300 0.039723 0.716651
0.567414 0.074186 0.820084
0.687874 0.047142 0.724297
0.567414 0.074186 0.820084
0.696300 0.039723 0.716651
0.581236 0.056587 0.811765
0.581236 0.056587 0.811765
0.369266 0.111553 0.922604
0.567414 0.074186 0.820084
0.369266 0.111553 0.922604
0.581236 0.056587 0.811765
0.359966 0.089707 0.928643
0.359966 0.089707 0.928643
-0.025343 0.162187 0.986434
0.369266 0.111553 0.922604
-0.025343 0.162187 0.986434
0.359966 0.089707 0.928643
0.003425 0.126969 0.991901
0.704989 0.037776 0.708212
0.581236 0.056587 0.811765
0.696300 0.039723 0.716651
0.581236 0.056587 0.811765
0.704989 0.037776 0.708212
0.622099 0.043768 0.781714
0.622099 0.043768 0.781714
0.359966 0.089707 0.928643
0.581236 0.056587 0.811765
0.359966 0.089707 0.928643
0.622099 0.043768 0.781714
0.346538 0.073126 0.935181
0.007774 0.106806 0.994249
0.359966 0.089707 0.928643
0.346538 0.073126 0.935181
0.359966 0.089707 0.928643
0.007774 0.106806 0.994249
0.003425 0.126969 0.991901
0.655269 0.046421 0.753968
0.346538 0.073126 0.935181
0.622099 0.043768 0.781714
0.346538 0.073126 0.935181
0.655269 0.046421 0.753968
0.365665 0.080927 0.927222
-0.036936 0.114622 0.992722
0.346538 0.073126 0.935181
0.365665 0.080927 0.927222
0.346538 0.073126 0.935181
-0.036936 0.114622 0.992722
0.007774 0.106806 0.994249
0.666437 0.046129 0.744133
0.365665 0.080927 0.927222
0.655269 0.046421 0.753968
0.365665 0.080927 0.927222
0.666437 0.046129 0.744133
0.440191 0.066362 0.895448
-0.029245 0.101183 0.994438
0.365665 0.080927 0.927222
0.440191 0.066362 0.895448
0.365665 0.080927 0.927222
-0.029245 0.101183 0.994438
-0.036936 0.114622 0.992722
-0.029245 0.101183 0.994438
-0.624079 0.126705 0.771019
-0.036936 0.114622 0.992722
-0.624079 0.126705 0.771019
-0.029245 0.101183 0.994438
-0.684106 0.134254 0.716920
0.679044 0.043885 0.732785
0.440191 0.066362 0.895448
0.666437 0.046129 0.744133
0.440191 0.066362 0.895448
0.679044 0.043885 0.732785
0.510112 0.074068 0.856913
0.028802 0.138990 0.989875
0.440191 0.066362 0.895448
0.510112 0.074068 0.856913
0.440191 0.066362 0.895448
0.028802 0.138990 0.989875
-0.029245 0.101183 0.994438
-0.663004 0.175212 0.727823
-0.029245 0.101183 0.994438
0.028802 0.138990 0.989875
-0.029245 0.101183 0.994438
-0.663004 0.175212 0.727823
-0.684106 0.134254 0.716920
0.531803 0.068197 0.844117
0.679044 0.043885 0.732785
0.690694 0.040839 0.721993
0.679044 0.043885 0.732785
0.531803 0.068197 0.844117
0.510112 0.074068 0.856913
0.063210 0.127943 0.989765
0.510112 0.074068 0.856913
0.531803 0.068197 0.844117
0.510112 0.074068 0.856913
0.063210 0.127943 0.989765
0.028802 0.138990 0.989875
-0.676833 0.168359 0.716625
0.028802 0.138990 0.989875
0.063210 0.127943 0.989765
0.028802 0.138990 0.989875
-0.676833 0.168359 0.716625
-0.663004 0.175212 0.727823
0.697765 0.037076 0.715366
0.531803 0.068197 0.844117
0.690694 0.040839 0.721993
0.531803 0.068197 0.844117
0.697765 0.037076 0.715366
0.583880 0.045628 0.810557
0.583880 0.045628 0.810557
0.063210 0.127943 0.989765
0.531803 0.068197 0.844117
0.063210 0.127943 0.989765
0.583880 0.045628 0.810557
0.103161 0.101074 0.989516
0.103161 0.101074 0.989516
-0.676833 0.168359 0.716625
0.063210 0.127943 0.989765
-0.676833 0.168359 0.716625
0.103161 0.101074 0.989516
-0.714578 0.173009 0.677825
0.650064 0.039174 0.758869
0.697765 0.037076 0.715366
0.705980 0.035199 0.707357
0.697765 0.037076 0.715366
0.650064 0.039174 0.758869
0.583880 0.045628 0.810557
0.126781 0.127349 0.983722
0.583880 0.045628 0.810557
0.650064 0.039174 0.758869
0.583880 0.045628 0.810557
0.126781 0.127349 0.983722
0.103161 0.101074 0.989516
-0.805904 0.199279 0.557501
0.103161 0.101074 0.989516
0.126781 0.127349 0.983722
0.103161 0.101074 0.989516
-0.805904 0.199279 0.557501
-0.714578 0.173009 0.677825
-0.805904 0.199279 0.557501
-0.984391 0.158269 0.076979
-0.714578 0.173009 0.677825
-0.984391 0.158269 0.076979
-0.805904 0.199279 0.557501
-0.986955 0.159430 -0.022395
0.650742 0.043506 0.758051
0.705980 0.035199 0.707357
0.712548 0.031901 0.700898
0.705980 0.035199 0.707357
0.650742 0.043506 0.758051
0.650064 0.039174 0.758869
0.063334 0.084326 0.994423
0.650064 0.039174 0.758869
0.650742 0.043506 0.758051
0.650064 0.039174 0.758869
0.063334 0.084326 0.994423
0.126781 0.127349 0.983722
-0.877266 0.105619 0.468241
0.126781 0.127349 0.983722
0.063334 0.084326 0.994423
0.126781 0.127349 0.983722
-0.877266 0.105619 0.468241
-0.805904 0.199279 0.557501
-0.992526 0.070611 -0.099529
-0.805904 0.199279 0.557501
-0.877266 0.105619 0.468241
-0.805904 0.199279 0.557501
-0.992526 0.070611 -0.099529
-0.986955 0.159430 -0.022395
0.613750 0.051487 0.787820
0.650742 0.043506 0.758051
0.712548 0.031901 0.700898
0.712548 0.031901 0.700898
0.719826 0.028972 0.693549
0.613750 0.051487 0.787820
-0.166474 0.136149 0.976601
0.650742 0.043506 0.758051
0.613750 0.051487 0.787820
-0.166474 0.136149 0.976601
0.063334 0.084326 0.994423
0.650742 0.043506 0.758051
-0.928442 0.077580 0.363287
-0.877266 0.105619 0.468241
0.063334 0.084326 0.994423
-0.928442 0.077580 0.363287
0.063334 0.084326 0.994423
-0.166474 0.136149 0.976601
-0.990503 0.028547 -0.134495
-0.877266 0.105619 0.468241
-0.928442 0.077580 0.363287
-0.877266 0.105619 0.468241
-0.990503 0.028547 -0.134495
-0.992526 0.070611 -0.099529
0.549394 0.161463 0.819814
0.613750 0.051487 0.787820
0.719826 0.028972 0.693549
0.719826 0.028972 0.693549
0.711111 0.050871 0.701237
0.549394 0.161463 0.819814
-0.091702 0.319669 0.943081
0.613750 0.051487 0.787820
0.549394 0.161463 0.819814
0.613750 0.051487 0.787820
-0.091702 0.319669 0.943081
-0.166474 0.136149 0.976601
-0.899908 0.225730 0.373111
-0.166474 0.136149 0.976601
-0.091702 0.319669 0.943081
-0.166474 0.136149 0.976601
-0.899908 0.225730 0.373111
-0.928442 0.077580 0.363287
-0.989460 0.093105 -0.110904
-0.928442 0.077580 0.363287
-0.899908 0.225730 0.373111
-0.928442 0.077580 0.363287
-0.989460 0.093105 -0.110904
-0.990503 0.028547 -0.134495
0.488898 0.305626 0.817050
0.711111 0.050871 0.701237
0.695764 0.089916 0.712620
0.711111 0.050871 0.701237
0.488898 0.305626 0.817050
0.549394 0.161463 0.819814
0.137275 0.472332 0.870665
0.549394 0.161463 0.819814
0.488898 0.305626 0.817050
0.549394 0.161463 0.819814
0.137275 0.472332 0.870665
-0.091702 0.319669 0.943081
-0.629496 0.524803 0.572989
-0.091702 0.319669 0.943081
0.137275 0.472332 0.870665
-0.629496 0.524803 0.572989
-0.899908 0.225730 0.373111
-0.091702 0.319669 0.943081
-0.966918 0.237450 -0.093209
-0.899908 0.225730 0.373111
-0.629496 0.524803 0.572989
-0.899908 0.225730 0.373111
-0.966918 0.237450 -0.093209
-0.989460 0.093105 -0.110904
-0.884208 0.066943 -0.462271
-0.989460 0.093105 -0.110904
-0.966918 0.237450 -0.093209
-0.989460 0.093105 -0.110904
-0.884208 0.066943 -0.462271
-0.940913 0.040817 -0.336180
-0.805099 0.045637 -0.591382
-0.940913 0.040817 -0.336180
-0.884208 0.066943 -0.462271
-0.940913 0.040817 -0.336180
-0.805099 0.045637 -0.591382
-0.865699 0.033193 -0.499463
-0.264871 -0.826162 0.497293
-0.175254 -0.971969 0.156725
-0.087804 -0.984979 0.148684
-0.175254 -0.971969 0.156725
-0.264871 -0.826162 0.497293
-0.373419 -0.846822 0.378750
-0.373419 -0.846822 0.378750
-0.369079 -0.578483 0.727418
-0.551969 -0.620291 0.557288
-0.369079 -0.578483 0.727418
-0.373419 -0.846822 0.378750
-0.264871 -0.826162 0.497293
-0.551969 -0.620291 0.557288
-0.423182 -0.414432 0.805707
-0.657080 -0.387709 0.646473
-0.423182 -0.414432 0.805707
-0.551969 -0.620291 0.557288
-0.369079 -0.578483 0.727418
-0.657080 -0.387709 0.646473
-0.465967 -0.175913 0.867139
-0.701002 -0.157904 0.695458
-0.465967 -0.175913 0.867139
-0.657080 -0.387709 0.646473
-0.423182 -0.414432 0.805707
-0.482517 -0.050777 0.874413
-0.701002 -0.157904 0.695458
-0.465967 -0.175913 0.867139
-0.701002 -0.157904 0.695458
-0.482517 -0.050777 0.874413
-0.700644 -0.048654 0.711851
-0.700644 -0.048654 0.711851
-0.913025 -0.112061 0.392209
-0.701002 -0.157904 0.695458
-0.913025 -0.112061 0.392209
-0.700644 -0.048654 0.711851
-0.918004 -0.033651 0.395140
-0.657080 -0.387709 0.646473
-0.913025 -0.112061 0.392209
-0.842008 -0.386142 0.376720
-0.913025 -0.112061 0.392209
-0.657080 -0.387709 0.646473
-0.701002 -0.157904 0.695458
-0.476552 -0.255326 0.841253
-0.700644 -0.048654 0.711851
-0.482517 -0.050777 0.874413
-0.700644 -0.048654 0.711851
-0.476552 -0.255326 0.841253
-0.691226 -0.249322 0.678266
-0.691226 -0.249322 0.678266
-0.915724 -0.148231 0.373467
-0.700644 -0.048654 0.711851
-0.700644 -0.048654 0.711851
-0.915724 -0.148231 0.373467
-0.918004 -0.033651 0.395140
-0.691226 -0.249322 0.678266
-0.440260 -0.434930 0.785498
-0.673854 -0.397987 0.622517
-0.440260 -0.434930 0.785498
-0.691226 -0.249322 0.678266
-0.476552 -0.255326 0.841253
-0.915724 -0.148231 0.373467
-0.691226 -0.249322 0.678266
-0.921432 -0.217488 0.321965
-0.691226 -0.249322 0.678266
-0.673854 -0.397987 0.622517
-0.921432 -0.217488 0.321965
-0.921432 -0.217488 0.321965
-0.673854 -0.397987 0.622517
-0.953378 -0.184742 0.238621
-0.673854 -0.397987 0.622517
-0.709518 -0.394907 0.583637
-0.953378 -0.184742 0.238621
-0.998569 0.034077 -0.041209
-0.921432 -0.217488 0.321965
-0.993173 0.066116 -0.096108
-0.921432 -0.217488 0.321965
-0.953378 -0.184742 0.238621
-0.993173 0.066116 -0.096108
-0.915724 -0.148231 0.373467
-0.998569 0.034077 -0.041209
-0.999837 0.017571 -0.004243
-0.998569 0.034077 -0.041209
-0.915724 -0.148231 0.373467
-0.921432 -0.217488 0.321965
-0.983255 -0.143020 0.112938
-0.953378 -0.184742 0.238621
-0.709518 -0.394907 0.583637
-0.709518 -0.394907 0.583637
-0.776353 -0.352404 0.522577
-0.983255 -0.143020 0.112938
-0.993173 0.066116 -0.096108
-0.953378 -0.184742 0.238621
-0.984934 0.059498 -0.162375
-0.953378 -0.184742 0.238621
-0.983255 -0.143020 0.112938
-0.984934 0.059498 -0.162375
-0.994696 -0.102640 0.006660
-0.983255 -0.143020 0.112938
-0.776353 -0.352404 0.522577
-0.776353 -0.352404 0.522577
-0.865955 -0.247491 0.434592
-0.994696 -0.102640 0.006660
-0.983255 -0.143020 0.112938
-0.994696 -0.102640 0.006660
-0.974237 0.020544 -0.224589
-0.983255 -0.143020 0.112938
-0.974237 0.020544 -0.224589
-0.984934 0.059498 -0.162375
-0.974237 0.020544 -0.224589
-0.931544 0.094037 -0.351260
-0.984934 0.059498 -0.162375
-0.984934 0.059498 -0.162375
-0.931544 0.094037 -0.351260
-0.931243 0.159665 -0.327556
-0.865955 -0.247491 0.434592
-0.950939 -0.083466 0.297907
-0.997829 -0.036065 -0.055107
-0.865955 -0.247491 0.434592
-0.997829 -0.036065 -0.055107
-0.994696 -0.102640 0.006660
-0.994696 -0.102640 0.006660
-0.997829 -0.036065 -0.055107
-0.964754 0.013242 -0.262819
-0.994696 -0.102640 0.006660
-0.964754 0.013242 -0.262819
-0.974237 0.020544 -0.224589
-0.964754 0.013242 -0.262819
-0.926232 0.058623 -0.372368
-0.974237 0.020544 -0.224589
-0.974237 0.020544 -0.224589
-0.926232 0.058623 -0.372368
-0.931544 0.094037 -0.351260
-0.992918 0.024103 -0.116330
-0.950939 -0.083466 0.297907
-0.973781 0.039956 0.223953
-0.950939 -0.083466 0.297907
-0.992918 0.024103 -0.116330
-0.997829 -0.036065 -0.055107
-0.997829 -0.036065 -0.055107
-0.992918 0.024103 -0.116330
-0.958291 0.035087 -0.283632
-0.997829 -0.036065 -0.055107
-0.958291 0.035087 -0.283632
-0.964754 0.013242 -0.262819
-0.958291 0.035087 -0.283632
-0.919977 0.058108 -0.387642
-0.964754 0.013242 -0.262819
-0.964754 0.013242 -0.262819
-0.919977 0.058108 -0.387642
-0.926232 0.058623 -0.372368
-0.985610 0.070452 -0.153652
-0.973781 0.039956 0.223953
-0.970510 0.134743 0.199888
-0.973781 0.039956 0.223953
-0.985610 0.070452 -0.153652
-0.992918 0.024103 -0.116330
-0.985610 0.070452 -0.153652
-0.958291 0.035087 -0.283632
-0.992918 0.024103 -0.116330
-0.958291 0.035087 -0.283632
-0.985610 0.070452 -0.153652
-0.953582 0.051989 -0.296611
-0.914642 0.055874 -0.400385
-0.958291 0.035087 -0.283632
-0.953582 0.051989 -0.296611
-0.958291 0.035087 -0.283632
-0.914642 0.055874 -0.400385
-0.919977 0.058108 -0.387642
-0.963991 0.188968 0.187118
-0.985610 0.070452 -0.153652
-0.970510 0.134743 0.199888
-0.985610 0.070452 -0.153652
-0.963991 0.188968 0.187118
-0.984155 0.109096 -0.139776
-0.984155 0.109096 -0.139776
-0.953582 0.051989 -0.296611
-0.985610 0.070452 -0.153652
-0.953582 0.051989 -0.296611
-0.984155 0.109096 -0.139776
-0.951407 0.068721 -0.300169
-0.910766 0.057466 -0.408904
-0.953582 0.051989 -0.296611
-0.951407 0.068721 -0.300169
-0.953582 0.051989 -0.296611
-0.910766 0.057466 -0.408904
-0.914642 0.055874 -0.400385
-0.956096 0.187442 0.225270
-0.984155 0.109096 -0.139776
-0.963991 0.188968 0.187118
-0.984155 0.109096 -0.139776
-0.956096 0.187442 0.225270
-0.986865 0.106369 -0.121588
-0.986865 0.106369 -0.121588
-0.951407 0.068721 -0.300169
-0.984155 0.109096 -0.139776
-0.951407 0.068721 -0.300169
-0.986865 0.106369 -0.121588
-0.950811 0.065136 -0.302847
-0.908465 0.053271 -0.414552
-0.951407 0.068721 -0.300169
-0.950811 0.065136 -0.302847
-0.951407 0.068721 -0.300169
-0.908465 0.053271 -0.414552
-0.910766 0.057466 -0.408904
-0.962441 0.154885 0.222973
-0.986865 0.106369 -0.121588
-0.956096 0.187442 0.225270
-0.986865 0.106369 -0.121588
-0.962441 0.154885 0.222973
-0.987436 0.087850 -0.131353
-0.987436 0.087850 -0.131353
-0.950811 0.065136 -0.302847
-0.986865 0.106369 -0.121588
-0.950811 0.065136 -0.302847
-0.987436 0.087850 -0.131353
-0.949323 0.053638 -0.309690
-0.905975 0.043227 -0.421118
-0.950811 0.065136 -0.302847
-0.949323 0.053638 -0.309690
-0.950811 0.065136 -0.302847
-0.905975 0.043227 -0.421118
-0.908465 0.053271 -0.414552
-0.861271 0.048554 -0.505821
-0.908465 0.053271 -0.414552
-0.905975 0.043227 -0.421118
-0.908465 0.053271 -0.414552
-0.861271 0.048554 -0.505821
-0.864292 0.059879 -0.499414
-0.977975 0.136746 0.157686
-0.987436 0.087850 -0.131353
-0.962441 0.154885 0.222973
-0.987436 0.087850 -0.131353
-0.977975 0.136746 0.157686
-0.986877 0.089075 -0.134685
-0.986877 0.089075 -0.134685
-0.949323 0.053638 -0.309690
-0.987436 0.087850 -0.131353
-0.949323 0.053638 -0.309690
-0.986877 0.089075 -0.134685
-0.947113 0.054852 -0.316176
-0.947113 0.054852 -0.316176
-0.905975 0.043227 -0.421118
-0.949323 0.053638 -0.309690
-0.905975 0.043227 -0.421118
-0.947113 0.054852 -0.316176
-0.902610 0.041713 -0.428433
-0.858465 0.042774 -0.511085
-0.905975 0.043227 -0.421118
-0.902610 0.041713 -0.428433
-0.905975 0.043227 -0.421118
-0.858465 0.042774 -0.511085
-0.861271 0.048554 -0.505821
-0.986949 0.095959 -0.129320
-0.947113 0.054852 -0.316176
-0.986877 0.089075 -0.134685
-0.947113 0.054852 -0.316176
-0.986949 0.095959 -0.129320
-0.944174 0.059251 -0.324075
-0.900257 0.043694 -0.433162
-0.947113 0.054852 -0.316176
-0.944174 0.059251 -0.324075
-0.947113 0.054852 -0.316176
-0.900257 0.043694 -0.433162
-0.902610 0.041713 -0.428433
-0.856148 0.042739 -0.514961
-0.902610 0.041713 -0.428433
-0.900257 0.043694 -0.433162
-0.902610 0.041713 -0.428433
-0.856148 0.042739 -0.514961
-0.858465 0.042774 -0.511085
-0.989122 0.109241 -0.098506
-0.944174 0.059251 -0.324075
-0.986949 0.095959 -0.129320
-0.944174 0.059251 -0.324075
-0.989122 0.109241 -0.098506
-0.943625 0.060068 -0.325521
-0.898935 0.043189 -0.435949
-0.944174 0.059251 -0.324075
-0.943625 0.060068 -0.325521
-0.944174 0.059251 -0.324075
-0.898935 0.043189 -0.435949
-0.900257 0.043694 -0.433162
-0.854134 0.041946 -0.518358
-0.900257 0.043694 -0.433162
-0.898935 0.043189 -0.435949
-0.900257 0.043694 -0.433162
-0.854134 0.041946 -0.518358
-0.856148 0.042739 -0.514961
-0.993822 0.090405 -0.064375
-0.943625 0.060068 -0.325521
-0.989122 0.109241 -0.098506
-0.943625 0.060068 -0.325521
-0.993822 0.090405 -0.064375
-0.944257 0.048059 -0.325682
-0.896577 0.037912 -0.441261
-0.943625 0.060068 -0.325521
-0.944257 0.048059 -0.325682
-0.943625 0.060068 -0.325521
-0.896577 0.037912 -0.441261
-0.898935 0.043189 -0.435949
-0.851729 0.040605 -0.522407
-0.898935 0.043189 -0.435949
-0.896577 0.037912 -0.441261
-0.898935 0.043189 -0.435949
-0.851729 0.040605 -0.522407
-0.854134 0.041946 -0.518358
-0.992670 0.060879 -0.104402
-0.944257 0.048059 -0.325682
-0.993822 0.090405 -0.064375
-0.944257 0.048059 -0.325682
-0.992670 0.060879 -0.104402
-0.940040 0.037305 -0.339019
-0.891366 0.033328 -0.452058
-0.944257 0.048059 -0.325682
-0.940040 0.037305 -0.339019
-0.944257 0.048059 -0.325682
-0.891366 0.033328 -0.452058
-0.896577 0.037912 -0.441261
-0.847635 0.039040 -0.529141
-0.896577 0.037912 -0.441261
-0.891366 0.033328 -0.452058
-0.896577 0.037912 -0.441261
-0.847635 0.039040 -0.529141
-0.851729 0.040605 -0.522407
-0.983404 0.052830 -0.173565
-0.940040 0.037305 -0.339019
-0.992670 0.060879 -0.104402
-0.940040 0.037305 -0.339019
-0.983404 0.052830 -0.173565
-0.933425 0.038353 -0.356716
-0.884748 0.035243 -0.464735
-0.940040 0.037305 -0.339019
-0.933425 0.038353 -0.356716
-0.940040 0.037305 -0.339019
-0.884748 0.035243 -0.464735
-0.891366 0.033328 -0.452058
-0.973025 0.052414 -0.224666
-0.933425 0.038353 -0.356716
-0.983404 0.052830 -0.173565
-0.933425 0.038353 -0.356716
-0.973025 0.052414 -0.224666
-0.924744 0.041643 -0.378305
-0.878364 0.039232 -0.476380
-0.933425 0.038353 -0.356716
-0.924744 0.041643 -0.378305
-0.933425 0.038353 -0.356716
-0.878364 0.039232 -0.476380
-0.884748 0.035243 -0.464735
-0.966860 0.061190 -0.247867
-0.924744 0.041643 -0.378305
-0.973025 0.052414 -0.224666
-0.924744 0.041643 -0.378305
-0.966860 0.061190 -0.247867
-0.913344 0.045127 -0.404680
-0.873295 0.041684 -0.485406
-0.924744 0.041643 -0.378305
-0.913344 0.045127 -0.404680
-0.924744 0.041643 -0.378305
-0.873295 0.041684 -0.485406
-0.878364 0.039232 -0.476380
-0.968765 0.075605 -0.236175
-0.913344 0.045127 -0.404680
-0.966860 0.061190 -0.247867
-0.913344 0.045127 -0.404680
-0.968765 0.075605 -0.236175
-0.902663 0.045883 -0.427894
-0.867480 0.044681 -0.495462
-0.913344 0.045127 -0.404680
-0.902663 0.045883 -0.427894
-0.913344 0.045127 -0.404680
-0.867480 0.044681 -0.495462
-0.873295 0.041684 -0.485406
-0.969830 0.080119 -0.230243
-0.902663 0.045883 -0.427894
-0.968765 0.075605 -0.236175
-0.902663 0.045883 -0.427894
-0.969830 0.080119 -0.230243
-0.889745 0.045673 -0.454167
-0.857673 0.045695 -0.512161
-0.902663 0.045883 -0.427894
-0.889745 0.045673 -0.454167
-0.902663 0.045883 -0.427894
-0.857673 0.045695 -0.512161
-0.867480 0.044681 -0.495462
-0.968549 0.120515 -0.217689
-0.889745 0.045673 -0.454167
-0.969830 0.080119 -0.230243
-0.889745 0.045673 -0.454167
-0.968549 0.120515 -0.217689
-0.898528 0.069857 -0.433322
-0.849146 0.047735 -0.525996
-0.889745 0.045673 -0.454167
-0.898528 0.069857 -0.433322
-0.889745 0.045673 -0.454167
-0.849146 0.047735 -0.525996
-0.857673 0.045695 -0.512161
-0.838607 0.049288 -0.542502
-0.898528 0.069857 -0.433322
-0.932285 0.087269 -0.351040
-0.898528 0.069857 -0.433322
-0.838607 0.049288 -0.542502
-0.849146 0.047735 -0.525996
-0.828069 0.048833 -0.558495
-0.932285 0.087269 -0.351040
-0.941961 0.074638 -0.327321
-0.932285 0.087269 -0.351040
-0.828069 0.048833 -0.558495
-0.838607 0.049288 -0.542502
-0.861271 0.048554 -0.505821
-0.815232 0.048551 -0.577096
-0.815910 0.055814 -0.575479
-0.815232 0.048551 -0.577096
-0.861271 0.048554 -0.505821
-0.858465 0.042774 -0.511085
-0.858465 0.042774 -0.511085
-0.814735 0.048053 -0.577839
-0.815232 0.048551 -0.577096
-0.814735 0.048053 -0.577839
-0.858465 0.042774 -0.511085
-0.856148 0.042739 -0.514961
-0.856148 0.042739 -0.514961
-0.815018 0.046855 -0.577538
-0.814735 0.048053 -0.577839
-0.815018 0.046855 -0.577538
-0.856148 0.042739 -0.514961
-0.854134 0.041946 -0.518358
-0.814735 0.048053 -0.577839
-0.815018 0.046855 -0.577538
-0.776472 0.050493 -0.628126
-0.814735 0.048053 -0.577839
-0.776472 0.050493 -0.628126
-0.772744 0.052843 -0.632515
-0.815018 0.046855 -0.577538
-0.780307 0.051157 -0.623301
-0.776472 0.050493 -0.628126
-0.780307 0.051157 -0.623301
-0.815018 0.046855 -0.577538
-0.815059 0.046601 -0.577501
-0.780307 0.051157 -0.623301
-0.781729 0.052981 -0.621364
-0.739499 0.057151 -0.670727
-0.780307 0.051157 -0.623301
-0.739499 0.057151 -0.670727
-0.723919 0.053906 -0.687776
-0.815059 0.046601 -0.577501
-0.781729 0.052981 -0.621364
-0.780307 0.051157 -0.623301
-0.781729 0.052981 -0.621364
-0.815059 0.046601 -0.577501
-0.813574 0.046995 -0.579559
-0.781729 0.052981 -0.621364
-0.782731 0.053156 -0.620086
-0.744142 0.059670 -0.665351
-0.781729 0.052981 -0.621364
-0.744142 0.059670 -0.665351
-0.739499 0.057151 -0.670727
-0.813574 0.046995 -0.579559
-0.782731 0.053156 -0.620086
-0.781729 0.052981 -0.621364
-0.782731 0.053156 -0.620086
-0.813574 0.046995 -0.579559
-0.810003 0.047550 -0.584494
-0.739499 0.057151 -0.670727
-0.744142 0.059670 -0.665351
-0.672789 0.068119 -0.736692
-0.739499 0.057151 -0.670727
-0.672789 0.068119 -0.736692
-0.653737 0.063170 -0.754081
-0.810003 0.047550 -0.584494
-0.782476 0.053562 -0.620373
-0.782731 0.053156 -0.620086
-0.782476 0.053562 -0.620373
-0.810003 0.047550 -0.584494
-0.806382 0.048206 -0.589427
-0.782731 0.053156 -0.620086
-0.782476 0.053562 -0.620373
-0.746146 0.059613 -0.663108
-0.782731 0.053156 -0.620086
-0.746146 0.059613 -0.663108
-0.744142 0.059670 -0.665351
-0.744142 0.059670 -0.665351
-0.746146 0.059613 -0.663108
-0.689452 0.067005 -0.721225
-0.744142 0.059670 -0.665351
-0.689452 0.067005 -0.721225
-0.672789 0.068119 -0.736692
-0.779803 0.052806 -0.623794
-0.806382 0.048206 -0.589427
-0.803904 0.047637 -0.592848
-0.806382 0.048206 -0.589427
-0.779803 0.052806 -0.623794
-0.782476 0.053562 -0.620373
-0.782476 0.053562 -0.620373
-0.779803 0.052806 -0.623794
-0.749184 0.059278 -0.659704
-0.782476 0.053562 -0.620373
-0.749184 0.059278 -0.659704
-0.746146 0.059613 -0.663108
-0.746146 0.059613 -0.663108
-0.749184 0.059278 -0.659704
-0.697549 0.066708 -0.713425
-0.746146 0.059613 -0.663108
-0.697549 0.066708 -0.713425
-0.689452 0.067005 -0.721225
-0.537638 0.082289 -0.839151
-0.697549 0.066708 -0.713425
-0.576605 0.077341 -0.813354
-0.697549 0.066708 -0.713425
-0.537638 0.082289 -0.839151
-0.689452 0.067005 -0.721225
-0.749184 0.059278 -0.659704
-0.748180 0.059381 -0.660834
-0.702734 0.067239 -0.708268
-0.749184 0.059278 -0.659704
-0.702734 0.067239 -0.708268
-0.697549 0.066708 -0.713425
-0.779803 0.052806 -0.623794
-0.748180 0.059381 -0.660834
-0.749184 0.059278 -0.659704
-0.748180 0.059381 -0.660834
-0.779803 0.052806 -0.623794
-0.776496 0.053256 -0.627867
-0.576605 0.077341 -0.813354
-0.702734 0.067239 -0.708268
-0.614167 0.076250 -0.785484
-0.702734 0.067239 -0.708268
-0.576605 0.077341 -0.813354
-0.697549 0.066708 -0.713425
-0.748180 0.059381 -0.660834
-0.744252 0.058872 -0.665299
-0.704097 0.066991 -0.706936
-0.748180 0.059381 -0.660834
-0.704097 0.066991 -0.706936
-0.702734 0.067239 -0.708268
-0.776496 0.053256 -0.627867
-0.744252 0.058872 -0.665299
-0.748180 0.059381 -0.660834
-0.744252 0.058872 -0.665299
-0.776496 0.053256 -0.627867
-0.774697 0.053071 -0.630101
-0.614167 0.076250 -0.785484
-0.704097 0.066991 -0.706936
-0.636847 0.075398 -0.767294
-0.704097 0.066991 -0.706936
-0.614167 0.076250 -0.785484
-0.702734 0.067239 -0.708268
-0.401936 0.088506 -0.911380
-0.636847 0.075398 -0.767294
-0.483849 0.085323 -0.870983
-0.636847 0.075398 -0.767294
-0.401936 0.088506 -0.911380
-0.614167 0.076250 -0.785484
-0.774697 0.053071 -0.630101
-0.738888 0.059192 -0.671223
-0.744252 0.058872 -0.665299
-0.738888 0.059192 -0.671223
-0.774697 0.053071 -0.630101
-0.772763 0.053036 -0.632474
-0.744252 0.058872 -0.665299
-0.738888 0.059192 -0.671223
-0.701018 0.067009 -0.709988
-0.744252 0.058872 -0.665299
-0.701018 0.067009 -0.709988
-0.704097 0.066991 -0.706936
-0.636847 0.075398 -0.767294
-0.701018 0.067009 -0.709988
-0.651989 0.073810 -0.754627
-0.701018 0.067009 -0.709988
-0.636847 0.075398 -0.767294
-0.704097 0.066991 -0.706936
-0.483849 0.085323 -0.870983
-0.651989 0.073810 -0.754627
-0.543522 0.081084 -0.835469
-0.651989 0.073810 -0.754627
-0.483849 0.085323 -0.870983
-0.636847 0.075398 -0.767294
-0.735325 0.059444 -0.675102
-0.772763 0.053036 -0.632474
-0.768304 0.055130 -0.637707
-0.772763 0.053036 -0.632474
-0.735325 0.059444 -0.675102
-0.738888 0.059192 -0.671223
-0.738888 0.059192 -0.671223
-0.735325 0.059444 -0.675102
-0.699308 0.063698 -0.711976
-0.738888 0.059192 -0.671223
-0.699308 0.063698 -0.711976
-0.701018 0.067009 -0.709988
-0.651989 0.073810 -0.754627
-0.699308 0.063698 -0.711976
-0.664450 0.065972 -0.744415
-0.699308 0.063698 -0.711976
-0.651989 0.073810 -0.754627
-0.701018 0.067009 -0.709988
-0.543522 0.081084 -0.835469
-0.664450 0.065972 -0.744415
-0.576378 0.074833 -0.813750
-0.664450 0.065972 -0.744415
-0.543522 0.081084 -0.835469
-0.651989 0.073810 -0.754627
-0.284098 0.098607 -0.953711
-0.576378 0.074833 -0.813750
-0.287458 0.112359 -0.951180
-0.576378 0.074833 -0.813750
-0.284098 0.098607 -0.953711
-0.543522 0.081084 -0.835469
-0.664450 0.065972 -0.744415
-0.702940 0.061193 -0.708612
-0.671361 0.064104 -0.738353
-0.702940 0.061193 -0.708612
-0.664450 0.065972 -0.744415
-0.699308 0.063698 -0.711976
-0.735325 0.059444 -0.675102
-0.702940 0.061193 -0.708612
-0.699308 0.063698 -0.711976
-0.702940 0.061193 -0.708612
-0.735325 0.059444 -0.675102
-0.732895 0.058504 -0.677822
-0.576378 0.074833 -0.813750
-0.671361 0.064104 -0.738353
-0.576877 0.080267 -0.812878
-0.671361 0.064104 -0.738353
-0.576378 0.074833 -0.813750
-0.664450 0.065972 -0.744415
-0.287458 0.112359 -0.951180
-0.576877 0.080267 -0.812878
-0.289377 0.118402 -0.949864
-0.576877 0.080267 -0.812878
-0.287458 0.112359 -0.951180
-0.576378 0.074833 -0.813750
0.412242 0.151152 -0.898449
-0.289377 0.118402 -0.949864
0.089926 0.125558 -0.988002
-0.289377 0.118402 -0.949864
0.412242 0.151152 -0.898449
-0.287458 0.112359 -0.951180
-0.671361 0.064104 -0.738353
-0.708324 0.058139 -0.703489
-0.677835 0.058118 -0.732914
-0.708324 0.058139 -0.703489
-0.671361 0.064104 -0.738353
-0.702940 0.061193 -0.708612
-0.732895 0.058504 -0.677822
-0.708324 0.058139 -0.703489
-0.702940 0.061193 -0.708612
-0.708324 0.058139 -0.703489
-0.732895 0.058504 -0.677822
-0.732048 0.057154 -0.678851
-0.576877 0.080267 -0.812878
-0.677835 0.058118 -0.732914
-0.577137 0.065646 -0.814004
-0.677835 0.058118 -0.732914
-0.576877 0.080267 -0.812878
-0.671361 0.064104 -0.738353
-0.289377 0.118402 -0.949864
-0.577137 0.065646 -0.814004
-0.341279 0.072460 -0.937165
-0.577137 0.065646 -0.814004
-0.289377 0.118402 -0.949864
-0.576877 0.080267 -0.812878
0.089926 0.125558 -0.988002
-0.341279 0.072460 -0.937165
-0.194184 0.064637 -0.978833
-0.341279 0.072460 -0.937165
0.089926 0.125558 -0.988002
-0.289377 0.118402 -0.949864
-0.732048 0.057154 -0.678851
-0.716762 0.054297 -0.695201
-0.708324 0.058139 -0.703489
-0.716762 0.054297 -0.695201
-0.732048 0.057154 -0.678851
-0.735207 0.056997 -0.675442
-0.677835 0.058118 -0.732914
-0.716762 0.054297 -0.695201
-0.693287 0.051581 -0.718814
-0.716762 0.054297 -0.695201
-0.677835 0.058118 -0.732914
-0.708324 0.058139 -0.703489
-0.577137 0.065646 -0.814004
-0.693287 0.051581 -0.718814
-0.638769 0.043373 -0.768175
-0.693287 0.051581 -0.718814
-0.577137 0.065646 -0.814004
-0.677835 0.058118 -0.732914
-0.341279 0.072460 -0.937165
-0.638769 0.043373 -0.768175
-0.465924 0.057389 -0.882962
-0.638769 0.043373 -0.768175
-0.341279 0.072460 -0.937165
-0.577137 0.065646 -0.814004
-0.194184 0.064637 -0.978833
-0.465924 0.057389 -0.882962
-0.272550 0.100796 -0.956847
-0.465924 0.057389 -0.882962
-0.194184 0.064637 -0.978833
-0.341279 0.072460 -0.937165
0.476664 0.116627 -0.871315
-0.272550 0.100796 -0.956847
0.511718 0.245784 -0.823246
-0.272550 0.100796 -0.956847
0.476664 0.116627 -0.871315
-0.194184 0.064637 -0.978833
-0.735207 0.056997 -0.675442
-0.724116 0.055467 -0.687444
-0.716762 0.054297 -0.695201
-0.724116 0.055467 -0.687444
-0.735207 0.056997 -0.675442
-0.737400 0.056470 -0.673092
-0.724116 0.055467 -0.687444
-0.693287 0.051581 -0.718814
-0.716762 0.054297 -0.695201
-0.693287 0.051581 -0.718814
-0.724116 0.055467 -0.687444
-0.714487 0.053252 -0.697620
-0.638769 0.043373 -0.768175
-0.714487 0.053252 -0.697620
-0.704153 0.047582 -0.708452
-0.714487 0.053252 -0.697620
-0.638769 0.043373 -0.768175
-0.693287 0.051581 -0.718814
-0.465924 0.057389 -0.882962
-0.704153 0.047582 -0.708452
-0.619826 0.065106 -0.782034
-0.704153 0.047582 -0.708452
-0.465924 0.057389 -0.882962
-0.638769 0.043373 -0.768175
-0.272550 0.100796 -0.956847
-0.619826 0.065106 -0.782034
-0.284688 0.201322 -0.937242
-0.619826 0.065106 -0.782034
-0.272550 0.100796 -0.956847
-0.465924 0.057389 -0.882962
0.511718 0.245784 -0.823246
-0.284688 0.201322 -0.937242
0.439159 0.423865 -0.792135
-0.284688 0.201322 -0.937242
0.511718 0.245784 -0.823246
-0.272550 0.100796 -0.956847
-0.704153 0.047582 -0.708452
-0.732636 0.052407 -0.678600
-0.724685 0.050207 -0.687249
-0.732636 0.052407 -0.678600
-0.704153 0.047582 -0.708452
-0.714487 0.053252 -0.697620
-0.732636 0.052407 -0.678600
-0.714487 0.053252 -0.697620
-0.737400 0.056470 -0.673092
-0.714487 0.053252 -0.697620
-0.724116 0.055467 -0.687444
-0.737400 0.056470 -0.673092
-0.619826 0.065106 -0.782034
-0.724685 0.050207 -0.687249
-0.694872 0.111529 -0.710433
-0.724685 0.050207 -0.687249
-0.619826 0.065106 -0.782034
-0.704153 0.047582 -0.708452
-0.284688 0.201322 -0.937242
-0.694872 0.111529 -0.710433
-0.371607 0.391436 -0.841835
-0.694872 0.111529 -0.710433
-0.284688 0.201322 -0.937242
-0.619826 0.065106 -0.782034
0.439159 0.423865 -0.792135
-0.371607 0.391436 -0.841835
0.128267 0.567834 -0.813088
-0.371607 0.391436 -0.841835
0.439159 0.423865 -0.792135
-0.284688 0.201322 -0.937242
0.849563 0.362574 -0.383123
0.128267 0.567834 -0.813088
0.573998 0.587781 -0.570123
0.128267 0.567834 -0.813088
0.849563 0.362574 -0.383123
0.439159 0.423865 -0.792135
0.002272 -0.999997 -0.000438
-0.000001 -1.000000 0.000001
0.000605 -1.000000 -0.000059
-0.000001 -1.000000 0.000001
0.002272 -0.999997 -0.000438
-0.000001 -1.000000 0.000001
0.004602 -0.999989 0.000283
0.000605 -1.000000 -0.000059
0.000982 -1.000000 0.000241
0.000605 -1.000000 -0.000059
0.004602 -0.999989 0.000283
0.002272 -0.999997 -0.000438
0.000982 -1.000000 0.000241
-0.000003 -1.000000 0.000003
-0.000446 -0.999999 -0.001376
-0.000003 -1.000000 0.000003
0.000982 -1.000000 0.000241
0.000605 -1.000000 -0.000059
0.222194 -0.958332 -0.179528
0.331397 -0.931820 -0.147943
0.000982 -1.000000 0.000241
0.000982 -1.000000 0.000241
0.331397 -0.931820 -0.147943
0.004602 -0.999989 0.000283
0.222194 -0.958332 -0.179528
-0.000446 -0.999999 -0.001376
0.081064 -0.982212 -0.169374
-0.000446 -0.999999 -0.001376
0.222194 -0.958332 -0.179528
0.000982 -1.000000 0.000241
0.230244 -0.784190 -0.576224
0.483344 -0.752486 -0.447374
0.081064 -0.982212 -0.169374
0.081064 -0.982212 -0.169374
0.483344 -0.752486 -0.447374
0.222194 -0.958332 -0.179528
0.277873 -0.576642 -0.768291
0.483344 -0.752486 -0.447374
0.230244 -0.784190 -0.576224
0.483344 -0.752486 -0.447374
0.277873 -0.576642 -0.768291
0.547687 -0.609681 -0.572999
0.230244 -0.784190 -0.576224
-0.020633 -0.851757 -0.523531
-0.009272 -0.602922 -0.797746
0.230244 -0.784190 -0.576224
-0.009272 -0.602922 -0.797746
0.277873 -0.576642 -0.768291
-0.018865 -0.388458 -0.921273
0.277873 -0.576642 -0.768291
-0.009272 -0.602922 -0.797746
0.277873 -0.576642 -0.768291
-0.018865 -0.388458 -0.921273
0.287777 -0.439724 -0.850781
-0.052643 -0.106153 -0.992955
0.285607 -0.146772 -0.947041
-0.018865 -0.388458 -0.921273
0.287777 -0.439724 -0.850781
-0.018865 -0.388458 -0.921273
0.285607 -0.146772 -0.947041
-0.314703 0.038242 -0.948419
-0.052643 -0.106153 -0.992955
-0.323205 -0.033610 -0.945732
-0.052643 -0.106153 -0.992955
-0.314703 0.038242 -0.948419
-0.061985 0.030278 -0.997618
-0.061985 0.030278 -0.997618
-0.303989 0.040285 -0.951824
-0.061526 0.017202 -0.997957
-0.303989 0.040285 -0.951824
-0.061985 0.030278 -0.997618
-0.314703 0.038242 -0.948419
-0.510228 0.093489 -0.854943
-0.303989 0.040285 -0.951824
-0.506974 0.067556 -0.859310
-0.303989 0.040285 -0.951824
-0.510228 0.093489 -0.854943
-0.313584 0.046726 -0.948410
-0.533780 0.094325 -0.840346
-0.313584 0.046726 -0.948410
-0.510228 0.093489 -0.854943
-0.313584 0.046726 -0.948410
-0.533780 0.094325 -0.840346
-0.337280 0.046253 -0.940267
-0.567026 0.090804 -0.818679
-0.717517 0.096664 -0.689801
-0.595354 0.077052 -0.799761
-0.717517 0.096664 -0.689801
-0.567026 0.090804 -0.818679
-0.703016 0.130564 -0.699087
0.593212 0.792670 0.140620
0.865154 0.363662 0.345338
0.459265 0.848455 -0.263060
0.865154 0.363662 0.345338
0.593212 0.792670 0.140620
0.805209 0.224632 0.548798
0.459265 0.848455 -0.263060
0.955452 0.294574 -0.018392
0.573998 0.587781 -0.570123
0.955452 0.294574 -0.018392
0.459265 0.848455 -0.263060
0.865154 0.363662 0.345338
0.771339 0.111023 0.626665
0.593212 0.792670 0.140620
0.629624 0.670003 0.393280
0.593212 0.792670 0.140620
0.771339 0.111023 0.626665
0.805209 0.224632 0.548798
-0.204497 0.867471 -0.453513
0.629624 0.670003 0.393280
0.593212 0.792670 0.140620
0.629624 0.670003 0.393280
-0.204497 0.867471 -0.453513
-0.167728 0.962339 -0.213944
-0.155648 0.723060 -0.673021
-0.204497 0.867471 -0.453513
0.593212 0.792670 0.140620
0.593212 0.792670 0.140620
0.459265 0.848455 -0.263060
-0.155648 0.723060 -0.673021
-0.167728 0.962339 -0.213944
-0.116034 0.992497 -0.038541
0.575637 0.577705 0.578705
-0.167728 0.962339 -0.213944
0.575637 0.577705 0.578705
0.629624 0.670003 0.393280
-0.116034 0.992497 -0.038541
-0.585325 0.627447 -0.513523
-0.509530 0.650179 -0.563602
-0.585325 0.627447 -0.513523
-0.116034 0.992497 -0.038541
-0.167728 0.962339 -0.213944
-0.204497 0.867471 -0.453513
-0.585325 0.627447 -0.513523
-0.167728 0.962339 -0.213944
-0.585325 0.627447 -0.513523
-0.204497 0.867471 -0.453513
-0.594820 0.554995 -0.581523
0.745919 0.084595 0.660642
0.629624 0.670003 0.393280
0.575637 0.577705 0.578705
0.629624 0.670003 0.393280
0.745919 0.084595 0.660642
0.771339 0.111023 0.626665
-0.191712 0.971762 0.137565
-0.116034 0.992497 -0.038541
-0.509530 0.650179 -0.563602
-0.509530 0.650179 -0.563602
-0.566058 0.736498 -0.370338
-0.191712 0.971762 0.137565
-0.566058 0.736498 -0.370338
-0.549582 0.579398 -0.601878
-0.659241 0.447032 -0.604619
-0.549582 0.579398 -0.601878
-0.566058 0.736498 -0.370338
-0.509530 0.650179 -0.563602
-0.607177 0.542217 -0.580807
-0.549582 0.579398 -0.601878
-0.509530 0.650179 -0.563602
-0.509530 0.650179 -0.563602
-0.585325 0.627447 -0.513523
-0.607177 0.542217 -0.580807
-0.116034 0.992497 -0.038541
-0.191712 0.971762 0.137565
0.436963 0.568793 0.696806
-0.116034 0.992497 -0.038541
0.436963 0.568793 0.696806
0.575637 0.577705 0.578705
0.575637 0.577705 0.578705
0.700845 0.170062 0.692745
0.745919 0.084595 0.660642
0.700845 0.170062 0.692745
0.575637 0.577705 0.578705
0.436963 0.568793 0.696806
-0.659241 0.447032 -0.604619
-0.798225 0.170151 -0.577828
-0.802893 0.568051 -0.180779
-0.659241 0.447032 -0.604619
-0.802893 0.568051 -0.180779
-0.566058 0.736498 -0.370338
-0.798225 0.170151 -0.577828
-0.752425 0.227360 -0.618194
-0.793813 0.091268 -0.601274
-0.752425 0.227360 -0.618194
-0.798225 0.170151 -0.577828
-0.659241 0.447032 -0.604619
-0.752425 0.227360 -0.618194
-0.659241 0.447032 -0.604619
-0.698591 0.278747 -0.658992
-0.659241 0.447032 -0.604619
-0.549582 0.579398 -0.601878
-0.698591 0.278747 -0.658992
-0.276784 0.803641 0.526831
-0.191712 0.971762 0.137565
-0.566058 0.736498 -0.370338
-0.566058 0.736498 -0.370338
-0.802893 0.568051 -0.180779
-0.276784 0.803641 0.526831
0.280703 0.541604 0.792383
0.436963 0.568793 0.696806
-0.191712 0.971762 0.137565
-0.191712 0.971762 0.137565
-0.276784 0.803641 0.526831
0.280703 0.541604 0.792383
0.574536 0.295241 0.763375
0.436963 0.568793 0.696806
0.280703 0.541604 0.792383
0.436963 0.568793 0.696806
0.574536 0.295241 0.763375
0.700845 0.170062 0.692745
0.488898 0.305626 0.817050
0.574536 0.295241 0.763375
0.280703 0.541604 0.792383
0.280703 0.541604 0.792383
0.137275 0.472332 0.870665
0.488898 0.305626 0.817050
-0.276784 0.803641 0.526831
0.137275 0.472332 0.870665
0.280703 0.541604 0.792383
0.137275 0.472332 0.870665
-0.276784 0.803641 0.526831
-0.629496 0.524803 0.572989
0.012928 -0.999916 -0.000955
0.002272 -0.999997 -0.000438
0.004602 -0.999989 0.000283
0.002272 -0.999997 -0.000438
0.012928 -0.999916 -0.000955
0.004461 -0.999989 -0.001207
0.015749 -0.999870 -0.003365
0.004461 -0.999989 -0.001207
0.012928 -0.999916 -0.000955
0.004461 -0.999989 -0.001207
0.015749 -0.999870 -0.003365
0.005711 -0.999983 -0.001363
0.280428 -0.959870 -0.003180
0.012928 -0.999916 -0.000955
0.289671 -0.954210 -0.074667
0.012928 -0.999916 -0.000955
0.280428 -0.959870 -0.003180
0.015749 -0.999870 -0.003365
0.289671 -0.954210 -0.074667
0.004602 -0.999989 0.000283
0.331397 -0.931820 -0.147943
0.004602 -0.999989 0.000283
0.289671 -0.954210 -0.074667
0.012928 -0.999916 -0.000955
0.623576 -0.714758 -0.316662
0.222194 -0.958332 -0.179528
0.483344 -0.752486 -0.447374
0.222194 -0.958332 -0.179528
0.623576 -0.714758 -0.316662
0.331397 -0.931820 -0.147943
0.623576 -0.714758 -0.316662
0.659882 -0.723981 -0.201018
0.331397 -0.931820 -0.147943
0.331397 -0.931820 -0.147943
0.659882 -0.723981 -0.201018
0.289671 -0.954210 -0.074667
0.659882 -0.723981 -0.201018
0.623576 -0.714758 -0.316662
0.734117 -0.631688 -0.249083
0.623576 -0.714758 -0.316662
0.686417 -0.628019 -0.366637
0.734117 -0.631688 -0.249083
0.686417 -0.628019 -0.366637
0.483344 -0.752486 -0.447374
0.547687 -0.609681 -0.572999
0.483344 -0.752486 -0.447374
0.686417 -0.628019 -0.366637
0.623576 -0.714758 -0.316662
0.686417 -0.628019 -0.366637
0.547687 -0.609681 -0.572999
0.750623 -0.494580 -0.438127
0.750623 -0.494580 -0.438127
0.547687 -0.609681 -0.572999
0.577539 -0.464132 -0.671587
0.547687 -0.609681 -0.572999
0.277873 -0.576642 -0.768291
0.287777 -0.439724 -0.850781
0.547687 -0.609681 -0.572999
0.287777 -0.439724 -0.850781
0.577539 -0.464132 -0.671587
0.285607 -0.146772 -0.947041
0.620229 -0.154271 -0.769101
0.287777 -0.439724 -0.850781
0.577539 -0.464132 -0.671587
0.287777 -0.439724 -0.850781
0.620229 -0.154271 -0.769101
0.261066 0.011228 -0.965256
0.611546 0.001348 -0.791207
0.285607 -0.146772 -0.947041
0.620229 -0.154271 -0.769101
0.285607 -0.146772 -0.947041
0.611546 0.001348 -0.791207
-0.052643 -0.106153 -0.992955
0.261066 0.011228 -0.965256
0.285607 -0.146772 -0.947041
0.261066 0.011228 -0.965256
-0.052643 -0.106153 -0.992955
-0.061985 0.030278 -0.997618
0.261066 0.011228 -0.965256
-0.061526 0.017202 -0.997957
0.246309 0.001825 -0.969190
-0.061526 0.017202 -0.997957
0.261066 0.011228 -0.965256
-0.061985 0.030278 -0.997618
-0.061526 0.017202 -0.997957
-0.313584 0.046726 -0.948410
-0.072703 0.015454 -0.997234
-0.313584 0.046726 -0.948410
-0.061526 0.017202 -0.997957
-0.303989 0.040285 -0.951824
-0.072703 0.015454 -0.997234
-0.337280 0.046253 -0.940267
-0.084825 0.016599 -0.996258
-0.337280 0.046253 -0.940267
-0.072703 0.015454 -0.997234
-0.313584 0.046726 -0.948410
-0.337280 0.046253 -0.940267
-0.567026 0.090804 -0.818679
-0.369694 0.051126 -0.927746
-0.567026 0.090804 -0.818679
-0.337280 0.046253 -0.940267
-0.533780 0.094325 -0.840346
-0.854134 0.041946 -0.518358
-0.851729 0.040605 -0.522407
-0.815059 0.046601 -0.577501
-0.854134 0.041946 -0.518358
-0.815059 0.046601 -0.577501
-0.815018 0.046855 -0.577538
-0.851729 0.040605 -0.522407
-0.847635 0.039040 -0.529141
-0.813574 0.046995 -0.579559
-0.851729 0.040605 -0.522407
-0.813574 0.046995 -0.579559
-0.815059 0.046601 -0.577501
-0.842266 0.040084 -0.537569
-0.891366 0.033328 -0.452058
-0.884748 0.035243 -0.464735
-0.891366 0.033328 -0.452058
-0.842266 0.040084 -0.537569
-0.847635 0.039040 -0.529141
-0.847635 0.039040 -0.529141
-0.842266 0.040084 -0.537569
-0.810003 0.047550 -0.584494
-0.847635 0.039040 -0.529141
-0.810003 0.047550 -0.584494
-0.813574 0.046995 -0.579559
-0.884748 0.035243 -0.464735
-0.878364 0.039232 -0.476380
-0.837263 0.042586 -0.545139
-0.884748 0.035243 -0.464735
-0.837263 0.042586 -0.545139
-0.842266 0.040084 -0.537569
-0.842266 0.040084 -0.537569
-0.837263 0.042586 -0.545139
-0.806382 0.048206 -0.589427
-0.842266 0.040084 -0.537569
-0.806382 0.048206 -0.589427
-0.810003 0.047550 -0.584494
-0.878364 0.039232 -0.476380
-0.873295 0.041684 -0.485406
-0.833523 0.042938 -0.550813
-0.878364 0.039232 -0.476380
-0.833523 0.042938 -0.550813
-0.837263 0.042586 -0.545139
-0.837263 0.042586 -0.545139
-0.833523 0.042938 -0.550813
-0.803904 0.047637 -0.592848
-0.837263 0.042586 -0.545139
-0.803904 0.047637 -0.592848
-0.806382 0.048206 -0.589427
-0.830020 0.045305 -0.555891
-0.873295 0.041684 -0.485406
-0.867480 0.044681 -0.495462
-0.873295 0.041684 -0.485406
-0.830020 0.045305 -0.555891
-0.833523 0.042938 -0.550813
-0.833523 0.042938 -0.550813
-0.830020 0.045305 -0.555891
-0.801650 0.048631 -0.595812
-0.833523 0.042938 -0.550813
-0.801650 0.048631 -0.595812
-0.803904 0.047637 -0.592848
-0.803904 0.047637 -0.592848
-0.801650 0.048631 -0.595812
-0.776496 0.053256 -0.627867
-0.803904 0.047637 -0.592848
-0.776496 0.053256 -0.627867
-0.779803 0.052806 -0.623794
-0.826209 0.047353 -0.561369
-0.867480 0.044681 -0.495462
-0.857673 0.045695 -0.512161
-0.867480 0.044681 -0.495462
-0.826209 0.047353 -0.561369
-0.830020 0.045305 -0.555891
-0.830020 0.045305 -0.555891
-0.826209 0.047353 -0.561369
-0.799970 0.049853 -0.597965
-0.830020 0.045305 -0.555891
-0.799970 0.049853 -0.597965
-0.801650 0.048631 -0.595812
-0.801650 0.048631 -0.595812
-0.799970 0.049853 -0.597965
-0.774697 0.053071 -0.630101
-0.801650 0.048631 -0.595812
-0.774697 0.053071 -0.630101
-0.776496 0.053256 -0.627867
-0.820978 0.046551 -0.569058
-0.857673 0.045695 -0.512161
-0.849146 0.047735 -0.525996
-0.857673 0.045695 -0.512161
-0.820978 0.046551 -0.569058
-0.826209 0.047353 -0.561369
-0.826209 0.047353 -0.561369
-0.820978 0.046551 -0.569058
-0.797327 0.049150 -0.601543
-0.826209 0.047353 -0.561369
-0.797327 0.049150 -0.601543
-0.799970 0.049853 -0.597965
-0.799970 0.049853 -0.597965
-0.797327 0.049150 -0.601543
-0.772763 0.053036 -0.632474
-0.799970 0.049853 -0.597965
-0.772763 0.053036 -0.632474
-0.774697 0.053071 -0.630101
-0.812207 0.051198 -0.581119
-0.849146 0.047735 -0.525996
-0.838607 0.049288 -0.542502
-0.849146 0.047735 -0.525996
-0.812207 0.051198 -0.581119
-0.820978 0.046551 -0.569058
-0.793352 0.052790 -0.606470
-0.820978 0.046551 -0.569058
-0.812207 0.051198 -0.581119
-0.820978 0.046551 -0.569058
-0.793352 0.052790 -0.606470
-0.797327 0.049150 -0.601543
-0.797327 0.049150 -0.601543
-0.793352 0.052790 -0.606470
-0.768304 0.055130 -0.637707
-0.797327 0.049150 -0.601543
-0.768304 0.055130 -0.637707
-0.772763 0.053036 -0.632474
-0.804141 0.048972 -0.592418
-0.838607 0.049288 -0.542502
-0.828069 0.048833 -0.558495
-0.838607 0.049288 -0.542502
-0.804141 0.048972 -0.592418
-0.812207 0.051198 -0.581119
-0.789291 0.051903 -0.611822
-0.812207 0.051198 -0.581119
-0.804141 0.048972 -0.592418
-0.812207 0.051198 -0.581119
-0.789291 0.051903 -0.611822
-0.793352 0.052790 -0.606470
-0.793352 0.052790 -0.606470
-0.789291 0.051903 -0.611822
-0.765030 0.054988 -0.641643
-0.793352 0.052790 -0.606470
-0.765030 0.054988 -0.641643
-0.768304 0.055130 -0.637707
-0.768304 0.055130 -0.637707
-0.765030 0.054988 -0.641643
-0.732895 0.058504 -0.677822
-0.768304 0.055130 -0.637707
-0.732895 0.058504 -0.677822
-0.735325 0.059444 -0.675102
-0.941961 0.074638 -0.327321
-0.926108 0.048841 -0.374084
-0.826359 0.048572 -0.561045
-0.941961 0.074638 -0.327321
-0.826359 0.048572 -0.561045
-0.828069 0.048833 -0.558495
-0.798861 0.046305 -0.599731
-0.828069 0.048833 -0.558495
-0.826359 0.048572 -0.561045
-0.828069 0.048833 -0.558495
-0.798861 0.046305 -0.599731
-0.804141 0.048972 -0.592418
-0.804141 0.048972 -0.592418
-0.798861 0.046305 -0.599731
-0.782705 0.048744 -0.620482
-0.804141 0.048972 -0.592418
-0.782705 0.048744 -0.620482
-0.789291 0.051903 -0.611822
-0.789291 0.051903 -0.611822
-0.782705 0.048744 -0.620482
-0.760083 0.053616 -0.647611
-0.789291 0.051903 -0.611822
-0.760083 0.053616 -0.647611
-0.765030 0.054988 -0.641643
-0.765030 0.054988 -0.641643
-0.760083 0.053616 -0.647611
-0.732048 0.057154 -0.678851
-0.765030 0.054988 -0.641643
-0.732048 0.057154 -0.678851
-0.732895 0.058504 -0.677822
-0.816183 0.047303 -0.575854
-0.926108 0.048841 -0.374084
-0.865699 0.033193 -0.499463
-0.926108 0.048841 -0.374084
-0.816183 0.047303 -0.575854
-0.826359 0.048572 -0.561045
-0.791445 0.051360 -0.609079
-0.826359 0.048572 -0.561045
-0.816183 0.047303 -0.575854
-0.826359 0.048572 -0.561045
-0.791445 0.051360 -0.609079
-0.798861 0.046305 -0.599731
-0.798861 0.046305 -0.599731
-0.791445 0.051360 -0.609079
-0.770910 0.054816 -0.634581
-0.798861 0.046305 -0.599731
-0.770910 0.054816 -0.634581
-0.782705 0.048744 -0.620482
-0.782705 0.048744 -0.620482
-0.770910 0.054816 -0.634581
-0.753599 0.057969 -0.654773
-0.782705 0.048744 -0.620482
-0.753599 0.057969 -0.654773
-0.760083 0.053616 -0.647611
-0.760083 0.053616 -0.647611
-0.753599 0.057969 -0.654773
-0.735207 0.056997 -0.675442
-0.760083 0.053616 -0.647611
-0.735207 0.056997 -0.675442
-0.732048 0.057154 -0.678851
-0.794169 0.050090 -0.605629
-0.865699 0.033193 -0.499463
-0.805099 0.045637 -0.591382
-0.865699 0.033193 -0.499463
-0.794169 0.050090 -0.605629
-0.816183 0.047303 -0.575854
-0.777138 0.053181 -0.627080
-0.816183 0.047303 -0.575854
-0.794169 0.050090 -0.605629
-0.816183 0.047303 -0.575854
-0.777138 0.053181 -0.627080
-0.791445 0.051360 -0.609079
-0.758575 0.054332 -0.649317
-0.791445 0.051360 -0.609079
-0.777138 0.053181 -0.627080
-0.791445 0.051360 -0.609079
-0.758575 0.054332 -0.649317
-0.770910 0.054816 -0.634581
-0.749757 0.056353 -0.659309
-0.770910 0.054816 -0.634581
-0.758575 0.054332 -0.649317
-0.770910 0.054816 -0.634581
-0.749757 0.056353 -0.659309
-0.753599 0.057969 -0.654773
-0.737400 0.056470 -0.673092
-0.753599 0.057969 -0.654773
-0.749757 0.056353 -0.659309
-0.753599 0.057969 -0.654773
-0.737400 0.056470 -0.673092
-0.735207 0.056997 -0.675442
0.000198 -1.000000 -0.000076
0.001474 -0.999999 -0.000090
0.228868 -0.970901 0.070502
0.000198 -1.000000 -0.000076
0.228868 -0.970901 0.070502
0.166558 -0.983955 0.063965
0.007663 -0.999969 -0.001864
0.228868 -0.970901 0.070502
0.001474 -0.999999 -0.000090
0.228868 -0.970901 0.070502
0.007663 -0.999969 -0.001864
0.267980 -0.962037 0.051692
0.642535 -0.738966 0.202677
0.267980 -0.962037 0.051692
0.662883 -0.737954 0.126530
0.267980 -0.962037 0.051692
0.642535 -0.738966 0.202677
0.228868 -0.970901 0.070502
0.267980 -0.962037 0.051692
0.015749 -0.999870 -0.003365
0.280428 -0.959870 -0.003180
0.015749 -0.999870 -0.003365
0.267980 -0.962037 0.051692
0.007663 -0.999969 -0.001864
0.662883 -0.737954 0.126530
0.280428 -0.959870 -0.003180
0.658168 -0.752503 -0.023539
0.280428 -0.959870 -0.003180
0.662883 -0.737954 0.126530
0.267980 -0.962037 0.051692
0.805819 -0.574074 0.145240
0.658168 -0.752503 -0.023539
0.795571 -0.603850 -0.049314
0.658168 -0.752503 -0.023539
0.805819 -0.574074 0.145240
0.662883 -0.737954 0.126530
0.658168 -0.752503 -0.023539
0.289671 -0.954210 -0.074667
0.659882 -0.723981 -0.201018
0.289671 -0.954210 -0.074667
0.658168 -0.752503 -0.023539
0.280428 -0.959870 -0.003180
0.795571 -0.603850 -0.049314
0.659882 -0.723981 -0.201018
0.734117 -0.631688 -0.249083
0.659882 -0.723981 -0.201018
0.795571 -0.603850 -0.049314
0.658168 -0.752503 -0.023539
0.904921 -0.419448 -0.071988
0.734117 -0.631688 -0.249083
0.838398 -0.471596 -0.273289
0.734117 -0.631688 -0.249083
0.904921 -0.419448 -0.071988
0.795571 -0.603850 -0.049314
0.838398 -0.471596 -0.273289
0.686417 -0.628019 -0.366637
0.750623 -0.494580 -0.438127
0.686417 -0.628019 -0.366637
0.838398 -0.471596 -0.273289
0.734117 -0.631688 -0.249083
0.943277 -0.156286 -0.292922
0.750623 -0.494580 -0.438127
0.838234 -0.163607 -0.520189
0.750623 -0.494580 -0.438127
0.943277 -0.156286 -0.292922
0.838398 -0.471596 -0.273289
0.838234 -0.163607 -0.520189
0.577539 -0.464132 -0.671587
0.620229 -0.154271 -0.769101
0.577539 -0.464132 -0.671587
0.838234 -0.163607 -0.520189
0.750623 -0.494580 -0.438127
0.845646 0.011838 -0.533613
0.620229 -0.154271 -0.769101
0.611546 0.001348 -0.791207
0.620229 -0.154271 -0.769101
0.845646 0.011838 -0.533613
0.838234 -0.163607 -0.520189
0.261066 0.011228 -0.965256
0.591305 -0.005484 -0.806429
0.611546 0.001348 -0.791207
0.591305 -0.005484 -0.806429
0.261066 0.011228 -0.965256
0.246309 0.001825 -0.969190
-0.072703 0.015454 -0.997234
0.246309 0.001825 -0.969190
-0.061526 0.017202 -0.997957
0.246309 0.001825 -0.969190
-0.072703 0.015454 -0.997234
0.230505 -0.000293 -0.973071
-0.000001 -1.000000 0.000001
-0.000001 -1.000000 0.000001
-0.000000 -1.000000 -0.000003
-0.000000 -1.000000 -0.000003
-0.000001 -1.000000 0.000001
0.000003 -1.000000 -0.000002
-0.000000 -1.000000 0.000000
-0.000001 -1.000000 0.000001
-0.000000 -1.000000 -0.000003
-0.000001 -1.000000 0.000001
-0.000000 -1.000000 0.000000
-0.000001 -1.000000 0.000000
0.000019 -1.000000 -0.000065
-0.000000 -1.000000 0.000000
-0.000000 -1.000000 -0.000003
-0.000000 -1.000000 -0.000003
0.000048 -1.000000 -0.000082
0.000019 -1.000000 -0.000065
-0.000000 -1.000000 -0.000003
0.000003 -1.000000 -0.000002
0.000058 -1.000000 -0.000035
-0.000000 -1.000000 -0.000003
0.000058 -1.000000 -0.000035
0.000048 -1.000000 -0.000082
0.000048 -1.000000 -0.000082
0.000058 -1.000000 -0.000035
0.000075 -1.000000 0.000930
0.000048 -1.000000 -0.000082
0.000075 -1.000000 0.000930
-0.000058 -1.000000 -0.000016
-0.000058 -1.000000 -0.000016
0.000019 -1.000000 -0.000065
0.000048 -1.000000 -0.000082
0.000019 -1.000000 -0.000065
-0.000058 -1.000000 -0.000016
-0.000476 -1.000000 -0.000125
-0.000000 -1.000000 0.000001
-0.000000 -1.000000 0.000001
-0.000001 -1.000000 0.000001
-0.000000 -1.000000 0.000001
-0.000000 -1.000000 0.000001
-0.000000 -1.000000 0.000002
-0.000000 -1.000000 0.000001
-0.000001 -1.000000 0.000001
-0.000001 -1.000000 -0.000000
-0.000001 -1.000000 0.000001
-0.000000 -1.000000 0.000001
-0.000001 -1.000000 0.000001
-0.000001 -1.000000 0.000001
-0.000000 -1.000000 0.000001
0.000002 -1.000000 0.000000
-0.000001 -1.000000 0.000001
0.000002 -1.000000 0.000000
0.000003 -1.000000 -0.000002
0.000003 -1.000000 -0.000002
0.000002 -1.000000 0.000000
-0.000315 -1.000000 0.000878
0.000003 -1.000000 -0.000002
-0.000315 -1.000000 0.000878
0.000058 -1.000000 -0.000035
0.000075 -1.000000 0.000930
0.000058 -1.000000 -0.000035
-0.000255 -0.999998 0.002126
0.000058 -1.000000 -0.000035
-0.000315 -1.000000 0.000878
-0.000255 -0.999998 0.002126
-0.000001 -1.000000 0.000001
-0.000000 -1.000000 0.000001
0.000000 -1.000000 -0.000001
-0.000000 -1.000000 0.000001
-0.000001 -1.000000 0.000001
-0.000000 -1.000000 0.000002
-0.000000 -1.000000 -0.000000
-0.000001 -1.000000 -0.000000
-0.000001 -1.000000 0.000000
-0.000001 -1.000000 0.000000
-0.000001 -1.000000 -0.000000
-0.000001 -1.000000 0.000001
-0.000000 -1.000000 -0.000000
-0.000000 -1.000000 -0.000000
-0.000001 -1.000000 0.000001
-0.000000 -1.000000 -0.000000
-0.000000 -1.000000 -0.000000
-0.000001 -1.000000 -0.000000
-0.000001 -1.000000 0.000002
-0.000001 -1.000000 0.000001
-0.000001 -1.000000 0.000001
-0.000001 -1.000000 0.000001
-0.000001 -1.000000 0.000002
-0.000000 -1.000000 -0.000000
-0.000000 -1.000000 0.000001
-0.000001 -1.000000 0.000001
-0.000000 -1.000000 0.000000
-0.000001 -1.000000 0.000001
-0.000000 -1.000000 0.000001
-0.000001 -1.000000 0.000002
-0.000001 -1.000000 0.000001
-0.000000 -1.000000 0.000001
-0.000000 -1.000000 0.000000
-0.000000 -1.000000 0.000001
-0.000001 -1.000000 0.000001
-0.000000 -1.000000 0.000001
-0.000001 -1.000000 0.000001
-0.000000 -1.000000 0.000001
-0.000001 -1.000000 0.000001
-0.000000 -1.000000 0.000001
-0.000001 -1.000000 0.000001
-0.000001 -1.000000 0.000001
-0.000000 -1.000000 0.000000
-0.000000 -1.000000 0.000001
-0.000000 -1.000000 0.000001
-0.000000 -1.000000 0.000001
-0.000000 -1.000000 0.000000
-0.000001 -1.000000 0.000001
-0.000001 -1.000000 0.000001
-0.000001 -1.000000 0.000002
-0.000000 -1.000000 0.000001
-0.000001 -1.000000 0.000002
-0.000001 -1.000000 0.000001
-0.000001 -1.000000 0.000000
-0.000001 -1.000000 0.000000
-0.000000 -1.000000 -0.000000
-0.000001 -1.000000 0.000002
-0.000000 -1.000000 -0.000000
-0.000001 -1.000000 0.000000
0.000000 -1.000000 -0.000001
0.000000 -1.000000 -0.000001
-0.000001 -1.000000 -0.000000
-0.000000 -1.000000 -0.000000
-0.000001 -1.000000 -0.000000
0.000000 -1.000000 -0.000001
-0.000000 -1.000000 0.000001
-0.000002 -1.000000 -0.000000
0.000000 -1.000000 -0.000001
-0.000001 -1.000000 0.000000
0.000000 -1.000000 -0.000001
-0.000002 -1.000000 -0.000000
-0.000001 -1.000000 0.000001
-0.913025 -0.112061 0.392209
-0.931616 -0.362651 0.023978
-0.842008 -0.386142 0.376720
-0.931616 -0.362651 0.023978
-0.913025 -0.112061 0.392209
-0.998556 -0.051074 0.016646
-0.918004 -0.033651 0.395140
-0.998556 -0.051074 0.016646
-0.913025 -0.112061 0.392209
-0.998556 -0.051074 0.016646
-0.918004 -0.033651 0.395140
-0.999842 0.017393 0.003685
-0.918004 -0.033651 0.395140
-0.999837 0.017571 -0.004243
-0.999842 0.017393 0.003685
-0.999837 0.017571 -0.004243
-0.918004 -0.033651 0.395140
-0.915724 -0.148231 0.373467
-0.000476 -1.000000 -0.000125
-0.000058 -1.000000 -0.000016
-0.024300 -0.999599 0.014557
-0.000476 -1.000000 -0.000125
-0.024300 -0.999599 0.014557
-0.035675 -0.999171 0.019588
-0.035675 -0.999171 0.019588
-0.024300 -0.999599 0.014557
-0.175254 -0.971969 0.156725
-0.035675 -0.999171 0.019588
-0.175254 -0.971969 0.156725
-0.255861 -0.957557 0.132741
-0.255861 -0.957557 0.132741
-0.175254 -0.971969 0.156725
-0.373419 -0.846822 0.378750
-0.255861 -0.957557 0.132741
-0.373419 -0.846822 0.378750
-0.501431 -0.832863 0.234320
-0.501431 -0.832863 0.234320
-0.373419 -0.846822 0.378750
-0.551969 -0.620291 0.557288
-0.501431 -0.832863 0.234320
-0.551969 -0.620291 0.557288
-0.698255 -0.636667 0.327255
-0.657080 -0.387709 0.646473
-0.698255 -0.636667 0.327255
-0.551969 -0.620291 0.557288
-0.698255 -0.636667 0.327255
-0.657080 -0.387709 0.646473
-0.842008 -0.386142 0.376720
-0.000058 -1.000000 -0.000016
0.000075 -1.000000 0.000930
-0.004917 -0.999961 0.007287
-0.000058 -1.000000 -0.000016
-0.004917 -0.999961 0.007287
-0.024300 -0.999599 0.014557
-0.087804 -0.984979 0.148684
-0.175254 -0.971969 0.156725
-0.024300 -0.999599 0.014557
-0.024300 -0.999599 0.014557
-0.004917 -0.999961 0.007287
-0.087804 -0.984979 0.148684
-0.732636 0.052407 -0.678600
-0.749757 0.056353 -0.659309
-0.744180 0.051000 -0.666030
-0.749757 0.056353 -0.659309
-0.732636 0.052407 -0.678600
-0.737400 0.056470 -0.673092
-0.744180 0.051000 -0.666030
-0.758575 0.054332 -0.649317
-0.751334 0.050643 -0.657976
-0.758575 0.054332 -0.649317
-0.744180 0.051000 -0.666030
-0.749757 0.056353 -0.659309
-0.758575 0.054332 -0.649317
-0.761492 0.054376 -0.645890
-0.751334 0.050643 -0.657976
-0.761492 0.054376 -0.645890
-0.758575 0.054332 -0.649317
-0.777138 0.053181 -0.627080
-0.777138 0.053181 -0.627080
-0.776431 0.053763 -0.627905
-0.761492 0.054376 -0.645890
-0.776431 0.053763 -0.627905
-0.777138 0.053181 -0.627080
-0.794169 0.050090 -0.605629
-0.698591 0.278747 -0.658992
-0.708041 0.269641 -0.652665
-0.761492 0.054376 -0.645890
-0.698591 0.278747 -0.658992
-0.761492 0.054376 -0.645890
-0.776431 0.053763 -0.627905
-0.708041 0.269641 -0.652665
-0.751334 0.050643 -0.657976
-0.761492 0.054376 -0.645890
-0.751334 0.050643 -0.657976
-0.708041 0.269641 -0.652665
-0.731639 0.179842 -0.657542
-0.776431 0.053763 -0.627905
-0.805099 0.045637 -0.591382
-0.793813 0.091268 -0.601274
-0.805099 0.045637 -0.591382
-0.776431 0.053763 -0.627905
-0.794169 0.050090 -0.605629
-0.752425 0.227360 -0.618194
-0.698591 0.278747 -0.658992
-0.776431 0.053763 -0.627905
-0.752425 0.227360 -0.618194
-0.776431 0.053763 -0.627905
-0.793813 0.091268 -0.601274
-0.793813 0.091268 -0.601274
-0.884208 0.066943 -0.462271
-0.798225 0.170151 -0.577828
-0.884208 0.066943 -0.462271
-0.793813 0.091268 -0.601274
-0.805099 0.045637 -0.591382
-0.629496 0.524803 0.572989
-0.802893 0.568051 -0.180779
-0.966918 0.237450 -0.093209
-0.802893 0.568051 -0.180779
-0.629496 0.524803 0.572989
-0.276784 0.803641 0.526831
-0.966918 0.237450 -0.093209
-0.802893 0.568051 -0.180779
-0.798225 0.170151 -0.577828
-0.966918 0.237450 -0.093209
-0.798225 0.170151 -0.577828
-0.884208 0.066943 -0.462271
-0.724685 0.050207 -0.687249
-0.744180 0.051000 -0.666030
-0.735827 0.085057 -0.671806
-0.744180 0.051000 -0.666030
-0.724685 0.050207 -0.687249
-0.732636 0.052407 -0.678600
-0.694872 0.111529 -0.710433
-0.735827 0.085057 -0.671806
-0.684930 0.237774 -0.688720
-0.735827 0.085057 -0.671806
-0.694872 0.111529 -0.710433
-0.724685 0.050207 -0.687249
-0.371607 0.391436 -0.841835
-0.684930 0.237774 -0.688720
-0.492795 0.480305 -0.725576
-0.684930 0.237774 -0.688720
-0.371607 0.391436 -0.841835
-0.694872 0.111529 -0.710433
0.128267 0.567834 -0.813088
-0.492795 0.480305 -0.725576
-0.155648 0.723060 -0.673021
-0.492795 0.480305 -0.725576
0.128267 0.567834 -0.813088
-0.371607 0.391436 -0.841835
0.459265 0.848455 -0.263060
0.573998 0.587781 -0.570123
0.128267 0.567834 -0.813088
0.459265 0.848455 -0.263060
0.128267 0.567834 -0.813088
-0.155648 0.723060 -0.673021
-0.735827 0.085057 -0.671806
-0.751334 0.050643 -0.657976
-0.731639 0.179842 -0.657542
-0.751334 0.050643 -0.657976
-0.735827 0.085057 -0.671806
-0.744180 0.051000 -0.666030
-0.684930 0.237774 -0.688720
-0.731639 0.179842 -0.657542
-0.669514 0.411984 -0.618078
-0.731639 0.179842 -0.657542
-0.684930 0.237774 -0.688720
-0.735827 0.085057 -0.671806
-0.492795 0.480305 -0.725576
-0.669514 0.411984 -0.618078
-0.594820 0.554995 -0.581523
-0.669514 0.411984 -0.618078
-0.492795 0.480305 -0.725576
-0.684930 0.237774 -0.688720
-0.204497 0.867471 -0.453513
-0.155648 0.723060 -0.673021
-0.492795 0.480305 -0.725576
-0.204497 0.867471 -0.453513
-0.492795 0.480305 -0.725576
-0.594820 0.554995 -0.581523
-0.669514 0.411984 -0.618078
-0.708041 0.269641 -0.652665
-0.607177 0.542217 -0.580807
-0.708041 0.269641 -0.652665
-0.669514 0.411984 -0.618078
-0.731639 0.179842 -0.657542
-0.594820 0.554995 -0.581523
-0.607177 0.542217 -0.580807
-0.585325 0.627447 -0.513523
-0.607177 0.542217 -0.580807
-0.594820 0.554995 -0.581523
-0.669514 0.411984 -0.618078
-0.549582 0.579398 -0.601878
-0.708041 0.269641 -0.652665
-0.698591 0.278747 -0.658992
-0.708041 0.269641 -0.652665
-0.549582 0.579398 -0.601878
-0.607177 0.542217 -0.580807
-0.873158 -0.455499 0.173542
-0.870514 -0.456741 0.183285
-0.812320 -0.540420 0.219277
-0.870514 -0.456741 0.183285
-0.815437 -0.534426 0.222375
-0.812320 -0.540420 0.219277
-0.867404 -0.459947 0.189891
-0.815437 -0.534426 0.222375
-0.870514 -0.456741 0.183285
-0.815437 -0.534426 0.222375
-0.867404 -0.459947 0.189891
-0.816609 -0.531997 0.223895
-0.914642 -0.374681 0.151805
-0.867404 -0.459947 0.189891
-0.870514 -0.456741 0.183285
-0.867404 -0.459947 0.189891
-0.914642 -0.374681 0.151805
-0.910766 -0.382854 0.154686
-0.919976 -0.364762 0.143499
-0.914642 -0.374681 0.151805
-0.870514 -0.456741 0.183285
-0.919976 -0.364762 0.143499
-0.870514 -0.456741 0.183285
-0.873158 -0.455499 0.173542
-0.875717 -0.453695 0.165168
-0.873158 -0.455499 0.173542
-0.809641 -0.545911 0.215551
-0.873158 -0.455499 0.173542
-0.812320 -0.540420 0.219277
-0.809641 -0.545911 0.215551
-0.919976 -0.364762 0.143499
-0.875717 -0.453695 0.165168
-0.926232 -0.351791 0.135416
-0.875717 -0.453695 0.165168
-0.919976 -0.364762 0.143499
-0.873158 -0.455499 0.173542
-0.926232 -0.351791 0.135416
-0.877207 -0.461640 0.131895
-0.931544 -0.351218 0.094192
-0.877207 -0.461640 0.131895
-0.926232 -0.351791 0.135416
-0.875717 -0.453695 0.165168
-0.877207 -0.461640 0.131895
-0.875717 -0.453695 0.165168
-0.806906 -0.558217 0.193122
-0.875717 -0.453695 0.165168
-0.809641 -0.545911 0.215551
-0.806906 -0.558217 0.193122
-0.717517 -0.645717 0.261187
-0.703015 -0.670709 0.236473
-0.806906 -0.558217 0.193122
-0.798690 -0.582570 0.150690
-0.806906 -0.558217 0.193122
-0.703015 -0.670709 0.236473
-0.809641 -0.545911 0.215551
-0.717517 -0.645717 0.261187
-0.806906 -0.558217 0.193122
-0.717517 -0.645717 0.261187
-0.809641 -0.545911 0.215551
-0.726614 -0.630395 0.273194
-0.877207 -0.461640 0.131895
-0.798690 -0.582570 0.150690
-0.871043 -0.485251 0.076264
-0.798690 -0.582570 0.150690
-0.877207 -0.461640 0.131895
-0.806906 -0.558217 0.193122
-0.931544 -0.351218 0.094192
-0.871043 -0.485251 0.076264
-0.931244 -0.363504 0.025505
-0.871043 -0.485251 0.076264
-0.931544 -0.351218 0.094192
-0.877207 -0.461640 0.131895
-0.863620 -0.501538 0.051185
-0.871043 -0.485251 0.076264
-0.798690 -0.582570 0.150690
-0.863620 -0.501538 0.051185
-0.798690 -0.582570 0.150690
-0.788056 -0.600971 0.133422
-0.703015 -0.670709 0.236473
-0.684410 -0.691821 0.230146
-0.798690 -0.582570 0.150690
-0.788056 -0.600971 0.133422
-0.798690 -0.582570 0.150690
-0.684410 -0.691821 0.230146
-0.871043 -0.485251 0.076264
-0.930668 -0.365731 -0.009855
-0.931244 -0.363504 0.025505
-0.930668 -0.365731 -0.009855
-0.871043 -0.485251 0.076264
-0.863620 -0.501538 0.051185
-0.670970 -0.701147 0.241231
-0.533780 -0.774923 0.338486
-0.510228 -0.787147 0.346508
-0.533780 -0.774923 0.338486
-0.670970 -0.701147 0.241231
-0.684410 -0.691821 0.230146
-0.684410 -0.691821 0.230146
-0.703015 -0.670709 0.236473
-0.567026 -0.754399 0.330701
-0.684410 -0.691821 0.230146
-0.567026 -0.754399 0.330701
-0.533780 -0.774923 0.338486
-0.788056 -0.600971 0.133422
-0.670970 -0.701147 0.241231
-0.780126 -0.608717 0.144453
-0.670970 -0.701147 0.241231
-0.788056 -0.600971 0.133422
-0.684410 -0.691821 0.230146
-0.860707 -0.505840 0.057528
-0.863620 -0.501538 0.051185
-0.788056 -0.600971 0.133422
-0.860707 -0.505840 0.057528
-0.788056 -0.600971 0.133422
-0.780126 -0.608717 0.144453
-0.937066 -0.349117 -0.005019
-0.930668 -0.365731 -0.009855
-0.863620 -0.501538 0.051185
-0.937066 -0.349117 -0.005019
-0.863620 -0.501538 0.051185
-0.860707 -0.505840 0.057528
-0.930668 -0.365731 -0.009855
-0.998569 -0.052726 -0.008906
-0.993173 -0.116290 -0.009204
-0.998569 -0.052726 -0.008906
-0.930668 -0.365731 -0.009855
-0.937066 -0.349117 -0.005019
-0.993173 -0.116290 -0.009204
-0.931244 -0.363504 0.025505
-0.930668 -0.365731 -0.009855
-0.931244 -0.363504 0.025505
-0.993173 -0.116290 -0.009204
-0.984934 -0.170370 0.029661
-0.669065 -0.685502 0.287122
-0.510228 -0.787147 0.346508
-0.506974 -0.777962 0.371150
-0.510228 -0.787147 0.346508
-0.669065 -0.685502 0.287122
-0.670970 -0.701147 0.241231
-0.780126 -0.608717 0.144453
-0.669065 -0.685502 0.287122
-0.784184 -0.586857 0.201631
-0.669065 -0.685502 0.287122
-0.780126 -0.608717 0.144453
-0.670970 -0.701147 0.241231
-0.872515 -0.474368 0.117019
-0.860707 -0.505840 0.057528
-0.780126 -0.608717 0.144453
-0.872515 -0.474368 0.117019
-0.780126 -0.608717 0.144453
-0.784184 -0.586857 0.201631
-0.950549 -0.307738 0.041888
-0.937066 -0.349117 -0.005019
-0.860707 -0.505840 0.057528
-0.950549 -0.307738 0.041888
-0.860707 -0.505840 0.057528
-0.872515 -0.474368 0.117019
-0.937066 -0.349117 -0.005019
-0.999837 -0.012460 -0.013095
-0.998569 -0.052726 -0.008906
-0.999837 -0.012460 -0.013095
-0.937066 -0.349117 -0.005019
-0.950549 -0.307738 0.041888
-0.793568 -0.545247 0.270104
-0.784184 -0.586857 0.201631
-0.669065 -0.685502 0.287122
-0.793568 -0.545247 0.270104
-0.669065 -0.685502 0.287122
-0.675074 -0.655368 0.338774
-0.675074 -0.655368 0.338774
-0.506974 -0.777962 0.371150
-0.519275 -0.757301 0.396041
-0.506974 -0.777962 0.371150
-0.675074 -0.655368 0.338774
-0.669065 -0.685502 0.287122
-0.884357 -0.424786 0.193572
-0.872515 -0.474368 0.117019
-0.784184 -0.586857 0.201631
-0.884357 -0.424786 0.193572
-0.784184 -0.586857 0.201631
-0.793568 -0.545247 0.270104
-0.958967 -0.264781 0.101359
-0.950549 -0.307738 0.041888
-0.872515 -0.474368 0.117019
-0.958967 -0.264781 0.101359
-0.872515 -0.474368 0.117019
-0.884357 -0.424786 0.193572
-0.999842 -0.005505 -0.016904
-0.999837 -0.012460 -0.013095
-0.950549 -0.307738 0.041888
-0.999842 -0.005505 -0.016904
-0.950549 -0.307738 0.041888
-0.958967 -0.264781 0.101359
-0.532076 -0.733833 0.422356
-0.314703 -0.840477 0.441091
-0.323204 -0.802223 0.501974
-0.314703 -0.840477 0.441091
-0.532076 -0.733833 0.422356
-0.519275 -0.757301 0.396041
-0.506974 -0.777962 0.371150
-0.303988 -0.844446 0.441024
-0.519275 -0.757301 0.396041
-0.519275 -0.757301 0.396041
-0.303988 -0.844446 0.441024
-0.314703 -0.840477 0.441091
-0.687924 -0.612479 0.389397
-0.519275 -0.757301 0.396041
-0.532076 -0.733833 0.422356
-0.675074 -0.655368 0.338774
-0.519275 -0.757301 0.396041
-0.687924 -0.612479 0.389397
-0.793568 -0.545247 0.270104
-0.675074 -0.655368 0.338774
-0.797696 -0.499570 0.337803
-0.797696 -0.499570 0.337803
-0.675074 -0.655368 0.338774
-0.687924 -0.612479 0.389397
-0.884357 -0.424786 0.193572
-0.797696 -0.499570 0.337803
-0.887812 -0.386593 0.249671
-0.797696 -0.499570 0.337803
-0.884357 -0.424786 0.193572
-0.793568 -0.545247 0.270104
-0.958967 -0.264781 0.101359
-0.887812 -0.386593 0.249671
-0.962097 -0.225402 0.153506
-0.887812 -0.386593 0.249671
-0.958967 -0.264781 0.101359
-0.884357 -0.424786 0.193572
-0.999842 -0.005505 -0.016904
-0.962097 -0.225402 0.153506
-0.998556 0.039953 0.035910
-0.962097 -0.225402 0.153506
-0.999842 -0.005505 -0.016904
-0.958967 -0.264781 0.101359
-0.690940 -0.492480 0.529211
-0.532076 -0.733833 0.422356
-0.532056 -0.625299 0.570892
-0.687924 -0.612479 0.389397
-0.532076 -0.733833 0.422356
-0.690940 -0.492480 0.529211
-0.532056 -0.625299 0.570892
-0.323204 -0.802223 0.501974
-0.298466 -0.663071 0.686480
-0.323204 -0.802223 0.501974
-0.532056 -0.625299 0.570892
-0.532076 -0.733833 0.422356
-0.797696 -0.499570 0.337803
-0.690940 -0.492480 0.529211
-0.777970 -0.381951 0.498874
-0.690940 -0.492480 0.529211
-0.797696 -0.499570 0.337803
-0.687924 -0.612479 0.389397
-0.887812 -0.386593 0.249671
-0.777970 -0.381951 0.498874
-0.865126 -0.254051 0.432452
-0.777970 -0.381951 0.498874
-0.887812 -0.386593 0.249671
-0.797696 -0.499570 0.337803
-0.962097 -0.225402 0.153506
-0.865126 -0.254051 0.432452
-0.925796 -0.067855 0.371883
-0.865126 -0.254051 0.432452
-0.962097 -0.225402 0.153506
-0.887812 -0.386593 0.249671
-0.998556 0.039953 0.035910
-0.925796 -0.067855 0.371883
-0.931616 0.202091 0.302078
-0.925796 -0.067855 0.371883
-0.998556 0.039953 0.035910
-0.962097 -0.225402 0.153506
-0.009271 -0.389410 0.921018
-0.232583 -0.305339 0.923403
-0.298466 -0.663071 0.686480
-0.009271 -0.389410 0.921018
-0.298466 -0.663071 0.686480
-0.018864 -0.603618 0.797051
-0.323204 -0.802223 0.501974
-0.052643 -0.806847 0.588410
-0.298466 -0.663071 0.686480
-0.018864 -0.603618 0.797051
-0.298466 -0.663071 0.686480
-0.052643 -0.806847 0.588410
-0.232583 -0.305339 0.923403
-0.532056 -0.625299 0.570892
-0.298466 -0.663071 0.686480
-0.532056 -0.625299 0.570892
-0.232583 -0.305339 0.923403
-0.438997 -0.305094 0.845103
-0.438997 -0.305094 0.845103
-0.690940 -0.492480 0.529211
-0.532056 -0.625299 0.570892
-0.690940 -0.492480 0.529211
-0.438997 -0.305094 0.845103
-0.620355 -0.257269 0.740926
-0.777970 -0.381951 0.498874
-0.620355 -0.257269 0.740926
-0.693901 -0.183598 0.696271
-0.620355 -0.257269 0.740926
-0.777970 -0.381951 0.498874
-0.690940 -0.492480 0.529211
-0.865126 -0.254051 0.432452
-0.693901 -0.183598 0.696271
-0.766240 -0.061271 0.639626
-0.693901 -0.183598 0.696271
-0.865126 -0.254051 0.432452
-0.777970 -0.381951 0.498874
-0.925796 -0.067855 0.371883
-0.766240 -0.061271 0.639626
-0.801194 0.121618 0.585915
-0.766240 -0.061271 0.639626
-0.925796 -0.067855 0.371883
-0.865126 -0.254051 0.432452
-0.931616 0.202091 0.302078
-0.801194 0.121618 0.585915
-0.765380 0.364227 0.530596
-0.801194 0.121618 0.585915
-0.931616 0.202091 0.302078
-0.925796 -0.067855 0.371883
-0.137424 0.072149 0.987881
-0.009271 -0.389410 0.921018
-0.020632 -0.027511 0.999409
-0.009271 -0.389410 0.921018
-0.137424 0.072149 0.987881
-0.232583 -0.305339 0.923403
-0.137424 0.072149 0.987881
-0.240227 0.078228 0.967560
-0.232583 -0.305339 0.923403
-0.232583 -0.305339 0.923403
-0.240227 0.078228 0.967560
-0.438997 -0.305094 0.845103
-0.240227 0.078228 0.967560
-0.620355 -0.257269 0.740926
-0.438997 -0.305094 0.845103
-0.620355 -0.257269 0.740926
-0.240227 0.078228 0.967560
-0.444925 0.027887 0.895134
-0.444925 0.027887 0.895134
-0.693901 -0.183598 0.696271
-0.620355 -0.257269 0.740926
-0.693901 -0.183598 0.696271
-0.444925 0.027887 0.895134
-0.546966 0.025461 0.836767
-0.546966 0.025461 0.836767
-0.766240 -0.061271 0.639626
-0.693901 -0.183598 0.696271
-0.766240 -0.061271 0.639626
-0.546966 0.025461 0.836767
-0.619668 0.123120 0.775147
-0.801194 0.121618 0.585915
-0.619668 0.123120 0.775147
-0.629322 0.281554 0.724348
-0.619668 0.123120 0.775147
-0.801194 0.121618 0.585915
-0.766240 -0.061271 0.639626
-0.765380 0.364227 0.530596
-0.629322 0.281554 0.724348
-0.587884 0.464040 0.662615
-0.629322 0.281554 0.724348
-0.765380 0.364227 0.530596
-0.801194 0.121618 0.585915
-0.698255 0.601745 0.387742
-0.587884 0.464040 0.662615
-0.501432 0.619359 0.604120
-0.587884 0.464040 0.662615
-0.698255 0.601745 0.387742
-0.765380 0.364227 0.530596
-0.842008 0.519319 0.146050
-0.765380 0.364227 0.530596
-0.698255 0.601745 0.387742
-0.842008 0.519319 0.146050
-0.931616 0.202091 0.302078
-0.765380 0.364227 0.530596
-0.069665 0.326381 0.942668
-0.082060 0.318351 0.944414
-0.137424 0.072149 0.987881
-0.137424 0.072149 0.987881
-0.082060 0.318351 0.944414
-0.240227 0.078228 0.967560
-0.069665 0.326381 0.942668
-0.020632 -0.027511 0.999409
-0.027614 0.359866 0.932595
-0.020632 -0.027511 0.999409
-0.069665 0.326381 0.942668
-0.137424 0.072149 0.987881
-0.082060 0.318351 0.944414
-0.176533 0.334221 0.925815
-0.240227 0.078228 0.967560
-0.240227 0.078228 0.967560
-0.176533 0.334221 0.925815
-0.444925 0.027887 0.895134
-0.176533 0.334221 0.925815
-0.546966 0.025461 0.836767
-0.444925 0.027887 0.895134
-0.546966 0.025461 0.836767
-0.176533 0.334221 0.925815
-0.253199 0.319928 0.912982
-0.253199 0.319928 0.912982
-0.619668 0.123120 0.775147
-0.546966 0.025461 0.836767
-0.619668 0.123120 0.775147
-0.253199 0.319928 0.912982
-0.250994 0.387926 0.886857
-0.250994 0.387926 0.886857
-0.629322 0.281554 0.724348
-0.619668 0.123120 0.775147
-0.629322 0.281554 0.724348
-0.250994 0.387926 0.886857
-0.255280 0.453100 0.854127
-0.587884 0.464040 0.662615
-0.255280 0.453100 0.854127
-0.276911 0.532848 0.799621
-0.255280 0.453100 0.854127
-0.587884 0.464040 0.662615
-0.629322 0.281554 0.724348
-0.501432 0.619359 0.604120
-0.276911 0.532848 0.799621
-0.255859 0.593735 0.762899
-0.276911 0.532848 0.799621
-0.501432 0.619359 0.604120
-0.587884 0.464040 0.662615
-0.012112 0.483000 0.875536
0.081064 0.344423 0.935308
-0.000444 0.498807 0.866713
0.081064 0.344423 0.935308
-0.012112 0.483000 0.875536
-0.027614 0.359866 0.932595
-0.020632 -0.027511 0.999409
0.230244 -0.106927 0.967240
-0.027614 0.359866 0.932595
0.081064 0.344423 0.935308
-0.027614 0.359866 0.932595
0.230244 -0.106927 0.967240
-0.014252 0.463339 0.886066
-0.027614 0.359866 0.932595
-0.012112 0.483000 0.875536
-0.027614 0.359866 0.932595
-0.014252 0.463339 0.886066
-0.069665 0.326381 0.942668
-0.014252 0.463339 0.886066
-0.000841 0.477434 0.878667
-0.069665 0.326381 0.942668
-0.069665 0.326381 0.942668
-0.000841 0.477434 0.878667
-0.082060 0.318351 0.944414
-0.000841 0.477434 0.878667
-0.000911 0.499391 0.866376
-0.082060 0.318351 0.944414
-0.082060 0.318351 0.944414
-0.000911 0.499391 0.866376
-0.176533 0.334221 0.925815
-0.000911 0.499391 0.866376
-0.000818 0.499306 0.866425
-0.176533 0.334221 0.925815
-0.253199 0.319928 0.912982
-0.176533 0.334221 0.925815
-0.000818 0.499306 0.866425
-0.000818 0.499306 0.866425
-0.250994 0.387926 0.886857
-0.253199 0.319928 0.912982
-0.250994 0.387926 0.886857
-0.000818 0.499306 0.866425
-0.001329 0.499921 0.866070
-0.255280 0.453100 0.854127
-0.001329 0.499921 0.866070
-0.003700 0.500432 0.865768
-0.001329 0.499921 0.866070
-0.255280 0.453100 0.854127
-0.250994 0.387926 0.886857
-0.276911 0.532848 0.799621
-0.003700 0.500432 0.865768
-0.021521 0.509607 0.860138
-0.003700 0.500432 0.865768
-0.276911 0.532848 0.799621
-0.255280 0.453100 0.854127
-0.255859 0.593735 0.762899
-0.021521 0.509607 0.860138
-0.035673 0.516550 0.855514
-0.021521 0.509607 0.860138
-0.255859 0.593735 0.762899
-0.276911 0.532848 0.799621
0.000002 0.500001 0.866025
-0.012112 0.483000 0.875536
0.000000 0.500002 0.866024
-0.012112 0.483000 0.875536
0.000002 0.500001 0.866025
-0.014252 0.463339 0.886066
-0.000444 0.498807 0.866713
0.000000 0.500002 0.866024
-0.012112 0.483000 0.875536
0.000000 0.500002 0.866024
-0.000444 0.498807 0.866713
-0.000003 0.500004 0.866023
0.000002 0.500001 0.866025
0.000001 0.500001 0.866025
-0.014252 0.463339 0.886066
-0.014252 0.463339 0.886066
0.000001 0.500001 0.866025
-0.000841 0.477434 0.878667
0.000001 0.500001 0.866025
0.000001 0.500001 0.866025
-0.000841 0.477434 0.878667
-0.000841 0.477434 0.878667
0.000001 0.500001 0.866025
-0.000911 0.499391 0.866376
0.000001 0.500001 0.866025
0.000000 0.500000 0.866025
-0.000911 0.499391 0.866376
-0.000818 0.499306 0.866425
-0.000911 0.499391 0.866376
0.000000 0.500000 0.866025
-0.001329 0.499921 0.866070
0.000000 0.500000 0.866025
-0.000215 0.500032 0.866007
0.000000 0.500000 0.866025
-0.001329 0.499921 0.866070
-0.000818 0.499306 0.866425
-0.003700 0.500432 0.865768
-0.000215 0.500032 0.866007
-0.000838 0.500095 0.865970
-0.000215 0.500032 0.866007
-0.003700 0.500432 0.865768
-0.001329 0.499921 0.866070
-0.021521 0.509607 0.860138
-0.000838 0.500095 0.865970
-0.001065 0.499919 0.866071
-0.000838 0.500095 0.865970
-0.021521 0.509607 0.860138
-0.003700 0.500432 0.865768
-0.035673 0.516550 0.855514
-0.001065 0.499919 0.866071
-0.000475 0.499892 0.866088
-0.001065 0.499919 0.866071
-0.035673 0.516550 0.855514
-0.021521 0.509607 0.860138
0.000000 0.500000 0.866026
0.000001 0.499999 0.866026
0.000000 0.500002 0.866024
0.000000 0.500002 0.866024
0.000001 0.499999 0.866026
0.000002 0.500001 0.866025
0.000000 0.500000 0.866026
-0.000003 0.500004 0.866023
0.000606 0.499948 0.866055
-0.000003 0.500004 0.866023
0.000000 0.500000 0.866026
0.000000 0.500002 0.866024
0.000001 0.499999 0.866026
-0.000000 0.500000 0.866025
0.000002 0.500001 0.866025
0.000002 0.500001 0.866025
-0.000000 0.500000 0.866025
0.000001 0.500001 0.866025
-0.000000 0.500000 0.866025
0.000000 0.500000 0.866025
0.000001 0.500001 0.866025
0.000001 0.500001 0.866025
0.000000 0.500000 0.866025
0.000001 0.500001 0.866025
0.000001 0.500001 0.866025
0.000000 0.500000 0.866025
0.000001 0.500000 0.866025
0.000001 0.500001 0.866025
0.000001 0.500000 0.866025
0.000000 0.500000 0.866025
-0.000215 0.500032 0.866007
0.000001 0.500000 0.866025
0.000000 0.500000 0.866025
0.000001 0.500000 0.866025
-0.000215 0.500032 0.866007
0.000000 0.500000 0.866025
-0.000838 0.500095 0.865970
0.000000 0.500000 0.866025
0.000001 0.500001 0.866025
0.000000 0.500000 0.866025
-0.000838 0.500095 0.865970
-0.000215 0.500032 0.866007
-0.001065 0.499919 0.866071
0.000001 0.500001 0.866025
0.000002 0.499999 0.866026
0.000001 0.500001 0.866025
-0.001065 0.499919 0.866071
-0.000838 0.500095 0.865970
0.000002 0.499999 0.866026
-0.000475 0.499892 0.866088
-0.001065 0.499919 0.866071
-0.000475 0.499892 0.866088
0.000002 0.499999 0.866026
0.000020 0.499942 0.866059
0.655268 0.629745 -0.417186
0.718073 0.581342 -0.382640
0.666439 0.621371 -0.412016
0.718073 0.581342 -0.382640
0.655268 0.629745 -0.417186
0.711667 0.587483 -0.385218
0.752015 0.552272 -0.359818
0.753962 0.549773 -0.359569
0.711667 0.587483 -0.385218
0.718073 0.581342 -0.382640
0.711667 0.587483 -0.385218
0.753962 0.549773 -0.359569
0.704987 0.594443 -0.386821
0.752015 0.552272 -0.359818
0.711667 0.587483 -0.385218
0.752015 0.552272 -0.359818
0.704987 0.594443 -0.386821
0.746839 0.557898 -0.361913
0.622097 0.655102 -0.428762
0.711667 0.587483 -0.385218
0.655268 0.629745 -0.417186
0.711667 0.587483 -0.385218
0.622097 0.655102 -0.428762
0.704987 0.594443 -0.386821
0.666439 0.621371 -0.412016
0.724376 0.576599 -0.377906
0.679046 0.612665 -0.404397
0.724376 0.576599 -0.377906
0.666439 0.621371 -0.412016
0.718073 0.581342 -0.382640
0.753962 0.549773 -0.359569
0.754717 0.549414 -0.358534
0.718073 0.581342 -0.382640
0.724376 0.576599 -0.377906
0.718073 0.581342 -0.382640
0.754717 0.549414 -0.358534
0.690696 0.604843 -0.396363
0.679046 0.612665 -0.404397
0.724376 0.576599 -0.377906
0.690696 0.604843 -0.396363
0.724376 0.576599 -0.377906
0.729452 0.573393 -0.372990
0.754717 0.549414 -0.358534
0.755674 0.549692 -0.356083
0.724376 0.576599 -0.377906
0.729452 0.573393 -0.372990
0.724376 0.576599 -0.377906
0.755674 0.549692 -0.356083
0.697766 0.600986 -0.389792
0.690696 0.604843 -0.396363
0.729452 0.573393 -0.372990
0.697766 0.600986 -0.389792
0.729452 0.573393 -0.372990
0.733390 0.571440 -0.368233
0.755674 0.549692 -0.356083
0.733390 0.571440 -0.368233
0.729452 0.573393 -0.372990
0.733390 0.571440 -0.368233
0.755674 0.549692 -0.356083
0.756059 0.550567 -0.353908
0.756059 0.550567 -0.353908
0.734867 0.570748 -0.366356
0.733390 0.571440 -0.368233
0.734867 0.570748 -0.366356
0.756059 0.550567 -0.353908
0.757608 0.549514 -0.352228
0.705981 0.594988 -0.384162
0.697766 0.600986 -0.389792
0.733390 0.571440 -0.368233
0.705981 0.594988 -0.384162
0.733390 0.571440 -0.368233
0.734867 0.570748 -0.366356
0.757608 0.549514 -0.352228
0.735959 0.570632 -0.364341
0.734867 0.570748 -0.366356
0.735959 0.570632 -0.364341
0.757608 0.549514 -0.352228
0.759667 0.548481 -0.349393
0.712547 0.591046 -0.378076
0.705981 0.594988 -0.384162
0.734867 0.570748 -0.366356
0.712547 0.591046 -0.378076
0.734867 0.570748 -0.366356
0.735959 0.570632 -0.364341
0.759667 0.548481 -0.349393
0.740970 0.566909 -0.359969
0.735959 0.570632 -0.364341
0.740970 0.566909 -0.359969
0.759667 0.548481 -0.349393
0.760306 0.549152 -0.346940
0.719823 0.586148 -0.371868
0.712547 0.591046 -0.378076
0.735959 0.570632 -0.364341
0.735959 0.570632 -0.364341
0.740970 0.566909 -0.359969
0.719823 0.586148 -0.371868
0.760306 0.549152 -0.346940
0.749791 0.559839 -0.352695
0.740970 0.566909 -0.359969
0.749791 0.559839 -0.352695
0.760306 0.549152 -0.346940
0.763368 0.543936 -0.348429
0.711108 0.581857 -0.394675
0.719823 0.586148 -0.371868
0.740970 0.566909 -0.359969
0.740970 0.566909 -0.359969
0.749791 0.559839 -0.352695
0.711108 0.581857 -0.394675
0.686138 0.575159 -0.445428
0.687043 0.575102 -0.444105
0.742286 0.529263 -0.410964
0.686138 0.575159 -0.445428
0.742286 0.529263 -0.410964
0.743563 0.531165 -0.406174
0.743563 0.531165 -0.406174
0.779073 0.490918 -0.389928
0.780934 0.493126 -0.383366
0.779073 0.490918 -0.389928
0.743563 0.531165 -0.406174
0.742286 0.529263 -0.410964
0.735510 0.523117 -0.430550
0.773446 0.476564 -0.417932
0.742286 0.529263 -0.410964
0.742286 0.529263 -0.410964
0.773446 0.476564 -0.417932
0.779073 0.490918 -0.389928
0.687043 0.575102 -0.444105
0.735510 0.523117 -0.430550
0.742286 0.529263 -0.410964
0.735510 0.523117 -0.430550
0.687043 0.575102 -0.444105
0.683145 0.577457 -0.447053
0.686703 0.583152 -0.434020
0.686138 0.575159 -0.445428
0.743563 0.531165 -0.406174
0.686703 0.583152 -0.434020
0.743563 0.531165 -0.406174
0.745625 0.537837 -0.393413
0.745625 0.537837 -0.393413
0.780934 0.493126 -0.383366
0.784014 0.498571 -0.369795
0.780934 0.493126 -0.383366
0.745625 0.537837 -0.393413
0.743563 0.531165 -0.406174
0.686703 0.583152 -0.434020
0.746939 0.547734 -0.376922
0.687179 0.591203 -0.422213
0.746939 0.547734 -0.376922
0.686703 0.583152 -0.434020
0.745625 0.537837 -0.393413
0.746939 0.547734 -0.376922
0.745625 0.537837 -0.393413
0.785685 0.512230 -0.346872
0.745625 0.537837 -0.393413
0.784014 0.498571 -0.369795
0.785685 0.512230 -0.346872
0.687179 0.591203 -0.422213
0.744560 0.554049 -0.372372
0.687320 0.593408 -0.418877
0.744560 0.554049 -0.372372
0.687179 0.591203 -0.422213
0.746939 0.547734 -0.376922
0.744560 0.554049 -0.372372
0.746939 0.547734 -0.376922
0.783788 0.522179 -0.336163
0.746939 0.547734 -0.376922
0.785685 0.512230 -0.346872
0.783788 0.522179 -0.336163
0.741033 0.558512 -0.372738
0.744560 0.554049 -0.372372
0.780466 0.526077 -0.337810
0.744560 0.554049 -0.372372
0.783788 0.522179 -0.336163
0.780466 0.526077 -0.337810
0.687320 0.593408 -0.418877
0.741033 0.558512 -0.372738
0.688246 0.595354 -0.414573
0.741033 0.558512 -0.372738
0.687320 0.593408 -0.418877
0.744560 0.554049 -0.372372
0.739111 0.562808 -0.370084
0.741033 0.558512 -0.372738
0.777452 0.530515 -0.337820
0.741033 0.558512 -0.372738
0.780466 0.526077 -0.337810
0.777452 0.530515 -0.337820
0.688246 0.595354 -0.414573
0.739111 0.562808 -0.370084
0.686288 0.600320 -0.410640
0.739111 0.562808 -0.370084
0.688246 0.595354 -0.414573
0.741033 0.558512 -0.372738
0.738679 0.565434 -0.366930
0.739111 0.562808 -0.370084
0.775688 0.533039 -0.337901
0.739111 0.562808 -0.370084
0.777452 0.530515 -0.337820
0.775688 0.533039 -0.337901
0.686288 0.600320 -0.410640
0.738679 0.565434 -0.366930
0.687873 0.603689 -0.402976
0.738679 0.565434 -0.366930
0.686288 0.600320 -0.410640
0.739111 0.562808 -0.370084
0.741123 0.563729 -0.364619
0.738679 0.565434 -0.366930
0.775969 0.530954 -0.340529
0.738679 0.565434 -0.366930
0.775688 0.533039 -0.337901
0.775969 0.530954 -0.340529
0.687873 0.603689 -0.402976
0.741123 0.563729 -0.364619
0.696299 0.600777 -0.392727
0.741123 0.563729 -0.364619
0.687873 0.603689 -0.402976
0.738679 0.565434 -0.366930
0.746839 0.557898 -0.361913
0.741123 0.563729 -0.364619
0.777205 0.527816 -0.342583
0.741123 0.563729 -0.364619
0.775969 0.530954 -0.340529
0.777205 0.527816 -0.342583
0.696299 0.600777 -0.392727
0.746839 0.557898 -0.361913
0.704987 0.594443 -0.386821
0.746839 0.557898 -0.361913
0.696299 0.600777 -0.392727
0.741123 0.563729 -0.364619
0.777205 0.527816 -0.342583
0.777817 0.526812 -0.342739
0.746839 0.557898 -0.361913
0.752015 0.552272 -0.359818
0.746839 0.557898 -0.361913
0.777817 0.526812 -0.342739
0.777817 0.526812 -0.342739
0.777429 0.527207 -0.343010
0.752015 0.552272 -0.359818
0.753962 0.549773 -0.359569
0.752015 0.552272 -0.359818
0.777429 0.527207 -0.343010
0.777429 0.527207 -0.343010
0.776438 0.528241 -0.343666
0.753962 0.549773 -0.359569
0.754717 0.549414 -0.358534
0.753962 0.549773 -0.359569
0.776438 0.528241 -0.343666
0.776438 0.528241 -0.343666
0.775907 0.529540 -0.342863
0.754717 0.549414 -0.358534
0.755674 0.549692 -0.356083
0.754717 0.549414 -0.358534
0.775907 0.529540 -0.342863
0.775907 0.529540 -0.342863
0.776324 0.530127 -0.341008
0.755674 0.549692 -0.356083
0.756059 0.550567 -0.353908
0.755674 0.549692 -0.356083
0.776324 0.530127 -0.341008
0.776324 0.530127 -0.341008
0.775950 0.530915 -0.340634
0.756059 0.550567 -0.353908
0.757608 0.549514 -0.352228
0.756059 0.550567 -0.353908
0.775950 0.530915 -0.340634
0.775950 0.530915 -0.340634
0.774690 0.533151 -0.340009
0.757608 0.549514 -0.352228
0.759667 0.548481 -0.349393
0.757608 0.549514 -0.352228
0.774690 0.533151 -0.340009
0.774690 0.533151 -0.340009
0.772814 0.536886 -0.338397
0.759667 0.548481 -0.349393
0.760306 0.549152 -0.346940
0.759667 0.548481 -0.349393
0.772814 0.536886 -0.338397
0.705043 0.709026 -0.014018
0.802909 0.596097 0.002239
0.731565 0.680969 -0.033078
0.802909 0.596097 0.002239
0.705043 0.709026 -0.014018
0.810489 0.584817 0.033100
0.541581 0.821204 0.179759
0.731565 0.680969 -0.033078
0.642663 0.764768 0.045974
0.541581 0.821204 0.179759
0.705043 0.709026 -0.014018
0.731565 0.680969 -0.033078
0.642663 0.764768 0.045974
0.764698 0.630506 -0.133037
0.694813 0.689889 -0.203193
0.764698 0.630506 -0.133037
0.642663 0.764768 0.045974
0.731565 0.680969 -0.033078
0.819054 0.563749 -0.106479
0.764698 0.630506 -0.133037
0.731565 0.680969 -0.033078
0.731565 0.680969 -0.033078
0.802909 0.596097 0.002239
0.819054 0.563749 -0.106479
0.694813 0.689889 -0.203193
0.777606 0.564610 -0.276667
0.687626 0.635477 -0.351198
0.777606 0.564610 -0.276667
0.694813 0.689889 -0.203193
0.764698 0.630506 -0.133037
0.837788 0.491427 -0.237930
0.777606 0.564610 -0.276667
0.764698 0.630506 -0.133037
0.764698 0.630506 -0.133037
0.819054 0.563749 -0.106479
0.837788 0.491427 -0.237930
0.687626 0.635477 -0.351198
0.774446 0.512441 -0.370996
0.680769 0.603871 -0.414600
0.774446 0.512441 -0.370996
0.687626 0.635477 -0.351198
0.777606 0.564610 -0.276667
0.774446 0.512441 -0.370996
0.777606 0.564610 -0.276667
0.843126 0.429761 -0.323178
0.777606 0.564610 -0.276667
0.837788 0.491427 -0.237930
0.843126 0.429761 -0.323178
0.680769 0.603871 -0.414600
0.765750 0.465314 -0.443970
0.677700 0.558864 -0.477906
0.765750 0.465314 -0.443970
0.680769 0.603871 -0.414600
0.774446 0.512441 -0.370996
0.765750 0.465314 -0.443970
0.843126 0.429761 -0.323178
0.835281 0.385905 -0.391641
0.843126 0.429761 -0.323178
0.765750 0.465314 -0.443970
0.774446 0.512441 -0.370996
0.677700 0.558864 -0.477906
0.753170 0.455582 -0.474532
0.679583 0.534967 -0.501973
0.753170 0.455582 -0.474532
0.677700 0.558864 -0.477906
0.765750 0.465314 -0.443970
0.835281 0.385905 -0.391641
0.753170 0.455582 -0.474532
0.765750 0.465314 -0.443970
0.753170 0.455582 -0.474532
0.835281 0.385905 -0.391641
0.822228 0.383782 -0.420300
0.822228 0.383782 -0.420300
0.748236 0.468226 -0.470009
0.753170 0.455582 -0.474532
0.748236 0.468226 -0.470009
0.822228 0.383782 -0.420300
0.811969 0.398503 -0.426499
0.688515 0.536034 -0.488481
0.679583 0.534967 -0.501973
0.753170 0.455582 -0.474532
0.753170 0.455582 -0.474532
0.748236 0.468226 -0.470009
0.688515 0.536034 -0.488481
0.754384 0.473107 -0.455053
0.811969 0.398503 -0.426499
0.808533 0.405601 -0.426336
0.811969 0.398503 -0.426499
0.754384 0.473107 -0.455053
0.748236 0.468226 -0.470009
0.705718 0.538698 -0.460180
0.688515 0.536034 -0.488481
0.748236 0.468226 -0.470009
0.748236 0.468226 -0.470009
0.754384 0.473107 -0.455053
0.705718 0.538698 -0.460180
0.763476 0.467218 -0.445882
0.808533 0.405601 -0.426336
0.809244 0.407799 -0.422876
0.808533 0.405601 -0.426336
0.763476 0.467218 -0.445882
0.754384 0.473107 -0.455053
0.722013 0.525516 -0.450033
0.705718 0.538698 -0.460180
0.754384 0.473107 -0.455053
0.754384 0.473107 -0.455053
0.763476 0.467218 -0.445882
0.722013 0.525516 -0.450033
0.773446 0.476564 -0.417932
0.809244 0.407799 -0.422876
0.812767 0.429175 -0.393978
0.809244 0.407799 -0.422876
0.773446 0.476564 -0.417932
0.763476 0.467218 -0.445882
0.735510 0.523117 -0.430550
0.722013 0.525516 -0.450033
0.763476 0.467218 -0.445882
0.735510 0.523117 -0.430550
0.763476 0.467218 -0.445882
0.773446 0.476564 -0.417932
0.779073 0.490918 -0.389928
0.812767 0.429175 -0.393978
0.814074 0.451643 -0.365104
0.812767 0.429175 -0.393978
0.779073 0.490918 -0.389928
0.773446 0.476564 -0.417932
0.780934 0.493126 -0.383366
0.814074 0.451643 -0.365104
0.813098 0.456286 -0.361490
0.814074 0.451643 -0.365104
0.780934 0.493126 -0.383366
0.779073 0.490918 -0.389928
0.784014 0.498571 -0.369795
0.813098 0.456286 -0.361490
0.813047 0.464698 -0.350728
0.813098 0.456286 -0.361490
0.784014 0.498571 -0.369795
0.780934 0.493126 -0.383366
0.785685 0.512230 -0.346872
0.813047 0.464698 -0.350728
0.812828 0.483260 -0.325224
0.813047 0.464698 -0.350728
0.785685 0.512230 -0.346872
0.784014 0.498571 -0.369795
0.783788 0.522179 -0.336163
0.785685 0.512230 -0.346872
0.810751 0.496136 -0.310695
0.785685 0.512230 -0.346872
0.812828 0.483260 -0.325224
0.810751 0.496136 -0.310695
0.780466 0.526077 -0.337810
0.783788 0.522179 -0.336163
0.807917 0.499550 -0.312602
0.783788 0.522179 -0.336163
0.810751 0.496136 -0.310695
0.807917 0.499550 -0.312602
0.777452 0.530515 -0.337820
0.780466 0.526077 -0.337810
0.805190 0.503342 -0.313552
0.780466 0.526077 -0.337810
0.807917 0.499550 -0.312602
0.805190 0.503342 -0.313552
0.775688 0.533039 -0.337901
0.777452 0.530515 -0.337820
0.802931 0.505324 -0.316149
0.777452 0.530515 -0.337820
0.805190 0.503342 -0.313552
0.802931 0.505324 -0.316149
0.775969 0.530954 -0.340529
0.775688 0.533039 -0.337901
0.801376 0.503938 -0.322248
0.775688 0.533039 -0.337901
0.802931 0.505324 -0.316149
0.801376 0.503938 -0.322248
0.801376 0.503938 -0.322248
0.799952 0.503281 -0.326779
0.775969 0.530954 -0.340529
0.777205 0.527816 -0.342583
0.775969 0.530954 -0.340529
0.799952 0.503281 -0.326779
0.799952 0.503281 -0.326779
0.798548 0.504343 -0.328572
0.777205 0.527816 -0.342583
0.777817 0.526812 -0.342739
0.777205 0.527816 -0.342583
0.798548 0.504343 -0.328572
0.798548 0.504343 -0.328572
0.797428 0.505637 -0.329302
0.777817 0.526812 -0.342739
0.777429 0.527207 -0.343010
0.777817 0.526812 -0.342739
0.797428 0.505637 -0.329302
0.797428 0.505637 -0.329302
0.796985 0.505797 -0.330128
0.777429 0.527207 -0.343010
0.776438 0.528241 -0.343666
0.777429 0.527207 -0.343010
0.796985 0.505797 -0.330128
0.796985 0.505797 -0.330128
0.797532 0.505401 -0.329414
0.776438 0.528241 -0.343666
0.775907 0.529540 -0.342863
0.776438 0.528241 -0.343666
0.797532 0.505401 -0.329414
0.797532 0.505401 -0.329414
0.796972 0.507476 -0.327572
0.775907 0.529540 -0.342863
0.776324 0.530127 -0.341008
0.775907 0.529540 -0.342863
0.796972 0.507476 -0.327572
0.796972 0.507476 -0.327572
0.795520 0.509687 -0.327669
0.776324 0.530127 -0.341008
0.775950 0.530915 -0.340634
0.776324 0.530127 -0.341008
0.795520 0.509687 -0.327669
0.795520 0.509687 -0.327669
0.793660 0.512479 -0.327826
0.775950 0.530915 -0.340634
0.774690 0.533151 -0.340009
0.775950 0.530915 -0.340634
0.793660 0.512479 -0.327826
0.000198 0.499933 0.866064
0.106553 0.548633 0.829246
0.000533 0.501123 0.865376
0.106553 0.548633 0.829246
0.000198 0.499933 0.866064
0.166558 0.547372 0.820148
0.000533 0.501123 0.865376
0.079661 0.564364 0.821673
0.002188 0.502190 0.864754
0.079661 0.564364 0.821673
0.000533 0.501123 0.865376
0.106553 0.548633 0.829246
0.589549 0.661280 0.463833
0.484880 0.763798 0.426033
0.106553 0.548633 0.829246
0.079661 0.564364 0.821673
0.106553 0.548633 0.829246
0.484880 0.763798 0.426033
0.166558 0.547372 0.820148
0.589549 0.661280 0.463833
0.106553 0.548633 0.829246
0.589549 0.661280 0.463833
0.166558 0.547372 0.820148
0.615882 0.590525 0.521507
0.821995 0.535163 0.194743
0.810489 0.584817 0.033100
0.589549 0.661280 0.463833
0.589549 0.661280 0.463833
0.615882 0.590525 0.521507
0.821995 0.535163 0.194743
0.484880 0.763798 0.426033
0.810489 0.584817 0.033100
0.705043 0.709026 -0.014018
0.810489 0.584817 0.033100
0.484880 0.763798 0.426033
0.589549 0.661280 0.463833
0.825786 0.547065 0.137101
0.802909 0.596097 0.002239
0.810489 0.584817 0.033100
0.810489 0.584817 0.033100
0.821995 0.535163 0.194743
0.825786 0.547065 0.137101
0.879605 0.471927 -0.059838
0.819054 0.563749 -0.106479
0.802909 0.596097 0.002239
0.802909 0.596097 0.002239
0.825786 0.547065 0.137101
0.879605 0.471927 -0.059838
0.901302 0.375557 -0.215897
0.837788 0.491427 -0.237930
0.819054 0.563749 -0.106479
0.819054 0.563749 -0.106479
0.879605 0.471927 -0.059838
0.901302 0.375557 -0.215897
0.843126 0.429761 -0.323178
0.837788 0.491427 -0.237930
0.906207 0.330334 -0.263947
0.837788 0.491427 -0.237930
0.901302 0.375557 -0.215897
0.906207 0.330334 -0.263947
0.835281 0.385905 -0.391641
0.906207 0.330334 -0.263947
0.899291 0.297546 -0.320536
0.906207 0.330334 -0.263947
0.835281 0.385905 -0.391641
0.843126 0.429761 -0.323178
0.899291 0.297546 -0.320536
0.822228 0.383782 -0.420300
0.835281 0.385905 -0.391641
0.822228 0.383782 -0.420300
0.899291 0.297546 -0.320536
0.888008 0.303701 -0.345264
0.888008 0.303701 -0.345264
0.811969 0.398503 -0.426499
0.822228 0.383782 -0.420300
0.811969 0.398503 -0.426499
0.888008 0.303701 -0.345264
0.877327 0.319166 -0.358373
0.808533 0.405601 -0.426336
0.877327 0.319166 -0.358373
0.869862 0.328084 -0.368376
0.877327 0.319166 -0.358373
0.808533 0.405601 -0.426336
0.811969 0.398503 -0.426499
0.809244 0.407799 -0.422876
0.869862 0.328084 -0.368376
0.862639 0.342230 -0.372469
0.869862 0.328084 -0.368376
0.809244 0.407799 -0.422876
0.808533 0.405601 -0.426336
0.812767 0.429175 -0.393978
0.862639 0.342230 -0.372469
0.856678 0.376841 -0.352270
0.862639 0.342230 -0.372469
0.812767 0.429175 -0.393978
0.809244 0.407799 -0.422876
0.814074 0.451643 -0.365104
0.856678 0.376841 -0.352270
0.852472 0.405220 -0.330285
0.856678 0.376841 -0.352270
0.814074 0.451643 -0.365104
0.812767 0.429175 -0.393978
0.813098 0.456286 -0.361490
0.852472 0.405220 -0.330285
0.848104 0.414229 -0.330355
0.852472 0.405220 -0.330285
0.813098 0.456286 -0.361490
0.814074 0.451643 -0.365104
0.813047 0.464698 -0.350728
0.848104 0.414229 -0.330355
0.843225 0.429016 -0.323908
0.848104 0.414229 -0.330355
0.813047 0.464698 -0.350728
0.813098 0.456286 -0.361490
0.812828 0.483260 -0.325224
0.843225 0.429016 -0.323908
0.838960 0.452880 -0.301737
0.843225 0.429016 -0.323908
0.812828 0.483260 -0.325224
0.813047 0.464698 -0.350728
0.810751 0.496136 -0.310695
0.838960 0.452880 -0.301737
0.835608 0.467228 -0.288888
0.838960 0.452880 -0.301737
0.810751 0.496136 -0.310695
0.812828 0.483260 -0.325224
0.835608 0.467228 -0.288888
0.807917 0.499550 -0.312602
0.810751 0.496136 -0.310695
0.807917 0.499550 -0.312602
0.835608 0.467228 -0.288888
0.833704 0.469120 -0.291315
0.833704 0.469120 -0.291315
0.805190 0.503342 -0.313552
0.807917 0.499550 -0.312602
0.805190 0.503342 -0.313552
0.833704 0.469120 -0.291315
0.833865 0.468736 -0.291473
0.833865 0.468736 -0.291473
0.802931 0.505324 -0.316149
0.805190 0.503342 -0.313552
0.802931 0.505324 -0.316149
0.833865 0.468736 -0.291473
0.834017 0.467587 -0.292879
0.834017 0.467587 -0.292879
0.831511 0.467569 -0.299949
0.802931 0.505324 -0.316149
0.801376 0.503938 -0.322248
0.802931 0.505324 -0.316149
0.831511 0.467569 -0.299949
0.831511 0.467569 -0.299949
0.827661 0.469884 -0.306898
0.801376 0.503938 -0.322248
0.799952 0.503281 -0.326779
0.801376 0.503938 -0.322248
0.827661 0.469884 -0.306898
0.827661 0.469884 -0.306898
0.823747 0.473892 -0.311235
0.799952 0.503281 -0.326779
0.798548 0.504343 -0.328572
0.799952 0.503281 -0.326779
0.823747 0.473892 -0.311235
0.823747 0.473892 -0.311235
0.820337 0.478009 -0.313933
0.798548 0.504343 -0.328572
0.797428 0.505637 -0.329302
0.798548 0.504343 -0.328572
0.820337 0.478009 -0.313933
0.820337 0.478009 -0.313933
0.819891 0.477100 -0.316472
0.797428 0.505637 -0.329302
0.796985 0.505797 -0.330128
0.797428 0.505637 -0.329302
0.819891 0.477100 -0.316472
0.819891 0.477100 -0.316472
0.821397 0.475213 -0.315404
0.796985 0.505797 -0.330128
0.797532 0.505401 -0.329414
0.796985 0.505797 -0.330128
0.821397 0.475213 -0.315404
0.821397 0.475213 -0.315404
0.820650 0.478772 -0.311947
0.797532 0.505401 -0.329414
0.796972 0.507476 -0.327572
0.797532 0.505401 -0.329414
0.820650 0.478772 -0.311947
0.820650 0.478772 -0.311947
0.818076 0.482824 -0.312462
0.796972 0.507476 -0.327572
0.795520 0.509687 -0.327669
0.796972 0.507476 -0.327572
0.818076 0.482824 -0.312462
0.228869 0.546506 0.805574
0.615882 0.590525 0.521507
0.166558 0.547372 0.820148
0.615882 0.590525 0.521507
0.228869 0.546506 0.805574
0.642537 0.545005 0.538623
0.799427 0.496781 0.337825
0.821995 0.535163 0.194743
0.615882 0.590525 0.521507
0.615882 0.590525 0.521507
0.642537 0.545005 0.538623
0.799427 0.496781 0.337825
0.852157 0.465456 0.239124
0.825786 0.547065 0.137101
0.821995 0.535163 0.194743
0.821995 0.535163 0.194743
0.799427 0.496781 0.337825
0.852157 0.465456 0.239124
0.941039 0.338012 -0.013909
0.879605 0.471927 -0.059838
0.825786 0.547065 0.137101
0.825786 0.547065 0.137101
0.852157 0.465456 0.239124
0.941039 0.338012 -0.013909
0.956449 0.238138 -0.168806
0.901302 0.375557 -0.215897
0.879605 0.471927 -0.059838
0.879605 0.471927 -0.059838
0.941039 0.338012 -0.013909
0.956449 0.238138 -0.168806
0.906207 0.330334 -0.263947
0.956449 0.238138 -0.168806
0.957251 0.215285 -0.193190
0.956449 0.238138 -0.168806
0.906207 0.330334 -0.263947
0.901302 0.375557 -0.215897
0.899291 0.297546 -0.320536
0.957251 0.215285 -0.193190
0.953341 0.194460 -0.230927
0.957251 0.215285 -0.193190
0.899291 0.297546 -0.320536
0.906207 0.330334 -0.263947
0.888008 0.303701 -0.345264
0.953341 0.194460 -0.230927
0.946562 0.205641 -0.248460
0.953341 0.194460 -0.230927
0.888008 0.303701 -0.345264
0.899291 0.297546 -0.320536
0.877327 0.319166 -0.358373
0.946562 0.205641 -0.248460
0.936973 0.225466 -0.266921
0.946562 0.205641 -0.248460
0.877327 0.319166 -0.358373
0.888008 0.303701 -0.345264
0.869862 0.328084 -0.368376
0.936973 0.225466 -0.266921
0.927872 0.237144 -0.287779
0.936973 0.225466 -0.266921
0.869862 0.328084 -0.368376
0.877327 0.319166 -0.358373
0.862639 0.342230 -0.372469
0.927872 0.237144 -0.287779
0.921326 0.255490 -0.293060
0.927872 0.237144 -0.287779
0.862639 0.342230 -0.372469
0.869862 0.328084 -0.368376
0.856678 0.376841 -0.352270
0.921326 0.255490 -0.293060
0.914970 0.290286 -0.280292
0.921326 0.255490 -0.293060
0.856678 0.376841 -0.352270
0.862639 0.342230 -0.372469
0.852472 0.405220 -0.330285
0.914970 0.290286 -0.280292
0.908618 0.320111 -0.268219
0.914970 0.290286 -0.280292
0.852472 0.405220 -0.330285
0.856678 0.376841 -0.352270
0.908618 0.320111 -0.268219
0.848104 0.414229 -0.330355
0.852472 0.405220 -0.330285
0.848104 0.414229 -0.330355
0.908618 0.320111 -0.268219
0.900163 0.338691 -0.273853
0.900163 0.338691 -0.273853
0.843225 0.429016 -0.323908
0.848104 0.414229 -0.330355
0.843225 0.429016 -0.323908
0.900163 0.338691 -0.273853
0.892781 0.357432 -0.274199
0.892781 0.357432 -0.274199
0.838960 0.452880 -0.301737
0.843225 0.429016 -0.323908
0.838960 0.452880 -0.301737
0.892781 0.357432 -0.274199
0.889841 0.378722 -0.254467
0.889841 0.378722 -0.254467
0.835608 0.467228 -0.288888
0.838960 0.452880 -0.301737
0.835608 0.467228 -0.288888
0.889841 0.378722 -0.254467
0.887647 0.390076 -0.244793
0.887647 0.390076 -0.244793
0.833704 0.469120 -0.291315
0.835608 0.467228 -0.288888
0.833704 0.469120 -0.291315
0.887647 0.390076 -0.244793
0.886235 0.390621 -0.249005
0.886235 0.390621 -0.249005
0.833865 0.468736 -0.291473
0.833704 0.469120 -0.291315
0.833865 0.468736 -0.291473
0.886235 0.390621 -0.249005
0.886146 0.389296 -0.251385
0.886146 0.389296 -0.251385
0.834017 0.467587 -0.292879
0.833865 0.468736 -0.291473
0.834017 0.467587 -0.292879
0.886146 0.389296 -0.251385
0.882072 0.397166 -0.253393
0.882072 0.397166 -0.253393
0.831511 0.467569 -0.299949
0.834017 0.467587 -0.292879
0.831511 0.467569 -0.299949
0.882072 0.397166 -0.253393
0.871528 0.411635 -0.266451
0.871528 0.411635 -0.266451
0.867188 0.413649 -0.277270
0.831511 0.467569 -0.299949
0.827661 0.469884 -0.306898
0.831511 0.467569 -0.299949
0.867188 0.413649 -0.277270
0.867188 0.413649 -0.277270
0.875091 0.397851 -0.275556
0.827661 0.469884 -0.306898
0.823747 0.473892 -0.311235
0.827661 0.469884 -0.306898
0.875091 0.397851 -0.275556
0.875091 0.397851 -0.275556
0.895283 0.358800 -0.264066
0.823747 0.473892 -0.311235
0.820337 0.478009 -0.313933
0.823747 0.473892 -0.311235
0.895283 0.358800 -0.264066
0.895283 0.358800 -0.264066
0.899861 0.352375 -0.257063
0.820337 0.478009 -0.313933
0.819891 0.477100 -0.316472
0.820337 0.478009 -0.313933
0.899861 0.352375 -0.257063
0.899861 0.352375 -0.257063
0.871878 0.404267 -0.276399
0.819891 0.477100 -0.316472
0.821397 0.475213 -0.315404
0.819891 0.477100 -0.316472
0.871878 0.404267 -0.276399
0.871878 0.404267 -0.276399
0.847559 0.442609 -0.292816
0.821397 0.475213 -0.315404
0.820650 0.478772 -0.311947
0.821397 0.475213 -0.315404
0.847559 0.442609 -0.292816
0.642537 0.545005 0.538623
0.805820 0.412818 0.424542
0.799427 0.496781 0.337825
0.805820 0.412818 0.424542
0.642537 0.545005 0.538623
0.662885 0.478554 0.575821
0.896943 0.334755 0.288846
0.852157 0.465456 0.239124
0.799427 0.496781 0.337825
0.799427 0.496781 0.337825
0.805820 0.412818 0.424542
0.896943 0.334755 0.288846
0.984363 0.174009 0.027391
0.941039 0.338012 -0.013909
0.852157 0.465456 0.239124
0.852157 0.465456 0.239124
0.896943 0.334755 0.288846
0.984363 0.174009 0.027391
0.956449 0.238138 -0.168806
0.984363 0.174009 0.027391
0.991811 0.087595 -0.092937
0.984363 0.174009 0.027391
0.956449 0.238138 -0.168806
0.941039 0.338012 -0.013909
0.957251 0.215285 -0.193190
0.991811 0.087595 -0.092937
0.991955 0.076695 -0.100710
0.991811 0.087595 -0.092937
0.957251 0.215285 -0.193190
0.956449 0.238138 -0.168806
0.953341 0.194460 -0.230927
0.991955 0.076695 -0.100710
0.990133 0.069474 -0.121695
0.991955 0.076695 -0.100710
0.953341 0.194460 -0.230927
0.957251 0.215285 -0.193190
0.946562 0.205641 -0.248460
0.990133 0.069474 -0.121695
0.987916 0.083236 -0.130744
0.990133 0.069474 -0.121695
0.946562 0.205641 -0.248460
0.953341 0.194460 -0.230927
0.936973 0.225466 -0.266921
0.987916 0.083236 -0.130744
0.985141 0.092839 -0.144489
0.987916 0.083236 -0.130744
0.936973 0.225466 -0.266921
0.946562 0.205641 -0.248460
0.927872 0.237144 -0.287779
0.985141 0.092839 -0.144489
0.982145 0.090839 -0.164739
0.985141 0.092839 -0.144489
0.927872 0.237144 -0.287779
0.936973 0.225466 -0.266921
0.982145 0.090839 -0.164739
0.921326 0.255490 -0.293060
0.927872 0.237144 -0.287779
0.921326 0.255490 -0.293060
0.982145 0.090839 -0.164739
0.977342 0.119303 -0.174839
0.977342 0.119303 -0.174839
0.914970 0.290286 -0.280292
0.921326 0.255490 -0.293060
0.914970 0.290286 -0.280292
0.977342 0.119303 -0.174839
0.970779 0.158917 -0.179813
0.970779 0.158917 -0.179813
0.969091 0.175302 -0.173586
0.914970 0.290286 -0.280292
0.908618 0.320111 -0.268219
0.914970 0.290286 -0.280292
0.969091 0.175302 -0.173586
0.969091 0.175302 -0.173586
0.968589 0.180718 -0.170814
0.908618 0.320111 -0.268219
0.900163 0.338691 -0.273853
0.908618 0.320111 -0.268219
0.968589 0.180718 -0.170814
0.968589 0.180718 -0.170814
0.892781 0.357432 -0.274199
0.900163 0.338691 -0.273853
0.892781 0.357432 -0.274199
0.968589 0.180718 -0.170814
0.965997 0.191258 -0.173982
0.965997 0.191258 -0.173982
0.889841 0.378722 -0.254467
0.892781 0.357432 -0.274199
0.889841 0.378722 -0.254467
0.965997 0.191258 -0.173982
0.963504 0.214097 -0.160691
0.963504 0.214097 -0.160691
0.887647 0.390076 -0.244793
0.889841 0.378722 -0.254467
0.887647 0.390076 -0.244793
0.963504 0.214097 -0.160691
0.962048 0.223421 -0.156672
0.962048 0.223421 -0.156672
0.886235 0.390621 -0.249005
0.887647 0.390076 -0.244793
0.886235 0.390621 -0.249005
0.962048 0.223421 -0.156672
0.962323 0.218135 -0.162330
0.962323 0.218135 -0.162330
0.886146 0.389296 -0.251385
0.886235 0.390621 -0.249005
0.886146 0.389296 -0.251385
0.962323 0.218135 -0.162330
0.974996 0.164530 -0.149377
0.974996 0.164530 -0.149377
0.882072 0.397166 -0.253393
0.886146 0.389296 -0.251385
0.882072 0.397166 -0.253393
0.974996 0.164530 -0.149377
0.990798 0.089048 -0.101928
0.990798 0.089048 -0.101928
0.988641 0.108279 -0.104234
0.882072 0.397166 -0.253393
0.871528 0.411635 -0.266451
0.882072 0.397166 -0.253393
0.988641 0.108279 -0.104234
0.988641 0.108279 -0.104234
0.980824 0.138994 -0.136622
0.871528 0.411635 -0.266451
0.867188 0.413649 -0.277270
0.871528 0.411635 -0.266451
0.980824 0.138994 -0.136622
0.980824 0.138994 -0.136622
0.977149 0.147270 -0.153269
0.867188 0.413649 -0.277270
0.875091 0.397851 -0.275556
0.867188 0.413649 -0.277270
0.977149 0.147270 -0.153269
0.977149 0.147270 -0.153269
0.974935 0.143113 -0.170352
0.875091 0.397851 -0.275556
0.895283 0.358800 -0.264066
0.875091 0.397851 -0.275556
0.974935 0.143113 -0.170352
0.974935 0.143113 -0.170352
0.978250 0.139969 -0.153087
0.895283 0.358800 -0.264066
0.899861 0.352375 -0.257063
0.895283 0.358800 -0.264066
0.978250 0.139969 -0.153087
0.978250 0.139969 -0.153087
0.977531 0.147973 -0.150126
0.899861 0.352375 -0.257063
0.871878 0.404267 -0.276399
0.899861 0.352375 -0.257063
0.977531 0.147973 -0.150126
0.805820 0.412818 0.424542
0.795571 0.259218 0.547607
0.896943 0.334755 0.288846
0.904920 0.147381 0.399248
0.896943 0.334755 0.288846
0.795571 0.259218 0.547607
0.984363 0.174009 0.027391
0.904920 0.147381 0.399248
0.991771 -0.011667 0.127491
0.904920 0.147381 0.399248
0.984363 0.174009 0.027391
0.896943 0.334755 0.288846
0.991811 0.087595 -0.092937
0.991771 -0.011667 0.127491
0.996593 -0.082362 0.004369
0.991771 -0.011667 0.127491
0.991811 0.087595 -0.092937
0.984363 0.174009 0.027391
0.991955 0.076695 -0.100710
0.996593 -0.082362 0.004369
0.996466 -0.083621 0.007920
0.996593 -0.082362 0.004369
0.991955 0.076695 -0.100710
0.991811 0.087595 -0.092937
0.990133 0.069474 -0.121695
0.996466 -0.083621 0.007920
0.996785 -0.079990 0.004518
0.996466 -0.083621 0.007920
0.990133 0.069474 -0.121695
0.991955 0.076695 -0.100710
0.987916 0.083236 -0.130744
0.996785 -0.079990 0.004518
0.997228 -0.074265 0.004661
0.996785 -0.079990 0.004518
0.987916 0.083236 -0.130744
0.990133 0.069474 -0.121695
0.997228 -0.074265 0.004661
0.985141 0.092839 -0.144489
0.987916 0.083236 -0.130744
0.985141 0.092839 -0.144489
0.997228 -0.074265 0.004661
0.996483 -0.083766 -0.002155
0.996483 -0.083766 -0.002155
0.982145 0.090839 -0.164739
0.985141 0.092839 -0.144489
0.982145 0.090839 -0.164739
0.996483 -0.083766 -0.002155
0.995264 -0.095520 -0.018071
0.995264 -0.095520 -0.018071
0.977342 0.119303 -0.174839
0.982145 0.090839 -0.164739
0.977342 0.119303 -0.174839
0.995264 -0.095520 -0.018071
0.995992 -0.088064 -0.015665
0.995992 -0.088064 -0.015665
0.994292 -0.106531 -0.005803
0.977342 0.119303 -0.174839
0.970779 0.158917 -0.179813
0.977342 0.119303 -0.174839
0.994292 -0.106531 -0.005803
0.994292 -0.106531 -0.005803
0.990037 -0.139554 0.018730
0.970779 0.158917 -0.179813
0.969091 0.175302 -0.173586
0.970779 0.158917 -0.179813
0.990037 -0.139554 0.018730
0.990037 -0.139554 0.018730
0.992963 -0.117597 0.013966
0.969091 0.175302 -0.173586
0.968589 0.180718 -0.170814
0.969091 0.175302 -0.173586
0.992963 -0.117597 0.013966
0.992963 -0.117597 0.013966
0.965997 0.191258 -0.173982
0.968589 0.180718 -0.170814
0.965997 0.191258 -0.173982
0.992963 -0.117597 0.013966
0.996026 -0.088453 -0.010422
0.996026 -0.088453 -0.010422
0.963504 0.214097 -0.160691
0.965997 0.191258 -0.173982
0.963504 0.214097 -0.160691
0.996026 -0.088453 -0.010422
0.996022 -0.089076 0.002184
0.996022 -0.089076 0.002184
0.962048 0.223421 -0.156672
0.963504 0.214097 -0.160691
0.962048 0.223421 -0.156672
0.996022 -0.089076 0.002184
0.989565 -0.141553 0.026895
0.989565 -0.141553 0.026895
0.962323 0.218135 -0.162330
0.962048 0.223421 -0.156672
0.962323 0.218135 -0.162330
0.989565 -0.141553 0.026895
0.976279 -0.210990 0.048604
0.976279 -0.210990 0.048604
0.974996 0.164530 -0.149377
0.962323 0.218135 -0.162330
0.974996 0.164530 -0.149377
0.976279 -0.210990 0.048604
0.962976 -0.264518 0.052024
0.962976 -0.264518 0.052024
0.990798 0.089048 -0.101928
0.974996 0.164530 -0.149377
0.990798 0.089048 -0.101928
0.962976 -0.264518 0.052024
0.955932 -0.281098 0.084724
0.955932 -0.281098 0.084724
0.960167 -0.260950 0.099920
0.990798 0.089048 -0.101928
0.988641 0.108279 -0.104234
0.990798 0.089048 -0.101928
0.960167 -0.260950 0.099920
0.960167 -0.260950 0.099920
0.966950 -0.245487 0.068874
0.988641 0.108279 -0.104234
0.980824 0.138994 -0.136622
0.988641 0.108279 -0.104234
0.966950 -0.245487 0.068874
0.966950 -0.245487 0.068874
0.974949 -0.218562 0.041299
0.980824 0.138994 -0.136622
0.977149 0.147270 -0.153269
0.980824 0.138994 -0.136622
0.974949 -0.218562 0.041299
0.974949 -0.218562 0.041299
0.991848 -0.124072 -0.029052
0.977149 0.147270 -0.153269
0.974935 0.143113 -0.170352
0.977149 0.147270 -0.153269
0.991848 -0.124072 -0.029052
0.991848 -0.124072 -0.029052
0.997142 -0.033214 -0.067860
0.974935 0.143113 -0.170352
0.978250 0.139969 -0.153087
0.974935 0.143113 -0.170352
0.997142 -0.033214 -0.067860
0.904920 0.147381 0.399248
0.838398 -0.000877 0.545058
0.991771 -0.011667 0.127491
0.943277 -0.175535 0.281807
0.991771 -0.011667 0.127491
0.838398 -0.000877 0.545058
0.996593 -0.082362 0.004369
0.943277 -0.175535 0.281807
0.956201 -0.266102 0.121939
0.943277 -0.175535 0.281807
0.996593 -0.082362 0.004369
0.991771 -0.011667 0.127491
0.956201 -0.266102 0.121939
0.996466 -0.083621 0.007920
0.996593 -0.082362 0.004369
0.996466 -0.083621 0.007920
0.956201 -0.266102 0.121939
0.954386 -0.265835 0.135942
0.996785 -0.079990 0.004518
0.954386 -0.265835 0.135942
0.951650 -0.270525 0.145527
0.954386 -0.265835 0.135942
0.996785 -0.079990 0.004518
0.996466 -0.083621 0.007920
0.951650 -0.270525 0.145527
0.997228 -0.074265 0.004661
0.996785 -0.079990 0.004518
0.997228 -0.074265 0.004661
0.951650 -0.270525 0.145527
0.946906 -0.280864 0.156472
0.946906 -0.280864 0.156472
0.996483 -0.083766 -0.002155
0.997228 -0.074265 0.004661
0.996483 -0.083766 -0.002155
0.946906 -0.280864 0.156472
0.939121 -0.307168 0.153947
0.939121 -0.307168 0.153947
0.995264 -0.095520 -0.018071
0.996483 -0.083766 -0.002155
0.995264 -0.095520 -0.018071
0.939121 -0.307168 0.153947
0.930541 -0.334349 0.149346
0.930541 -0.334349 0.149346
0.922427 -0.349584 0.164072
0.995264 -0.095520 -0.018071
0.995992 -0.088064 -0.015665
0.995264 -0.095520 -0.018071
0.922427 -0.349584 0.164072
0.922427 -0.349584 0.164072
0.906724 -0.387566 0.166266
0.995992 -0.088064 -0.015665
0.994292 -0.106531 -0.005803
0.995992 -0.088064 -0.015665
0.906724 -0.387566 0.166266
0.906724 -0.387566 0.166266
0.888005 -0.419638 0.188020
0.994292 -0.106531 -0.005803
0.990037 -0.139554 0.018730
0.994292 -0.106531 -0.005803
0.888005 -0.419638 0.188020
0.888005 -0.419638 0.188020
0.877487 -0.431679 0.208976
0.990037 -0.139554 0.018730
0.992963 -0.117597 0.013966
0.990037 -0.139554 0.018730
0.877487 -0.431679 0.208976
0.877487 -0.431679 0.208976
0.996026 -0.088453 -0.010422
0.992963 -0.117597 0.013966
0.996026 -0.088453 -0.010422
0.877487 -0.431679 0.208976
0.864880 -0.459363 0.202404
0.864880 -0.459363 0.202404
0.996022 -0.089076 0.002184
0.996026 -0.088453 -0.010422
0.996022 -0.089076 0.002184
0.864880 -0.459363 0.202404
0.849250 -0.484963 0.208771
0.849250 -0.484963 0.208771
0.989565 -0.141553 0.026895
0.996022 -0.089076 0.002184
0.989565 -0.141553 0.026895
0.849250 -0.484963 0.208771
0.824948 -0.521787 0.217254
0.824948 -0.521787 0.217254
0.976279 -0.210990 0.048604
0.989565 -0.141553 0.026895
0.976279 -0.210990 0.048604
0.824948 -0.521787 0.217254
0.813661 -0.539013 0.217763
0.813661 -0.539013 0.217763
0.962976 -0.264518 0.052024
0.976279 -0.210990 0.048604
0.962976 -0.264518 0.052024
0.813661 -0.539013 0.217763
0.843857 -0.505021 0.181270
0.843857 -0.505021 0.181270
0.955932 -0.281098 0.084724
0.962976 -0.264518 0.052024
0.955932 -0.281098 0.084724
0.843857 -0.505021 0.181270
0.872965 -0.454705 0.176567
0.872965 -0.454705 0.176567
0.960167 -0.260950 0.099920
0.955932 -0.281098 0.084724
0.960167 -0.260950 0.099920
0.872965 -0.454705 0.176567
0.850637 -0.480556 0.213266
0.850637 -0.480556 0.213266
0.813177 -0.537703 0.222753
0.960167 -0.260950 0.099920
0.966950 -0.245487 0.068874
0.960167 -0.260950 0.099920
0.813177 -0.537703 0.222753
0.813177 -0.537703 0.222753
0.799799 -0.557059 0.223623
0.966950 -0.245487 0.068874
0.974949 -0.218562 0.041299
0.966950 -0.245487 0.068874
0.799799 -0.557059 0.223623
0.799799 -0.557059 0.223623
0.801939 -0.558520 0.212012
0.974949 -0.218562 0.041299
0.991848 -0.124072 -0.029052
0.974949 -0.218562 0.041299
0.801939 -0.558520 0.212012
0.943277 -0.175535 0.281807
0.838235 -0.368693 0.401781
0.956201 -0.266102 0.121939
0.956201 -0.266102 0.121939
0.838235 -0.368693 0.401781
0.845646 -0.468041 0.256554
0.845646 -0.468041 0.256554
0.954386 -0.265835 0.135942
0.956201 -0.266102 0.121939
0.954386 -0.265835 0.135942
0.845646 -0.468041 0.256554
0.835862 -0.474544 0.275941
0.835862 -0.474544 0.275941
0.951650 -0.270525 0.145527
0.954386 -0.265835 0.135942
0.951650 -0.270525 0.145527
0.835862 -0.474544 0.275941
0.825011 -0.488855 0.283511
0.825011 -0.488855 0.283511
0.946906 -0.280864 0.156472
0.951650 -0.270525 0.145527
0.946906 -0.280864 0.156472
0.825011 -0.488855 0.283511
0.810943 -0.503820 0.297552
0.810943 -0.503820 0.297552
0.939121 -0.307168 0.153947
0.946906 -0.280864 0.156472
0.939121 -0.307168 0.153947
0.810943 -0.503820 0.297552
0.790874 -0.534461 0.298110
0.790874 -0.534461 0.298110
0.770840 -0.562980 0.298091
0.939121 -0.307168 0.153947
0.930541 -0.334349 0.149346
0.939121 -0.307168 0.153947
0.770840 -0.562980 0.298091
0.770840 -0.562980 0.298091
0.743637 -0.589288 0.315823
0.930541 -0.334349 0.149346
0.922427 -0.349584 0.164072
0.930541 -0.334349 0.149346
0.743637 -0.589288 0.315823
0.743637 -0.589288 0.315823
0.723064 -0.619830 0.304941
0.922427 -0.349584 0.164072
0.906724 -0.387566 0.166266
0.922427 -0.349584 0.164072
0.723064 -0.619830 0.304941
0.723064 -0.619830 0.304941
0.712667 -0.631015 0.306473
0.906724 -0.387566 0.166266
0.888005 -0.419638 0.188020
0.906724 -0.387566 0.166266
0.712667 -0.631015 0.306473
0.712667 -0.631015 0.306473
0.660497 -0.669594 0.339687
0.888005 -0.419638 0.188020
0.877487 -0.431679 0.208976
0.888005 -0.419638 0.188020
0.660497 -0.669594 0.339687
0.660497 -0.669594 0.339687
0.864880 -0.459363 0.202404
0.877487 -0.431679 0.208976
0.864880 -0.459363 0.202404
0.660497 -0.669594 0.339687
0.599107 -0.719863 0.350524
0.599107 -0.719863 0.350524
0.849250 -0.484963 0.208771
0.864880 -0.459363 0.202404
0.849250 -0.484963 0.208771
0.599107 -0.719863 0.350524
0.588847 -0.731671 0.343390
0.588847 -0.731671 0.343390
0.824948 -0.521787 0.217254
0.849250 -0.484963 0.208771
0.824948 -0.521787 0.217254
0.588847 -0.731671 0.343390
0.599499 -0.730912 0.326141
0.599499 -0.730912 0.326141
0.813661 -0.539013 0.217763
0.824948 -0.521787 0.217254
0.813661 -0.539013 0.217763
0.599499 -0.730912 0.326141
0.593187 -0.736561 0.324971
0.593187 -0.736561 0.324971
0.843857 -0.505021 0.181270
0.813661 -0.539013 0.217763
0.843857 -0.505021 0.181270
0.593187 -0.736561 0.324971
0.582692 -0.742172 0.331135
0.582692 -0.742172 0.331135
0.872965 -0.454705 0.176567
0.843857 -0.505021 0.181270
0.872965 -0.454705 0.176567
0.582692 -0.742172 0.331135
0.572167 -0.745329 0.342211
0.572167 -0.745329 0.342211
0.850637 -0.480556 0.213266
0.872965 -0.454705 0.176567
0.850637 -0.480556 0.213266
0.572167 -0.745329 0.342211
0.537020 -0.767182 0.350773
0.537020 -0.767182 0.350773
0.472865 -0.802780 0.363239
0.850637 -0.480556 0.213266
0.813177 -0.537703 0.222753
0.850637 -0.480556 0.213266
0.472865 -0.802780 0.363239
0.472865 -0.802780 0.363239
0.425537 -0.827116 0.367147
0.813177 -0.537703 0.222753
0.799799 -0.557059 0.223623
0.813177 -0.537703 0.222753
0.425537 -0.827116 0.367147
0.845646 -0.468041 0.256554
0.611547 -0.685879 0.394435
0.835862 -0.474544 0.275941
0.835862 -0.474544 0.275941
0.611547 -0.685879 0.394435
0.591305 -0.695646 0.407963
0.591305 -0.695646 0.407963
0.825011 -0.488855 0.283511
0.835862 -0.474544 0.275941
0.825011 -0.488855 0.283511
0.591305 -0.695646 0.407963
0.573660 -0.707423 0.412876
0.573660 -0.707423 0.412876
0.810943 -0.503820 0.297552
0.825011 -0.488855 0.283511
0.810943 -0.503820 0.297552
0.573660 -0.707423 0.412876
0.559071 -0.716647 0.416961
0.559071 -0.716647 0.416961
0.790874 -0.534461 0.298110
0.810943 -0.503820 0.297552
0.790874 -0.534461 0.298110
0.559071 -0.716647 0.416961
0.550700 -0.726699 0.410656
0.550700 -0.726699 0.410656
0.539012 -0.739679 0.402916
0.790874 -0.534461 0.298110
0.770840 -0.562980 0.298091
0.790874 -0.534461 0.298110
0.539012 -0.739679 0.402916
0.539012 -0.739679 0.402916
0.505372 -0.760402 0.407906
0.770840 -0.562980 0.298091
0.743637 -0.589288 0.315823
0.770840 -0.562980 0.298091
0.505372 -0.760402 0.407906
0.505372 -0.760402 0.407906
0.455949 -0.791385 0.407210
0.743637 -0.589288 0.315823
0.723064 -0.619830 0.304941
0.743637 -0.589288 0.315823
0.455949 -0.791385 0.407210
0.455949 -0.791385 0.407210
0.434294 -0.803523 0.407112
0.723064 -0.619830 0.304941
0.712667 -0.631015 0.306473
0.723064 -0.619830 0.304941
0.434294 -0.803523 0.407112
0.434294 -0.803523 0.407112
0.421196 -0.809297 0.409430
0.712667 -0.631015 0.306473
0.660497 -0.669594 0.339687
0.712667 -0.631015 0.306473
0.421196 -0.809297 0.409430
0.421196 -0.809297 0.409430
0.396558 -0.822951 0.406809
0.660497 -0.669594 0.339687
0.660497 -0.669594 0.339687
0.396558 -0.822951 0.406809
0.599107 -0.719863 0.350524
0.396558 -0.822951 0.406809
0.373461 -0.834959 0.404191
0.599107 -0.719863 0.350524
0.599107 -0.719863 0.350524
0.373461 -0.834959 0.404191
0.588847 -0.731671 0.343390
0.373461 -0.834959 0.404191
0.330814 -0.858286 0.392311
0.588847 -0.731671 0.343390
0.588847 -0.731671 0.343390
0.330814 -0.858286 0.392311
0.599499 -0.730912 0.326141
0.330814 -0.858286 0.392311
0.258082 -0.878531 0.401966
0.599499 -0.730912 0.326141
0.599499 -0.730912 0.326141
0.258082 -0.878531 0.401966
0.593187 -0.736561 0.324971
0.258082 -0.878531 0.401966
0.202108 -0.881370 0.427011
0.593187 -0.736561 0.324971
0.593187 -0.736561 0.324971
0.202108 -0.881370 0.427011
0.582692 -0.742172 0.331135
0.202108 -0.881370 0.427011
0.195491 -0.880379 0.432106
0.582692 -0.742172 0.331135
0.582692 -0.742172 0.331135
0.195491 -0.880379 0.432106
0.572167 -0.745329 0.342211
0.195491 -0.880379 0.432106
0.196552 -0.888979 0.413622
0.572167 -0.745329 0.342211
0.572167 -0.745329 0.342211
0.196552 -0.888979 0.413622
0.537020 -0.767182 0.350773
0.196552 -0.888979 0.413622
0.120349 -0.903126 0.412165
0.537020 -0.767182 0.350773
0.537020 -0.767182 0.350773
0.120349 -0.903126 0.412165
0.472865 -0.802780 0.363239
0.591305 -0.695646 0.407963
0.230505 -0.842558 0.486789
0.573660 -0.707423 0.412876
0.230505 -0.842558 0.486789
0.591305 -0.695646 0.407963
0.246310 -0.840255 0.483014
0.230505 -0.842558 0.486789
0.223606 -0.845872 0.484254
0.573660 -0.707423 0.412876
0.573660 -0.707423 0.412876
0.223606 -0.845872 0.484254
0.559071 -0.716647 0.416961
0.223606 -0.845872 0.484254
0.223523 -0.849075 0.478654
0.559071 -0.716647 0.416961
0.559071 -0.716647 0.416961
0.223523 -0.849075 0.478654
0.550700 -0.726699 0.410656
0.223523 -0.849075 0.478654
0.204313 -0.861396 0.465031
0.550700 -0.726699 0.410656
0.550700 -0.726699 0.410656
0.204313 -0.861396 0.465031
0.539012 -0.739679 0.402916
0.204313 -0.861396 0.465031
0.172322 -0.871139 0.459807
0.539012 -0.739679 0.402916
0.539012 -0.739679 0.402916
0.172322 -0.871139 0.459807
0.505372 -0.760402 0.407906
0.172322 -0.871139 0.459807
0.176082 -0.874166 0.452580
0.505372 -0.760402 0.407906
0.505372 -0.760402 0.407906
0.176082 -0.874166 0.452580
0.455949 -0.791385 0.407210
0.176082 -0.874166 0.452580
0.165587 -0.878992 0.447162
0.455949 -0.791385 0.407210
0.455949 -0.791385 0.407210
0.165587 -0.878992 0.447162
0.434294 -0.803523 0.407112
0.165587 -0.878992 0.447162
0.128558 -0.885408 0.446682
0.434294 -0.803523 0.407112
0.434294 -0.803523 0.407112
0.128558 -0.885408 0.446682
0.421196 -0.809297 0.409430
0.128558 -0.885408 0.446682
0.083049 -0.892379 0.443580
0.421196 -0.809297 0.409430
0.421196 -0.809297 0.409430
0.083049 -0.892379 0.443580
0.396558 -0.822951 0.406809
0.083049 -0.892379 0.443580
0.048647 -0.895991 0.441400
0.396558 -0.822951 0.406809
0.396558 -0.822951 0.406809
0.048647 -0.895991 0.441400
0.373461 -0.834959 0.404191
0.048647 -0.895991 0.441400
0.041120 -0.906010 0.421253
0.373461 -0.834959 0.404191
0.373461 -0.834959 0.404191
0.041120 -0.906010 0.421253
0.330814 -0.858286 0.392311
0.041120 -0.906010 0.421253
0.043854 -0.907552 0.417645
0.330814 -0.858286 0.392311
0.330814 -0.858286 0.392311
0.043854 -0.907552 0.417645
0.258082 -0.878531 0.401966
0.043854 -0.907552 0.417645
0.012153 -0.899653 0.436436
0.258082 -0.878531 0.401966
0.258082 -0.878531 0.401966
0.012153 -0.899653 0.436436
0.202108 -0.881370 0.427011
0.012153 -0.899653 0.436436
-0.070509 -0.894648 0.441173
0.202108 -0.881370 0.427011
0.202108 -0.881370 0.427011
-0.070509 -0.894648 0.441173
0.195491 -0.880379 0.432106
-0.070509 -0.894648 0.441173
-0.146384 -0.894471 0.422485
0.195491 -0.880379 0.432106
0.195491 -0.880379 0.432106
-0.146384 -0.894471 0.422485
0.196552 -0.888979 0.413622
0.230505 -0.842558 0.486789
-0.084824 -0.871084 0.483753
0.223606 -0.845872 0.484254
-0.084824 -0.871084 0.483753
0.230505 -0.842558 0.486789
-0.072702 -0.871357 0.485233
-0.084824 -0.871084 0.483753
-0.095344 -0.873017 0.478279
0.223606 -0.845872 0.484254
0.223606 -0.845872 0.484254
-0.095344 -0.873017 0.478279
0.223523 -0.849075 0.478654
-0.095344 -0.873017 0.478279
-0.108864 -0.881965 0.458569
0.223523 -0.849075 0.478654
0.223523 -0.849075 0.478654
-0.108864 -0.881965 0.458569
0.204313 -0.861396 0.465031
-0.108864 -0.881965 0.458569
-0.124603 -0.881193 0.456040
0.204313 -0.861396 0.465031
0.204313 -0.861396 0.465031
-0.124603 -0.881193 0.456040
0.172322 -0.871139 0.459807
-0.124603 -0.881193 0.456040
-0.131409 -0.878915 0.458519
0.172322 -0.871139 0.459807
0.172322 -0.871139 0.459807
-0.131409 -0.878915 0.458519
0.176082 -0.874166 0.452580
-0.131409 -0.878915 0.458519
-0.142474 -0.884889 0.443477
0.176082 -0.874166 0.452580
0.176082 -0.874166 0.452580
-0.142474 -0.884889 0.443477
0.165587 -0.878992 0.447162
-0.142474 -0.884889 0.443477
-0.192956 -0.880545 0.432908
0.165587 -0.878992 0.447162
0.165587 -0.878992 0.447162
-0.192956 -0.880545 0.432908
0.128558 -0.885408 0.446682
-0.192956 -0.880545 0.432908
0.083049 -0.892379 0.443580
0.128558 -0.885408 0.446682
0.083049 -0.892379 0.443580
-0.192956 -0.880545 0.432908
-0.250147 -0.868248 0.428454
-0.250147 -0.868248 0.428454
0.048647 -0.895991 0.441400
0.083049 -0.892379 0.443580
0.048647 -0.895991 0.441400
-0.250147 -0.868248 0.428454
-0.295640 -0.855784 0.424536
-0.295640 -0.855784 0.424536
0.041120 -0.906010 0.421253
0.048647 -0.895991 0.441400
0.041120 -0.906010 0.421253
-0.295640 -0.855784 0.424536
-0.315691 -0.854981 0.411517
-0.315691 -0.854981 0.411517
0.043854 -0.907552 0.417645
0.041120 -0.906010 0.421253
0.043854 -0.907552 0.417645
-0.315691 -0.854981 0.411517
-0.331280 -0.853088 0.403107
-0.331280 -0.853088 0.403107
0.012153 -0.899653 0.436436
0.043854 -0.907552 0.417645
0.012153 -0.899653 0.436436
-0.331280 -0.853088 0.403107
-0.375767 -0.833235 0.405610
-0.375767 -0.833235 0.405610
-0.070509 -0.894648 0.441173
0.012153 -0.899653 0.436436
-0.070509 -0.894648 0.441173
-0.375767 -0.833235 0.405610
-0.433004 -0.810055 0.395371
-0.337279 -0.837422 0.430078
-0.095344 -0.873017 0.478279
-0.084824 -0.871084 0.483753
-0.095344 -0.873017 0.478279
-0.337279 -0.837422 0.430078
-0.369693 -0.829015 0.419597
-0.369693 -0.829015 0.419597
-0.108864 -0.881965 0.458569
-0.095344 -0.873017 0.478279
-0.108864 -0.881965 0.458569
-0.369693 -0.829015 0.419597
-0.386575 -0.826692 0.408829
-0.386575 -0.826692 0.408829
-0.124603 -0.881193 0.456040
-0.108864 -0.881965 0.458569
-0.124603 -0.881193 0.456040
-0.386575 -0.826692 0.408829
-0.389201 -0.825205 0.409341
-0.412122 -0.813696 0.409944
-0.124603 -0.881193 0.456040
-0.389201 -0.825205 0.409341
-0.124603 -0.881193 0.456040
-0.412122 -0.813696 0.409944
-0.131409 -0.878915 0.458519
-0.412122 -0.813696 0.409944
-0.142474 -0.884889 0.443477
-0.131409 -0.878915 0.458519
-0.142474 -0.884889 0.443477
-0.412122 -0.813696 0.409944
-0.444242 -0.805200 0.392813
-0.444242 -0.805200 0.392813
-0.192956 -0.880545 0.432908
-0.142474 -0.884889 0.443477
-0.192956 -0.880545 0.432908
-0.444242 -0.805200 0.392813
-0.465451 -0.799519 0.379638
-0.465451 -0.799519 0.379638
-0.250147 -0.868248 0.428454
-0.192956 -0.880545 0.432908
-0.250147 -0.868248 0.428454
-0.465451 -0.799519 0.379638
-0.494038 -0.784324 0.375184
-0.494038 -0.784324 0.375184
-0.295640 -0.855784 0.424536
-0.250147 -0.868248 0.428454
-0.295640 -0.855784 0.424536
-0.494038 -0.784324 0.375184
-0.538418 -0.757656 0.368868
-0.538418 -0.757656 0.368868
-0.315691 -0.854981 0.411517
-0.295640 -0.855784 0.424536
-0.315691 -0.854981 0.411517
-0.538418 -0.757656 0.368868
-0.579878 -0.732845 0.355922
-0.579878 -0.732845 0.355922
-0.331280 -0.853088 0.403107
-0.315691 -0.854981 0.411517
-0.331280 -0.853088 0.403107
-0.579878 -0.732845 0.355922
-0.607370 -0.716728 0.342641
-0.607370 -0.716728 0.342641
-0.375767 -0.833235 0.405610
-0.331280 -0.853088 0.403107
-0.375767 -0.833235 0.405610
-0.607370 -0.716728 0.342641
-0.627632 -0.700783 0.339088
-0.386575 -0.826692 0.408829
-0.567026 -0.754399 0.330701
-0.595353 -0.731139 0.333151
-0.567026 -0.754399 0.330701
-0.386575 -0.826692 0.408829
-0.369693 -0.829015 0.419597
-0.595353 -0.731139 0.333151
-0.389201 -0.825205 0.409341
-0.386575 -0.826692 0.408829
-0.389201 -0.825205 0.409341
-0.595353 -0.731139 0.333151
-0.613200 -0.715623 0.334469
-0.613200 -0.715623 0.334469
-0.412122 -0.813696 0.409944
-0.389201 -0.825205 0.409341
-0.412122 -0.813696 0.409944
-0.613200 -0.715623 0.334469
-0.627128 -0.705085 0.331006
-0.627128 -0.705085 0.331006
-0.444242 -0.805200 0.392813
-0.412122 -0.813696 0.409944
-0.444242 -0.805200 0.392813
-0.627128 -0.705085 0.331006
-0.644010 -0.693707 0.322522
-0.644010 -0.693707 0.322522
-0.465451 -0.799519 0.379638
-0.444242 -0.805200 0.392813
-0.465451 -0.799519 0.379638
-0.644010 -0.693707 0.322522
-0.660708 -0.682388 0.312750
-0.660708 -0.682388 0.312750
-0.494038 -0.784324 0.375184
-0.465451 -0.799519 0.379638
-0.494038 -0.784324 0.375184
-0.660708 -0.682388 0.312750
-0.675574 -0.669954 0.307834
-0.675574 -0.669954 0.307834
-0.538418 -0.757656 0.368868
-0.494038 -0.784324 0.375184
-0.538418 -0.757656 0.368868
-0.675574 -0.669954 0.307834
-0.689839 -0.653900 0.310704
-0.689839 -0.653900 0.310704
-0.579878 -0.732845 0.355922
-0.538418 -0.757656 0.368868
-0.579878 -0.732845 0.355922
-0.689839 -0.653900 0.310704
-0.696559 -0.646793 0.310587
-0.696559 -0.646793 0.310587
-0.607370 -0.716728 0.342641
-0.579878 -0.732845 0.355922
-0.607370 -0.716728 0.342641
-0.696559 -0.646793 0.310587
-0.700360 -0.645235 0.305234
-0.613200 -0.715623 0.334469
-0.717517 -0.645717 0.261187
-0.726614 -0.630395 0.273194
-0.717517 -0.645717 0.261187
-0.613200 -0.715623 0.334469
-0.595353 -0.731139 0.333151
-0.736676 -0.619142 0.271977
-0.613200 -0.715623 0.334469
-0.726614 -0.630395 0.273194
-0.613200 -0.715623 0.334469
-0.736676 -0.619142 0.271977
-0.627128 -0.705085 0.331006
-0.745391 -0.610276 0.268244
-0.627128 -0.705085 0.331006
-0.736676 -0.619142 0.271977
-0.627128 -0.705085 0.331006
-0.745391 -0.610276 0.268244
-0.644010 -0.693707 0.322522
-0.751841 -0.603838 0.264791
-0.644010 -0.693707 0.322522
-0.745391 -0.610276 0.268244
-0.644010 -0.693707 0.322522
-0.751841 -0.603838 0.264791
-0.660708 -0.682388 0.312750
-0.756332 -0.597814 0.265670
-0.660708 -0.682388 0.312750
-0.751841 -0.603838 0.264791
-0.660708 -0.682388 0.312750
-0.756332 -0.597814 0.265670
-0.675574 -0.669954 0.307834
-0.760762 -0.588837 0.272968
-0.675574 -0.669954 0.307834
-0.756332 -0.597814 0.265670
-0.675574 -0.669954 0.307834
-0.760762 -0.588837 0.272968
-0.689839 -0.653900 0.310704
-0.767813 -0.578707 0.274886
-0.689839 -0.653900 0.310704
-0.760762 -0.588837 0.272968
-0.689839 -0.653900 0.310704
-0.767813 -0.578707 0.274886
-0.696559 -0.646793 0.310587
-0.812320 -0.540420 0.219277
-0.726614 -0.630395 0.273194
-0.809641 -0.545911 0.215551
-0.726614 -0.630395 0.273194
-0.812320 -0.540420 0.219277
-0.736676 -0.619142 0.271977
-0.815437 -0.534426 0.222375
-0.736676 -0.619142 0.271977
-0.812320 -0.540420 0.219277
-0.736676 -0.619142 0.271977
-0.815437 -0.534426 0.222375
-0.745391 -0.610276 0.268244
-0.816609 -0.531997 0.223895
-0.745391 -0.610276 0.268244
-0.815437 -0.534426 0.222375
-0.745391 -0.610276 0.268244
-0.816609 -0.531997 0.223895
-0.751841 -0.603838 0.264791
-0.816377 -0.530129 0.229110
-0.751841 -0.603838 0.264791
-0.816609 -0.531997 0.223895
-0.751841 -0.603838 0.264791
-0.816377 -0.530129 0.229110
-0.756332 -0.597814 0.265670
-0.815910 -0.526286 0.239404
-0.756332 -0.597814 0.265670
-0.816377 -0.530129 0.229110
-0.756332 -0.597814 0.265670
-0.815910 -0.526286 0.239404
-0.760762 -0.588837 0.272968
-0.867404 -0.459947 0.189891
-0.816377 -0.530129 0.229110
-0.816609 -0.531997 0.223895
-0.816377 -0.530129 0.229110
-0.867404 -0.459947 0.189891
-0.864292 -0.462444 0.197852
0.002188 0.502190 0.864754
0.000000 0.499999 0.866026
0.000533 0.501123 0.865376
0.000000 0.499999 0.866026
0.002188 0.502190 0.864754
0.000000 0.500000 0.866025
0.000000 0.500000 0.866025
0.003080 0.504915 0.863164
0.000000 0.500002 0.866024
0.003080 0.504915 0.863164
0.000000 0.500000 0.866025
0.002188 0.502190 0.864754
0.079661 0.564364 0.821673
0.092633 0.619688 0.779362
0.002188 0.502190 0.864754
0.002188 0.502190 0.864754
0.092633 0.619688 0.779362
0.003080 0.504915 0.863164
0.000000 0.500002 0.866024
0.005284 0.507794 0.861462
0.000001 0.500000 0.866025
0.005284 0.507794 0.861462
0.000000 0.500002 0.866024
0.003080 0.504915 0.863164
0.092633 0.619688 0.779362
0.124148 0.666558 0.735043
0.003080 0.504915 0.863164
0.003080 0.504915 0.863164
0.124148 0.666558 0.735043
0.005284 0.507794 0.861462
0.124148 0.666558 0.735043
0.091785 0.659516 0.746066
0.005284 0.507794 0.861462
0.005284 0.507794 0.861462
0.091785 0.659516 0.746066
0.004966 0.505763 0.862658
0.000001 0.500000 0.866025
0.004966 0.505763 0.862658
0.000002 0.499999 0.866026
0.004966 0.505763 0.862658
0.000001 0.500000 0.866025
0.005284 0.507794 0.861462
0.091785 0.659516 0.746066
0.024448 0.637003 0.770473
0.004966 0.505763 0.862658
0.004966 0.505763 0.862658
0.024448 0.637003 0.770473
-0.000068 0.505262 0.862966
0.000002 0.499999 0.866026
-0.000068 0.505262 0.862966
-0.000315 0.500758 0.865587
-0.000068 0.505262 0.862966
0.000002 0.499999 0.866026
0.004966 0.505763 0.862658
-0.030215 0.621874 0.782534
-0.000068 0.505262 0.862966
0.024448 0.637003 0.770473
-0.000068 0.505262 0.862966
-0.030215 0.621874 0.782534
-0.000710 0.506010 0.862527
-0.000710 0.506010 0.862527
-0.000315 0.500758 0.865587
-0.000068 0.505262 0.862966
-0.000315 0.500758 0.865587
-0.000710 0.506010 0.862527
-0.000254 0.501837 0.864962
-0.030215 0.621874 0.782534
-0.004916 0.506290 0.862349
-0.000710 0.506010 0.862527
-0.004916 0.506290 0.862349
-0.030215 0.621874 0.782534
-0.087803 0.621253 0.778675
-0.004916 0.506290 0.862349
-0.000254 0.501837 0.864962
-0.000710 0.506010 0.862527
-0.000254 0.501837 0.864962
-0.004916 0.506290 0.862349
0.000077 0.500805 0.865560
0.484880 0.763798 0.426033
0.356450 0.818388 0.450761
0.079661 0.564364 0.821673
0.092633 0.619688 0.779362
0.079661 0.564364 0.821673
0.356450 0.818388 0.450761
0.124148 0.666558 0.735043
0.092633 0.619688 0.779362
0.278244 0.792309 0.542979
0.092633 0.619688 0.779362
0.356450 0.818388 0.450761
0.278244 0.792309 0.542979
0.091785 0.659516 0.746066
0.124148 0.666558 0.735043
0.170908 0.773656 0.610121
0.124148 0.666558 0.735043
0.278244 0.792309 0.542979
0.170908 0.773656 0.610121
0.170908 0.773656 0.610121
0.026635 0.834298 0.550670
0.091785 0.659516 0.746066
0.024448 0.637003 0.770473
0.091785 0.659516 0.746066
0.026635 0.834298 0.550670
0.026635 0.834298 0.550670
-0.030215 0.621874 0.782534
0.024448 0.637003 0.770473
-0.030215 0.621874 0.782534
0.026635 0.834298 0.550670
-0.131314 0.877967 0.460358
-0.087803 0.621253 0.778675
-0.131314 0.877967 0.460358
-0.264870 0.843749 0.466831
-0.131314 0.877967 0.460358
-0.087803 0.621253 0.778675
-0.030215 0.621874 0.782534
0.278244 0.792309 0.542979
0.541581 0.821204 0.179759
0.390557 0.815388 0.427325
0.541581 0.821204 0.179759
0.278244 0.792309 0.542979
0.356450 0.818388 0.450761
0.705043 0.709026 -0.014018
0.541581 0.821204 0.179759
0.356450 0.818388 0.450761
0.356450 0.818388 0.450761
0.484880 0.763798 0.426033
0.705043 0.709026 -0.014018
0.390557 0.815388 0.427325
0.212143 0.854081 0.474911
0.278244 0.792309 0.542979
0.170908 0.773656 0.610121
0.278244 0.792309 0.542979
0.212143 0.854081 0.474911
0.212143 0.854081 0.474911
-0.007386 0.943174 0.332217
0.170908 0.773656 0.610121
0.026635 0.834298 0.550670
0.170908 0.773656 0.610121
-0.007386 0.943174 0.332217
-0.007386 0.943174 0.332217
-0.209354 0.964100 0.163347
0.026635 0.834298 0.550670
-0.131314 0.877967 0.460358
0.026635 0.834298 0.550670
-0.209354 0.964100 0.163347
-0.209354 0.964100 0.163347
-0.264870 0.843749 0.466831
-0.131314 0.877967 0.460358
-0.264870 0.843749 0.466831
-0.209354 0.964100 0.163347
-0.369078 0.919205 0.137273
0.390557 0.815388 0.427325
0.642663 0.764768 0.045974
0.538857 0.842350 0.008976
0.642663 0.764768 0.045974
0.390557 0.815388 0.427325
0.541581 0.821204 0.179759
0.538857 0.842350 0.008976
0.305368 0.950538 -0.056824
0.390557 0.815388 0.427325
0.212143 0.854081 0.474911
0.390557 0.815388 0.427325
0.305368 0.950538 -0.056824
0.305368 0.950538 -0.056824
-0.006658 0.998246 -0.058831
0.212143 0.854081 0.474911
-0.007386 0.943174 0.332217
0.212143 0.854081 0.474911
-0.006658 0.998246 -0.058831
-0.006658 0.998246 -0.058831
-0.209354 0.964100 0.163347
-0.007386 0.943174 0.332217
-0.209354 0.964100 0.163347
-0.006658 0.998246 -0.058831
-0.240508 0.969727 -0.042262
-0.240508 0.969727 -0.042262
-0.369078 0.919205 0.137273
-0.209354 0.964100 0.163347
-0.369078 0.919205 0.137273
-0.240508 0.969727 -0.042262
-0.423181 0.904979 -0.043942
0.538857 0.842350 0.008976
0.694813 0.689889 -0.203193
0.558619 0.744266 -0.366079
0.694813 0.689889 -0.203193
0.538857 0.842350 0.008976
0.642663 0.764768 0.045974
0.558619 0.744266 -0.366079
0.305368 0.950538 -0.056824
0.538857 0.842350 0.008976
0.305368 0.950538 -0.056824
0.558619 0.744266 -0.366079
0.324578 0.824107 -0.464216
0.324578 0.824107 -0.464216
-0.006658 0.998246 -0.058831
0.305368 0.950538 -0.056824
-0.006658 0.998246 -0.058831
0.324578 0.824107 -0.464216
0.027199 0.906750 -0.420790
0.027199 0.906750 -0.420790
-0.240508 0.969727 -0.042262
-0.006658 0.998246 -0.058831
-0.240508 0.969727 -0.042262
0.027199 0.906750 -0.420790
-0.245633 0.910469 -0.332732
-0.245633 0.910469 -0.332732
-0.423181 0.904979 -0.043942
-0.240508 0.969727 -0.042262
-0.423181 0.904979 -0.043942
-0.245633 0.910469 -0.332732
-0.465967 0.838921 -0.281224
0.558619 0.744266 -0.366079
0.687626 0.635477 -0.351198
0.534379 0.728305 -0.428965
0.687626 0.635477 -0.351198
0.558619 0.744266 -0.366079
0.694813 0.689889 -0.203193
0.324578 0.824107 -0.464216
0.534379 0.728305 -0.428965
0.315022 0.817903 -0.481451
0.534379 0.728305 -0.428965
0.324578 0.824107 -0.464216
0.558619 0.744266 -0.366079
0.027199 0.906750 -0.420790
0.315022 0.817903 -0.481451
0.040224 0.876012 -0.480609
0.315022 0.817903 -0.481451
0.027199 0.906750 -0.420790
0.324578 0.824107 -0.464216
0.040224 0.876012 -0.480609
-0.245633 0.910469 -0.332732
0.027199 0.906750 -0.420790
-0.245633 0.910469 -0.332732
0.040224 0.876012 -0.480609
-0.247764 0.864212 -0.437893
-0.247764 0.864212 -0.437893
-0.482517 0.782653 -0.393233
-0.245633 0.910469 -0.332732
-0.465967 0.838921 -0.281224
-0.245633 0.910469 -0.332732
-0.482517 0.782653 -0.393233
0.523457 0.722736 -0.451271
0.315022 0.817903 -0.481451
0.534379 0.728305 -0.428965
0.315022 0.817903 -0.481451
0.523457 0.722736 -0.451271
0.309967 0.844470 -0.436796
0.523457 0.722736 -0.451271
0.534379 0.728305 -0.428965
0.680769 0.603871 -0.414600
0.534379 0.728305 -0.428965
0.687626 0.635477 -0.351198
0.680769 0.603871 -0.414600
0.309967 0.844470 -0.436796
0.040224 0.876012 -0.480609
0.315022 0.817903 -0.481451
0.040224 0.876012 -0.480609
0.309967 0.844470 -0.436796
0.047350 0.927197 -0.371569
0.047350 0.927197 -0.371569
-0.247764 0.864212 -0.437893
0.040224 0.876012 -0.480609
-0.247764 0.864212 -0.437893
0.047350 0.927197 -0.371569
-0.242552 0.928237 -0.282035
-0.242552 0.928237 -0.282035
-0.476551 0.856210 -0.199508
-0.247764 0.864212 -0.437893
-0.482517 0.782653 -0.393233
-0.247764 0.864212 -0.437893
-0.476551 0.856210 -0.199508
0.543341 0.696171 -0.469177
0.309967 0.844470 -0.436796
0.523457 0.722736 -0.451271
0.309967 0.844470 -0.436796
0.543341 0.696171 -0.469177
0.348370 0.848680 -0.397971
0.680769 0.603871 -0.414600
0.677700 0.558864 -0.477906
0.523457 0.722736 -0.451271
0.543341 0.696171 -0.469177
0.523457 0.722736 -0.451271
0.677700 0.558864 -0.477906
0.348370 0.848680 -0.397971
0.047350 0.927197 -0.371569
0.309967 0.844470 -0.436796
0.047350 0.927197 -0.371569
0.348370 0.848680 -0.397971
0.096189 0.956031 -0.277041
0.096189 0.956031 -0.277041
-0.242552 0.928237 -0.282035
0.047350 0.927197 -0.371569
-0.242552 0.928237 -0.282035
0.096189 0.956031 -0.277041
-0.193584 0.972483 -0.129625
-0.193584 0.972483 -0.129625
-0.476551 0.856210 -0.199508
-0.242552 0.928237 -0.282035
-0.476551 0.856210 -0.199508
-0.193584 0.972483 -0.129625
-0.440260 0.897726 -0.016089
0.677700 0.558864 -0.477906
0.679583 0.534967 -0.501973
0.543341 0.696171 -0.469177
0.579309 0.650990 -0.490524
0.543341 0.696171 -0.469177
0.679583 0.534967 -0.501973
0.579309 0.650990 -0.490524
0.348370 0.848680 -0.397971
0.543341 0.696171 -0.469177
0.348370 0.848680 -0.397971
0.579309 0.650990 -0.490524
0.415061 0.807106 -0.419885
0.415061 0.807106 -0.419885
0.096189 0.956031 -0.277041
0.348370 0.848680 -0.397971
0.096189 0.956031 -0.277041
0.415061 0.807106 -0.419885
0.184918 0.938831 -0.290519
0.184918 0.938831 -0.290519
-0.193584 0.972483 -0.129625
0.096189 0.956031 -0.277041
-0.193584 0.972483 -0.129625
0.184918 0.938831 -0.290519
-0.140100 0.981906 -0.127411
-0.140100 0.981906 -0.127411
-0.440260 0.897726 -0.016089
-0.193584 0.972483 -0.129625
-0.440260 0.897726 -0.016089
-0.140100 0.981906 -0.127411
-0.432712 0.901525 -0.003689
0.492093 0.758281 -0.427615
0.184918 0.938831 -0.290519
0.415061 0.807106 -0.419885
0.184918 0.938831 -0.290519
0.492093 0.758281 -0.427615
0.299482 0.894831 -0.331040
0.579309 0.650990 -0.490524
0.613775 0.627107 -0.479600
0.415061 0.807106 -0.419885
0.415061 0.807106 -0.419885
0.613775 0.627107 -0.479600
0.492093 0.758281 -0.427615
0.299482 0.894831 -0.331040
-0.140100 0.981906 -0.127411
0.184918 0.938831 -0.290519
-0.140100 0.981906 -0.127411
0.299482 0.894831 -0.331040
-0.066091 0.980419 -0.185503
-0.140100 0.981906 -0.127411
-0.066091 0.980419 -0.185503
-0.437269 0.898194 -0.045204
-0.140100 0.981906 -0.127411
-0.437269 0.898194 -0.045204
-0.432712 0.901525 -0.003689
-0.440260 0.897726 -0.016089
-0.709519 0.702898 0.050182
-0.673854 0.738109 0.033408
-0.709519 0.702898 0.050182
-0.440260 0.897726 -0.016089
-0.432712 0.901525 -0.003689
-0.776353 0.628767 0.043903
-0.709519 0.702898 0.050182
-0.432712 0.901525 -0.003689
-0.432712 0.901525 -0.003689
-0.437269 0.898194 -0.045204
-0.776353 0.628767 0.043903
0.557690 0.712811 -0.425301
0.299482 0.894831 -0.331040
0.492093 0.758281 -0.427615
0.299482 0.894831 -0.331040
0.557690 0.712811 -0.425301
0.414477 0.825312 -0.383495
0.613775 0.627107 -0.479600
0.647306 0.615079 -0.450192
0.492093 0.758281 -0.427615
0.492093 0.758281 -0.427615
0.647306 0.615079 -0.450192
0.557690 0.712811 -0.425301
0.414477 0.825312 -0.383495
-0.066091 0.980419 -0.185503
0.299482 0.894831 -0.331040
-0.066091 0.980419 -0.185503
0.414477 0.825312 -0.383495
-0.007086 0.956027 -0.293192
-0.527983 0.837787 -0.139093
-0.437269 0.898194 -0.045204
-0.066091 0.980419 -0.185503
-0.066091 0.980419 -0.185503
-0.007086 0.956027 -0.293192
-0.527983 0.837787 -0.139093
-0.865954 0.500114 -0.002961
-0.776353 0.628767 0.043903
-0.437269 0.898194 -0.045204
-0.437269 0.898194 -0.045204
-0.527983 0.837787 -0.139093
-0.865954 0.500114 -0.002961
0.647306 0.615079 -0.450192
0.669899 0.591930 -0.448167
0.557690 0.712811 -0.425301
0.557690 0.712811 -0.425301
0.669899 0.591930 -0.448167
0.591995 0.668035 -0.450856
0.414477 0.825312 -0.383495
0.591995 0.668035 -0.450856
0.457994 0.758040 -0.464346
0.591995 0.668035 -0.450856
0.414477 0.825312 -0.383495
0.557690 0.712811 -0.425301
-0.007086 0.956027 -0.293192
0.457994 0.758040 -0.464346
0.015682 0.885603 -0.464178
0.457994 0.758040 -0.464346
-0.007086 0.956027 -0.293192
0.414477 0.825312 -0.383495
-0.639874 0.709912 -0.294254
-0.527983 0.837787 -0.139093
-0.007086 0.956027 -0.293192
-0.007086 0.956027 -0.293192
0.015682 0.885603 -0.464178
-0.639874 0.709912 -0.294254
-0.950939 0.299729 -0.076670
-0.865954 0.500114 -0.002961
-0.527983 0.837787 -0.139093
-0.527983 0.837787 -0.139093
-0.639874 0.709912 -0.294254
-0.950939 0.299729 -0.076670
0.669899 0.591930 -0.448167
0.595174 0.642420 -0.482768
0.591995 0.668035 -0.450856
0.595174 0.642420 -0.482768
0.669899 0.591930 -0.448167
0.683145 0.577457 -0.447053
0.457994 0.758040 -0.464346
0.595174 0.642420 -0.482768
0.460908 0.712377 -0.529229
0.595174 0.642420 -0.482768
0.457994 0.758040 -0.464346
0.591995 0.668035 -0.450856
-0.038298 0.803944 -0.593470
0.015682 0.885603 -0.464178
0.457994 0.758040 -0.464346
0.457994 0.758040 -0.464346
0.460908 0.712377 -0.529229
-0.038298 0.803944 -0.593470
-0.678689 0.589287 -0.438317
-0.639874 0.709912 -0.294254
0.015682 0.885603 -0.464178
0.015682 0.885603 -0.464178
-0.038298 0.803944 -0.593470
-0.678689 0.589287 -0.438317
-0.973780 0.173972 -0.146579
-0.639874 0.709912 -0.294254
-0.678689 0.589287 -0.438317
-0.639874 0.709912 -0.294254
-0.973780 0.173972 -0.146579
-0.950939 0.299729 -0.076670
-0.055621 0.729319 -0.681909
-0.038298 0.803944 -0.593470
0.460908 0.712377 -0.529229
0.460908 0.712377 -0.529229
0.424685 0.685144 -0.591794
-0.055621 0.729319 -0.681909
0.595174 0.642420 -0.482768
0.549020 0.646502 -0.529729
0.460908 0.712377 -0.529229
0.460908 0.712377 -0.529229
0.549020 0.646502 -0.529729
0.424685 0.685144 -0.591794
-0.704633 0.482193 -0.520559
-0.678689 0.589287 -0.438317
-0.038298 0.803944 -0.593470
-0.038298 0.803944 -0.593470
-0.055621 0.729319 -0.681909
-0.704633 0.482193 -0.520559
-0.970510 0.105738 -0.216635
-0.678689 0.589287 -0.438317
-0.704633 0.482193 -0.520559
-0.678689 0.589287 -0.438317
-0.970510 0.105738 -0.216635
-0.973780 0.173972 -0.146579
0.084584 0.710199 -0.698901
-0.055621 0.729319 -0.681909
0.424685 0.685144 -0.591794
0.424685 0.685144 -0.591794
0.317451 0.701639 -0.637909
0.084584 0.710199 -0.698901
0.549020 0.646502 -0.529729
0.317451 0.701639 -0.637909
0.424685 0.685144 -0.591794
0.317451 0.701639 -0.637909
0.549020 0.646502 -0.529729
0.519506 0.655911 -0.547626
0.084584 0.710199 -0.698901
-0.704633 0.482193 -0.520559
-0.055621 0.729319 -0.681909
-0.704633 0.482193 -0.520559
0.084584 0.710199 -0.698901
-0.616492 0.493826 -0.613248
-0.963991 0.067566 -0.257210
-0.704633 0.482193 -0.520559
-0.616492 0.493826 -0.613248
-0.704633 0.482193 -0.520559
-0.963991 0.067566 -0.257210
-0.970510 0.105738 -0.216635
0.519506 0.655911 -0.547626
0.251219 0.723349 -0.643160
0.317451 0.701639 -0.637909
0.251219 0.723349 -0.643160
0.519506 0.655911 -0.547626
0.531574 0.659791 -0.531135
0.108196 0.726593 -0.678495
0.084584 0.710199 -0.698901
0.317451 0.701639 -0.637909
0.317451 0.701639 -0.637909
0.251219 0.723349 -0.643160
0.108196 0.726593 -0.678495
-0.456362 0.595488 -0.661156
-0.616492 0.493826 -0.613248
0.084584 0.710199 -0.698901
0.084584 0.710199 -0.698901
0.108196 0.726593 -0.678495
-0.456362 0.595488 -0.661156
-0.456362 0.595488 -0.661156
-0.963991 0.067566 -0.257210
-0.616492 0.493826 -0.613248
-0.963991 0.067566 -0.257210
-0.456362 0.595488 -0.661156
-0.956096 0.101369 -0.274963
0.531574 0.659791 -0.531135
0.550429 0.664040 -0.506042
0.251219 0.723349 -0.643160
0.251219 0.723349 -0.643160
0.550429 0.664040 -0.506042
0.250976 0.744489 -0.618665
0.062858 0.752864 -0.655168
0.108196 0.726593 -0.678495
0.251219 0.723349 -0.643160
0.251219 0.723349 -0.643160
0.250976 0.744489 -0.618665
0.062858 0.752864 -0.655168
-0.474458 0.622335 -0.622567
-0.456362 0.595488 -0.661156
0.108196 0.726593 -0.678495
0.108196 0.726593 -0.678495
0.062858 0.752864 -0.655168
-0.474458 0.622335 -0.622567
-0.474458 0.622335 -0.622567
-0.956096 0.101369 -0.274963
-0.456362 0.595488 -0.661156
-0.956096 0.101369 -0.274963
-0.474458 0.622335 -0.622567
-0.962442 0.115658 -0.245620
-0.585502 0.575406 -0.571047
-0.474458 0.622335 -0.622567
0.062858 0.752864 -0.655168
0.062858 0.752864 -0.655168
0.000901 0.761082 -0.648655
-0.585502 0.575406 -0.571047
0.250976 0.744489 -0.618665
0.000901 0.761082 -0.648655
0.062858 0.752864 -0.655168
0.000901 0.761082 -0.648655
0.250976 0.744489 -0.618665
0.287511 0.747679 -0.598593
-0.977975 0.068189 -0.197268
-0.474458 0.622335 -0.622567
-0.585502 0.575406 -0.571047
-0.474458 0.622335 -0.622567
-0.977975 0.068189 -0.197268
-0.962442 0.115658 -0.245620
-0.732123 0.451070 -0.510423
-0.585502 0.575406 -0.571047
0.000901 0.761082 -0.648655
0.000901 0.761082 -0.648655
-0.032246 0.742175 -0.669429
-0.732123 0.451070 -0.510423
0.287511 0.747679 -0.598593
-0.032246 0.742175 -0.669429
0.000901 0.761082 -0.648655
-0.032246 0.742175 -0.669429
0.287511 0.747679 -0.598593
0.320586 0.730463 -0.603033
-0.732123 0.451070 -0.510423
-0.977975 0.068189 -0.197268
-0.585502 0.575406 -0.571047
-0.977975 0.068189 -0.197268
-0.732123 0.451070 -0.510423
-0.990401 -0.014974 -0.137413
0.320586 0.730463 -0.603033
0.342571 0.741295 -0.577171
-0.032246 0.742175 -0.669429
-0.032246 0.742175 -0.669429
0.342571 0.741295 -0.577171
-0.033279 0.760659 -0.648298
-0.771940 0.411587 -0.484463
-0.732123 0.451070 -0.510423
-0.032246 0.742175 -0.669429
-0.032246 0.742175 -0.669429
-0.033279 0.760659 -0.648298
-0.771940 0.411587 -0.484463
-0.771940 0.411587 -0.484463
-0.990401 -0.014974 -0.137413
-0.732123 0.451070 -0.510423
-0.990401 -0.014974 -0.137413
-0.771940 0.411587 -0.484463
-0.986654 -0.015304 -0.162108
-0.986654 -0.015304 -0.162108
-0.986949 -0.159975 -0.018441
-0.990401 -0.014974 -0.137413
-0.986949 -0.159975 -0.018441
-0.986654 -0.015304 -0.162108
-0.989122 -0.139932 -0.045349
-0.986949 -0.159975 -0.018441
-0.986877 -0.161179 -0.009797
-0.990401 -0.014974 -0.137413
-0.977975 0.068189 -0.197268
-0.990401 -0.014974 -0.137413
-0.986877 -0.161179 -0.009797
-0.750706 0.458411 -0.475711
-0.986654 -0.015304 -0.162108
-0.771940 0.411587 -0.484463
-0.986654 -0.015304 -0.162108
-0.750706 0.458411 -0.475711
-0.983011 0.056184 -0.174736
-0.033279 0.760659 -0.648298
-0.750706 0.458411 -0.475711
-0.771940 0.411587 -0.484463
-0.750706 0.458411 -0.475711
-0.033279 0.760659 -0.648298
-0.025348 0.773183 -0.633676
-0.983011 0.056184 -0.174736
-0.989122 -0.139932 -0.045349
-0.986654 -0.015304 -0.162108
-0.989122 -0.139932 -0.045349
-0.983011 0.056184 -0.174736
-0.993822 -0.100952 -0.046105
-0.724971 0.518760 -0.453107
-0.983011 0.056184 -0.174736
-0.750706 0.458411 -0.475711
-0.983011 0.056184 -0.174736
-0.724971 0.518760 -0.453107
-0.985963 0.082247 -0.145302
-0.025348 0.773183 -0.633676
-0.724971 0.518760 -0.453107
-0.750706 0.458411 -0.475711
-0.724971 0.518760 -0.453107
-0.025348 0.773183 -0.633676
0.003420 0.795526 -0.605910
-0.985963 0.082247 -0.145302
-0.993822 -0.100952 -0.046105
-0.983011 0.056184 -0.174736
-0.993822 -0.100952 -0.046105
-0.985963 0.082247 -0.145302
-0.992670 -0.120853 -0.000521
0.003420 0.795526 -0.605910
-0.601139 0.617142 -0.507708
-0.724971 0.518760 -0.453107
-0.601139 0.617142 -0.507708
0.003420 0.795526 -0.605910
0.007768 0.807643 -0.589620
-0.985908 0.081203 -0.146260
-0.724971 0.518760 -0.453107
-0.601139 0.617142 -0.507708
-0.724971 0.518760 -0.453107
-0.985908 0.081203 -0.146260
-0.985963 0.082247 -0.145302
-0.985908 0.081203 -0.146260
-0.992670 -0.120853 -0.000521
-0.985963 0.082247 -0.145302
-0.992670 -0.120853 -0.000521
-0.985908 0.081203 -0.146260
-0.983404 -0.176729 0.041033
0.007768 0.807643 -0.589620
-0.624074 0.604375 -0.495241
-0.601139 0.617142 -0.507708
-0.624074 0.604375 -0.495241
0.007768 0.807643 -0.589620
-0.036942 0.802412 -0.595626
-0.624074 0.604375 -0.495241
-0.985908 0.081203 -0.146260
-0.601139 0.617142 -0.507708
-0.985908 0.081203 -0.146260
-0.624074 0.604375 -0.495241
-0.989643 0.062486 -0.129235
-0.989643 0.062486 -0.129235
-0.983404 -0.176729 0.041033
-0.985908 0.081203 -0.146260
-0.983404 -0.176729 0.041033
-0.989643 0.062486 -0.129235
-0.973024 -0.220778 0.066946
-0.989684 0.038331 -0.138048
-0.973024 -0.220778 0.066946
-0.989643 0.062486 -0.129235
-0.973024 -0.220778 0.066946
-0.989684 0.038331 -0.138048
-0.966859 -0.245258 0.070945
-0.684100 0.553749 -0.474731
-0.989643 0.062486 -0.129235
-0.624074 0.604375 -0.495241
-0.989684 0.038331 -0.138048
-0.989643 0.062486 -0.129235
-0.684100 0.553749 -0.474731
-0.979579 0.067095 -0.189532
-0.966859 -0.245258 0.070945
-0.989684 0.038331 -0.138048
-0.966859 -0.245258 0.070945
-0.979579 0.067095 -0.189532
-0.968765 -0.242337 0.052614
-0.662995 0.542714 -0.515654
-0.989684 0.038331 -0.138048
-0.684100 0.553749 -0.474731
-0.989684 0.038331 -0.138048
-0.662995 0.542714 -0.515654
-0.979579 0.067095 -0.189532
-0.676826 0.536442 -0.504119
-0.979579 0.067095 -0.189532
-0.662995 0.542714 -0.515654
-0.978774 0.067083 -0.193654
-0.979579 0.067095 -0.189532
-0.676826 0.536442 -0.504119
-0.978774 0.067083 -0.193654
-0.968765 -0.242337 0.052614
-0.979579 0.067095 -0.189532
-0.968765 -0.242337 0.052614
-0.978774 0.067083 -0.193654
-0.969829 -0.239456 0.045737
-0.714577 0.500509 -0.488743
-0.978774 0.067083 -0.193654
-0.676826 0.536442 -0.504119
-0.978774 0.067083 -0.193654
-0.714577 0.500509 -0.488743
-0.984391 -0.012466 -0.175554
-0.984391 -0.012466 -0.175554
-0.969829 -0.239456 0.045737
-0.978774 0.067083 -0.193654
-0.969829 -0.239456 0.045737
-0.984391 -0.012466 -0.175554
-0.968549 -0.248783 0.004477
-0.941960 -0.320791 0.099023
-0.980496 -0.189830 -0.050905
-0.989355 -0.144958 -0.012795
-0.980496 -0.189830 -0.050905
-0.941960 -0.320791 0.099023
-0.932284 -0.347644 0.099946
-0.986955 -0.099109 -0.126872
-0.989355 -0.144958 -0.012795
-0.980496 -0.189830 -0.050905
-0.989355 -0.144958 -0.012795
-0.986955 -0.099109 -0.126872
-0.992526 -0.121499 -0.011387
-0.986955 -0.099109 -0.126872
-0.968549 -0.248783 0.004477
-0.984391 -0.012466 -0.175554
-0.968549 -0.248783 0.004477
-0.986955 -0.099109 -0.126872
-0.980496 -0.189830 -0.050905
-0.932284 -0.347644 0.099946
-0.898527 -0.410197 0.156166
-0.980496 -0.189830 -0.050905
-0.968549 -0.248783 0.004477
-0.980496 -0.189830 -0.050905
-0.898527 -0.410197 0.156166
-0.972153 -0.216434 0.089859
-0.992526 -0.121499 -0.011387
-0.990503 -0.130748 0.042527
-0.992526 -0.121499 -0.011387
-0.972153 -0.216434 0.089859
-0.989355 -0.144958 -0.012795
-0.926106 -0.348389 0.144749
-0.989355 -0.144958 -0.012795
-0.972153 -0.216434 0.089859
-0.989355 -0.144958 -0.012795
-0.926106 -0.348389 0.144749
-0.941960 -0.320791 0.099023
-0.940912 -0.311550 0.132743
-0.990503 -0.130748 0.042527
-0.989460 -0.142597 -0.025178
-0.990503 -0.130748 0.042527
-0.940912 -0.311550 0.132743
-0.972153 -0.216434 0.089859
-0.865695 -0.449150 0.220990
-0.972153 -0.216434 0.089859
-0.940912 -0.311550 0.132743
-0.972153 -0.216434 0.089859
-0.865695 -0.449150 0.220990
-0.926106 -0.348389 0.144749
0.002145 0.499778 0.866151
0.000001 0.500000 0.866026
-0.000000 0.500000 0.866025
0.000001 0.500000 0.866026
0.002145 0.499778 0.866151
0.000279 0.500041 0.866002
0.005715 0.498810 0.866693
-0.000000 0.500000 0.866025
0.004464 0.498949 0.866620
-0.000000 0.500000 0.866025
0.005715 0.498810 0.866693
0.002145 0.499778 0.866151
0.004464 0.498949 0.866620
-0.000000 0.500000 0.866025
0.002274 0.499619 0.866242
-0.000000 0.500000 0.866025
0.004464 0.498949 0.866620
-0.000000 0.500000 0.866025
-0.000000 0.500000 0.866025
0.000001 0.500000 0.866026
0.000002 0.500000 0.866026
0.000001 0.500000 0.866026
-0.000000 0.500000 0.866025
-0.000000 0.500000 0.866025
0.000279 0.500041 0.866002
0.007665 0.498368 0.866932
0.001473 0.499921 0.866070
0.007665 0.498368 0.866932
0.000279 0.500041 0.866002
0.002145 0.499778 0.866151
0.005715 0.498810 0.866693
0.007665 0.498368 0.866932
0.002145 0.499778 0.866151
0.007665 0.498368 0.866932
0.005715 0.498810 0.866693
0.015750 0.497020 0.867596
0.001473 0.499921 0.866070
0.000078 0.499994 0.866029
0.000279 0.500041 0.866002
0.000078 0.499994 0.866029
0.001473 0.499921 0.866070
0.000198 0.499933 0.866064
0.000001 0.500000 0.866026
0.000078 0.499994 0.866029
0.000001 0.500000 0.866025
0.000078 0.499994 0.866029
0.000001 0.500000 0.866026
0.000279 0.500041 0.866002
0.000001 0.500000 0.866025
0.000000 0.499999 0.866026
0.000000 0.500000 0.866025
0.000000 0.499999 0.866026
0.000001 0.500000 0.866025
0.000078 0.499994 0.866029
0.000078 0.499994 0.866029
0.000198 0.499933 0.866064
0.000533 0.501123 0.865376
0.000078 0.499994 0.866029
0.000533 0.501123 0.865376
0.000000 0.499999 0.866026
-0.910766 -0.382854 0.154686
-0.864292 -0.462444 0.197852
-0.867404 -0.459947 0.189891
-0.864292 -0.462444 0.197852
-0.910766 -0.382854 0.154686
-0.908465 -0.385648 0.161143
-0.864292 -0.462444 0.197852
-0.815910 -0.526286 0.239404
-0.816377 -0.530129 0.229110
-0.815910 -0.526286 0.239404
-0.864292 -0.462444 0.197852
-0.861271 -0.462331 0.210863
-0.815232 -0.524055 0.246502
-0.760762 -0.588837 0.272968
-0.815910 -0.526286 0.239404
-0.760762 -0.588837 0.272968
-0.815232 -0.524055 0.246502
-0.767813 -0.578707 0.274886
-0.815232 -0.524055 0.246502
-0.772744 -0.574195 0.270496
-0.767813 -0.578707 0.274886
-0.772744 -0.574195 0.270496
-0.815232 -0.524055 0.246502
-0.814736 -0.524448 0.247305
-0.772744 -0.574195 0.270496
-0.696559 -0.646793 0.310587
-0.767813 -0.578707 0.274886
-0.696559 -0.646793 0.310587
-0.772744 -0.574195 0.270496
-0.700360 -0.645235 0.305234
-0.627632 -0.700783 0.339088
-0.607370 -0.716728 0.342641
-0.700360 -0.645235 0.305234
-0.700360 -0.645235 0.305234
-0.708344 -0.636767 0.304594
-0.627632 -0.700783 0.339088
-0.776472 -0.569219 0.270335
-0.700360 -0.645235 0.305234
-0.772744 -0.574195 0.270496
-0.700360 -0.645235 0.305234
-0.776472 -0.569219 0.270335
-0.708344 -0.636767 0.304594
-0.776472 -0.569219 0.270335
-0.723919 -0.622584 0.297205
-0.708344 -0.636767 0.304594
-0.723919 -0.622584 0.297205
-0.776472 -0.569219 0.270335
-0.780307 -0.565373 0.267348
-0.642776 -0.689555 0.333697
-0.627632 -0.700783 0.339088
-0.708344 -0.636767 0.304594
-0.708344 -0.636767 0.304594
-0.723919 -0.622584 0.297205
-0.642776 -0.689555 0.333697
-0.433004 -0.810055 0.395371
-0.375767 -0.833235 0.405610
-0.627632 -0.700783 0.339088
-0.627632 -0.700783 0.339088
-0.642776 -0.689555 0.333697
-0.433004 -0.810055 0.395371
-0.488200 -0.788810 0.373416
-0.433004 -0.810055 0.395371
-0.642776 -0.689555 0.333697
-0.642776 -0.689555 0.333697
-0.653740 -0.684636 0.322333
-0.488200 -0.788810 0.373416
-0.739499 -0.609442 0.285870
-0.642776 -0.689555 0.333697
-0.723919 -0.622584 0.297205
-0.642776 -0.689555 0.333697
-0.739499 -0.609442 0.285870
-0.653740 -0.684636 0.322333
-0.146384 -0.894471 0.422485
-0.070509 -0.894648 0.441173
-0.433004 -0.810055 0.395371
-0.433004 -0.810055 0.395371
-0.488200 -0.788810 0.373416
-0.146384 -0.894471 0.422485
-0.203538 -0.892968 0.401473
-0.146384 -0.894471 0.422485
-0.488200 -0.788810 0.373416
-0.488200 -0.788810 0.373416
-0.520368 -0.777076 0.354075
-0.203538 -0.892968 0.401473
-0.653740 -0.684636 0.322333
-0.520368 -0.777076 0.354075
-0.488200 -0.788810 0.373416
-0.520368 -0.777076 0.354075
-0.653740 -0.684636 0.322333
-0.672790 -0.672052 0.309352
0.196552 -0.888979 0.413622
-0.203538 -0.892968 0.401473
0.120349 -0.903126 0.412165
-0.203538 -0.892968 0.401473
0.196552 -0.888979 0.413622
-0.146384 -0.894471 0.422485
-0.672790 -0.672052 0.309352
-0.537635 -0.767872 0.348312
-0.520368 -0.777076 0.354075
-0.537635 -0.767872 0.348312
-0.672790 -0.672052 0.309352
-0.689454 -0.658101 0.302584
-0.285363 -0.872711 0.396161
-0.203538 -0.892968 0.401473
-0.520368 -0.777076 0.354075
-0.520368 -0.777076 0.354075
-0.537635 -0.767872 0.348312
-0.285363 -0.872711 0.396161
0.120349 -0.903126 0.412165
-0.285363 -0.872711 0.396161
0.013675 -0.909577 0.415311
-0.285363 -0.872711 0.396161
0.120349 -0.903126 0.412165
-0.203538 -0.892968 0.401473
0.472865 -0.802780 0.363239
0.013675 -0.909577 0.415311
0.425537 -0.827116 0.367147
0.013675 -0.909577 0.415311
0.472865 -0.802780 0.363239
0.120349 -0.903126 0.412165
0.013675 -0.909577 0.415311
-0.345211 -0.854870 0.387333
-0.044103 -0.912528 0.406630
-0.345211 -0.854870 0.387333
0.013675 -0.909577 0.415311
-0.285363 -0.872711 0.396161
-0.537635 -0.767872 0.348312
-0.345211 -0.854870 0.387333
-0.285363 -0.872711 0.396161
-0.345211 -0.854870 0.387333
-0.537635 -0.767872 0.348312
-0.576605 -0.743056 0.339698
0.425537 -0.827116 0.367147
-0.044103 -0.912528 0.406630
0.340094 -0.861204 0.377709
-0.044103 -0.912528 0.406630
0.425537 -0.827116 0.367147
0.013675 -0.909577 0.415311
0.799799 -0.557059 0.223623
0.340094 -0.861204 0.377709
0.801939 -0.558520 0.212012
0.340094 -0.861204 0.377709
0.799799 -0.557059 0.223623
0.425537 -0.827116 0.367147
-0.576605 -0.743056 0.339698
-0.401939 -0.833530 0.379042
-0.345211 -0.854870 0.387333
-0.401939 -0.833530 0.379042
-0.576605 -0.743056 0.339698
-0.614167 -0.718373 0.326708
-0.044103 -0.912528 0.406630
-0.401939 -0.833530 0.379042
-0.127090 -0.901413 0.413887
-0.401939 -0.833530 0.379042
-0.044103 -0.912528 0.406630
-0.345211 -0.854870 0.387333
0.340094 -0.861204 0.377709
-0.127090 -0.901413 0.413887
0.250904 -0.882648 0.397467
-0.127090 -0.901413 0.413887
0.340094 -0.861204 0.377709
-0.044103 -0.912528 0.406630
0.801939 -0.558520 0.212012
0.250904 -0.882648 0.397467
0.831159 -0.524107 0.185705
0.250904 -0.882648 0.397467
0.801939 -0.558520 0.212012
0.340094 -0.861204 0.377709
0.991848 -0.124072 -0.029052
0.831159 -0.524107 0.185705
0.997142 -0.033214 -0.067860
0.831159 -0.524107 0.185705
0.991848 -0.124072 -0.029052
0.801939 -0.558520 0.212012
0.250904 -0.882648 0.397467
-0.226897 -0.886653 0.402945
0.298728 -0.880652 0.367713
-0.226897 -0.886653 0.402945
0.250904 -0.882648 0.397467
-0.127090 -0.901413 0.413887
-0.401939 -0.833530 0.379042
-0.226897 -0.886653 0.402945
-0.127090 -0.901413 0.413887
-0.226897 -0.886653 0.402945
-0.401939 -0.833530 0.379042
-0.483845 -0.796956 0.361601
0.831159 -0.524107 0.185705
0.298728 -0.880652 0.367713
0.887481 -0.445339 0.118538
0.298728 -0.880652 0.367713
0.831159 -0.524107 0.185705
0.250904 -0.882648 0.397467
0.997142 -0.033214 -0.067860
0.887481 -0.445339 0.118538
0.995364 -0.083953 -0.046924
0.887481 -0.445339 0.118538
0.997142 -0.033214 -0.067860
0.831159 -0.524107 0.185705
0.978250 0.139969 -0.153087
0.995364 -0.083953 -0.046924
0.977531 0.147973 -0.150126
0.995364 -0.083953 -0.046924
0.978250 0.139969 -0.153087
0.997142 -0.033214 -0.067860
-0.483845 -0.796956 0.361601
-0.284098 -0.875242 0.391460
-0.226897 -0.886653 0.402945
-0.284098 -0.875242 0.391460
-0.483845 -0.796956 0.361601
-0.543517 -0.764083 0.347515
0.298728 -0.880652 0.367713
-0.284098 -0.875242 0.391460
0.470493 -0.820237 0.325342
-0.284098 -0.875242 0.391460
0.298728 -0.880652 0.367713
-0.226897 -0.886653 0.402945
0.887481 -0.445339 0.118538
0.470493 -0.820237 0.325342
0.934272 -0.347202 0.081164
0.470493 -0.820237 0.325342
0.887481 -0.445339 0.118538
0.298728 -0.880652 0.367713
0.995364 -0.083953 -0.046924
0.934272 -0.347202 0.081164
0.986160 -0.165597 -0.008090
0.934272 -0.347202 0.081164
0.995364 -0.083953 -0.046924
0.887481 -0.445339 0.118538
0.977531 0.147973 -0.150126
0.986160 -0.165597 -0.008090
0.968283 0.181191 -0.172040
0.986160 -0.165597 -0.008090
0.977531 0.147973 -0.150126
0.995364 -0.083953 -0.046924
0.871878 0.404267 -0.276399
0.968283 0.181191 -0.172040
0.847559 0.442609 -0.292816
0.968283 0.181191 -0.172040
0.871878 0.404267 -0.276399
0.977531 0.147973 -0.150126
-0.284098 -0.875242 0.391460
-0.287455 -0.879927 0.378284
0.470493 -0.820237 0.325342
0.470493 -0.820237 0.325342
-0.287455 -0.879927 0.378284
0.412247 -0.853654 0.318321
0.934272 -0.347202 0.081164
0.412247 -0.853654 0.318321
0.895324 -0.425516 0.131645
0.412247 -0.853654 0.318321
0.934272 -0.347202 0.081164
0.470493 -0.820237 0.325342
0.986160 -0.165597 -0.008090
0.895324 -0.425516 0.131645
0.993827 -0.110798 -0.005669
0.895324 -0.425516 0.131645
0.986160 -0.165597 -0.008090
0.934272 -0.347202 0.081164
0.968283 0.181191 -0.172040
0.993827 -0.110798 -0.005669
0.942926 0.264758 -0.201972
0.993827 -0.110798 -0.005669
0.968283 0.181191 -0.172040
0.986160 -0.165597 -0.008090
0.847559 0.442609 -0.292816
0.942926 0.264758 -0.201972
0.844850 0.446628 -0.294535
0.942926 0.264758 -0.201972
0.847559 0.442609 -0.292816
0.968283 0.181191 -0.172040
0.820650 0.478772 -0.311947
0.844850 0.446628 -0.294535
0.818076 0.482824 -0.312462
0.844850 0.446628 -0.294535
0.820650 0.478772 -0.311947
0.847559 0.442609 -0.292816
0.993827 -0.110798 -0.005669
0.694845 -0.660855 0.283656
0.998586 0.005884 -0.052843
0.694845 -0.660855 0.283656
0.993827 -0.110798 -0.005669
0.895324 -0.425516 0.131645
0.412247 -0.853654 0.318321
0.089934 -0.918413 0.385265
0.895324 -0.425516 0.131645
0.895324 -0.425516 0.131645
0.089934 -0.918413 0.385265
0.694845 -0.660855 0.283656
0.942926 0.264758 -0.201972
0.998586 0.005884 -0.052843
0.897198 0.366273 -0.246737
0.998586 0.005884 -0.052843
0.942926 0.264758 -0.201972
0.993827 -0.110798 -0.005669
0.844850 0.446628 -0.294535
0.897198 0.366273 -0.246737
0.843669 0.449223 -0.293975
0.897198 0.366273 -0.246737
0.844850 0.446628 -0.294535
0.942926 0.264758 -0.201972
0.818076 0.482824 -0.312462
0.843669 0.449223 -0.293975
0.816127 0.485503 -0.313405
0.843669 0.449223 -0.293975
0.818076 0.482824 -0.312462
0.844850 0.446628 -0.294535
0.795520 0.509687 -0.327669
0.816127 0.485503 -0.313405
0.793660 0.512479 -0.327826
0.816127 0.485503 -0.313405
0.795520 0.509687 -0.327669
0.818076 0.482824 -0.312462
0.089934 -0.918413 0.385265
-0.194152 -0.880018 0.433443
0.694845 -0.660855 0.283656
0.694845 -0.660855 0.283656
-0.194152 -0.880018 0.433443
0.476675 -0.812890 0.334650
0.998586 0.005884 -0.052843
0.476675 -0.812890 0.334650
0.994514 -0.021837 -0.102299
0.476675 -0.812890 0.334650
0.998586 0.005884 -0.052843
0.694845 -0.660855 0.283656
0.897198 0.366273 -0.246737
0.994514 -0.021837 -0.102299
0.883545 0.383370 -0.269028
0.994514 -0.021837 -0.102299
0.897198 0.366273 -0.246737
0.998586 0.005884 -0.052843
0.843669 0.449223 -0.293975
0.883545 0.383370 -0.269028
0.838673 0.457194 -0.295974
0.883545 0.383370 -0.269028
0.843669 0.449223 -0.293975
0.897198 0.366273 -0.246737
0.816127 0.485503 -0.313405
0.838673 0.457194 -0.295974
0.810929 0.494652 -0.312591
0.838673 0.457194 -0.295974
0.816127 0.485503 -0.313405
0.843669 0.449223 -0.293975
0.793660 0.512479 -0.327826
0.810929 0.494652 -0.312591
0.787887 0.521339 -0.327780
0.810929 0.494652 -0.312591
0.793660 0.512479 -0.327826
0.816127 0.485503 -0.313405
0.774690 0.533151 -0.340009
0.787887 0.521339 -0.327780
0.772814 0.536886 -0.338397
0.787887 0.521339 -0.327780
0.774690 0.533151 -0.340009
0.793660 0.512479 -0.327826
0.883545 0.383370 -0.269028
0.968014 -0.166533 -0.187656
0.940260 0.185455 -0.285513
0.968014 -0.166533 -0.187656
0.883545 0.383370 -0.269028
0.994514 -0.021837 -0.102299
0.476675 -0.812890 0.334650
0.511730 -0.835837 0.198769
0.994514 -0.021837 -0.102299
0.968014 -0.166533 -0.187656
0.994514 -0.021837 -0.102299
0.511730 -0.835837 0.198769
0.838673 0.457194 -0.295974
0.940260 0.185455 -0.285513
0.868327 0.395283 -0.299600
0.940260 0.185455 -0.285513
0.838673 0.457194 -0.295974
0.883545 0.383370 -0.269028
0.810929 0.494652 -0.312591
0.868327 0.395283 -0.299600
0.797865 0.511571 -0.318914
0.868327 0.395283 -0.299600
0.810929 0.494652 -0.312591
0.838673 0.457194 -0.295974
0.787887 0.521339 -0.327780
0.797865 0.511571 -0.318914
0.780158 0.529606 -0.332973
0.797865 0.511571 -0.318914
0.787887 0.521339 -0.327780
0.810929 0.494652 -0.312591
0.772814 0.536886 -0.338397
0.780158 0.529606 -0.332973
0.766984 0.539544 -0.347316
0.780158 0.529606 -0.332973
0.772814 0.536886 -0.338397
0.787887 0.521339 -0.327780
0.763368 0.543936 -0.348429
0.760306 0.549152 -0.346940
0.772814 0.536886 -0.338397
0.763368 0.543936 -0.348429
0.772814 0.536886 -0.338397
0.766984 0.539544 -0.347316
0.511730 -0.835837 0.198769
0.439158 -0.897942 0.028981
0.968014 -0.166533 -0.187656
0.849562 -0.513081 -0.122444
0.968014 -0.166533 -0.187656
0.439158 -0.897942 0.028981
0.940260 0.185455 -0.285513
0.849562 -0.513081 -0.122444
0.986739 -0.053049 -0.153403
0.849562 -0.513081 -0.122444
0.940260 0.185455 -0.285513
0.968014 -0.166533 -0.187656
0.868327 0.395283 -0.299600
0.986739 -0.053049 -0.153403
0.867007 0.416070 -0.274199
0.986739 -0.053049 -0.153403
0.868327 0.395283 -0.299600
0.940260 0.185455 -0.285513
0.797865 0.511571 -0.318914
0.867007 0.416070 -0.274199
0.787759 0.521245 -0.328237
0.867007 0.416070 -0.274199
0.797865 0.511571 -0.318914
0.868327 0.395283 -0.299600
0.780158 0.529606 -0.332973
0.787759 0.521245 -0.328237
0.763850 0.539513 -0.354202
0.787759 0.521245 -0.328237
0.780158 0.529606 -0.332973
0.797865 0.511571 -0.318914
0.766984 0.539544 -0.347316
0.763850 0.539513 -0.354202
0.760460 0.533760 -0.369865
0.763850 0.539513 -0.354202
0.766984 0.539544 -0.347316
0.780158 0.529606 -0.332973
0.765456 0.524979 -0.372121
0.763368 0.543936 -0.348429
0.766984 0.539544 -0.347316
0.765456 0.524979 -0.372121
0.766984 0.539544 -0.347316
0.760460 0.533760 -0.369865
0.732499 0.546725 -0.405632
0.749791 0.559839 -0.352695
0.763368 0.543936 -0.348429
0.732499 0.546725 -0.405632
0.763368 0.543936 -0.348429
0.765456 0.524979 -0.372121
0.695761 0.572186 -0.434189
0.711108 0.581857 -0.394675
0.749791 0.559839 -0.352695
0.749791 0.559839 -0.352695
0.732499 0.546725 -0.405632
0.695761 0.572186 -0.434189
0.867007 0.416070 -0.274199
0.955453 -0.163219 -0.245905
0.865157 0.117241 -0.487605
0.955453 -0.163219 -0.245905
0.867007 0.416070 -0.274199
0.986739 -0.053049 -0.153403
0.849562 -0.513081 -0.122444
0.574004 -0.787626 -0.223975
0.986739 -0.053049 -0.153403
0.986739 -0.053049 -0.153403
0.574004 -0.787626 -0.223975
0.955453 -0.163219 -0.245905
0.787759 0.521245 -0.328237
0.865157 0.117241 -0.487605
0.805208 0.362963 -0.468932
0.865157 0.117241 -0.487605
0.787759 0.521245 -0.328237
0.867007 0.416070 -0.274199
0.763850 0.539513 -0.354202
0.805208 0.362963 -0.468932
0.771336 0.487201 -0.409482
0.805208 0.362963 -0.468932
0.763850 0.539513 -0.354202
0.787759 0.521245 -0.328237
0.760460 0.533760 -0.369865
0.771336 0.487201 -0.409482
0.745917 0.529838 -0.403583
0.771336 0.487201 -0.409482
0.760460 0.533760 -0.369865
0.763850 0.539513 -0.354202
0.765456 0.524979 -0.372121
0.745917 0.529838 -0.403583
0.700843 0.514905 -0.493651
0.745917 0.529838 -0.403583
0.765456 0.524979 -0.372121
0.760460 0.533760 -0.369865
0.574536 0.513481 -0.637374
0.732499 0.546725 -0.405632
0.765456 0.524979 -0.372121
0.765456 0.524979 -0.372121
0.700843 0.514905 -0.493651
0.574536 0.513481 -0.637374
0.574536 0.513481 -0.637374
0.488900 0.554770 -0.673207
0.732499 0.546725 -0.405632
0.732499 0.546725 -0.405632
0.488900 0.554770 -0.673207
0.695761 0.572186 -0.434189
0.613775 0.627107 -0.479600
0.579309 0.650990 -0.490524
0.679583 0.534967 -0.501973
0.679583 0.534967 -0.501973
0.688515 0.536034 -0.488481
0.613775 0.627107 -0.479600
0.647306 0.615079 -0.450192
0.613775 0.627107 -0.479600
0.688515 0.536034 -0.488481
0.688515 0.536034 -0.488481
0.705718 0.538698 -0.460180
0.647306 0.615079 -0.450192
0.669899 0.591930 -0.448167
0.647306 0.615079 -0.450192
0.705718 0.538698 -0.460180
0.705718 0.538698 -0.460180
0.722013 0.525516 -0.450033
0.669899 0.591930 -0.448167
0.683145 0.577457 -0.447053
0.669899 0.591930 -0.448167
0.722013 0.525516 -0.450033
0.683145 0.577457 -0.447053
0.722013 0.525516 -0.450033
0.735510 0.523117 -0.430550
0.549020 0.646502 -0.529729
0.595174 0.642420 -0.482768
0.683145 0.577457 -0.447053
0.549020 0.646502 -0.529729
0.683145 0.577457 -0.447053
0.687043 0.575102 -0.444105
0.519506 0.655911 -0.547626
0.549020 0.646502 -0.529729
0.687043 0.575102 -0.444105
0.519506 0.655911 -0.547626
0.687043 0.575102 -0.444105
0.686138 0.575159 -0.445428
0.531574 0.659791 -0.531135
0.519506 0.655911 -0.547626
0.686138 0.575159 -0.445428
0.531574 0.659791 -0.531135
0.686138 0.575159 -0.445428
0.686703 0.583152 -0.434020
0.550429 0.664040 -0.506042
0.531574 0.659791 -0.531135
0.686703 0.583152 -0.434020
0.550429 0.664040 -0.506042
0.686703 0.583152 -0.434020
0.687179 0.591203 -0.422213
0.550429 0.664040 -0.506042
0.687320 0.593408 -0.418877
0.571792 0.658009 -0.489977
0.687320 0.593408 -0.418877
0.550429 0.664040 -0.506042
0.687179 0.591203 -0.422213
0.250976 0.744489 -0.618665
0.571792 0.658009 -0.489977
0.287511 0.747679 -0.598593
0.571792 0.658009 -0.489977
0.250976 0.744489 -0.618665
0.550429 0.664040 -0.506042
0.571792 0.658009 -0.489977
0.688246 0.595354 -0.414573
0.570740 0.657126 -0.492383
0.688246 0.595354 -0.414573
0.571792 0.658009 -0.489977
0.687320 0.593408 -0.418877
0.287511 0.747679 -0.598593
0.570740 0.657126 -0.492383
0.320586 0.730463 -0.603033
0.570740 0.657126 -0.492383
0.287511 0.747679 -0.598593
0.571792 0.658009 -0.489977
0.570740 0.657126 -0.492383
0.686288 0.600320 -0.410640
0.562289 0.668075 -0.487346
0.686288 0.600320 -0.410640
0.570740 0.657126 -0.492383
0.688246 0.595354 -0.414573
0.320586 0.730463 -0.603033
0.562289 0.668075 -0.487346
0.342571 0.741295 -0.577171
0.562289 0.668075 -0.487346
0.320586 0.730463 -0.603033
0.570740 0.657126 -0.492383
0.562289 0.668075 -0.487346
0.687873 0.603689 -0.402976
0.567414 0.673120 -0.474289
0.687873 0.603689 -0.402976
0.562289 0.668075 -0.487346
0.686288 0.600320 -0.410640
0.342571 0.741295 -0.577171
0.567414 0.673120 -0.474289
0.369268 0.743222 -0.557909
0.567414 0.673120 -0.474289
0.342571 0.741295 -0.577171
0.562289 0.668075 -0.487346
-0.033279 0.760659 -0.648298
0.369268 0.743222 -0.557909
-0.025348 0.773183 -0.633676
0.369268 0.743222 -0.557909
-0.033279 0.760659 -0.648298
0.342571 0.741295 -0.577171
0.567414 0.673120 -0.474289
0.696299 0.600777 -0.392727
0.581234 0.674716 -0.454890
0.696299 0.600777 -0.392727
0.567414 0.673120 -0.474289
0.687873 0.603689 -0.402976
0.369268 0.743222 -0.557909
0.581234 0.674716 -0.454890
0.359966 0.759375 -0.542010
0.581234 0.674716 -0.454890
0.369268 0.743222 -0.557909
0.567414 0.673120 -0.474289
-0.025348 0.773183 -0.633676
0.359966 0.759375 -0.542010
0.003420 0.795526 -0.605910
0.359966 0.759375 -0.542010
-0.025348 0.773183 -0.633676
0.369268 0.743222 -0.557909
0.581234 0.674716 -0.454890
0.704987 0.594443 -0.386821
0.622097 0.655102 -0.428762
0.704987 0.594443 -0.386821
0.581234 0.674716 -0.454890
0.696299 0.600777 -0.392727
0.359966 0.759375 -0.542010
0.622097 0.655102 -0.428762
0.346536 0.773329 -0.530919
0.622097 0.655102 -0.428762
0.359966 0.759375 -0.542010
0.581234 0.674716 -0.454890
0.003420 0.795526 -0.605910
0.346536 0.773329 -0.530919
0.007768 0.807643 -0.589620
0.346536 0.773329 -0.530919
0.003420 0.795526 -0.605910
0.359966 0.759375 -0.542010
0.346536 0.773329 -0.530919
0.655268 0.629745 -0.417186
0.365665 0.762534 -0.533695
0.655268 0.629745 -0.417186
0.346536 0.773329 -0.530919
0.622097 0.655102 -0.428762
-0.036942 0.802412 -0.595626
0.007768 0.807643 -0.589620
0.346536 0.773329 -0.530919
0.346536 0.773329 -0.530919
0.365665 0.762534 -0.533695
-0.036942 0.802412 -0.595626
0.365665 0.762534 -0.533695
0.666439 0.621371 -0.412016
0.440192 0.742299 -0.505196
0.666439 0.621371 -0.412016
0.365665 0.762534 -0.533695
0.655268 0.629745 -0.417186
-0.036942 0.802412 -0.595626
0.440192 0.742299 -0.505196
-0.029253 0.810615 -0.584848
0.440192 0.742299 -0.505196
-0.036942 0.802412 -0.595626
0.365665 0.762534 -0.533695
-0.684100 0.553749 -0.474731
-0.624074 0.604375 -0.495241
-0.036942 0.802412 -0.595626
-0.036942 0.802412 -0.595626
-0.029253 0.810615 -0.584848
-0.684100 0.553749 -0.474731
0.440192 0.742299 -0.505196
0.679046 0.612665 -0.404397
0.510109 0.705074 -0.492604
0.679046 0.612665 -0.404397
0.440192 0.742299 -0.505196
0.666439 0.621371 -0.412016
-0.029253 0.810615 -0.584848
0.510109 0.705074 -0.492604
0.028795 0.787761 -0.615308
0.510109 0.705074 -0.492604
-0.029253 0.810615 -0.584848
0.440192 0.742299 -0.505196
-0.662995 0.542714 -0.515654
-0.684100 0.553749 -0.474731
-0.029253 0.810615 -0.584848
-0.029253 0.810615 -0.584848
0.028795 0.787761 -0.615308
-0.662995 0.542714 -0.515654
0.531799 0.696930 -0.481122
0.510109 0.705074 -0.492604
0.679046 0.612665 -0.404397
0.531799 0.696930 -0.481122
0.679046 0.612665 -0.404397
0.690696 0.604843 -0.396363
0.028795 0.787761 -0.615308
0.531799 0.696930 -0.481122
0.063206 0.793191 -0.605684
0.531799 0.696930 -0.481122
0.028795 0.787761 -0.615308
0.510109 0.705074 -0.492604
-0.676826 0.536442 -0.504119
-0.662995 0.542714 -0.515654
0.028795 0.787761 -0.615308
0.028795 0.787761 -0.615308
0.063206 0.793191 -0.605684
-0.676826 0.536442 -0.504119
0.583880 0.679149 -0.444793
0.531799 0.696930 -0.481122
0.690696 0.604843 -0.396363
0.583880 0.679149 -0.444793
0.690696 0.604843 -0.396363
0.697766 0.600986 -0.389792
0.063206 0.793191 -0.605684
0.583880 0.679149 -0.444793
0.103163 0.806411 -0.582287
0.583880 0.679149 -0.444793
0.063206 0.793191 -0.605684
0.531799 0.696930 -0.481122
-0.714577 0.500509 -0.488743
-0.676826 0.536442 -0.504119
0.063206 0.793191 -0.605684
0.063206 0.793191 -0.605684
0.103163 0.806411 -0.582287
-0.714577 0.500509 -0.488743
0.650069 0.637609 -0.413357
0.583880 0.679149 -0.444793
0.697766 0.600986 -0.389792
0.650069 0.637609 -0.413357
0.697766 0.600986 -0.389792
0.705981 0.594988 -0.384162
0.103163 0.806411 -0.582287
0.650069 0.637609 -0.413357
0.126779 0.788253 -0.602149
0.650069 0.637609 -0.413357
0.103163 0.806411 -0.582287
0.583880 0.679149 -0.444793
-0.805906 0.383167 -0.451329
-0.714577 0.500509 -0.488743
0.103163 0.806411 -0.582287
0.103163 0.806411 -0.582287
0.126779 0.788253 -0.602149
-0.805906 0.383167 -0.451329
-0.805906 0.383167 -0.451329
-0.984391 -0.012466 -0.175554
-0.714577 0.500509 -0.488743
-0.984391 -0.012466 -0.175554
-0.805906 0.383167 -0.451329
-0.986955 -0.099109 -0.126872
0.650751 0.634732 -0.416700
0.650069 0.637609 -0.413357
0.705981 0.594988 -0.384162
0.650751 0.634732 -0.416700
0.705981 0.594988 -0.384162
0.712547 0.591046 -0.378076
0.063334 0.819032 -0.570242
0.126779 0.788253 -0.602149
0.650069 0.637609 -0.413357
0.650069 0.637609 -0.413357
0.650751 0.634732 -0.416700
0.063334 0.819032 -0.570242
-0.877276 0.352685 -0.325578
-0.805906 0.383167 -0.451329
0.126779 0.788253 -0.602149
0.126779 0.788253 -0.602149
0.063334 0.819032 -0.570242
-0.877276 0.352685 -0.325578
-0.992526 -0.121499 -0.011387
-0.805906 0.383167 -0.451329
-0.877276 0.352685 -0.325578
-0.805906 0.383167 -0.451329
-0.992526 -0.121499 -0.011387
-0.986955 -0.099109 -0.126872
0.613759 0.656523 -0.438494
0.650751 0.634732 -0.416700
0.712547 0.591046 -0.378076
0.712547 0.591046 -0.378076
0.719823 0.586148 -0.371868
0.613759 0.656523 -0.438494
0.063334 0.819032 -0.570242
0.613759 0.656523 -0.438494
-0.166462 0.777690 -0.606209
0.613759 0.656523 -0.438494
0.063334 0.819032 -0.570242
0.650751 0.634732 -0.416700
-0.928444 0.275822 -0.248826
-0.877276 0.352685 -0.325578
0.063334 0.819032 -0.570242
0.063334 0.819032 -0.570242
-0.166462 0.777690 -0.606209
-0.928444 0.275822 -0.248826
-0.990503 -0.130748 0.042527
-0.877276 0.352685 -0.325578
-0.928444 0.275822 -0.248826
-0.877276 0.352685 -0.325578
-0.990503 -0.130748 0.042527
-0.992526 -0.121499 -0.011387
0.549402 0.629246 -0.549733
0.613759 0.656523 -0.438494
0.719823 0.586148 -0.371868
0.719823 0.586148 -0.371868
0.711108 0.581857 -0.394675
0.549402 0.629246 -0.549733
-0.091683 0.656902 -0.748381
-0.166462 0.777690 -0.606209
0.613759 0.656523 -0.438494
0.613759 0.656523 -0.438494
0.549402 0.629246 -0.549733
-0.091683 0.656902 -0.748381
-0.899903 0.210266 -0.382051
-0.166462 0.777690 -0.606209
-0.091683 0.656902 -0.748381
-0.166462 0.777690 -0.606209
-0.899903 0.210266 -0.382051
-0.928444 0.275822 -0.248826
-0.989460 -0.142597 -0.025178
-0.928444 0.275822 -0.248826
-0.899903 0.210266 -0.382051
-0.928444 0.275822 -0.248826
-0.989460 -0.142597 -0.025178
-0.990503 -0.130748 0.042527
0.488900 0.554770 -0.673207
0.549402 0.629246 -0.549733
0.711108 0.581857 -0.394675
0.488900 0.554770 -0.673207
0.711108 0.581857 -0.394675
0.695761 0.572186 -0.434189
0.137293 0.517856 -0.844379
0.549402 0.629246 -0.549733
0.488900 0.554770 -0.673207
0.137293 0.517856 -0.844379
-0.091683 0.656902 -0.748381
0.549402 0.629246 -0.549733
-0.629486 0.233835 -0.740991
-0.091683 0.656902 -0.748381
0.137293 0.517856 -0.844379
-0.091683 0.656902 -0.748381
-0.629486 0.233835 -0.740991
-0.899903 0.210266 -0.382051
-0.966916 -0.199449 -0.159039
-0.899903 0.210266 -0.382051
-0.629486 0.233835 -0.740991
-0.899903 0.210266 -0.382051
-0.966916 -0.199449 -0.159039
-0.989460 -0.142597 -0.025178
-0.884206 -0.433814 0.173165
-0.989460 -0.142597 -0.025178
-0.966916 -0.199449 -0.159039
-0.989460 -0.142597 -0.025178
-0.884206 -0.433814 0.173165
-0.940912 -0.311550 0.132743
-0.805095 -0.534976 0.256170
-0.940912 -0.311550 0.132743
-0.884206 -0.433814 0.173165
-0.940912 -0.311550 0.132743
-0.805095 -0.534976 0.256170
-0.865695 -0.449150 0.220990
-0.175252 0.621711 0.763389
-0.087803 0.621253 0.778675
-0.264870 0.843749 0.466831
-0.264870 0.843749 0.466831
-0.373419 0.751418 0.543993
-0.175252 0.621711 0.763389
-0.369078 0.919205 0.137273
-0.373419 0.751418 0.543993
-0.264870 0.843749 0.466831
-0.373419 0.751418 0.543993
-0.369078 0.919205 0.137273
-0.551968 0.792772 0.258543
-0.423181 0.904979 -0.043942
-0.551968 0.792772 0.258543
-0.369078 0.919205 0.137273
-0.551968 0.792772 0.258543
-0.423181 0.904979 -0.043942
-0.657080 0.753717 0.012532
-0.465967 0.838921 -0.281224
-0.701003 0.681236 -0.210980
-0.423181 0.904979 -0.043942
-0.423181 0.904979 -0.043942
-0.701003 0.681236 -0.210980
-0.657080 0.753717 0.012532
-0.482517 0.782653 -0.393233
-0.700644 0.640808 -0.313789
-0.465967 0.838921 -0.281224
-0.701003 0.681236 -0.210980
-0.465967 0.838921 -0.281224
-0.700644 0.640808 -0.313789
-0.700644 0.640808 -0.313789
-0.913025 0.395693 -0.099056
-0.701003 0.681236 -0.210980
-0.913025 0.395693 -0.099056
-0.700644 0.640808 -0.313789
-0.918005 0.359027 -0.168426
-0.657080 0.753717 0.012532
-0.913025 0.395693 -0.099056
-0.842008 0.519319 0.146050
-0.913025 0.395693 -0.099056
-0.657080 0.753717 0.012532
-0.701003 0.681236 -0.210980
-0.476551 0.856210 -0.199508
-0.691226 0.712057 -0.123214
-0.482517 0.782653 -0.393233
-0.700644 0.640808 -0.313789
-0.482517 0.782653 -0.393233
-0.691226 0.712057 -0.123214
-0.691226 0.712057 -0.123214
-0.915724 0.397548 -0.058361
-0.700644 0.640808 -0.313789
-0.700644 0.640808 -0.313789
-0.915724 0.397548 -0.058361
-0.918005 0.359027 -0.168426
-0.476551 0.856210 -0.199508
-0.440260 0.897726 -0.016089
-0.673854 0.738109 0.033408
-0.476551 0.856210 -0.199508
-0.673854 0.738109 0.033408
-0.691226 0.712057 -0.123214
-0.915724 0.397548 -0.058361
-0.691226 0.712057 -0.123214
-0.921432 0.387574 0.027367
-0.691226 0.712057 -0.123214
-0.673854 0.738109 0.033408
-0.921432 0.387574 0.027367
-0.921432 0.387574 0.027367
-0.673854 0.738109 0.033408
-0.953378 0.299024 0.040682
-0.673854 0.738109 0.033408
-0.709519 0.702898 0.050182
-0.953378 0.299024 0.040682
-0.998569 -0.052726 -0.008906
-0.921432 0.387574 0.027367
-0.993173 -0.116290 -0.009204
-0.921432 0.387574 0.027367
-0.953378 0.299024 0.040682
-0.993173 -0.116290 -0.009204
-0.915724 0.397548 -0.058361
-0.998569 -0.052726 -0.008906
-0.999837 -0.012460 -0.013095
-0.998569 -0.052726 -0.008906
-0.915724 0.397548 -0.058361
-0.921432 0.387574 0.027367
-0.983255 0.169318 0.067391
-0.953378 0.299024 0.040682
-0.709519 0.702898 0.050182
-0.709519 0.702898 0.050182
-0.776353 0.628767 0.043903
-0.983255 0.169318 0.067391
-0.993173 -0.116290 -0.009204
-0.953378 0.299024 0.040682
-0.984934 -0.170370 0.029661
-0.953378 0.299024 0.040682
-0.983255 0.169318 0.067391
-0.984934 -0.170370 0.029661
-0.994696 0.057088 0.085559
-0.983255 0.169318 0.067391
-0.776353 0.628767 0.043903
-0.776353 0.628767 0.043903
-0.865954 0.500114 -0.002961
-0.994696 0.057088 0.085559
-0.983255 0.169318 0.067391
-0.994696 0.057088 0.085559
-0.974237 -0.204772 0.094504
-0.983255 0.169318 0.067391
-0.974237 -0.204772 0.094504
-0.984934 -0.170370 0.029661
-0.974237 -0.204772 0.094504
-0.931544 -0.351218 0.094192
-0.984934 -0.170370 0.029661
-0.984934 -0.170370 0.029661
-0.931544 -0.351218 0.094192
-0.931244 -0.363504 0.025505
-0.865954 0.500114 -0.002961
-0.950939 0.299729 -0.076670
-0.997829 -0.029691 0.058788
-0.865954 0.500114 -0.002961
-0.997829 -0.029691 0.058788
-0.994696 0.057088 0.085559
-0.994696 0.057088 0.085559
-0.997829 -0.029691 0.058788
-0.964754 -0.234229 0.119943
-0.994696 0.057088 0.085559
-0.964754 -0.234229 0.119943
-0.974237 -0.204772 0.094504
-0.964754 -0.234229 0.119943
-0.926232 -0.351791 0.135416
-0.974237 -0.204772 0.094504
-0.974237 -0.204772 0.094504
-0.926232 -0.351791 0.135416
-0.931544 -0.351218 0.094192
-0.992918 -0.112796 0.037292
-0.950939 0.299729 -0.076670
-0.973780 0.173972 -0.146579
-0.950939 0.299729 -0.076670
-0.992918 -0.112796 0.037292
-0.997829 -0.029691 0.058788
-0.997829 -0.029691 0.058788
-0.992918 -0.112796 0.037292
-0.958291 -0.263176 0.111431
-0.997829 -0.029691 0.058788
-0.958291 -0.263176 0.111431
-0.964754 -0.234229 0.119943
-0.958291 -0.263176 0.111431
-0.919976 -0.364762 0.143499
-0.964754 -0.234229 0.119943
-0.964754 -0.234229 0.119943
-0.919976 -0.364762 0.143499
-0.926232 -0.351791 0.135416
-0.985610 -0.168291 0.015814
-0.973780 0.173972 -0.146579
-0.970510 0.105738 -0.216635
-0.973780 0.173972 -0.146579
-0.985610 -0.168291 0.015814
-0.992918 -0.112796 0.037292
-0.985610 -0.168291 0.015814
-0.958291 -0.263176 0.111431
-0.992918 -0.112796 0.037292
-0.958291 -0.263176 0.111431
-0.985610 -0.168291 0.015814
-0.953582 -0.282866 0.103282
-0.914642 -0.374681 0.151805
-0.958291 -0.263176 0.111431
-0.953582 -0.282866 0.103282
-0.958291 -0.263176 0.111431
-0.914642 -0.374681 0.151805
-0.919976 -0.364762 0.143499
-0.963991 0.067566 -0.257210
-0.985610 -0.168291 0.015814
-0.970510 0.105738 -0.216635
-0.985610 -0.168291 0.015814
-0.963991 0.067566 -0.257210
-0.984155 -0.175596 -0.024592
-0.984155 -0.175596 -0.024592
-0.953582 -0.282866 0.103282
-0.985610 -0.168291 0.015814
-0.953582 -0.282866 0.103282
-0.984155 -0.175596 -0.024592
-0.951407 -0.294314 0.090571
-0.910766 -0.382854 0.154686
-0.953582 -0.282866 0.103282
-0.951407 -0.294314 0.090571
-0.953582 -0.282866 0.103282
-0.910766 -0.382854 0.154686
-0.914642 -0.374681 0.151805
-0.956096 0.101369 -0.274963
-0.984155 -0.175596 -0.024592
-0.963991 0.067566 -0.257210
-0.984155 -0.175596 -0.024592
-0.956096 0.101369 -0.274963
-0.986865 -0.158482 -0.031324
-0.986865 -0.158482 -0.031324
-0.951407 -0.294314 0.090571
-0.984155 -0.175596 -0.024592
-0.951407 -0.294314 0.090571
-0.986865 -0.158482 -0.031324
-0.950810 -0.294842 0.095015
-0.908465 -0.385648 0.161143
-0.951407 -0.294314 0.090571
-0.950810 -0.294842 0.095015
-0.951407 -0.294314 0.090571
-0.908465 -0.385648 0.161143
-0.910766 -0.382854 0.154686
-0.962442 0.115658 -0.245620
-0.986865 -0.158482 -0.031324
-0.956096 0.101369 -0.274963
-0.986865 -0.158482 -0.031324
-0.962442 0.115658 -0.245620
-0.987435 -0.157680 -0.010403
-0.987435 -0.157680 -0.010403
-0.950810 -0.294842 0.095015
-0.986865 -0.158482 -0.031324
-0.950810 -0.294842 0.095015
-0.987435 -0.157680 -0.010403
-0.949323 -0.295019 0.108394
-0.905975 -0.386312 0.173124
-0.950810 -0.294842 0.095015
-0.949323 -0.295019 0.108394
-0.950810 -0.294842 0.095015
-0.905975 -0.386312 0.173124
-0.908465 -0.385648 0.161143
-0.861271 -0.462331 0.210863
-0.908465 -0.385648 0.161143
-0.905975 -0.386312 0.173124
-0.908465 -0.385648 0.161143
-0.861271 -0.462331 0.210863
-0.864292 -0.462444 0.197852
-0.977975 0.068189 -0.197268
-0.987435 -0.157680 -0.010403
-0.962442 0.115658 -0.245620
-0.987435 -0.157680 -0.010403
-0.977975 0.068189 -0.197268
-0.986877 -0.161179 -0.009797
-0.986877 -0.161179 -0.009797
-0.949323 -0.295019 0.108394
-0.987435 -0.157680 -0.010403
-0.949323 -0.295019 0.108394
-0.986877 -0.161179 -0.009797
-0.947113 -0.301243 0.110586
-0.947113 -0.301243 0.110586
-0.905975 -0.386312 0.173124
-0.949323 -0.295019 0.108394
-0.905975 -0.386312 0.173124
-0.947113 -0.301243 0.110586
-0.902610 -0.391891 0.178092
-0.858464 -0.464001 0.218499
-0.905975 -0.386312 0.173124
-0.902610 -0.391891 0.178092
-0.905975 -0.386312 0.173124
-0.858464 -0.464001 0.218499
-0.861271 -0.462331 0.210863
-0.986949 -0.159975 -0.018441
-0.947113 -0.301243 0.110586
-0.986877 -0.161179 -0.009797
-0.947113 -0.301243 0.110586
-0.986949 -0.159975 -0.018441
-0.944174 -0.310282 0.110725
-0.900256 -0.396976 0.178741
-0.947113 -0.301243 0.110586
-0.944174 -0.310282 0.110725
-0.947113 -0.301243 0.110586
-0.900256 -0.396976 0.178741
-0.902610 -0.391891 0.178092
-0.856147 -0.467339 0.220468
-0.902610 -0.391891 0.178092
-0.900256 -0.396976 0.178741
-0.902610 -0.391891 0.178092
-0.856147 -0.467339 0.220468
-0.858464 -0.464001 0.218499
-0.989122 -0.139932 -0.045349
-0.944174 -0.310282 0.110725
-0.986949 -0.159975 -0.018441
-0.944174 -0.310282 0.110725
-0.989122 -0.139932 -0.045349
-0.943625 -0.311943 0.110741
-0.898934 -0.399137 0.180573
-0.944174 -0.310282 0.110725
-0.943625 -0.311943 0.110741
-0.944174 -0.310282 0.110725
-0.898934 -0.399137 0.180573
-0.900256 -0.396976 0.178741
-0.854133 -0.469885 0.222854
-0.900256 -0.396976 0.178741
-0.898934 -0.399137 0.180573
-0.900256 -0.396976 0.178741
-0.854133 -0.469885 0.222854
-0.856147 -0.467339 0.220468
-0.993822 -0.100952 -0.046105
-0.943625 -0.311943 0.110741
-0.989122 -0.139932 -0.045349
-0.943625 -0.311943 0.110741
-0.993822 -0.100952 -0.046105
-0.944257 -0.306078 0.121221
-0.896577 -0.401099 0.187799
-0.943625 -0.311943 0.110741
-0.944257 -0.306078 0.121221
-0.943625 -0.311943 0.110741
-0.896577 -0.401099 0.187799
-0.898934 -0.399137 0.180573
-0.851728 -0.472721 0.226040
-0.898934 -0.399137 0.180573
-0.896577 -0.401099 0.187799
-0.898934 -0.399137 0.180573
-0.851728 -0.472721 0.226040
-0.854133 -0.469885 0.222854
-0.992670 -0.120853 -0.000521
-0.944257 -0.306078 0.121221
-0.993822 -0.100952 -0.046105
-0.944257 -0.306078 0.121221
-0.992670 -0.120853 -0.000521
-0.940039 -0.312252 0.137203
-0.891365 -0.408158 0.197166
-0.944257 -0.306078 0.121221
-0.940039 -0.312252 0.137203
-0.944257 -0.306078 0.121221
-0.891365 -0.408158 0.197166
-0.896577 -0.401099 0.187799
-0.847635 -0.477769 0.230761
-0.896577 -0.401099 0.187799
-0.891365 -0.408158 0.197166
-0.896577 -0.401099 0.187799
-0.847635 -0.477769 0.230761
-0.851728 -0.472721 0.226040
-0.983404 -0.176729 0.041033
-0.940039 -0.312252 0.137203
-0.992670 -0.120853 -0.000521
-0.940039 -0.312252 0.137203
-0.983404 -0.176729 0.041033
-0.933425 -0.328102 0.145144
-0.884748 -0.420094 0.201847
-0.940039 -0.312252 0.137203
-0.933425 -0.328102 0.145144
-0.940039 -0.312252 0.137203
-0.884748 -0.420094 0.201847
-0.891365 -0.408158 0.197166
-0.973024 -0.220778 0.066946
-0.933425 -0.328102 0.145144
-0.983404 -0.176729 0.041033
-0.933425 -0.328102 0.145144
-0.973024 -0.220778 0.066946
-0.924744 -0.348442 0.153090
-0.878363 -0.432173 0.204216
-0.933425 -0.328102 0.145144
-0.924744 -0.348442 0.153090
-0.933425 -0.328102 0.145144
-0.878363 -0.432173 0.204216
-0.884748 -0.420094 0.201847
-0.966859 -0.245258 0.070945
-0.924744 -0.348442 0.153090
-0.973024 -0.220778 0.066946
-0.924744 -0.348442 0.153090
-0.966859 -0.245258 0.070945
-0.913345 -0.373025 0.163259
-0.873294 -0.441217 0.206605
-0.924744 -0.348442 0.153090
-0.913345 -0.373025 0.163259
-0.924744 -0.348442 0.153090
-0.873294 -0.441217 0.206605
-0.878363 -0.432173 0.204216
-0.968765 -0.242337 0.052614
-0.913345 -0.373025 0.163259
-0.966859 -0.245258 0.070945
-0.913345 -0.373025 0.163259
-0.968765 -0.242337 0.052614
-0.902664 -0.393508 0.174212
-0.867479 -0.451425 0.209037
-0.913345 -0.373025 0.163259
-0.902664 -0.393508 0.174212
-0.913345 -0.373025 0.163259
-0.867479 -0.451425 0.209037
-0.873294 -0.441217 0.206605
-0.969829 -0.239456 0.045737
-0.902664 -0.393508 0.174212
-0.968765 -0.242337 0.052614
-0.902664 -0.393508 0.174212
-0.969829 -0.239456 0.045737
-0.889743 -0.416159 0.187531
-0.857672 -0.466393 0.216508
-0.902664 -0.393508 0.174212
-0.889743 -0.416159 0.187531
-0.902664 -0.393508 0.174212
-0.857672 -0.466393 0.216508
-0.867479 -0.451425 0.209037
-0.968549 -0.248783 0.004477
-0.889743 -0.416159 0.187531
-0.969829 -0.239456 0.045737
-0.889743 -0.416159 0.187531
-0.968549 -0.248783 0.004477
-0.898527 -0.410197 0.156166
-0.849146 -0.479392 0.221660
-0.889743 -0.416159 0.187531
-0.898527 -0.410197 0.156166
-0.889743 -0.416159 0.187531
-0.849146 -0.479392 0.221660
-0.857672 -0.466393 0.216508
-0.838607 -0.494465 0.228568
-0.898527 -0.410197 0.156166
-0.932284 -0.347644 0.099946
-0.898527 -0.410197 0.156166
-0.838607 -0.494465 0.228568
-0.849146 -0.479392 0.221660
-0.828068 -0.508089 0.236958
-0.932284 -0.347644 0.099946
-0.941960 -0.320791 0.099023
-0.932284 -0.347644 0.099946
-0.828068 -0.508089 0.236958
-0.838607 -0.494465 0.228568
-0.861271 -0.462331 0.210863
-0.815232 -0.524055 0.246502
-0.815910 -0.526286 0.239404
-0.815232 -0.524055 0.246502
-0.861271 -0.462331 0.210863
-0.858464 -0.464001 0.218499
-0.858464 -0.464001 0.218499
-0.814736 -0.524448 0.247305
-0.815232 -0.524055 0.246502
-0.814736 -0.524448 0.247305
-0.858464 -0.464001 0.218499
-0.856147 -0.467339 0.220468
-0.856147 -0.467339 0.220468
-0.815019 -0.523589 0.248191
-0.814736 -0.524448 0.247305
-0.815019 -0.523589 0.248191
-0.856147 -0.467339 0.220468
-0.854133 -0.469885 0.222854
-0.814736 -0.524448 0.247305
-0.815019 -0.523589 0.248191
-0.776472 -0.569219 0.270335
-0.814736 -0.524448 0.247305
-0.776472 -0.569219 0.270335
-0.772744 -0.574195 0.270496
-0.815019 -0.523589 0.248191
-0.780307 -0.565373 0.267348
-0.776472 -0.569219 0.270335
-0.780307 -0.565373 0.267348
-0.815019 -0.523589 0.248191
-0.815058 -0.523431 0.248394
-0.780307 -0.565373 0.267348
-0.781729 -0.564606 0.264800
-0.739499 -0.609442 0.285870
-0.780307 -0.565373 0.267348
-0.739499 -0.609442 0.285870
-0.723919 -0.622584 0.297205
-0.815058 -0.523431 0.248394
-0.781729 -0.564606 0.264800
-0.780307 -0.565373 0.267348
-0.781729 -0.564606 0.264800
-0.815058 -0.523431 0.248394
-0.813573 -0.525412 0.249082
-0.781729 -0.564606 0.264800
-0.782732 -0.563587 0.264008
-0.744142 -0.606046 0.281000
-0.781729 -0.564606 0.264800
-0.744142 -0.606046 0.281000
-0.739499 -0.609442 0.285870
-0.813573 -0.525412 0.249082
-0.782732 -0.563587 0.264008
-0.781729 -0.564606 0.264800
-0.782732 -0.563587 0.264008
-0.813573 -0.525412 0.249082
-0.810003 -0.529963 0.251068
-0.739499 -0.609442 0.285870
-0.744142 -0.606046 0.281000
-0.672790 -0.672052 0.309352
-0.739499 -0.609442 0.285870
-0.672790 -0.672052 0.309352
-0.653740 -0.684636 0.322333
-0.782476 -0.564040 0.263800
-0.810003 -0.529963 0.251068
-0.806381 -0.534563 0.252966
-0.810003 -0.529963 0.251068
-0.782476 -0.564040 0.263800
-0.782732 -0.563587 0.264008
-0.782732 -0.563587 0.264008
-0.782476 -0.564040 0.263800
-0.746146 -0.604075 0.279928
-0.782732 -0.563587 0.264008
-0.746146 -0.604075 0.279928
-0.744142 -0.606046 0.281000
-0.744142 -0.606046 0.281000
-0.746146 -0.604075 0.279928
-0.689454 -0.658101 0.302584
-0.744142 -0.606046 0.281000
-0.689454 -0.658101 0.302584
-0.672790 -0.672052 0.309352
-0.779804 -0.566622 0.266166
-0.806381 -0.534563 0.252966
-0.803904 -0.537240 0.255170
-0.806381 -0.534563 0.252966
-0.779804 -0.566622 0.266166
-0.782476 -0.564040 0.263800
-0.782476 -0.564040 0.263800
-0.779804 -0.566622 0.266166
-0.749184 -0.600959 0.278517
-0.782476 -0.564040 0.263800
-0.749184 -0.600959 0.278517
-0.746146 -0.604075 0.279928
-0.746146 -0.604075 0.279928
-0.749184 -0.600959 0.278517
-0.697549 -0.651198 0.298943
-0.746146 -0.604075 0.279928
-0.697549 -0.651198 0.298943
-0.689454 -0.658101 0.302584
-0.576605 -0.743056 0.339698
-0.537635 -0.767872 0.348312
-0.689454 -0.658101 0.302584
-0.689454 -0.658101 0.302584
-0.697549 -0.651198 0.298943
-0.576605 -0.743056 0.339698
-0.749184 -0.600959 0.278517
-0.748179 -0.601990 0.278993
-0.702734 -0.646998 0.295904
-0.749184 -0.600959 0.278517
-0.702734 -0.646998 0.295904
-0.697549 -0.651198 0.298943
-0.779804 -0.566622 0.266166
-0.748179 -0.601990 0.278993
-0.749184 -0.600959 0.278517
-0.748179 -0.601990 0.278993
-0.779804 -0.566622 0.266166
-0.776497 -0.570376 0.267814
-0.614167 -0.718373 0.326708
-0.576605 -0.743056 0.339698
-0.697549 -0.651198 0.298943
-0.697549 -0.651198 0.298943
-0.702734 -0.646998 0.295904
-0.614167 -0.718373 0.326708
-0.748179 -0.601990 0.278993
-0.744250 -0.605604 0.281665
-0.704099 -0.645719 0.295452
-0.748179 -0.601990 0.278993
-0.704099 -0.645719 0.295452
-0.702734 -0.646998 0.295904
-0.776497 -0.570376 0.267814
-0.744250 -0.605604 0.281665
-0.748179 -0.601990 0.278993
-0.744250 -0.605604 0.281665
-0.776497 -0.570376 0.267814
-0.774696 -0.572220 0.269090
-0.704099 -0.645719 0.295452
-0.614167 -0.718373 0.326708
-0.702734 -0.646998 0.295904
-0.614167 -0.718373 0.326708
-0.704099 -0.645719 0.295452
-0.636848 -0.702194 0.318352
-0.483845 -0.796956 0.361601
-0.401939 -0.833530 0.379042
-0.614167 -0.718373 0.326708
-0.614167 -0.718373 0.326708
-0.636848 -0.702194 0.318352
-0.483845 -0.796956 0.361601
-0.738888 -0.610892 0.284351
-0.774696 -0.572220 0.269090
-0.772762 -0.574258 0.270309
-0.774696 -0.572220 0.269090
-0.738888 -0.610892 0.284351
-0.744250 -0.605604 0.281665
-0.744250 -0.605604 0.281665
-0.738888 -0.610892 0.284351
-0.701019 -0.648371 0.296963
-0.744250 -0.605604 0.281665
-0.701019 -0.648371 0.296963
-0.704099 -0.645719 0.295452
-0.704099 -0.645719 0.295452
-0.701019 -0.648371 0.296963
-0.651990 -0.690431 0.313391
-0.704099 -0.645719 0.295452
-0.651990 -0.690431 0.313391
-0.636848 -0.702194 0.318352
-0.543517 -0.764083 0.347515
-0.483845 -0.796956 0.361601
-0.636848 -0.702194 0.318352
-0.636848 -0.702194 0.318352
-0.651990 -0.690431 0.313391
-0.543517 -0.764083 0.347515
-0.735325 -0.614378 0.286071
-0.772762 -0.574258 0.270309
-0.768301 -0.579838 0.271111
-0.772762 -0.574258 0.270309
-0.735325 -0.614378 0.286071
-0.738888 -0.610892 0.284351
-0.738888 -0.610892 0.284351
-0.735325 -0.614378 0.286071
-0.699307 -0.648440 0.300824
-0.738888 -0.610892 0.284351
-0.699307 -0.648440 0.300824
-0.701019 -0.648371 0.296963
-0.701019 -0.648371 0.296963
-0.699307 -0.648440 0.300824
-0.664452 -0.677667 0.315073
-0.701019 -0.648371 0.296963
-0.664452 -0.677667 0.315073
-0.651990 -0.690431 0.313391
-0.576377 -0.742145 0.342068
-0.543517 -0.764083 0.347515
-0.651990 -0.690431 0.313391
-0.651990 -0.690431 0.313391
-0.664452 -0.677667 0.315073
-0.576377 -0.742145 0.342068
-0.287455 -0.879927 0.378284
-0.284098 -0.875242 0.391460
-0.543517 -0.764083 0.347515
-0.543517 -0.764083 0.347515
-0.576377 -0.742145 0.342068
-0.287455 -0.879927 0.378284
-0.699307 -0.648440 0.300824
-0.702939 -0.644272 0.301314
-0.671360 -0.671484 0.313663
-0.699307 -0.648440 0.300824
-0.671360 -0.671484 0.313663
-0.664452 -0.677667 0.315073
-0.735325 -0.614378 0.286071
-0.702939 -0.644272 0.301314
-0.699307 -0.648440 0.300824
-0.702939 -0.644272 0.301314
-0.735325 -0.614378 0.286071
-0.732895 -0.616263 0.288246
-0.576878 -0.744105 0.336927
-0.576377 -0.742145 0.342068
-0.664452 -0.677667 0.315073
-0.664452 -0.677667 0.315073
-0.671360 -0.671484 0.313663
-0.576878 -0.744105 0.336927
-0.289374 -0.881808 0.372395
-0.287455 -0.879927 0.378284
-0.576377 -0.742145 0.342068
-0.576377 -0.742145 0.342068
-0.576878 -0.744105 0.336927
-0.289374 -0.881808 0.372395
0.412247 -0.853654 0.318321
-0.289374 -0.881808 0.372395
0.089934 -0.918413 0.385265
-0.289374 -0.881808 0.372395
0.412247 -0.853654 0.318321
-0.287455 -0.879927 0.378284
-0.708323 -0.638309 0.301397
-0.671360 -0.671484 0.313663
-0.702939 -0.644272 0.301314
-0.671360 -0.671484 0.313663
-0.708323 -0.638309 0.301397
-0.677833 -0.663782 0.316127
-0.732895 -0.616263 0.288246
-0.708323 -0.638309 0.301397
-0.702939 -0.644272 0.301314
-0.708323 -0.638309 0.301397
-0.732895 -0.616263 0.288246
-0.732047 -0.616479 0.289933
-0.577142 -0.737767 0.350152
-0.576878 -0.744105 0.336927
-0.671360 -0.671484 0.313663
-0.671360 -0.671484 0.313663
-0.677833 -0.663782 0.316127
-0.577142 -0.737767 0.350152
-0.289374 -0.881808 0.372395
-0.577142 -0.737767 0.350152
-0.341278 -0.847837 0.405834
-0.577142 -0.737767 0.350152
-0.289374 -0.881808 0.372395
-0.576878 -0.744105 0.336927
0.089934 -0.918413 0.385265
-0.341278 -0.847837 0.405834
-0.194152 -0.880018 0.433443
-0.341278 -0.847837 0.405834
0.089934 -0.918413 0.385265
-0.289374 -0.881808 0.372395
-0.732047 -0.616479 0.289933
-0.716760 -0.629212 0.300580
-0.708323 -0.638309 0.301397
-0.716760 -0.629212 0.300580
-0.732047 -0.616479 0.289933
-0.735202 -0.613453 0.288363
-0.716760 -0.629212 0.300580
-0.677833 -0.663782 0.316127
-0.708323 -0.638309 0.301397
-0.677833 -0.663782 0.316127
-0.716760 -0.629212 0.300580
-0.693289 -0.648298 0.314739
-0.638775 -0.686939 0.346527
-0.577142 -0.737767 0.350152
-0.677833 -0.663782 0.316127
-0.677833 -0.663782 0.316127
-0.693289 -0.648298 0.314739
-0.638775 -0.686939 0.346527
-0.341278 -0.847837 0.405834
-0.638775 -0.686939 0.346527
-0.465919 -0.793363 0.391783
-0.638775 -0.686939 0.346527
-0.341278 -0.847837 0.405834
-0.577142 -0.737767 0.350152
-0.194152 -0.880018 0.433443
-0.465919 -0.793363 0.391783
-0.272519 -0.879061 0.391133
-0.465919 -0.793363 0.391783
-0.194152 -0.880018 0.433443
-0.341278 -0.847837 0.405834
0.476675 -0.812890 0.334650
-0.272519 -0.879061 0.391133
0.511730 -0.835837 0.198769
-0.272519 -0.879061 0.391133
0.476675 -0.812890 0.334650
-0.194152 -0.880018 0.433443
-0.735202 -0.613453 0.288363
-0.724116 -0.623076 0.295692
-0.716760 -0.629212 0.300580
-0.724116 -0.623076 0.295692
-0.735202 -0.613453 0.288363
-0.737402 -0.611147 0.287640
-0.724116 -0.623076 0.295692
-0.693289 -0.648298 0.314739
-0.716760 -0.629212 0.300580
-0.693289 -0.648298 0.314739
-0.724116 -0.623076 0.295692
-0.714489 -0.630779 0.302694
-0.638775 -0.686939 0.346527
-0.714489 -0.630779 0.302694
-0.704153 -0.637331 0.313016
-0.714489 -0.630779 0.302694
-0.638775 -0.686939 0.346527
-0.693289 -0.648298 0.314739
-0.465919 -0.793363 0.391783
-0.704153 -0.637331 0.313016
-0.619824 -0.709817 0.334631
-0.704153 -0.637331 0.313016
-0.465919 -0.793363 0.391783
-0.638775 -0.686939 0.346527
-0.272519 -0.879061 0.391133
-0.619824 -0.709817 0.334631
-0.284677 -0.912342 0.294264
-0.619824 -0.709817 0.334631
-0.272519 -0.879061 0.391133
-0.465919 -0.793363 0.391783
0.511730 -0.835837 0.198769
-0.284677 -0.912342 0.294264
0.439158 -0.897942 0.028981
-0.284677 -0.912342 0.294264
0.511730 -0.835837 0.198769
-0.272519 -0.879061 0.391133
-0.704153 -0.637331 0.313016
-0.732639 -0.613887 0.293911
-0.724681 -0.620283 0.300142
-0.732639 -0.613887 0.293911
-0.704153 -0.637331 0.313016
-0.714489 -0.630779 0.302694
-0.732639 -0.613887 0.293911
-0.714489 -0.630779 0.302694
-0.737402 -0.611147 0.287640
-0.714489 -0.630779 0.302694
-0.724116 -0.623076 0.295692
-0.737402 -0.611147 0.287640
-0.619824 -0.709817 0.334631
-0.724681 -0.620283 0.300142
-0.694869 -0.671021 0.258628
-0.724681 -0.620283 0.300142
-0.619824 -0.709817 0.334631
-0.704153 -0.637331 0.313016
-0.284677 -0.912342 0.294264
-0.694869 -0.671021 0.258628
-0.371605 -0.924769 0.081920
-0.694869 -0.671021 0.258628
-0.284677 -0.912342 0.294264
-0.619824 -0.709817 0.334631
0.439158 -0.897942 0.028981
-0.371605 -0.924769 0.081920
0.128271 -0.988071 -0.085217
-0.371605 -0.924769 0.081920
0.439158 -0.897942 0.028981
-0.284677 -0.912342 0.294264
0.849562 -0.513081 -0.122444
0.128271 -0.988071 -0.085217
0.574004 -0.787626 -0.223975
0.128271 -0.988071 -0.085217
0.849562 -0.513081 -0.122444
0.439158 -0.897942 0.028981
0.002274 0.499619 0.866242
-0.000000 0.500000 0.866025
0.000606 0.499948 0.866055
0.000606 0.499948 0.866055
-0.000000 0.500000 0.866025
0.000000 0.500000 0.866026
0.004603 0.500240 0.865875
0.000606 0.499948 0.866055
0.000983 0.500209 0.865904
0.000606 0.499948 0.866055
0.004603 0.500240 0.865875
0.002274 0.499619 0.866242
0.000983 0.500209 0.865904
-0.000003 0.500004 0.866023
-0.000444 0.498807 0.866713
-0.000003 0.500004 0.866023
0.000983 0.500209 0.865904
0.000606 0.499948 0.866055
0.222195 0.323690 0.919703
0.331399 0.337787 0.880951
0.000983 0.500209 0.865904
0.000983 0.500209 0.865904
0.331399 0.337787 0.880951
0.004603 0.500240 0.865875
-0.000444 0.498807 0.866713
0.222195 0.323690 0.919703
0.000983 0.500209 0.865904
0.222195 0.323690 0.919703
-0.000444 0.498807 0.866713
0.081064 0.344423 0.935308
0.230244 -0.106927 0.967240
0.483343 -0.011193 0.875359
0.081064 0.344423 0.935308
0.081064 0.344423 0.935308
0.483343 -0.011193 0.875359
0.222195 0.323690 0.919703
0.277873 -0.377041 0.883531
0.547688 -0.191392 0.814498
0.230244 -0.106927 0.967240
0.483343 -0.011193 0.875359
0.230244 -0.106927 0.967240
0.547688 -0.191392 0.814498
-0.020632 -0.027511 0.999409
0.277873 -0.377041 0.883531
0.230244 -0.106927 0.967240
0.277873 -0.377041 0.883531
-0.020632 -0.027511 0.999409
-0.009271 -0.389410 0.921018
-0.018864 -0.603618 0.797051
0.287778 -0.516937 0.806201
-0.009271 -0.389410 0.921018
0.277873 -0.377041 0.883531
-0.009271 -0.389410 0.921018
0.287778 -0.516937 0.806201
-0.052643 -0.806847 0.588410
0.285607 -0.746776 0.600628
-0.018864 -0.603618 0.797051
0.287778 -0.516937 0.806201
-0.018864 -0.603618 0.797051
0.285607 -0.746776 0.600628
-0.314703 -0.840477 0.441091
-0.061985 -0.879101 0.472587
-0.323204 -0.802223 0.501974
-0.052643 -0.806847 0.588410
-0.323204 -0.802223 0.501974
-0.061985 -0.879101 0.472587
-0.303988 -0.844446 0.441024
-0.061985 -0.879101 0.472587
-0.314703 -0.840477 0.441091
-0.061985 -0.879101 0.472587
-0.303988 -0.844446 0.441024
-0.061526 -0.872858 0.484081
-0.506974 -0.777962 0.371150
-0.510228 -0.787147 0.346508
-0.313584 -0.844710 0.433739
-0.506974 -0.777962 0.371150
-0.313584 -0.844710 0.433739
-0.303988 -0.844446 0.441024
-0.510228 -0.787147 0.346508
-0.533780 -0.774923 0.338486
-0.337279 -0.837422 0.430078
-0.510228 -0.787147 0.346508
-0.337279 -0.837422 0.430078
-0.313584 -0.844710 0.433739
-0.703015 -0.670709 0.236473
-0.717517 -0.645717 0.261187
-0.595353 -0.731139 0.333151
-0.703015 -0.670709 0.236473
-0.595353 -0.731139 0.333151
-0.567026 -0.754399 0.330701
0.593207 -0.274567 -0.756781
0.865157 0.117241 -0.487605
0.459268 -0.652052 -0.603243
0.865157 0.117241 -0.487605
0.593207 -0.274567 -0.756781
0.805208 0.362963 -0.468932
0.459268 -0.652052 -0.603243
0.955453 -0.163219 -0.245905
0.574004 -0.787626 -0.223975
0.955453 -0.163219 -0.245905
0.459268 -0.652052 -0.603243
0.865157 0.117241 -0.487605
0.771336 0.487201 -0.409482
0.593207 -0.274567 -0.756781
0.629628 0.005605 -0.776876
0.593207 -0.274567 -0.756781
0.771336 0.487201 -0.409482
0.805208 0.362963 -0.468932
0.629628 0.005605 -0.776876
-0.204508 -0.826489 -0.524493
-0.167747 -0.666461 -0.726424
-0.204508 -0.826489 -0.524493
0.629628 0.005605 -0.776876
0.593207 -0.274567 -0.756781
0.593207 -0.274567 -0.756781
0.459268 -0.652052 -0.603243
-0.155654 -0.944386 -0.289668
0.593207 -0.274567 -0.756781
-0.155654 -0.944386 -0.289668
-0.204508 -0.826489 -0.524493
0.575637 0.212331 -0.789657
0.629628 0.005605 -0.776876
-0.167747 -0.666461 -0.726424
0.575637 0.212331 -0.789657
-0.167747 -0.666461 -0.726424
-0.116050 -0.529631 -0.840252
-0.116050 -0.529631 -0.840252
-0.585326 -0.758449 -0.286614
-0.509531 -0.813183 -0.281268
-0.585326 -0.758449 -0.286614
-0.116050 -0.529631 -0.840252
-0.167747 -0.666461 -0.726424
-0.204508 -0.826489 -0.524493
-0.585326 -0.758449 -0.286614
-0.167747 -0.666461 -0.726424
-0.585326 -0.758449 -0.286614
-0.204508 -0.826489 -0.524493
-0.594814 -0.781114 -0.189888
0.745917 0.529838 -0.403583
0.629628 0.005605 -0.776876
0.575637 0.212331 -0.789657
0.629628 0.005605 -0.776876
0.745917 0.529838 -0.403583
0.771336 0.487201 -0.409482
-0.191699 -0.366719 -0.910367
-0.509531 -0.813183 -0.281268
-0.566054 -0.688976 -0.452653
-0.509531 -0.813183 -0.281268
-0.191699 -0.366719 -0.910367
-0.116050 -0.529631 -0.840252
-0.566054 -0.688976 -0.452653
-0.549582 -0.810942 -0.200830
-0.659243 -0.747132 -0.084809
-0.549582 -0.810942 -0.200830
-0.566054 -0.688976 -0.452653
-0.509531 -0.813183 -0.281268
-0.509531 -0.813183 -0.281268
-0.585326 -0.758449 -0.286614
-0.607168 -0.774106 -0.179185
-0.509531 -0.813183 -0.281268
-0.607168 -0.774106 -0.179185
-0.549582 -0.810942 -0.200830
0.436964 0.319062 -0.840989
0.575637 0.212331 -0.789657
-0.116050 -0.529631 -0.840252
-0.116050 -0.529631 -0.840252
-0.191699 -0.366719 -0.910367
0.436964 0.319062 -0.840989
0.575637 0.212331 -0.789657
0.700843 0.514905 -0.493651
0.745917 0.529838 -0.403583
0.700843 0.514905 -0.493651
0.575637 0.212331 -0.789657
0.436964 0.319062 -0.840989
-0.659243 -0.747132 -0.084809
-0.798222 -0.585491 0.141569
-0.802893 -0.440583 -0.401560
-0.659243 -0.747132 -0.084809
-0.802893 -0.440583 -0.401560
-0.566054 -0.688976 -0.452653
-0.798222 -0.585491 0.141569
-0.752427 -0.649052 0.112188
-0.793816 -0.566350 0.221596
-0.752427 -0.649052 0.112188
-0.798222 -0.585491 0.141569
-0.659243 -0.747132 -0.084809
-0.659243 -0.747132 -0.084809
-0.549582 -0.810942 -0.200830
-0.698593 -0.710076 0.088086
-0.659243 -0.747132 -0.084809
-0.698593 -0.710076 0.088086
-0.752427 -0.649052 0.112188
-0.276764 0.054442 -0.959394
-0.191699 -0.366719 -0.910367
-0.566054 -0.688976 -0.452653
-0.566054 -0.688976 -0.452653
-0.802893 -0.440583 -0.401560
-0.276764 0.054442 -0.959394
0.280710 0.415427 -0.865230
0.436964 0.319062 -0.840989
-0.191699 -0.366719 -0.910367
-0.191699 -0.366719 -0.910367
-0.276764 0.054442 -0.959394
0.280710 0.415427 -0.865230
0.574536 0.513481 -0.637374
0.700843 0.514905 -0.493651
0.436964 0.319062 -0.840989
0.436964 0.319062 -0.840989
0.280710 0.415427 -0.865230
0.574536 0.513481 -0.637374
0.488900 0.554770 -0.673207
0.574536 0.513481 -0.637374
0.280710 0.415427 -0.865230
0.280710 0.415427 -0.865230
0.137293 0.517856 -0.844379
0.488900 0.554770 -0.673207
-0.276764 0.054442 -0.959394
0.137293 0.517856 -0.844379
0.280710 0.415427 -0.865230
0.137293 0.517856 -0.844379
-0.276764 0.054442 -0.959394
-0.629486 0.233835 -0.740991
0.012929 0.499131 0.866430
0.002274 0.499619 0.866242
0.004603 0.500240 0.865875
0.002274 0.499619 0.866242
0.012929 0.499131 0.866430
0.004464 0.498949 0.866620
0.012929 0.499131 0.866430
0.005715 0.498810 0.866693
0.004464 0.498949 0.866620
0.005715 0.498810 0.866693
0.012929 0.499131 0.866430
0.015750 0.497020 0.867596
0.280427 0.477181 0.832862
0.012929 0.499131 0.866430
0.289671 0.412441 0.863703
0.012929 0.499131 0.866430
0.280427 0.477181 0.832862
0.015750 0.497020 0.867596
0.289671 0.412441 0.863703
0.004603 0.500240 0.865875
0.331399 0.337787 0.880951
0.004603 0.500240 0.865875
0.289671 0.412441 0.863703
0.012929 0.499131 0.866430
0.623576 0.083142 0.777329
0.222195 0.323690 0.919703
0.483343 -0.011193 0.875359
0.222195 0.323690 0.919703
0.623576 0.083142 0.777329
0.331399 0.337787 0.880951
0.623576 0.083142 0.777329
0.659882 0.187904 0.727494
0.331399 0.337787 0.880951
0.331399 0.337787 0.880951
0.659882 0.187904 0.727494
0.289671 0.412441 0.863703
0.686417 -0.003506 0.727200
0.734116 0.100133 0.671600
0.623576 0.083142 0.777329
0.623576 0.083142 0.777329
0.734116 0.100133 0.671600
0.659882 0.187904 0.727494
0.686417 -0.003506 0.727200
0.483343 -0.011193 0.875359
0.547688 -0.191392 0.814498
0.483343 -0.011193 0.875359
0.686417 -0.003506 0.727200
0.623576 0.083142 0.777329
0.577541 -0.349547 0.737742
0.750624 -0.132141 0.647381
0.547688 -0.191392 0.814498
0.547688 -0.191392 0.814498
0.750624 -0.132141 0.647381
0.686417 -0.003506 0.727200
0.277873 -0.377041 0.883531
0.577541 -0.349547 0.737742
0.547688 -0.191392 0.814498
0.577541 -0.349547 0.737742
0.277873 -0.377041 0.883531
0.287778 -0.516937 0.806201
0.285607 -0.746776 0.600628
0.620229 -0.588926 0.518152
0.287778 -0.516937 0.806201
0.577541 -0.349547 0.737742
0.287778 -0.516937 0.806201
0.620229 -0.588926 0.518152
0.620229 -0.588926 0.518152
0.261067 -0.841550 0.472904
0.611547 -0.685879 0.394435
0.261067 -0.841550 0.472904
0.620229 -0.588926 0.518152
0.285607 -0.746776 0.600628
0.285607 -0.746776 0.600628
-0.052643 -0.806847 0.588410
-0.061985 -0.879101 0.472587
0.285607 -0.746776 0.600628
-0.061985 -0.879101 0.472587
0.261067 -0.841550 0.472904
0.261067 -0.841550 0.472904
-0.061526 -0.872858 0.484081
0.246310 -0.840255 0.483014
-0.061526 -0.872858 0.484081
0.261067 -0.841550 0.472904
-0.061985 -0.879101 0.472587
-0.061526 -0.872858 0.484081
-0.303988 -0.844446 0.441024
-0.072702 -0.871357 0.485233
-0.303988 -0.844446 0.441024
-0.313584 -0.844710 0.433739
-0.072702 -0.871357 0.485233
-0.072702 -0.871357 0.485233
-0.313584 -0.844710 0.433739
-0.084824 -0.871084 0.483753
-0.313584 -0.844710 0.433739
-0.337279 -0.837422 0.430078
-0.084824 -0.871084 0.483753
-0.533780 -0.774923 0.338486
-0.567026 -0.754399 0.330701
-0.369693 -0.829015 0.419597
-0.533780 -0.774923 0.338486
-0.369693 -0.829015 0.419597
-0.337279 -0.837422 0.430078
-0.854133 -0.469885 0.222854
-0.851728 -0.472721 0.226040
-0.815058 -0.523431 0.248394
-0.854133 -0.469885 0.222854
-0.815058 -0.523431 0.248394
-0.815019 -0.523589 0.248191
-0.851728 -0.472721 0.226040
-0.847635 -0.477769 0.230761
-0.813573 -0.525412 0.249082
-0.851728 -0.472721 0.226040
-0.813573 -0.525412 0.249082
-0.815058 -0.523431 0.248394
-0.842267 -0.485590 0.234071
-0.891365 -0.408158 0.197166
-0.884748 -0.420094 0.201847
-0.891365 -0.408158 0.197166
-0.842267 -0.485590 0.234071
-0.847635 -0.477769 0.230761
-0.847635 -0.477769 0.230761
-0.842267 -0.485590 0.234071
-0.810003 -0.529963 0.251068
-0.847635 -0.477769 0.230761
-0.810003 -0.529963 0.251068
-0.813573 -0.525412 0.249082
-0.884748 -0.420094 0.201847
-0.878363 -0.432173 0.204216
-0.837263 -0.493398 0.235691
-0.884748 -0.420094 0.201847
-0.837263 -0.493398 0.235691
-0.842267 -0.485590 0.234071
-0.842267 -0.485590 0.234071
-0.837263 -0.493398 0.235691
-0.806381 -0.534563 0.252966
-0.842267 -0.485590 0.234071
-0.806381 -0.534563 0.252966
-0.810003 -0.529963 0.251068
-0.878363 -0.432173 0.204216
-0.873294 -0.441217 0.206605
-0.833522 -0.498488 0.238223
-0.878363 -0.432173 0.204216
-0.833522 -0.498488 0.238223
-0.837263 -0.493398 0.235691
-0.837263 -0.493398 0.235691
-0.833522 -0.498488 0.238223
-0.803904 -0.537240 0.255170
-0.837263 -0.493398 0.235691
-0.803904 -0.537240 0.255170
-0.806381 -0.534563 0.252966
-0.830019 -0.504068 0.238711
-0.873294 -0.441217 0.206605
-0.867479 -0.451425 0.209037
-0.873294 -0.441217 0.206605
-0.830019 -0.504068 0.238711
-0.833522 -0.498488 0.238223
-0.833522 -0.498488 0.238223
-0.830019 -0.504068 0.238711
-0.801651 -0.540302 0.255792
-0.833522 -0.498488 0.238223
-0.801651 -0.540302 0.255792
-0.803904 -0.537240 0.255170
-0.803904 -0.537240 0.255170
-0.801651 -0.540302 0.255792
-0.776497 -0.570376 0.267814
-0.803904 -0.537240 0.255170
-0.776497 -0.570376 0.267814
-0.779804 -0.566622 0.266166
-0.826210 -0.509835 0.239675
-0.867479 -0.451425 0.209037
-0.857672 -0.466393 0.216508
-0.867479 -0.451425 0.209037
-0.826210 -0.509835 0.239675
-0.830019 -0.504068 0.238711
-0.830019 -0.504068 0.238711
-0.826210 -0.509835 0.239675
-0.799971 -0.542778 0.255809
-0.830019 -0.504068 0.238711
-0.799971 -0.542778 0.255809
-0.801651 -0.540302 0.255792
-0.801651 -0.540302 0.255792
-0.799971 -0.542778 0.255809
-0.774696 -0.572220 0.269090
-0.801651 -0.540302 0.255792
-0.774696 -0.572220 0.269090
-0.776497 -0.570376 0.267814
-0.820980 -0.516092 0.244215
-0.857672 -0.466393 0.216508
-0.849146 -0.479392 0.221660
-0.857672 -0.466393 0.216508
-0.820980 -0.516092 0.244215
-0.826210 -0.509835 0.239675
-0.826210 -0.509835 0.239675
-0.820980 -0.516092 0.244215
-0.797327 -0.545526 0.258207
-0.826210 -0.509835 0.239675
-0.797327 -0.545526 0.258207
-0.799971 -0.542778 0.255809
-0.799971 -0.542778 0.255809
-0.797327 -0.545526 0.258207
-0.772762 -0.574258 0.270309
-0.799971 -0.542778 0.255809
-0.772762 -0.574258 0.270309
-0.774696 -0.572220 0.269090
-0.812209 -0.528860 0.246220
-0.849146 -0.479392 0.221660
-0.838607 -0.494465 0.228568
-0.849146 -0.479392 0.221660
-0.812209 -0.528860 0.246220
-0.820980 -0.516092 0.244215
-0.793351 -0.551615 0.257519
-0.820980 -0.516092 0.244215
-0.812209 -0.528860 0.246220
-0.820980 -0.516092 0.244215
-0.793351 -0.551615 0.257519
-0.797327 -0.545526 0.258207
-0.797327 -0.545526 0.258207
-0.793351 -0.551615 0.257519
-0.768301 -0.579838 0.271111
-0.797327 -0.545526 0.258207
-0.768301 -0.579838 0.271111
-0.772762 -0.574258 0.270309
-0.804143 -0.537533 0.253796
-0.838607 -0.494465 0.228568
-0.828068 -0.508089 0.236958
-0.838607 -0.494465 0.228568
-0.804143 -0.537533 0.253796
-0.812209 -0.528860 0.246220
-0.789290 -0.555806 0.260962
-0.812209 -0.528860 0.246220
-0.804143 -0.537533 0.253796
-0.812209 -0.528860 0.246220
-0.789290 -0.555806 0.260962
-0.793351 -0.551615 0.257519
-0.793351 -0.551615 0.257519
-0.789290 -0.555806 0.260962
-0.765027 -0.583176 0.273203
-0.793351 -0.551615 0.257519
-0.765027 -0.583176 0.273203
-0.768301 -0.579838 0.271111
-0.768301 -0.579838 0.271111
-0.765027 -0.583176 0.273203
-0.732895 -0.616263 0.288246
-0.768301 -0.579838 0.271111
-0.732895 -0.616263 0.288246
-0.735325 -0.614378 0.286071
-0.941960 -0.320791 0.099023
-0.926106 -0.348389 0.144749
-0.826356 -0.510168 0.238462
-0.941960 -0.320791 0.099023
-0.826356 -0.510168 0.238462
-0.828068 -0.508089 0.236958
-0.798865 -0.542530 0.259762
-0.828068 -0.508089 0.236958
-0.826356 -0.510168 0.238462
-0.828068 -0.508089 0.236958
-0.798865 -0.542530 0.259762
-0.804143 -0.537533 0.253796
-0.804143 -0.537533 0.253796
-0.798865 -0.542530 0.259762
-0.782708 -0.561720 0.268028
-0.804143 -0.537533 0.253796
-0.782708 -0.561720 0.268028
-0.789290 -0.555806 0.260962
-0.789290 -0.555806 0.260962
-0.782708 -0.561720 0.268028
-0.760083 -0.587653 0.277376
-0.789290 -0.555806 0.260962
-0.760083 -0.587653 0.277376
-0.765027 -0.583176 0.273203
-0.765027 -0.583176 0.273203
-0.760083 -0.587653 0.277376
-0.732047 -0.616479 0.289933
-0.765027 -0.583176 0.273203
-0.732047 -0.616479 0.289933
-0.732895 -0.616263 0.288246
-0.816179 -0.522359 0.246967
-0.926106 -0.348389 0.144749
-0.865695 -0.449150 0.220990
-0.926106 -0.348389 0.144749
-0.816179 -0.522359 0.246967
-0.826356 -0.510168 0.238462
-0.791449 -0.553153 0.260058
-0.826356 -0.510168 0.238462
-0.816179 -0.522359 0.246967
-0.826356 -0.510168 0.238462
-0.791449 -0.553153 0.260058
-0.798865 -0.542530 0.259762
-0.798865 -0.542530 0.259762
-0.791449 -0.553153 0.260058
-0.770913 -0.576968 0.269816
-0.798865 -0.542530 0.259762
-0.770913 -0.576968 0.269816
-0.782708 -0.561720 0.268028
-0.782708 -0.561720 0.268028
-0.770913 -0.576968 0.269816
-0.753601 -0.596033 0.277181
-0.782708 -0.561720 0.268028
-0.753601 -0.596033 0.277181
-0.760083 -0.587653 0.277376
-0.760083 -0.587653 0.277376
-0.753601 -0.596033 0.277181
-0.735202 -0.613453 0.288363
-0.760083 -0.587653 0.277376
-0.735202 -0.613453 0.288363
-0.732047 -0.616479 0.289933
-0.794168 -0.549535 0.259437
-0.865695 -0.449150 0.220990
-0.805095 -0.534976 0.256170
-0.865695 -0.449150 0.220990
-0.794168 -0.549535 0.259437
-0.816179 -0.522359 0.246967
-0.777141 -0.569653 0.267483
-0.816179 -0.522359 0.246967
-0.794168 -0.549535 0.259437
-0.816179 -0.522359 0.246967
-0.777141 -0.569653 0.267483
-0.791449 -0.553153 0.260058
-0.758576 -0.589488 0.277609
-0.791449 -0.553153 0.260058
-0.777141 -0.569653 0.267483
-0.791449 -0.553153 0.260058
-0.758576 -0.589488 0.277609
-0.770913 -0.576968 0.269816
-0.749759 -0.599152 0.280851
-0.770913 -0.576968 0.269816
-0.758576 -0.589488 0.277609
-0.770913 -0.576968 0.269816
-0.749759 -0.599152 0.280851
-0.753601 -0.596033 0.277181
-0.737402 -0.611147 0.287640
-0.753601 -0.596033 0.277181
-0.749759 -0.599152 0.280851
-0.753601 -0.596033 0.277181
-0.737402 -0.611147 0.287640
-0.735202 -0.613453 0.288363
0.000198 0.499933 0.866064
0.001473 0.499921 0.866070
0.228869 0.546506 0.805574
0.000198 0.499933 0.866064
0.228869 0.546506 0.805574
0.166558 0.547372 0.820148
0.007665 0.498368 0.866932
0.228869 0.546506 0.805574
0.001473 0.499921 0.866070
0.228869 0.546506 0.805574
0.007665 0.498368 0.866932
0.267981 0.525783 0.807303
0.267981 0.525783 0.807303
0.642537 0.545005 0.538623
0.228869 0.546506 0.805574
0.642537 0.545005 0.538623
0.267981 0.525783 0.807303
0.662885 0.478554 0.575821
0.267981 0.525783 0.807303
0.015750 0.497020 0.867596
0.280427 0.477181 0.832862
0.015750 0.497020 0.867596
0.267981 0.525783 0.807303
0.007665 0.498368 0.866932
0.662885 0.478554 0.575821
0.280427 0.477181 0.832862
0.658168 0.355867 0.663455
0.280427 0.477181 0.832862
0.662885 0.478554 0.575821
0.267981 0.525783 0.807303
0.805820 0.412818 0.424542
0.658168 0.355867 0.663455
0.795571 0.259218 0.547607
0.658168 0.355867 0.663455
0.805820 0.412818 0.424542
0.662885 0.478554 0.575821
0.658168 0.355867 0.663455
0.289671 0.412441 0.863703
0.659882 0.187904 0.727494
0.289671 0.412441 0.863703
0.658168 0.355867 0.663455
0.280427 0.477181 0.832862
0.795571 0.259218 0.547607
0.659882 0.187904 0.727494
0.734116 0.100133 0.671600
0.659882 0.187904 0.727494
0.795571 0.259218 0.547607
0.658168 0.355867 0.663455
0.904920 0.147381 0.399248
0.734116 0.100133 0.671600
0.838398 -0.000877 0.545058
0.734116 0.100133 0.671600
0.904920 0.147381 0.399248
0.795571 0.259218 0.547607
0.838398 -0.000877 0.545058
0.686417 -0.003506 0.727200
0.750624 -0.132141 0.647381
0.686417 -0.003506 0.727200
0.838398 -0.000877 0.545058
0.734116 0.100133 0.671600
0.943277 -0.175535 0.281807
0.750624 -0.132141 0.647381
0.838235 -0.368693 0.401781
0.750624 -0.132141 0.647381
0.943277 -0.175535 0.281807
0.838398 -0.000877 0.545058
0.838235 -0.368693 0.401781
0.577541 -0.349547 0.737742
0.620229 -0.588926 0.518152
0.577541 -0.349547 0.737742
0.838235 -0.368693 0.401781
0.750624 -0.132141 0.647381
0.845646 -0.468041 0.256554
0.620229 -0.588926 0.518152
0.611547 -0.685879 0.394435
0.620229 -0.588926 0.518152
0.845646 -0.468041 0.256554
0.838235 -0.368693 0.401781
0.611547 -0.685879 0.394435
0.261067 -0.841550 0.472904
0.246310 -0.840255 0.483014
0.611547 -0.685879 0.394435
0.246310 -0.840255 0.483014
0.591305 -0.695646 0.407963
-0.061526 -0.872858 0.484081
-0.072702 -0.871357 0.485233
0.246310 -0.840255 0.483014
0.246310 -0.840255 0.483014
-0.072702 -0.871357 0.485233
0.230505 -0.842558 0.486789
-0.000001 0.500001 0.866025
0.000004 0.499998 0.866027
0.000001 0.499996 0.866028
0.000004 0.499998 0.866027
-0.000001 0.500001 0.866025
-0.000000 0.500001 0.866025
0.000002 0.499999 0.866026
-0.000001 0.500001 0.866025
0.000001 0.499996 0.866028
-0.000001 0.500001 0.866025
0.000002 0.499999 0.866026
0.000001 0.500001 0.866025
0.000020 0.499942 0.866059
0.000002 0.499999 0.866026
0.000001 0.499996 0.866028
0.000020 0.499942 0.866059
0.000001 0.499996 0.866028
0.000050 0.499929 0.866067
0.000050 0.499929 0.866067
0.000001 0.499996 0.866028
0.000060 0.499969 0.866043
0.000001 0.499996 0.866028
0.000004 0.499998 0.866027
0.000060 0.499969 0.866043
-0.000058 0.499987 0.866033
0.000050 0.499929 0.866067
0.000077 0.500805 0.865560
0.000050 0.499929 0.866067
0.000060 0.499969 0.866043
0.000077 0.500805 0.865560
-0.000058 0.499987 0.866033
0.000020 0.499942 0.866059
0.000050 0.499929 0.866067
0.000020 0.499942 0.866059
-0.000058 0.499987 0.866033
-0.000475 0.499892 0.866088
-0.000000 0.500001 0.866025
0.000001 0.500000 0.866025
-0.000000 0.500001 0.866025
0.000001 0.500000 0.866025
-0.000000 0.500001 0.866025
0.000000 0.500002 0.866024
-0.000000 0.500000 0.866025
-0.000000 0.500001 0.866025
-0.000001 0.500001 0.866025
-0.000000 0.500001 0.866025
-0.000000 0.500000 0.866025
-0.000000 0.500001 0.866025
-0.000000 0.500001 0.866025
0.000001 0.500000 0.866025
0.000002 0.499999 0.866026
-0.000000 0.500001 0.866025
0.000002 0.499999 0.866026
0.000004 0.499998 0.866027
0.000004 0.499998 0.866027
0.000002 0.499999 0.866026
-0.000315 0.500758 0.865587
0.000004 0.499998 0.866027
-0.000315 0.500758 0.865587
0.000060 0.499969 0.866043
0.000077 0.500805 0.865560
0.000060 0.499969 0.866043
-0.000254 0.501837 0.864962
0.000060 0.499969 0.866043
-0.000315 0.500758 0.865587
-0.000254 0.501837 0.864962
0.000000 0.500002 0.866024
0.000001 0.499999 0.866026
0.000000 0.500000 0.866025
0.000001 0.499999 0.866026
0.000000 0.500002 0.866024
-0.000000 0.500001 0.866025
0.000000 0.500000 0.866025
-0.000000 0.500000 0.866025
0.000001 0.500001 0.866025
0.000001 0.500001 0.866025
-0.000000 0.500000 0.866025
-0.000001 0.500001 0.866025
0.000001 0.500000 0.866025
-0.000000 0.500000 0.866025
0.000000 0.500000 0.866025
-0.000000 0.500000 0.866025
0.000001 0.500000 0.866025
0.000001 0.500000 0.866026
0.000000 0.500000 0.866025
0.000001 0.500000 0.866026
0.000001 0.500000 0.866025
0.000001 0.500000 0.866026
0.000000 0.500000 0.866025
0.000000 0.500000 0.866025
-0.000000 0.500000 0.866025
0.000000 0.500000 0.866025
0.000000 0.500000 0.866025
0.000000 0.500000 0.866025
-0.000000 0.500000 0.866025
0.000000 0.500000 0.866025
0.000001 0.499999 0.866026
0.000000 0.500000 0.866025
-0.000000 0.500000 0.866025
0.000000 0.500000 0.866025
0.000001 0.499999 0.866026
0.000002 0.500000 0.866026
0.000000 0.500000 0.866026
0.000002 0.500000 0.866026
0.000001 0.499999 0.866026
0.000002 0.500000 0.866026
0.000000 0.500000 0.866026
-0.000000 0.500000 0.866025
0.000002 0.500000 0.866026
0.000001 0.500000 0.866026
0.000001 0.500000 0.866025
0.000002 0.500000 0.866026
0.000001 0.500000 0.866025
0.000000 0.500000 0.866025
0.000000 0.500000 0.866025
0.000001 0.500000 0.866025
0.000000 0.500000 0.866025
0.000000 0.500000 0.866025
0.000000 0.500000 0.866025
0.000000 0.500000 0.866025
0.000000 0.500000 0.866025
0.000000 0.500000 0.866025
0.000001 0.499999 0.866026
0.000000 0.500000 0.866025
0.000001 0.499999 0.866026
0.000001 0.500000 0.866026
0.000001 0.500000 0.866026
0.000001 0.499999 0.866026
-0.000000 0.500001 0.866025
0.000001 0.500000 0.866026
-0.000000 0.500001 0.866025
-0.000000 0.500000 0.866025
0.000000 0.500000 0.866025
0.000000 0.499999 0.866026
0.000000 0.500000 0.866025
0.000000 0.500000 0.866025
0.000000 0.500000 0.866025
0.000001 0.499999 0.866026
-0.913025 0.395693 -0.099056
-0.931616 0.202091 0.302078
-0.842008 0.519319 0.146050
-0.931616 0.202091 0.302078
-0.913025 0.395693 -0.099056
-0.998556 0.039953 0.035910
-0.918005 0.359027 -0.168426
-0.998556 0.039953 0.035910
-0.913025 0.395693 -0.099056
-0.998556 0.039953 0.035910
-0.918005 0.359027 -0.168426
-0.999842 -0.005505 -0.016904
-0.918005 0.359027 -0.168426
-0.999837 -0.012460 -0.013095
-0.999842 -0.005505 -0.016904
-0.999837 -0.012460 -0.013095
-0.918005 0.359027 -0.168426
-0.915724 0.397548 -0.058361
-0.000475 0.499892 0.866088
-0.000058 0.499987 0.866033
-0.024299 0.512405 0.858400
-0.000475 0.499892 0.866088
-0.024299 0.512405 0.858400
-0.035673 0.516550 0.855514
-0.035673 0.516550 0.855514
-0.024299 0.512405 0.858400
-0.175252 0.621711 0.763389
-0.035673 0.516550 0.855514
-0.175252 0.621711 0.763389
-0.255859 0.593735 0.762899
-0.373419 0.751418 0.543993
-0.501432 0.619359 0.604120
-0.255859 0.593735 0.762899
-0.255859 0.593735 0.762899
-0.175252 0.621711 0.763389
-0.373419 0.751418 0.543993
-0.551968 0.792772 0.258543
-0.501432 0.619359 0.604120
-0.373419 0.751418 0.543993
-0.551968 0.792772 0.258543
-0.698255 0.601745 0.387742
-0.501432 0.619359 0.604120
-0.657080 0.753717 0.012532
-0.698255 0.601745 0.387742
-0.551968 0.792772 0.258543
-0.698255 0.601745 0.387742
-0.657080 0.753717 0.012532
-0.842008 0.519319 0.146050
-0.024299 0.512405 0.858400
-0.000058 0.499987 0.866033
-0.004916 0.506290 0.862349
-0.000058 0.499987 0.866033
0.000077 0.500805 0.865560
-0.004916 0.506290 0.862349
-0.087803 0.621253 0.778675
-0.175252 0.621711 0.763389
-0.024299 0.512405 0.858400
-0.024299 0.512405 0.858400
-0.004916 0.506290 0.862349
-0.087803 0.621253 0.778675
-0.732639 -0.613887 0.293911
-0.749759 -0.599152 0.280851
-0.744179 -0.602299 0.288849
-0.749759 -0.599152 0.280851
-0.732639 -0.613887 0.293911
-0.737402 -0.611147 0.287640
-0.744179 -0.602299 0.288849
-0.758576 -0.589488 0.277609
-0.751332 -0.595147 0.285133
-0.758576 -0.589488 0.277609
-0.744179 -0.602299 0.288849
-0.749759 -0.599152 0.280851
-0.758576 -0.589488 0.277609
-0.761493 -0.586543 0.275854
-0.751332 -0.595147 0.285133
-0.761493 -0.586543 0.275854
-0.758576 -0.589488 0.277609
-0.777141 -0.569653 0.267483
-0.777141 -0.569653 0.267483
-0.776435 -0.570658 0.267392
-0.761493 -0.586543 0.275854
-0.776435 -0.570658 0.267392
-0.777141 -0.569653 0.267483
-0.794168 -0.549535 0.259437
-0.698593 -0.710076 0.088086
-0.708041 -0.700046 0.092808
-0.761493 -0.586543 0.275854
-0.698593 -0.710076 0.088086
-0.761493 -0.586543 0.275854
-0.776435 -0.570658 0.267392
-0.708041 -0.700046 0.092808
-0.751332 -0.595147 0.285133
-0.761493 -0.586543 0.275854
-0.751332 -0.595147 0.285133
-0.708041 -0.700046 0.092808
-0.731639 -0.659367 0.173030
-0.776435 -0.570658 0.267392
-0.805095 -0.534976 0.256170
-0.793816 -0.566350 0.221596
-0.805095 -0.534976 0.256170
-0.776435 -0.570658 0.267392
-0.794168 -0.549535 0.259437
-0.752427 -0.649052 0.112188
-0.698593 -0.710076 0.088086
-0.776435 -0.570658 0.267392
-0.752427 -0.649052 0.112188
-0.776435 -0.570658 0.267392
-0.793816 -0.566350 0.221596
-0.793816 -0.566350 0.221596
-0.884206 -0.433814 0.173165
-0.798222 -0.585491 0.141569
-0.884206 -0.433814 0.173165
-0.793816 -0.566350 0.221596
-0.805095 -0.534976 0.256170
-0.629486 0.233835 -0.740991
-0.802893 -0.440583 -0.401560
-0.966916 -0.199449 -0.159039
-0.802893 -0.440583 -0.401560
-0.629486 0.233835 -0.740991
-0.276764 0.054442 -0.959394
-0.966916 -0.199449 -0.159039
-0.802893 -0.440583 -0.401560
-0.798222 -0.585491 0.141569
-0.966916 -0.199449 -0.159039
-0.798222 -0.585491 0.141569
-0.884206 -0.433814 0.173165
-0.724681 -0.620283 0.300142
-0.744179 -0.602299 0.288849
-0.735828 -0.624329 0.262242
-0.744179 -0.602299 0.288849
-0.724681 -0.620283 0.300142
-0.732639 -0.613887 0.293911
-0.694869 -0.671021 0.258628
-0.735828 -0.624329 0.262242
-0.684925 -0.715340 0.138443
-0.735828 -0.624329 0.262242
-0.694869 -0.671021 0.258628
-0.724681 -0.620283 0.300142
-0.371605 -0.924769 0.081920
-0.684925 -0.715340 0.138443
-0.492788 -0.868523 -0.053174
-0.684925 -0.715340 0.138443
-0.371605 -0.924769 0.081920
-0.694869 -0.671021 0.258628
0.128271 -0.988071 -0.085217
-0.492788 -0.868523 -0.053174
-0.155654 -0.944386 -0.289668
-0.492788 -0.868523 -0.053174
0.128271 -0.988071 -0.085217
-0.371605 -0.924769 0.081920
0.574004 -0.787626 -0.223975
-0.155654 -0.944386 -0.289668
0.459268 -0.652052 -0.603243
-0.155654 -0.944386 -0.289668
0.574004 -0.787626 -0.223975
0.128271 -0.988071 -0.085217
-0.735828 -0.624329 0.262242
-0.751332 -0.595147 0.285133
-0.731639 -0.659367 0.173030
-0.751332 -0.595147 0.285133
-0.735828 -0.624329 0.262242
-0.744179 -0.602299 0.288849
-0.684925 -0.715340 0.138443
-0.731639 -0.659367 0.173030
-0.669506 -0.741269 -0.047767
-0.731639 -0.659367 0.173030
-0.684925 -0.715340 0.138443
-0.735828 -0.624329 0.262242
-0.492788 -0.868523 -0.053174
-0.669506 -0.741269 -0.047767
-0.594814 -0.781114 -0.189888
-0.669506 -0.741269 -0.047767
-0.492788 -0.868523 -0.053174
-0.684925 -0.715340 0.138443
-0.155654 -0.944386 -0.289668
-0.594814 -0.781114 -0.189888
-0.204508 -0.826489 -0.524493
-0.594814 -0.781114 -0.189888
-0.155654 -0.944386 -0.289668
-0.492788 -0.868523 -0.053174
-0.731639 -0.659367 0.173030
-0.607168 -0.774106 -0.179185
-0.669506 -0.741269 -0.047767
-0.607168 -0.774106 -0.179185
-0.731639 -0.659367 0.173030
-0.708041 -0.700046 0.092808
-0.594814 -0.781114 -0.189888
-0.607168 -0.774106 -0.179185
-0.585326 -0.758449 -0.286614
-0.607168 -0.774106 -0.179185
-0.594814 -0.781114 -0.189888
-0.669506 -0.741269 -0.047767
-0.708041 -0.700046 0.092808
-0.549582 -0.810942 -0.200830
-0.607168 -0.774106 -0.179185
-0.549582 -0.810942 -0.200830
-0.708041 -0.700046 0.092808
-0.698593 -0.710076 0.088086
</float_array>
          <technique_common>
            <accessor source="#TidalTurbine_Blades-Normal0-array" count="22464" stride="3">
              <param name="X" type="float"/>
              <param name="Y" type="float"/>
              <param name="Z" type="float"/>
            </accessor>
          </technique_common>
        </source>
        <vertices id="TidalTurbine_Blades-VERTEX">
          <input semantic="POSITION" source="#TidalTurbine_Blades-POSITION"/>
        </vertices>
        <triangles count="684" material="Yellow">
          <input semantic="VERTEX" offset="0" source="#TidalTurbine_Blades-VERTEX"/>
          <input semantic="NORMAL" offset="1" source="#TidalTurbine_Blades-Normal0"/>
          <p> 264 1596 229 1597 228 1598 264 1599 228 1600 263 1601 263 1602 250 1603 262 1604 250 1605 263 1606 228 1607 697 1608 696 1609 228 1610 228 1611 696 1612 250 1613 229 1614 697 1615 228 1616 697 1617 229 1618 698 1619 265 1620 230 1621 229 1622 265 1623 229 1624 264 1625 230 1626 698 1627 229 1628 698 1629 230 1630 699 1631 266 1632 231 1633 230 1634 266 1635 230 1636 265 1637 231 1638 699 1639 230 1640 699 1641 231 1642 700 1643 232 1644 266 1645 238 1646 266 1647 232 1648 231 1649 232 1650 700 1651 231 1652 700 1653 232 1654 701 1655 239 1656 233 1657 232 1658 239 1659 232 1660 238 1661 233 1662 701 1663 232 1664 701 1665 233 1666 702 1667 240 1668 234 1669 233 1670 240 1671 233 1672 239 1673 234 1674 702 1675 233 1676 702 1677 234 1678 703 1679 241 1680 235 1681 234 1682 241 1683 234 1684 240 1685 235 1686 703 1687 234 1688 703 1689 235 1690 704 1691 242 1692 236 1693 235 1694 242 1695 235 1696 241 1697 236 1698 704 1699 235 1700 704 1701 236 1702 705 1703 268 1704 237 1705 236 1706 268 1707 236 1708 242 1709 237 1710 705 1711 236 1712 705 1713 237 1714 706 1715 269 1716 267 1717 237 1718 269 1719 237 1720 268 1721 267 1722 706 1723 237 1724 706 1725 267 1726 707 1727 239 1728 549 1729 550 1730 549 1731 239 1732 238 1733 549 1734 238 1735 548 1736 238 1737 266 1738 548 1739 240 1740 550 1741 551 1742 550 1743 240 1744 239 1745 241 1746 240 1747 552 1748 552 1749 240 1750 551 1751 242 1752 241 1753 750 1754 750 1755 241 1756 552 1757 268 1758 242 1759 751 1760 751 1761 242 1762 750 1763 244 1764 561 1765 243 1766 561 1767 244 1768 562 1769 256 1770 244 1771 243 1772 256 1773 243 1774 255 1775 255 1776 405 1777 254 1778 405 1779 255 1780 243 1781 561 1782 560 1783 243 1784 243 1785 560 1786 405 1787 257 1788 245 1789 244 1790 257 1791 244 1792 256 1793 245 1794 562 1795 244 1796 562 1797 245 1798 563 1799 246 1800 257 1801 258 1802 257 1803 246 1804 245 1805 246 1806 563 1807 245 1808 563 1809 246 1810 692 1811 259 1812 247 1813 246 1814 259 1815 246 1816 258 1817 247 1818 692 1819 246 1820 692 1821 247 1822 693 1823 260 1824 248 1825 247 1826 260 1827 247 1828 259 1829 248 1830 693 1831 247 1832 693 1833 248 1834 694 1835 261 1836 249 1837 248 1838 261 1839 248 1840 260 1841 249 1842 694 1843 248 1844 694 1845 249 1846 695 1847 262 1848 250 1849 249 1850 262 1851 249 1852 261 1853 250 1854 695 1855 249 1856 695 1857 250 1858 696 1859 252 1860 402 1861 251 1862 402 1863 252 1864 403 1865 252 1866 251 1867 534 1868 534 1869 251 1870 533 1871 533 1872 409 1873 532 1874 409 1875 533 1876 251 1877 402 1878 401 1879 251 1880 251 1881 401 1882 409 1883 253 1884 252 1885 535 1886 535 1887 252 1888 534 1889 253 1890 403 1891 252 1892 403 1893 253 1894 404 1895 536 1896 254 1897 253 1898 536 1899 253 1900 535 1901 254 1902 404 1903 253 1904 404 1905 254 1906 405 1907 537 1908 255 1909 254 1910 537 1911 254 1912 536 1913 538 1914 256 1915 255 1916 538 1917 255 1918 537 1919 539 1920 257 1921 256 1922 539 1923 256 1924 538 1925 258 1926 539 1927 540 1928 539 1929 258 1930 257 1931 259 1932 540 1933 541 1934 540 1935 259 1936 258 1937 542 1938 260 1939 259 1940 542 1941 259 1942 541 1943 261 1944 260 1945 543 1946 543 1947 260 1948 542 1949 262 1950 261 1951 544 1952 544 1953 261 1954 543 1955 545 1956 263 1957 262 1958 545 1959 262 1960 544 1961 546 1962 264 1963 263 1964 546 1965 263 1966 545 1967 547 1968 265 1969 264 1970 547 1971 264 1972 546 1973 548 1974 266 1975 265 1976 548 1977 265 1978 547 1979 273 1980 270 1981 267 1982 273 1983 267 1984 269 1985 270 1986 707 1987 267 1988 707 1989 270 1990 620 1991 752 1992 269 1993 268 1994 752 1995 268 1996 751 1997 518 1998 273 1999 269 2000 518 2001 269 2002 752 2003 274 2004 271 2005 270 2006 274 2007 270 2008 273 2009 271 2010 620 2011 270 2012 620 2013 271 2014 621 2015 275 2016 272 2017 271 2018 275 2019 271 2020 274 2021 272 2022 621 2023 271 2024 621 2025 272 2026 622 2027 622 2028 386 2029 623 2030 386 2031 622 2032 272 2033 275 2034 386 2035 272 2036 386 2037 275 2038 276 2039 519 2040 274 2041 273 2042 519 2043 273 2044 518 2045 520 2046 275 2047 274 2048 520 2049 274 2050 519 2051 520 2052 276 2053 275 2054 276 2055 520 2056 521 2057 521 2058 277 2059 276 2060 277 2061 521 2062 522 2063 386 2064 277 2065 387 2066 277 2067 386 2068 276 2069 522 2070 523 2071 277 2072 277 2073 523 2074 278 2075 387 2076 278 2077 388 2078 278 2079 387 2080 277 2081 388 2082 279 2083 389 2084 279 2085 388 2086 278 2087 523 2088 524 2089 278 2090 278 2091 524 2092 279 2093 389 2094 394 2095 390 2096 394 2097 389 2098 279 2099 524 2100 525 2101 279 2102 279 2103 525 2104 394 2105 330 2526 315 2527 314 2528 330 2529 314 2530 329 2531 329 2532 323 2533 328 2534 323 2535 329 2536 314 2537 566 2538 565 2539 314 2540 314 2541 565 2542 323 2543 315 2544 566 2545 314 2546 566 2547 315 2548 567 2549 318 2550 316 2551 315 2552 318 2553 315 2554 330 2555 316 2556 567 2557 315 2558 567 2559 316 2560 568 2561 319 2562 317 2563 316 2564 319 2565 316 2566 318 2567 317 2568 568 2569 316 2570 568 2571 317 2572 418 2573 331 2574 418 2575 317 2576 418 2577 331 2578 419 2579 342 2580 331 2581 317 2582 342 2583 317 2584 319 2585 506 2586 319 2587 318 2588 506 2589 318 2590 505 2591 505 2592 330 2593 504 2594 330 2595 505 2596 318 2597 645 2598 342 2599 319 2600 645 2601 319 2602 506 2603 414 2604 325 2605 320 2606 325 2607 414 2608 324 2609 414 2610 459 2611 458 2612 459 2613 414 2614 320 2615 459 2616 320 2617 460 2618 320 2619 321 2620 460 2621 325 2622 321 2623 320 2624 321 2625 325 2626 326 2627 327 2628 322 2629 321 2630 327 2631 321 2632 326 2633 322 2634 460 2635 321 2636 460 2637 322 2638 564 2639 328 2640 323 2641 322 2642 328 2643 322 2644 327 2645 323 2646 564 2647 322 2648 564 2649 323 2650 565 2651 498 2652 499 2653 324 2654 324 2655 499 2656 325 2657 417 2658 498 2659 324 2660 498 2661 417 2662 497 2663 380 2664 417 2665 324 2666 380 2667 324 2668 414 2669 499 2670 500 2671 325 2672 325 2673 500 2674 326 2675 501 2676 327 2677 326 2678 501 2679 326 2680 500 2681 502 2682 328 2683 327 2684 502 2685 327 2686 501 2687 503 2688 329 2689 328 2690 503 2691 328 2692 502 2693 504 2694 330 2695 329 2696 504 2697 329 2698 503 2699 343 2700 332 2701 331 2702 343 2703 331 2704 342 2705 332 2706 419 2707 331 2708 419 2709 332 2710 420 2711 333 2712 343 2713 344 2714 343 2715 333 2716 332 2717 421 2718 332 2719 333 2720 332 2721 421 2722 420 2723 334 2724 344 2725 345 2726 344 2727 334 2728 333 2729 422 2730 333 2731 334 2732 333 2733 422 2734 421 2735 346 2736 335 2737 334 2738 346 2739 334 2740 345 2741 335 2742 422 2743 334 2744 422 2745 335 2746 423 2747 354 2748 336 2749 335 2750 354 2751 335 2752 346 2753 336 2754 423 2755 335 2756 423 2757 336 2758 424 2759 355 2760 337 2761 336 2762 355 2763 336 2764 354 2765 337 2766 424 2767 336 2768 424 2769 337 2770 425 2771 356 2772 338 2773 337 2774 356 2775 337 2776 355 2777 338 2778 425 2779 337 2780 425 2781 338 2782 426 2783 357 2784 339 2785 338 2786 357 2787 338 2788 356 2789 339 2790 426 2791 338 2792 426 2793 339 2794 427 2795 358 2796 340 2797 339 2798 358 2799 339 2800 357 2801 340 2802 427 2803 339 2804 427 2805 340 2806 428 2807 359 2808 341 2809 340 2810 359 2811 340 2812 358 2813 341 2814 428 2815 340 2816 428 2817 341 2818 429 2819 360 2820 347 2821 341 2822 360 2823 341 2824 359 2825 430 2826 341 2827 347 2828 341 2829 430 2830 429 2831 646 2832 343 2833 342 2834 646 2835 342 2836 645 2837 647 2838 344 2839 343 2840 647 2841 343 2842 646 2843 648 2844 345 2845 344 2846 648 2847 344 2848 647 2849 649 2850 346 2851 345 2852 649 2853 345 2854 648 2855 650 2856 354 2857 346 2858 650 2859 346 2860 649 2861 348 2862 360 2863 361 2864 360 2865 348 2866 347 2867 431 2868 347 2869 348 2870 347 2871 431 2872 430 2873 362 2874 349 2875 348 2876 362 2877 348 2878 361 2879 349 2880 431 2881 348 2882 431 2883 349 2884 432 2885 363 2886 350 2887 349 2888 363 2889 349 2890 362 2891 350 2892 432 2893 349 2894 432 2895 350 2896 433 2897 364 2898 351 2899 350 2900 364 2901 350 2902 363 2903 351 2904 433 2905 350 2906 433 2907 351 2908 434 2909 365 2910 352 2911 351 2912 365 2913 351 2914 364 2915 352 2916 434 2917 351 2918 434 2919 352 2920 445 2921 366 2922 353 2923 352 2924 366 2925 352 2926 365 2927 353 2928 445 2929 352 2930 445 2931 353 2932 446 2933 370 2934 446 2935 353 2936 446 2937 370 2938 447 2939 367 2940 370 2941 353 2942 367 2943 353 2944 366 2945 651 2946 355 2947 354 2948 651 2949 354 2950 650 2951 652 2952 356 2953 355 2954 652 2955 355 2956 651 2957 653 2958 357 2959 356 2960 653 2961 356 2962 652 2963 654 2964 358 2965 357 2966 654 2967 357 2968 653 2969 655 2970 359 2971 358 2972 655 2973 358 2974 654 2975 656 2976 360 2977 359 2978 656 2979 359 2980 655 2981 657 2982 361 2983 360 2984 657 2985 360 2986 656 2987 658 2988 362 2989 361 2990 658 2991 361 2992 657 2993 659 2994 363 2995 362 2996 659 2997 362 2998 658 2999 660 3000 364 3001 363 3002 660 3003 363 3004 659 3005 661 3006 365 3007 364 3008 661 3009 364 3010 660 3011 662 3012 366 3013 365 3014 662 3015 365 3016 661 3017 663 3018 367 3019 366 3020 663 3021 366 3022 662 3023 664 3024 368 3025 367 3026 664 3027 367 3028 663 3029 368 3030 370 3031 367 3032 370 3033 368 3034 371 3035 369 3036 371 3037 368 3038 371 3039 369 3040 372 3041 665 3042 369 3043 368 3044 665 3045 368 3046 664 3047 373 3048 369 3049 381 3050 369 3051 373 3052 372 3053 666 3054 381 3055 369 3056 666 3057 369 3058 665 3059 371 3060 447 3061 370 3062 447 3063 371 3064 448 3065 372 3066 448 3067 371 3068 448 3069 372 3070 449 3071 450 3072 372 3073 373 3074 372 3075 450 3076 449 3077 374 3078 381 3079 382 3080 381 3081 374 3082 373 3083 451 3084 373 3085 374 3086 373 3087 451 3088 450 3089 382 3090 383 3091 374 3092 374 3093 383 3094 375 3095 451 3096 375 3097 452 3098 375 3099 451 3100 374 3101 383 3102 384 3103 375 3104 375 3105 384 3106 376 3107 452 3108 376 3109 453 3110 376 3111 452 3112 375 3113 384 3114 385 3115 376 3116 376 3117 385 3118 377 3119 453 3120 377 3121 454 3122 377 3123 453 3124 376 3125 385 3126 415 3127 377 3128 377 3129 415 3130 378 3131 454 3132 378 3133 455 3134 378 3135 454 3136 377 3137 415 3138 416 3139 378 3140 378 3141 416 3142 379 3143 455 3144 379 3145 456 3146 379 3147 455 3148 378 3149 416 3150 417 3151 379 3152 379 3153 417 3154 380 3155 456 3156 380 3157 457 3158 380 3159 456 3160 379 3161 457 3162 414 3163 458 3164 414 3165 457 3166 380 3167 667 3168 382 3169 381 3170 667 3171 381 3172 666 3173 667 3174 774 3175 382 3176 382 3177 774 3178 383 3179 774 3180 775 3181 383 3182 383 3183 775 3184 384 3185 775 3186 776 3187 384 3188 384 3189 776 3190 385 3191 776 3192 777 3193 385 3194 385 3195 777 3196 415 3197 623 3198 387 3199 624 3200 387 3201 623 3202 386 3203 624 3204 388 3205 625 3206 388 3207 624 3208 387 3209 625 3210 389 3211 626 3212 389 3213 625 3214 388 3215 626 3216 390 3217 627 3218 390 3219 626 3220 389 3221 394 3222 395 3223 390 3224 390 3225 395 3226 391 3227 627 3228 391 3229 628 3230 391 3231 627 3232 390 3233 395 3234 396 3235 391 3236 391 3237 396 3238 392 3239 628 3240 392 3241 629 3242 392 3243 628 3244 391 3245 396 3246 397 3247 392 3248 392 3249 397 3250 393 3251 629 3252 393 3253 630 3254 393 3255 629 3256 392 3257 397 3258 406 3259 393 3260 393 3261 406 3262 398 3263 630 3264 398 3265 553 3266 398 3267 630 3268 393 3269 525 3270 526 3271 394 3272 394 3273 526 3274 395 3275 526 3276 527 3277 395 3278 395 3279 527 3280 396 3281 527 3282 528 3283 396 3284 396 3285 528 3286 397 3287 528 3288 529 3289 397 3290 397 3291 529 3292 406 3293 399 3294 406 3295 407 3296 406 3297 399 3298 398 3299 399 3300 553 3301 398 3302 553 3303 399 3304 554 3305 408 3306 400 3307 399 3308 408 3309 399 3310 407 3311 400 3312 554 3313 399 3314 554 3315 400 3316 555 3317 409 3318 401 3319 400 3320 409 3321 400 3322 408 3323 401 3324 555 3325 400 3326 555 3327 401 3328 556 3329 402 3330 556 3331 401 3332 556 3333 402 3334 557 3335 403 3336 557 3337 402 3338 557 3339 403 3340 558 3341 404 3342 558 3343 403 3344 558 3345 404 3346 559 3347 405 3348 559 3349 404 3350 559 3351 405 3352 560 3353 407 3354 529 3355 530 3356 529 3357 407 3358 406 3359 408 3360 530 3361 531 3362 530 3363 408 3364 407 3365 532 3366 409 3367 408 3368 532 3369 408 3370 531 3371 777 3408 797 3409 415 3410 415 3411 797 3412 416 3413 797 3414 497 3415 416 3416 416 3417 497 3418 417 3419 444 3420 418 3421 668 3422 418 3423 444 3424 568 3425 668 3426 419 3427 669 3428 419 3429 668 3430 418 3431 669 3432 420 3433 670 3434 420 3435 669 3436 419 3437 670 3438 421 3439 671 3440 421 3441 670 3442 420 3443 422 3444 671 3445 421 3446 671 3447 422 3448 672 3449 423 3450 672 3451 422 3452 672 3453 423 3454 673 3455 424 3456 673 3457 423 3458 673 3459 424 3460 674 3461 425 3462 674 3463 424 3464 674 3465 425 3466 675 3467 426 3468 675 3469 425 3470 675 3471 426 3472 676 3473 427 3474 676 3475 426 3476 676 3477 427 3478 677 3479 677 3480 428 3481 678 3482 428 3483 677 3484 427 3485 678 3486 429 3487 679 3488 429 3489 678 3490 428 3491 679 3492 430 3493 680 3494 430 3495 679 3496 429 3497 680 3498 431 3499 681 3500 431 3501 680 3502 430 3503 681 3504 432 3505 682 3506 432 3507 681 3508 431 3509 682 3510 433 3511 683 3512 433 3513 682 3514 432 3515 683 3516 434 3517 684 3518 434 3519 683 3520 433 3521 445 3522 684 3523 434 3524 684 3525 445 3526 685 3527 456 3528 457 3529 435 3530 435 3531 457 3532 436 3533 781 3534 456 3535 435 3536 456 3537 781 3538 455 3539 458 3552 436 3553 457 3554 436 3555 458 3556 437 3557 459 3570 437 3571 458 3572 437 3573 459 3574 438 3575 460 3576 438 3577 459 3578 438 3579 460 3580 439 3581 564 3588 439 3589 460 3590 440 3591 439 3592 564 3593 441 3600 440 3601 565 3602 565 3603 440 3604 564 3605 442 3612 441 3613 566 3614 441 3615 565 3616 566 3617 566 3630 567 3631 442 3632 443 3633 442 3634 567 3635 567 3642 568 3643 443 3644 444 3645 443 3646 568 3647 446 3654 685 3655 445 3656 685 3657 446 3658 686 3659 447 3660 686 3661 446 3662 686 3663 447 3664 687 3665 448 3666 687 3667 447 3668 687 3669 448 3670 688 3671 449 3672 688 3673 448 3674 688 3675 449 3676 689 3677 689 3678 450 3679 690 3680 450 3681 689 3682 449 3683 690 3684 451 3685 691 3686 451 3687 690 3688 450 3689 691 3690 452 3691 778 3692 452 3693 691 3694 451 3695 778 3696 453 3697 779 3698 453 3699 778 3700 452 3701 779 3702 454 3703 780 3704 454 3705 779 3706 453 3707 780 3708 455 3709 781 3710 455 3711 780 3712 454 3713 497 4002 628 4003 629 4004 497 4005 629 4006 498 4007 797 4008 628 4009 497 4010 628 4011 797 4012 627 4013 498 4014 629 4015 630 4016 498 4017 630 4018 499 4019 499 4020 630 4021 553 4022 499 4023 553 4024 500 4025 554 4026 501 4027 500 4028 554 4029 500 4030 553 4031 555 4032 502 4033 501 4034 555 4035 501 4036 554 4037 556 4038 503 4039 502 4040 556 4041 502 4042 555 4043 557 4044 504 4045 503 4046 557 4047 503 4048 556 4049 558 4050 505 4051 504 4052 558 4053 504 4054 557 4055 559 4056 506 4057 505 4058 559 4059 505 4060 558 4061 560 4062 645 4063 506 4064 560 4065 506 4066 559 4067 526 4068 507 4069 527 4070 507 4071 526 4072 788 4073 527 4074 508 4075 528 4076 508 4077 527 4078 507 4079 528 4080 583 4081 529 4082 583 4083 528 4084 508 4085 519 4092 518 4093 611 4094 611 4095 518 4096 610 4097 610 4098 752 4099 609 4100 752 4101 610 4102 518 4103 520 4104 519 4105 782 4106 782 4107 519 4108 611 4109 783 4110 520 4111 782 4112 520 4113 783 4114 521 4115 784 4116 521 4117 783 4118 521 4119 784 4120 522 4121 785 4122 522 4123 784 4124 522 4125 785 4126 523 4127 786 4128 523 4129 785 4130 523 4131 786 4132 524 4133 786 4134 787 4135 524 4136 524 4137 787 4138 525 4139 787 4140 788 4141 525 4142 526 4143 525 4144 788 4145 530 4146 529 4147 584 4148 529 4149 583 4150 584 4151 531 4152 530 4153 585 4154 530 4155 584 4156 585 4157 532 4158 531 4159 586 4160 586 4161 531 4162 585 4163 587 4164 532 4165 586 4166 532 4167 587 4168 533 4169 588 4170 533 4171 587 4172 533 4173 588 4174 534 4175 589 4176 534 4177 588 4178 534 4179 589 4180 535 4181 590 4182 535 4183 589 4184 535 4185 590 4186 536 4187 591 4188 536 4189 590 4190 536 4191 591 4192 537 4193 591 4194 592 4195 537 4196 537 4197 592 4198 538 4199 592 4200 593 4201 538 4202 539 4203 538 4204 593 4205 593 4206 594 4207 539 4208 540 4209 539 4210 594 4211 594 4212 595 4213 540 4214 541 4215 540 4216 595 4217 595 4218 596 4219 541 4220 542 4221 541 4222 596 4223 543 4224 542 4225 597 4226 542 4227 596 4228 597 4229 544 4230 543 4231 598 4232 598 4233 543 4234 597 4235 545 4236 544 4237 599 4238 599 4239 544 4240 598 4241 600 4242 545 4243 599 4244 545 4245 600 4246 546 4247 601 4248 546 4249 600 4250 546 4251 601 4252 547 4253 602 4254 547 4255 601 4256 547 4257 602 4258 548 4259 603 4260 548 4261 602 4262 548 4263 603 4264 549 4265 603 4266 604 4267 549 4268 549 4269 604 4270 550 4271 604 4272 605 4273 550 4274 551 4275 550 4276 605 4277 605 4278 606 4279 551 4280 552 4281 551 4282 606 4283 606 4284 607 4285 552 4286 750 4287 552 4288 607 4289 561 4290 645 4291 560 4292 645 4293 561 4294 646 4295 562 4296 646 4297 561 4298 646 4299 562 4300 647 4301 563 4302 647 4303 562 4304 647 4305 563 4306 648 4307 692 4308 648 4309 563 4310 648 4311 692 4312 649 4313 750 4314 608 4315 751 4316 608 4317 750 4318 607 4319 751 4320 609 4321 752 4322 609 4323 751 4324 608 4325 621 4326 665 4327 620 4328 665 4329 621 4330 666 4331 620 4332 665 4333 664 4334 620 4335 664 4336 707 4337 622 4338 666 4339 621 4340 666 4341 622 4342 667 4343 623 4344 667 4345 622 4346 667 4347 623 4348 774 4349 624 4350 774 4351 623 4352 774 4353 624 4354 775 4355 625 4356 775 4357 624 4358 775 4359 625 4360 776 4361 626 4362 776 4363 625 4364 776 4365 626 4366 777 4367 627 4368 777 4369 626 4370 777 4371 627 4372 797 4373 693 4458 650 4459 649 4460 693 4461 649 4462 692 4463 694 4464 651 4465 650 4466 694 4467 650 4468 693 4469 695 4470 652 4471 651 4472 695 4473 651 4474 694 4475 696 4476 653 4477 652 4478 696 4479 652 4480 695 4481 697 4482 654 4483 653 4484 697 4485 653 4486 696 4487 698 4488 655 4489 654 4490 698 4491 654 4492 697 4493 699 4494 656 4495 655 4496 699 4497 655 4498 698 4499 700 4500 657 4501 656 4502 700 4503 656 4504 699 4505 701 4506 658 4507 657 4508 701 4509 657 4510 700 4511 702 4512 659 4513 658 4514 702 4515 658 4516 701 4517 703 4518 660 4519 659 4520 703 4521 659 4522 702 4523 704 4524 661 4525 660 4526 704 4527 660 4528 703 4529 705 4530 662 4531 661 4532 705 4533 661 4534 704 4535 706 4536 663 4537 662 4538 706 4539 662 4540 705 4541 707 4542 664 4543 663 4544 707 4545 663 4546 706 4547</p>
        </triangles>
        <triangles count="912" material="Black">
          <input semantic="VERTEX" offset="0" source="#TidalTurbine_Blades-VERTEX"/>
          <input semantic="NORMAL" offset="1" source="#TidalTurbine_Blades-Normal0"/>
          <p> 3 0 33 1 0 2 3 3 0 4 2 5 2 6 194 7 1 8 194 9 2 10 0 11 753 12 476 13 0 14 0 15 476 16 194 17 33 18 753 19 0 20 753 21 33 22 754 23 5 24 205 25 214 26 205 27 5 28 1 29 194 30 193 31 1 32 1 33 193 34 205 35 6 36 2 37 1 38 6 39 1 40 5 41 7 42 3 43 2 44 7 45 2 46 6 47 8 48 4 49 3 50 8 51 3 52 7 53 4 54 33 55 3 56 33 57 4 58 34 59 46 60 34 61 4 62 34 63 46 64 35 65 9 66 46 67 4 68 9 69 4 70 8 71 10 72 214 73 221 74 214 75 10 76 5 77 11 78 6 79 5 80 11 81 5 82 10 83 12 84 7 85 6 86 12 87 6 88 11 89 13 90 8 91 7 92 13 93 7 94 12 95 14 96 9 97 8 98 14 99 8 100 13 101 56 102 46 103 9 104 46 105 56 106 47 107 15 108 56 109 9 110 15 111 9 112 14 113 18 114 11 115 10 116 18 117 10 118 17 119 17 120 221 121 16 122 221 123 17 124 10 125 19 126 12 127 11 128 19 129 11 130 18 131 20 132 13 133 12 134 20 135 12 136 19 137 21 138 14 139 13 140 21 141 13 142 20 143 22 144 15 145 14 146 22 147 14 148 21 149 64 150 56 151 15 152 56 153 64 154 57 155 23 156 64 157 15 158 23 159 15 160 22 161 24 162 225 163 227 164 225 165 24 166 16 167 221 168 220 169 16 170 16 171 220 172 225 173 25 174 17 175 16 176 25 177 16 178 24 179 26 180 18 181 17 182 26 183 17 184 25 185 27 186 19 187 18 188 27 189 18 190 26 191 28 192 20 193 19 194 28 195 19 196 27 197 29 198 21 199 20 200 29 201 20 202 28 203 30 204 22 205 21 206 30 207 21 208 29 209 31 210 23 211 22 212 31 213 22 214 30 215 70 216 64 217 23 218 64 219 70 220 65 221 32 222 70 223 23 224 32 225 23 226 31 227 709 228 25 229 24 230 709 231 24 232 708 233 708 234 227 235 582 236 227 237 708 238 24 239 710 240 26 241 25 242 710 243 25 244 709 245 711 246 27 247 26 248 711 249 26 250 710 251 712 252 28 253 27 254 712 255 27 256 711 257 713 258 29 259 28 260 713 261 28 262 712 263 714 264 30 265 29 266 714 267 29 268 713 269 715 270 31 271 30 272 715 273 30 274 714 275 716 276 32 277 31 278 716 279 31 280 715 281 717 282 74 283 32 284 717 285 32 286 716 287 74 288 70 289 32 290 70 291 74 292 71 293 34 294 754 295 33 296 754 297 34 298 755 299 35 300 755 301 34 302 755 303 35 304 756 305 47 306 36 307 35 308 47 309 35 310 46 311 36 312 756 313 35 314 756 315 36 316 757 317 48 318 37 319 36 320 48 321 36 322 47 323 37 324 757 325 36 326 757 327 37 328 758 329 49 330 38 331 37 332 49 333 37 334 48 335 38 336 758 337 37 338 758 339 38 340 759 341 50 342 39 343 38 344 50 345 38 346 49 347 39 348 759 349 38 350 759 351 39 352 760 353 50 354 51 355 39 356 39 357 51 358 40 359 760 360 40 361 761 362 40 363 760 364 39 365 51 366 52 367 40 368 40 369 52 370 41 371 761 372 41 373 762 374 41 375 761 376 40 377 52 378 53 379 41 380 41 381 53 382 42 383 762 384 42 385 763 386 42 387 762 388 41 389 53 390 54 391 42 392 42 393 54 394 43 395 763 396 43 397 764 398 43 399 763 400 42 401 54 402 55 403 43 404 43 405 55 406 44 407 764 408 44 409 765 410 44 411 764 412 43 413 55 414 78 415 44 416 44 417 78 418 45 419 765 420 45 421 766 422 45 423 765 424 44 425 78 426 79 427 45 428 45 429 79 430 76 431 766 432 76 433 789 434 76 435 766 436 45 437 57 438 48 439 47 440 57 441 47 442 56 443 58 444 49 445 48 446 58 447 48 448 57 449 59 450 50 451 49 452 59 453 49 454 58 455 59 456 60 457 50 458 50 459 60 460 51 461 60 462 61 463 51 464 51 465 61 466 52 467 61 468 62 469 52 470 52 471 62 472 53 473 62 474 63 475 53 476 53 477 63 478 54 479 63 480 82 481 54 482 54 483 82 484 55 485 82 486 83 487 55 488 55 489 83 490 78 491 65 492 58 493 57 494 65 495 57 496 64 497 66 498 59 499 58 500 66 501 58 502 65 503 66 504 67 505 59 506 59 507 67 508 60 509 67 510 68 511 60 512 60 513 68 514 61 515 68 516 69 517 61 518 61 519 69 520 62 521 69 522 88 523 62 524 62 525 88 526 63 527 88 528 89 529 63 530 63 531 89 532 82 533 71 534 66 535 65 536 71 537 65 538 70 539 71 540 72 541 66 542 66 543 72 544 67 545 72 546 73 547 67 548 67 549 73 550 68 551 73 552 96 553 68 554 68 555 96 556 69 557 96 558 97 559 69 560 69 561 97 562 88 563 74 564 75 565 71 566 71 567 75 568 72 569 75 570 106 571 72 572 72 573 106 574 73 575 106 576 107 577 73 578 73 579 107 580 96 581 717 582 631 583 74 584 74 585 631 586 75 587 631 588 632 589 75 590 75 591 632 592 106 593 79 594 80 595 76 596 76 597 80 598 77 599 789 600 77 601 790 602 77 603 789 604 76 605 790 606 118 607 791 608 118 609 790 610 77 611 80 612 81 613 77 614 77 615 81 616 118 617 83 618 84 619 78 620 78 621 84 622 79 623 84 624 85 625 79 626 79 627 85 628 80 629 85 630 86 631 80 632 80 633 86 634 81 635 118 636 124 637 119 638 124 639 118 640 81 641 86 642 87 643 81 644 81 645 87 646 124 647 89 648 90 649 82 650 82 651 90 652 83 653 90 654 91 655 83 656 83 657 91 658 84 659 91 660 92 661 84 662 84 663 92 664 85 665 92 666 93 667 85 668 85 669 93 670 86 671 86 672 93 673 94 674 86 675 94 676 87 677 124 678 129 679 125 680 129 681 124 682 87 683 94 684 95 685 87 686 87 687 95 688 129 689 97 690 98 691 88 692 88 693 98 694 89 695 98 696 99 697 89 698 89 699 99 700 90 701 99 702 100 703 90 704 90 705 100 706 91 707 100 708 101 709 91 710 91 711 101 712 92 713 101 714 102 715 92 716 92 717 102 718 93 719 102 720 103 721 93 722 93 723 103 724 94 725 103 726 104 727 94 728 94 729 104 730 95 731 129 732 133 733 130 734 133 735 129 736 95 737 104 738 105 739 95 740 95 741 105 742 133 743 107 744 108 745 96 746 96 747 108 748 97 749 108 750 109 751 97 752 97 753 109 754 98 755 109 756 110 757 98 758 98 759 110 760 99 761 110 762 111 763 99 764 99 765 111 766 100 767 111 768 112 769 100 770 100 771 112 772 101 773 112 774 113 775 101 776 101 777 113 778 102 779 113 780 114 781 102 782 102 783 114 784 103 785 114 786 115 787 103 788 103 789 115 790 104 791 115 792 116 793 104 794 104 795 116 796 105 797 116 798 117 799 105 800 105 801 117 802 136 803 133 804 136 805 134 806 136 807 133 808 105 809 632 810 633 811 106 812 106 813 633 814 107 815 633 816 634 817 107 818 107 819 634 820 108 821 634 822 635 823 108 824 108 825 635 826 109 827 635 828 636 829 109 830 109 831 636 832 110 833 636 834 637 835 110 836 110 837 637 838 111 839 637 840 638 841 111 842 111 843 638 844 112 845 638 846 639 847 112 848 112 849 639 850 113 851 639 852 640 853 113 854 113 855 640 856 114 857 640 858 641 859 114 860 114 861 641 862 115 863 641 864 642 865 115 866 115 867 642 868 116 869 642 870 643 871 116 872 116 873 643 874 117 875 643 876 644 877 117 878 117 879 644 880 138 881 136 882 138 883 137 884 138 885 136 886 117 887 791 888 119 889 792 890 119 891 791 892 118 893 124 894 125 895 119 896 119 897 125 898 120 899 792 900 120 901 793 902 120 903 792 904 119 905 125 906 126 907 120 908 120 909 126 910 121 911 793 912 121 913 794 914 121 915 793 916 120 917 126 918 127 919 121 920 121 921 127 922 122 923 794 924 122 925 795 926 122 927 794 928 121 929 127 930 128 931 122 932 122 933 128 934 123 935 795 936 123 937 796 938 123 939 795 940 122 941 128 942 141 943 123 944 123 945 141 946 139 947 796 948 139 949 461 950 139 951 796 952 123 953 129 954 130 955 125 956 125 957 130 958 126 959 130 960 131 961 126 962 126 963 131 964 127 965 131 966 132 967 127 968 127 969 132 970 128 971 132 972 145 973 128 974 128 975 145 976 141 977 133 978 134 979 130 980 130 981 134 982 131 983 134 984 135 985 131 986 131 987 135 988 132 989 135 990 151 991 132 992 132 993 151 994 145 995 136 996 137 997 134 998 134 999 137 1000 135 1001 137 1002 159 1003 135 1004 135 1005 159 1006 151 1007 138 1008 169 1009 137 1010 137 1011 169 1012 159 1013 644 1014 569 1015 138 1016 138 1017 569 1018 169 1019 141 1020 142 1021 139 1022 139 1023 142 1024 140 1025 461 1026 140 1027 462 1028 140 1029 461 1030 139 1031 462 1032 181 1033 463 1034 181 1035 462 1036 140 1037 142 1038 143 1039 140 1040 140 1041 143 1042 181 1043 145 1044 146 1045 141 1046 141 1047 146 1048 142 1049 146 1050 147 1051 142 1052 142 1053 147 1054 143 1055 147 1056 148 1057 143 1058 143 1059 148 1060 144 1061 181 1062 144 1063 182 1064 144 1065 181 1066 143 1067 182 1068 195 1069 183 1070 195 1071 182 1072 144 1073 144 1074 148 1075 149 1076 144 1077 149 1078 195 1079 151 1080 152 1081 145 1082 145 1083 152 1084 146 1085 152 1086 153 1087 146 1088 146 1089 153 1090 147 1091 153 1092 154 1093 147 1094 147 1095 154 1096 148 1097 148 1098 154 1099 155 1100 148 1101 155 1102 149 1103 155 1104 156 1105 149 1106 149 1107 156 1108 150 1109 195 1110 150 1111 196 1112 150 1113 195 1114 149 1115 196 1116 206 1117 197 1118 206 1119 196 1120 150 1121 156 1122 157 1123 150 1124 150 1125 157 1126 206 1127 159 1128 160 1129 151 1130 151 1131 160 1132 152 1133 160 1134 161 1135 152 1136 152 1137 161 1138 153 1139 161 1140 162 1141 153 1142 153 1143 162 1144 154 1145 162 1146 163 1147 154 1148 154 1149 163 1150 155 1151 163 1152 164 1153 155 1154 155 1155 164 1156 156 1157 164 1158 165 1159 156 1160 156 1161 165 1162 157 1163 165 1164 166 1165 157 1166 157 1167 166 1168 158 1169 206 1170 158 1171 207 1172 158 1173 206 1174 157 1175 207 1176 215 1177 208 1178 215 1179 207 1180 158 1181 166 1182 167 1183 158 1184 158 1185 167 1186 215 1187 169 1188 170 1189 159 1190 159 1191 170 1192 160 1193 170 1194 171 1195 160 1196 160 1197 171 1198 161 1199 171 1200 172 1201 161 1202 161 1203 172 1204 162 1205 172 1206 173 1207 162 1208 162 1209 173 1210 163 1211 173 1212 174 1213 163 1214 163 1215 174 1216 164 1217 174 1218 175 1219 164 1220 164 1221 175 1222 165 1223 175 1224 176 1225 165 1226 165 1227 176 1228 166 1229 176 1230 177 1231 166 1232 166 1233 177 1234 167 1235 177 1236 178 1237 167 1238 167 1239 178 1240 168 1241 215 1242 168 1243 216 1244 168 1245 215 1246 167 1247 216 1248 222 1249 217 1250 222 1251 216 1252 168 1253 178 1254 179 1255 168 1256 168 1257 179 1258 222 1259 569 1260 570 1261 169 1262 169 1263 570 1264 170 1265 570 1266 571 1267 170 1268 170 1269 571 1270 171 1271 571 1272 572 1273 171 1274 171 1275 572 1276 172 1277 572 1278 573 1279 172 1280 172 1281 573 1282 173 1283 573 1284 574 1285 173 1286 173 1287 574 1288 174 1289 574 1290 575 1291 174 1292 174 1293 575 1294 175 1295 575 1296 576 1297 175 1298 175 1299 576 1300 176 1301 576 1302 577 1303 176 1304 176 1305 577 1306 177 1307 577 1308 578 1309 177 1310 177 1311 578 1312 178 1313 578 1314 579 1315 178 1316 178 1317 579 1318 179 1319 579 1320 580 1321 179 1322 179 1323 580 1324 180 1325 222 1326 180 1327 223 1328 180 1329 222 1330 179 1331 223 1332 226 1333 224 1334 226 1335 223 1336 180 1337 580 1338 581 1339 180 1340 180 1341 581 1342 226 1343 463 1344 182 1345 464 1346 182 1347 463 1348 181 1349 464 1350 183 1351 465 1352 183 1353 464 1354 182 1355 195 1356 196 1357 183 1358 183 1359 196 1360 184 1361 465 1362 184 1363 466 1364 184 1365 465 1366 183 1367 196 1368 197 1369 184 1370 184 1371 197 1372 185 1373 466 1374 185 1375 467 1376 185 1377 466 1378 184 1379 197 1380 198 1381 185 1382 185 1383 198 1384 186 1385 467 1386 186 1387 468 1388 186 1389 467 1390 185 1391 198 1392 199 1393 186 1394 186 1395 199 1396 187 1397 468 1398 187 1399 469 1400 187 1401 468 1402 186 1403 199 1404 200 1405 187 1406 187 1407 200 1408 188 1409 469 1410 188 1411 470 1412 188 1413 469 1414 187 1415 200 1416 201 1417 188 1418 188 1419 201 1420 189 1421 470 1422 189 1423 471 1424 189 1425 470 1426 188 1427 201 1428 202 1429 189 1430 189 1431 202 1432 190 1433 471 1434 190 1435 472 1436 190 1437 471 1438 189 1439 202 1440 203 1441 190 1442 190 1443 203 1444 191 1445 472 1446 191 1447 473 1448 191 1449 472 1450 190 1451 203 1452 204 1453 191 1454 191 1455 204 1456 192 1457 473 1458 192 1459 474 1460 192 1461 473 1462 191 1463 205 1464 193 1465 192 1466 205 1467 192 1468 204 1469 193 1470 474 1471 192 1472 474 1473 193 1474 475 1475 194 1476 475 1477 193 1478 475 1479 194 1480 476 1481 206 1482 207 1483 197 1484 197 1485 207 1486 198 1487 207 1488 208 1489 198 1490 198 1491 208 1492 199 1493 208 1494 209 1495 199 1496 199 1497 209 1498 200 1499 209 1500 210 1501 200 1502 200 1503 210 1504 201 1505 210 1506 211 1507 201 1508 201 1509 211 1510 202 1511 211 1512 212 1513 202 1514 202 1515 212 1516 203 1517 212 1518 213 1519 203 1520 203 1521 213 1522 204 1523 214 1524 205 1525 204 1526 214 1527 204 1528 213 1529 215 1530 216 1531 208 1532 208 1533 216 1534 209 1535 216 1536 217 1537 209 1538 209 1539 217 1540 210 1541 217 1542 218 1543 210 1544 210 1545 218 1546 211 1547 218 1548 219 1549 211 1550 211 1551 219 1552 212 1553 212 1554 219 1555 220 1556 212 1557 220 1558 213 1559 221 1560 214 1561 213 1562 221 1563 213 1564 220 1565 222 1566 223 1567 217 1568 217 1569 223 1570 218 1571 223 1572 224 1573 218 1574 218 1575 224 1576 219 1577 224 1578 225 1579 219 1580 219 1581 225 1582 220 1583 226 1584 227 1585 224 1586 224 1587 227 1588 225 1589 581 1590 582 1591 226 1592 226 1593 582 1594 227 1595 511 2106 512 2107 280 2108 280 2109 512 2110 281 2111 284 2112 511 2113 280 2114 511 2115 284 2116 510 2117 284 2118 280 2119 788 2120 788 2121 280 2122 507 2123 507 2124 281 2125 508 2126 281 2127 507 2128 280 2129 512 2130 513 2131 281 2132 281 2133 513 2134 282 2135 508 2136 282 2137 583 2138 282 2139 508 2140 281 2141 283 2142 282 2143 514 2144 514 2145 282 2146 513 2147 283 2148 583 2149 282 2150 583 2151 283 2152 584 2153 285 2154 584 2155 283 2156 584 2157 285 2158 585 2159 285 2160 283 2161 515 2162 515 2163 283 2164 514 2165 413 2166 284 2167 787 2168 787 2169 284 2170 788 2171 413 2172 510 2173 284 2174 510 2175 413 2176 509 2177 286 2178 585 2179 285 2180 585 2181 286 2182 586 2183 286 2184 285 2185 516 2186 516 2187 285 2188 515 2189 287 2190 586 2191 286 2192 586 2193 287 2194 587 2195 287 2196 286 2197 517 2198 517 2199 286 2200 516 2201 288 2202 587 2203 287 2204 587 2205 288 2206 588 2207 288 2208 287 2209 612 2210 612 2211 287 2212 517 2213 289 2214 588 2215 288 2216 588 2217 289 2218 589 2219 289 2220 288 2221 613 2222 613 2223 288 2224 612 2225 290 2226 589 2227 289 2228 589 2229 290 2230 590 2231 290 2232 289 2233 614 2234 614 2235 289 2236 613 2237 291 2238 590 2239 290 2240 590 2241 291 2242 591 2243 291 2244 290 2245 615 2246 615 2247 290 2248 614 2249 292 2250 591 2251 291 2252 591 2253 292 2254 592 2255 292 2256 291 2257 616 2258 616 2259 291 2260 615 2261 293 2262 592 2263 292 2264 592 2265 293 2266 593 2267 293 2268 292 2269 617 2270 617 2271 292 2272 616 2273 294 2274 293 2275 618 2276 618 2277 293 2278 617 2279 294 2280 593 2281 293 2282 593 2283 294 2284 594 2285 295 2286 294 2287 619 2288 619 2289 294 2290 618 2291 295 2292 594 2293 294 2294 594 2295 295 2296 595 2297 296 2298 295 2299 718 2300 718 2301 295 2302 619 2303 296 2304 595 2305 295 2306 595 2307 296 2308 596 2309 297 2310 296 2311 719 2312 719 2313 296 2314 718 2315 297 2316 596 2317 296 2318 596 2319 297 2320 597 2321 298 2322 297 2323 720 2324 720 2325 297 2326 719 2327 298 2328 597 2329 297 2330 597 2331 298 2332 598 2333 299 2334 298 2335 721 2336 721 2337 298 2338 720 2339 299 2340 598 2341 298 2342 598 2343 299 2344 599 2345 300 2346 299 2347 722 2348 722 2349 299 2350 721 2351 300 2352 599 2353 299 2354 599 2355 300 2356 600 2357 301 2358 300 2359 723 2360 723 2361 300 2362 722 2363 301 2364 600 2365 300 2366 600 2367 301 2368 601 2369 302 2370 301 2371 724 2372 724 2373 301 2374 723 2375 302 2376 601 2377 301 2378 601 2379 302 2380 602 2381 303 2382 302 2383 725 2384 725 2385 302 2386 724 2387 303 2388 602 2389 302 2390 602 2391 303 2392 603 2393 304 2394 303 2395 726 2396 726 2397 303 2398 725 2399 304 2400 603 2401 303 2402 603 2403 304 2404 604 2405 305 2406 304 2407 727 2408 727 2409 304 2410 726 2411 305 2412 604 2413 304 2414 604 2415 305 2416 605 2417 306 2418 305 2419 728 2420 728 2421 305 2422 727 2423 306 2424 605 2425 305 2426 605 2427 306 2428 606 2429 307 2430 306 2431 729 2432 729 2433 306 2434 728 2435 307 2436 606 2437 306 2438 606 2439 307 2440 607 2441 308 2442 307 2443 730 2444 730 2445 307 2446 729 2447 308 2448 607 2449 307 2450 607 2451 308 2452 608 2453 309 2454 308 2455 731 2456 731 2457 308 2458 730 2459 309 2460 608 2461 308 2462 608 2463 309 2464 609 2465 310 2466 309 2467 732 2468 732 2469 309 2470 731 2471 310 2472 609 2473 309 2474 609 2475 310 2476 610 2477 311 2478 310 2479 733 2480 733 2481 310 2482 732 2483 311 2484 610 2485 310 2486 610 2487 311 2488 611 2489 312 2490 311 2491 734 2492 734 2493 311 2494 733 2495 312 2496 611 2497 311 2498 611 2499 312 2500 782 2501 734 2502 735 2503 312 2504 312 2505 735 2506 313 2507 782 2508 313 2509 783 2510 313 2511 782 2512 312 2513 783 2514 410 2515 784 2516 410 2517 783 2518 313 2519 735 2520 736 2521 313 2522 313 2523 736 2524 410 2525 784 3372 411 3373 785 3374 411 3375 784 3376 410 3377 736 3378 737 3379 410 3380 410 3381 737 3382 411 3383 737 3384 738 3385 411 3386 411 3387 738 3388 412 3389 785 3390 412 3391 786 3392 412 3393 785 3394 411 3395 738 3396 509 3397 412 3398 412 3399 509 3400 413 3401 786 3402 413 3403 787 3404 413 3405 786 3406 412 3407 781 3540 435 3541 773 3542 773 3543 435 3544 477 3545 477 3546 436 3547 478 3548 436 3549 477 3550 435 3551 478 3558 437 3559 479 3560 437 3561 478 3562 436 3563 479 3564 438 3565 480 3566 438 3567 479 3568 437 3569 480 3582 439 3583 481 3584 439 3585 480 3586 438 3587 440 3594 481 3595 439 3596 481 3597 440 3598 482 3599 441 3606 482 3607 440 3608 482 3609 441 3610 483 3611 442 3618 483 3619 441 3620 483 3621 442 3622 484 3623 443 3624 484 3625 442 3626 484 3627 443 3628 485 3629 444 3636 485 3637 443 3638 485 3639 444 3640 486 3641 668 3648 486 3649 444 3650 486 3651 668 3652 487 3653 510 3714 462 3715 511 3716 462 3717 510 3718 461 3719 796 3720 461 3721 509 3722 509 3723 461 3724 510 3725 511 3726 463 3727 512 3728 463 3729 511 3730 462 3731 512 3732 464 3733 513 3734 464 3735 512 3736 463 3737 513 3738 465 3739 514 3740 465 3741 513 3742 464 3743 514 3744 466 3745 515 3746 466 3747 514 3748 465 3749 467 3750 515 3751 466 3752 515 3753 467 3754 516 3755 468 3756 516 3757 467 3758 516 3759 468 3760 517 3761 469 3762 517 3763 468 3764 517 3765 469 3766 612 3767 470 3768 612 3769 469 3770 612 3771 470 3772 613 3773 471 3774 613 3775 470 3776 613 3777 471 3778 614 3779 614 3780 472 3781 615 3782 472 3783 614 3784 471 3785 615 3786 473 3787 616 3788 473 3789 615 3790 472 3791 616 3792 474 3793 617 3794 474 3795 616 3796 473 3797 617 3798 475 3799 618 3800 475 3801 617 3802 474 3803 618 3804 476 3805 619 3806 476 3807 618 3808 475 3809 619 3810 753 3811 718 3812 753 3813 619 3814 476 3815 773 3816 477 3817 644 3818 644 3819 477 3820 569 3821 478 3822 569 3823 477 3824 569 3825 478 3826 570 3827 479 3828 570 3829 478 3830 570 3831 479 3832 571 3833 480 3834 571 3835 479 3836 571 3837 480 3838 572 3839 481 3840 572 3841 480 3842 572 3843 481 3844 573 3845 482 3846 573 3847 481 3848 573 3849 482 3850 574 3851 483 3852 574 3853 482 3854 574 3855 483 3856 575 3857 575 3858 484 3859 576 3860 484 3861 575 3862 483 3863 576 3864 485 3865 577 3866 485 3867 576 3868 484 3869 577 3870 486 3871 578 3872 486 3873 577 3874 485 3875 578 3876 487 3877 579 3878 487 3879 578 3880 486 3881 488 3882 487 3883 669 3884 669 3885 487 3886 668 3887 579 3888 488 3889 580 3890 488 3891 579 3892 487 3893 489 3894 488 3895 670 3896 670 3897 488 3898 669 3899 580 3900 489 3901 581 3902 489 3903 580 3904 488 3905 490 3906 489 3907 671 3908 671 3909 489 3910 670 3911 581 3912 490 3913 582 3914 490 3915 581 3916 489 3917 672 3918 491 3919 490 3920 672 3921 490 3922 671 3923 491 3924 582 3925 490 3926 582 3927 491 3928 708 3929 492 3930 491 3931 673 3932 673 3933 491 3934 672 3935 492 3936 708 3937 491 3938 708 3939 492 3940 709 3941 493 3942 492 3943 674 3944 674 3945 492 3946 673 3947 493 3948 709 3949 492 3950 709 3951 493 3952 710 3953 494 3954 493 3955 675 3956 675 3957 493 3958 674 3959 494 3960 710 3961 493 3962 710 3963 494 3964 711 3965 495 3966 494 3967 676 3968 676 3969 494 3970 675 3971 495 3972 711 3973 494 3974 711 3975 495 3976 712 3977 496 3978 495 3979 677 3980 677 3981 495 3982 676 3983 496 3984 712 3985 495 3986 712 3987 496 3988 713 3989 739 3990 496 3991 678 3992 678 3993 496 3994 677 3995 713 3996 739 3997 714 3998 739 3999 713 4000 496 4001 738 4086 796 4087 509 4088 796 4089 738 4090 795 4091 743 4374 744 4375 631 4376 631 4377 744 4378 632 4379 717 4380 743 4381 631 4382 743 4383 717 4384 742 4385 744 4386 745 4387 632 4388 632 4389 745 4390 633 4391 746 4392 633 4393 745 4394 633 4395 746 4396 634 4397 747 4398 634 4399 746 4400 634 4401 747 4402 635 4403 748 4404 635 4405 747 4406 635 4407 748 4408 636 4409 749 4410 636 4411 748 4412 636 4413 749 4414 637 4415 638 4416 637 4417 767 4418 767 4419 637 4420 749 4421 639 4422 638 4423 768 4424 638 4425 767 4426 768 4427 640 4428 639 4429 769 4430 639 4431 768 4432 769 4433 769 4434 770 4435 640 4436 641 4437 640 4438 770 4439 770 4440 771 4441 641 4442 642 4443 641 4444 771 4445 771 4446 772 4447 642 4448 642 4449 772 4450 643 4451 772 4452 773 4453 643 4454 643 4455 773 4456 644 4457 679 4548 739 4549 678 4550 739 4551 679 4552 740 4553 680 4554 740 4555 679 4556 740 4557 680 4558 741 4559 681 4560 741 4561 680 4562 741 4563 681 4564 742 4565 682 4566 742 4567 681 4568 742 4569 682 4570 743 4571 683 4572 743 4573 682 4574 743 4575 683 4576 744 4577 684 4578 744 4579 683 4580 744 4581 684 4582 745 4583 685 4584 745 4585 684 4586 745 4587 685 4588 746 4589 686 4590 746 4591 685 4592 746 4593 686 4594 747 4595 687 4596 747 4597 686 4598 747 4599 687 4600 748 4601 688 4602 748 4603 687 4604 748 4605 688 4606 749 4607 689 4608 749 4609 688 4610 749 4611 689 4612 767 4613 690 4614 767 4615 689 4616 767 4617 690 4618 768 4619 768 4620 691 4621 769 4622 691 4623 768 4624 690 4625 769 4626 778 4627 770 4628 778 4629 769 4630 691 4631 739 4632 740 4633 714 4634 715 4635 714 4636 740 4637 740 4638 741 4639 715 4640 716 4641 715 4642 741 4643 741 4644 742 4645 716 4646 717 4647 716 4648 742 4649 719 4650 718 4651 754 4652 718 4653 753 4654 754 4655 720 4656 719 4657 755 4658 755 4659 719 4660 754 4661 721 4662 720 4663 756 4664 756 4665 720 4666 755 4667 757 4668 721 4669 756 4670 721 4671 757 4672 722 4673 758 4674 722 4675 757 4676 722 4677 758 4678 723 4679 759 4680 723 4681 758 4682 723 4683 759 4684 724 4685 760 4686 724 4687 759 4688 724 4689 760 4690 725 4691 761 4692 725 4693 760 4694 725 4695 761 4696 726 4697 761 4698 762 4699 726 4700 726 4701 762 4702 727 4703 762 4704 763 4705 727 4706 728 4707 727 4708 763 4709 763 4710 764 4711 728 4712 729 4713 728 4714 764 4715 764 4716 765 4717 729 4718 730 4719 729 4720 765 4721 731 4722 730 4723 766 4724 730 4725 765 4726 766 4727 732 4728 731 4729 789 4730 731 4731 766 4732 789 4733 733 4734 732 4735 790 4736 790 4737 732 4738 789 4739 733 4740 791 4741 734 4742 791 4743 733 4744 790 4745 792 4746 734 4747 791 4748 734 4749 792 4750 735 4751 793 4752 735 4753 792 4754 735 4755 793 4756 736 4757 794 4758 736 4759 793 4760 736 4761 794 4762 737 4763 795 4764 737 4765 794 4766 737 4767 795 4768 738 4769 778 4770 779 4771 770 4772 770 4773 779 4774 771 4775 779 4776 780 4777 771 4778 771 4779 780 4780 772 4781 780 4782 781 4783 772 4784 772 4785 781 4786 773 4787</p>
        </triangles>
        <triangles count="5892" material="White">
          <input semantic="VERTEX" offset="0" source="#TidalTurbine_Blades-VERTEX"/>
          <input semantic="NORMAL" offset="1" source="#TidalTurbine_Blades-Normal0"/>
          <p> 799 4788 798 4789 1676 4790 798 4791 1130 4792 1676 4793 1230 4794 1130 4795 798 4796 1130 4797 1230 4798 1131 4799 1430 4800 1230 4801 798 4802 1230 4803 1430 4804 1434 4805 1426 4806 1430 4807 798 4808 1426 4809 798 4810 799 4811 800 4812 799 4813 1545 4814 799 4815 1676 4816 1545 4817 1426 4818 800 4819 1710 4820 800 4821 1426 4822 799 4823 1710 4824 802 4825 1709 4826 802 4827 1710 4828 800 4829 802 4830 800 4831 801 4832 800 4833 1545 4834 801 4835 1580 4836 1544 4837 801 4838 803 4839 801 4840 1544 4841 1545 4842 1580 4843 801 4844 1580 4845 1545 4846 1675 4847 802 4848 803 4849 804 4850 803 4851 802 4852 801 4853 1709 4854 804 4855 1708 4856 804 4857 1709 4858 802 4859 807 4860 804 4861 803 4862 807 4863 803 4864 806 4865 1544 4866 805 4867 803 4868 806 4869 803 4870 805 4871 804 4872 808 4873 1708 4874 808 4875 804 4876 807 4877 1579 4878 1543 4879 805 4880 809 4881 805 4882 1543 4883 1673 4884 805 4885 1544 4886 805 4887 1673 4888 1579 4889 806 4890 809 4891 810 4892 809 4893 806 4894 805 4895 811 4896 807 4897 806 4898 811 4899 806 4900 810 4901 812 4902 808 4903 807 4904 812 4905 807 4906 811 4907 808 4908 1715 4909 1716 4910 1715 4911 808 4912 812 4913 1716 4914 1708 4915 808 4916 1708 4917 1716 4918 1416 4919 1543 4920 1542 4921 809 4922 809 4923 1542 4924 813 4925 810 4926 813 4927 814 4928 813 4929 810 4930 809 4931 815 4932 811 4933 810 4934 815 4935 810 4936 814 4937 816 4938 812 4939 811 4940 816 4941 811 4942 815 4943 812 4944 1714 4945 1715 4946 1714 4947 812 4948 816 4949 819 4950 814 4951 813 4952 819 4953 813 4954 818 4955 813 4956 1542 4957 817 4958 813 4959 817 4960 818 4961 820 4962 815 4963 814 4964 820 4965 814 4966 819 4967 821 4968 816 4969 815 4970 821 4971 815 4972 820 4973 1713 4974 1714 4975 816 4976 1713 4977 816 4978 821 4979 817 4980 1541 4981 1540 4982 817 4983 1540 4984 822 4985 1541 4986 1542 4987 1577 4988 1542 4989 1541 4990 817 4991 818 4992 822 4993 823 4994 822 4995 818 4996 817 4997 819 4998 818 4999 824 5000 824 5001 818 5002 823 5003 820 5004 824 5005 825 5006 824 5007 820 5008 819 5009 821 5010 825 5011 826 5012 825 5013 821 5014 820 5015 1713 5016 826 5017 1712 5018 826 5019 1713 5020 821 5021 823 5022 828 5023 829 5024 828 5025 823 5026 822 5027 822 5028 1540 5029 827 5030 822 5031 827 5032 828 5033 824 5034 829 5035 830 5036 829 5037 824 5038 823 5039 825 5040 830 5041 831 5042 830 5043 825 5044 824 5045 826 5046 831 5047 832 5048 831 5049 826 5050 825 5051 1712 5052 832 5053 1711 5054 832 5055 1712 5056 826 5057 827 5058 1539 5059 1538 5060 827 5061 1538 5062 833 5063 1540 5064 1539 5065 827 5066 1539 5067 1540 5068 1575 5069 833 5070 828 5071 827 5072 828 5073 833 5074 834 5075 829 5076 834 5077 835 5078 834 5079 829 5080 828 5081 830 5082 835 5083 836 5084 835 5085 830 5086 829 5087 831 5088 836 5089 837 5090 836 5091 831 5092 830 5093 832 5094 837 5095 838 5096 837 5097 832 5098 831 5099 1711 5100 838 5101 839 5102 838 5103 1711 5104 832 5105 1538 5106 840 5107 833 5108 840 5109 1538 5110 1537 5111 840 5112 841 5113 833 5114 834 5115 833 5116 841 5117 835 5118 834 5119 842 5120 834 5121 841 5122 842 5123 836 5124 842 5125 843 5126 842 5127 836 5128 835 5129 837 5130 843 5131 844 5132 843 5133 837 5134 836 5135 838 5136 844 5137 845 5138 844 5139 838 5140 837 5141 839 5142 845 5143 846 5144 845 5145 839 5146 838 5147 1721 5148 846 5149 1720 5150 846 5151 1721 5152 839 5153 1722 5154 839 5155 1721 5156 1722 5157 1711 5158 839 5159 841 5160 840 5161 849 5162 840 5163 848 5164 849 5165 848 5166 1537 5167 847 5168 1537 5169 848 5170 840 5171 842 5172 841 5173 850 5174 841 5175 849 5176 850 5177 843 5178 842 5179 851 5180 851 5181 842 5182 850 5183 844 5184 851 5185 852 5186 851 5187 844 5188 843 5189 852 5190 845 5191 844 5192 845 5193 852 5194 853 5195 846 5196 853 5197 854 5198 853 5199 846 5200 845 5201 1720 5202 854 5203 1719 5204 854 5205 1720 5206 846 5207 855 5208 1535 5209 1534 5210 1535 5211 855 5212 847 5213 1536 5214 847 5215 1537 5216 847 5217 1536 5218 1535 5219 856 5220 847 5221 855 5222 847 5223 856 5224 848 5225 856 5226 857 5227 848 5228 848 5229 857 5230 849 5231 857 5232 858 5233 849 5234 849 5235 858 5236 850 5237 858 5238 859 5239 850 5240 851 5241 850 5242 859 5243 859 5244 852 5245 851 5246 852 5247 859 5248 860 5249 853 5250 860 5251 861 5252 860 5253 853 5254 852 5255 854 5256 861 5257 862 5258 861 5259 854 5260 853 5261 1719 5262 862 5263 1718 5264 862 5265 1719 5266 854 5267 864 5268 855 5269 863 5270 855 5271 864 5272 856 5273 1534 5274 863 5275 855 5276 863 5277 1534 5278 1775 5279 864 5280 865 5281 856 5282 856 5283 865 5284 857 5285 865 5286 866 5287 857 5288 857 5289 866 5290 858 5291 866 5292 867 5293 858 5294 859 5295 858 5296 867 5297 860 5298 867 5299 868 5300 867 5301 860 5302 859 5303 861 5304 868 5305 869 5306 868 5307 861 5308 860 5309 862 5310 869 5311 870 5312 869 5313 862 5314 861 5315 1718 5316 870 5317 1717 5318 870 5319 1718 5320 862 5321 1693 5322 1692 5323 863 5324 863 5325 1692 5326 864 5327 1693 5328 1775 5329 1532 5330 1775 5331 1693 5332 863 5333 1692 5334 1691 5335 864 5336 864 5337 1691 5338 865 5339 1691 5340 1690 5341 865 5342 865 5343 1690 5344 866 5345 866 5346 1690 5347 1689 5348 866 5349 1689 5350 867 5351 868 5352 1689 5353 1688 5354 1689 5355 868 5356 867 5357 869 5358 1688 5359 1687 5360 1688 5361 869 5362 868 5363 870 5364 1687 5365 1686 5366 1687 5367 870 5368 869 5369 1686 5370 1717 5371 870 5372 1717 5373 1686 5374 1781 5375 1358 5376 872 5377 1362 5378 872 5379 1358 5380 871 5381 889 5382 890 5383 871 5384 872 5385 871 5386 890 5387 1354 5388 889 5389 871 5390 889 5391 1354 5392 888 5393 1355 5394 871 5395 1358 5396 871 5397 1355 5398 1354 5399 1362 5400 873 5401 1366 5402 873 5403 1362 5404 872 5405 890 5406 891 5407 872 5408 873 5409 872 5410 891 5411 1370 5412 1366 5413 873 5414 1370 5415 873 5416 874 5417 891 5418 892 5419 873 5420 874 5421 873 5422 892 5423 1374 5424 1370 5425 874 5426 1374 5427 874 5428 875 5429 892 5430 875 5431 874 5432 875 5433 892 5434 893 5435 893 5436 876 5437 875 5438 876 5439 893 5440 894 5441 1379 5442 1374 5443 875 5444 1379 5445 875 5446 876 5447 894 5448 877 5449 876 5450 877 5451 894 5452 895 5453 1384 5454 1379 5455 876 5456 1384 5457 876 5458 877 5459 895 5460 878 5461 877 5462 878 5463 895 5464 1295 5465 1389 5466 1384 5467 877 5468 877 5469 878 5470 1389 5471 1295 5472 1303 5473 878 5474 1303 5475 1295 5476 1302 5477 1394 5478 1389 5479 878 5480 878 5481 1303 5482 1394 5483 1329 5484 1327 5485 879 5486 1329 5487 879 5488 880 5489 880 5490 906 5491 907 5492 906 5493 880 5494 879 5495 1324 5496 905 5497 879 5498 879 5499 905 5500 906 5501 1327 5502 1324 5503 879 5504 1324 5505 1327 5506 1325 5507 1331 5508 1329 5509 880 5510 1331 5511 880 5512 881 5513 881 5514 907 5515 908 5516 907 5517 881 5518 880 5519 1331 5520 882 5521 1333 5522 882 5523 1331 5524 881 5525 882 5526 881 5527 909 5528 881 5529 908 5530 909 5531 1333 5532 883 5533 1336 5534 883 5535 1333 5536 882 5537 883 5538 882 5539 910 5540 882 5541 909 5542 910 5543 884 5544 883 5545 911 5546 883 5547 910 5548 911 5549 1336 5550 884 5551 1339 5552 884 5553 1336 5554 883 5555 885 5556 884 5557 912 5558 884 5559 911 5560 912 5561 1339 5562 885 5563 1342 5564 885 5565 1339 5566 884 5567 886 5568 885 5569 913 5570 885 5571 912 5572 913 5573 1342 5574 886 5575 1346 5576 886 5577 1342 5578 885 5579 887 5580 886 5581 914 5582 886 5583 913 5584 914 5585 1346 5586 887 5587 1350 5588 887 5589 1346 5590 886 5591 888 5592 887 5593 915 5594 887 5595 914 5596 915 5597 1350 5598 888 5599 1354 5600 888 5601 1350 5602 887 5603 915 5604 916 5605 888 5606 889 5607 888 5608 916 5609 916 5610 917 5611 889 5612 890 5613 889 5614 917 5615 917 5616 918 5617 890 5618 891 5619 890 5620 918 5621 918 5622 919 5623 891 5624 892 5625 891 5626 919 5627 919 5628 920 5629 892 5630 893 5631 892 5632 920 5633 920 5634 921 5635 893 5636 894 5637 893 5638 921 5639 921 5640 1288 5641 894 5642 895 5643 894 5644 1288 5645 1288 5646 1294 5647 895 5648 1295 5649 895 5650 1294 5651 1312 5652 925 5653 896 5654 925 5655 1312 5656 924 5657 1149 5658 1312 5659 896 5660 896 5661 1154 5662 1149 5663 1154 5664 897 5665 1159 5666 897 5667 1154 5668 896 5669 926 5670 897 5671 896 5672 896 5673 925 5674 926 5675 1159 5676 898 5677 1313 5678 898 5679 1159 5680 897 5681 927 5682 898 5683 897 5684 897 5685 926 5686 927 5687 1313 5688 899 5689 1314 5690 899 5691 1313 5692 898 5693 899 5694 898 5695 928 5696 898 5697 927 5698 928 5699 1314 5700 900 5701 1315 5702 900 5703 1314 5704 899 5705 900 5706 928 5707 929 5708 928 5709 900 5710 899 5711 1315 5712 901 5713 1316 5714 901 5715 1315 5716 900 5717 929 5718 901 5719 900 5720 901 5721 929 5722 930 5723 930 5724 902 5725 901 5726 902 5727 930 5728 931 5729 1318 5730 1316 5731 901 5732 901 5733 902 5734 1318 5735 903 5736 931 5737 932 5738 931 5739 903 5740 902 5741 1320 5742 1318 5743 902 5744 902 5745 903 5746 1320 5747 904 5748 932 5749 933 5750 932 5751 904 5752 903 5753 1322 5754 1320 5755 903 5756 903 5757 904 5758 1322 5759 905 5760 933 5761 934 5762 933 5763 905 5764 904 5765 1324 5766 1322 5767 904 5768 1324 5769 904 5770 905 5771 906 5772 934 5773 935 5774 934 5775 906 5776 905 5777 907 5778 935 5779 936 5780 935 5781 907 5782 906 5783 908 5784 936 5785 937 5786 936 5787 908 5788 907 5789 909 5790 937 5791 938 5792 937 5793 909 5794 908 5795 910 5796 909 5797 939 5798 909 5799 938 5800 939 5801 911 5802 910 5803 940 5804 910 5805 939 5806 940 5807 912 5808 911 5809 941 5810 911 5811 940 5812 941 5813 913 5814 912 5815 942 5816 912 5817 941 5818 942 5819 914 5820 913 5821 943 5822 913 5823 942 5824 943 5825 943 5826 944 5827 914 5828 915 5829 914 5830 944 5831 944 5832 945 5833 915 5834 916 5835 915 5836 945 5837 945 5838 946 5839 916 5840 917 5841 916 5842 946 5843 946 5844 947 5845 917 5846 918 5847 917 5848 947 5849 947 5850 948 5851 918 5852 919 5853 918 5854 948 5855 948 5856 949 5857 919 5858 920 5859 919 5860 949 5861 949 5862 1281 5863 920 5864 921 5865 920 5866 1281 5867 1281 5868 1287 5869 921 5870 1288 5871 921 5872 1287 5873 1638 5874 922 5875 1637 5876 922 5877 1638 5878 1639 5879 1637 5880 1138 5881 1132 5882 1138 5883 1637 5884 922 5885 923 5886 1138 5887 922 5888 1138 5889 923 5890 1311 5891 950 5892 922 5893 1639 5894 922 5895 950 5896 923 5897 951 5898 924 5899 923 5900 923 5901 950 5902 951 5903 1311 5904 924 5905 1312 5906 924 5907 1311 5908 923 5909 952 5910 925 5911 924 5912 924 5913 951 5914 952 5915 953 5916 926 5917 925 5918 925 5919 952 5920 953 5921 954 5922 927 5923 926 5924 926 5925 953 5926 954 5927 928 5928 927 5929 955 5930 927 5931 954 5932 955 5933 929 5934 955 5935 956 5936 955 5937 929 5938 928 5939 956 5940 930 5941 929 5942 930 5943 956 5944 957 5945 957 5946 931 5947 930 5948 931 5949 957 5950 958 5951 932 5952 958 5953 959 5954 958 5955 932 5956 931 5957 933 5958 959 5959 960 5960 959 5961 933 5962 932 5963 934 5964 960 5965 961 5966 960 5967 934 5968 933 5969 935 5970 961 5971 962 5972 961 5973 935 5974 934 5975 936 5976 962 5977 963 5978 962 5979 936 5980 935 5981 937 5982 963 5983 964 5984 963 5985 937 5986 936 5987 938 5988 964 5989 965 5990 964 5991 938 5992 937 5993 939 5994 965 5995 966 5996 965 5997 939 5998 938 5999 966 6000 940 6001 939 6002 940 6003 966 6004 967 6005 967 6006 941 6007 940 6008 941 6009 967 6010 968 6011 968 6012 942 6013 941 6014 942 6015 968 6016 969 6017 969 6018 970 6019 942 6020 943 6021 942 6022 970 6023 970 6024 971 6025 943 6026 944 6027 943 6028 971 6029 971 6030 972 6031 944 6032 945 6033 944 6034 972 6035 972 6036 973 6037 945 6038 946 6039 945 6040 973 6041 973 6042 974 6043 946 6044 947 6045 946 6046 974 6047 974 6048 975 6049 947 6050 948 6051 947 6052 975 6053 975 6054 1275 6055 948 6056 949 6057 948 6058 1275 6059 1275 6060 1280 6061 949 6062 1281 6063 949 6064 1280 6065 1639 6066 1642 6067 950 6068 1642 6069 1639 6070 1641 6071 976 6072 951 6073 950 6074 950 6075 1642 6076 976 6077 977 6078 952 6079 951 6080 951 6081 976 6082 977 6083 978 6084 953 6085 952 6086 952 6087 977 6088 978 6089 979 6090 954 6091 953 6092 953 6093 978 6094 979 6095 955 6096 979 6097 980 6098 979 6099 955 6100 954 6101 956 6102 980 6103 981 6104 980 6105 956 6106 955 6107 957 6108 981 6109 982 6110 981 6111 957 6112 956 6113 958 6114 982 6115 983 6116 982 6117 958 6118 957 6119 959 6120 983 6121 984 6122 983 6123 959 6124 958 6125 960 6126 984 6127 985 6128 984 6129 960 6130 959 6131 961 6132 985 6133 986 6134 985 6135 961 6136 960 6137 962 6138 986 6139 987 6140 986 6141 962 6142 961 6143 987 6144 963 6145 962 6146 963 6147 987 6148 988 6149 988 6150 964 6151 963 6152 964 6153 988 6154 989 6155 989 6156 965 6157 964 6158 965 6159 989 6160 990 6161 990 6162 966 6163 965 6164 966 6165 990 6166 991 6167 991 6168 967 6169 966 6170 967 6171 991 6172 992 6173 992 6174 968 6175 967 6176 968 6177 992 6178 993 6179 993 6180 969 6181 968 6182 969 6183 993 6184 994 6185 994 6186 970 6187 969 6188 970 6189 994 6190 995 6191 995 6192 996 6193 970 6194 971 6195 970 6196 996 6197 996 6198 997 6199 971 6200 972 6201 971 6202 997 6203 997 6204 998 6205 972 6206 973 6207 972 6208 998 6209 998 6210 999 6211 973 6212 974 6213 973 6214 999 6215 999 6216 1269 6217 974 6218 975 6219 974 6220 1269 6221 1269 6222 1274 6223 975 6224 1275 6225 975 6226 1274 6227 1642 6228 1646 6229 976 6230 1646 6231 1642 6232 1645 6233 1000 6234 977 6235 976 6236 976 6237 1646 6238 1000 6239 1001 6240 978 6241 977 6242 977 6243 1000 6244 1001 6245 979 6246 1001 6247 1002 6248 1001 6249 979 6250 978 6251 980 6252 1002 6253 1003 6254 1002 6255 980 6256 979 6257 981 6258 1003 6259 1004 6260 1003 6261 981 6262 980 6263 982 6264 1004 6265 1005 6266 1004 6267 982 6268 981 6269 983 6270 1005 6271 1006 6272 1005 6273 983 6274 982 6275 984 6276 1006 6277 1007 6278 1006 6279 984 6280 983 6281 1007 6282 985 6283 984 6284 985 6285 1007 6286 1008 6287 1008 6288 986 6289 985 6290 986 6291 1008 6292 1009 6293 1009 6294 1010 6295 986 6296 987 6297 986 6298 1010 6299 1010 6300 1011 6301 987 6302 988 6303 987 6304 1011 6305 1011 6306 989 6307 988 6308 989 6309 1011 6310 1012 6311 1012 6312 990 6313 989 6314 990 6315 1012 6316 1013 6317 1013 6318 991 6319 990 6320 991 6321 1013 6322 1014 6323 1014 6324 992 6325 991 6326 992 6327 1014 6328 1015 6329 1015 6330 993 6331 992 6332 993 6333 1015 6334 1016 6335 1016 6336 994 6337 993 6338 994 6339 1016 6340 1017 6341 1017 6342 1018 6343 994 6344 995 6345 994 6346 1018 6347 1018 6348 1019 6349 995 6350 996 6351 995 6352 1019 6353 1019 6354 1020 6355 996 6356 997 6357 996 6358 1020 6359 1020 6360 1021 6361 997 6362 998 6363 997 6364 1021 6365 1021 6366 1263 6367 998 6368 999 6369 998 6370 1263 6371 1263 6372 1268 6373 999 6374 1269 6375 999 6376 1268 6377 1646 6378 1650 6379 1000 6380 1651 6381 1000 6382 1650 6383 1001 6384 1651 6385 1022 6386 1651 6387 1001 6388 1000 6389 1002 6390 1022 6391 1023 6392 1022 6393 1002 6394 1001 6395 1003 6396 1023 6397 1024 6398 1023 6399 1003 6400 1002 6401 1004 6402 1024 6403 1025 6404 1024 6405 1004 6406 1003 6407 1005 6408 1025 6409 1026 6410 1025 6411 1005 6412 1004 6413 1026 6414 1006 6415 1005 6416 1006 6417 1026 6418 1027 6419 1027 6420 1007 6421 1006 6422 1007 6423 1027 6424 1028 6425 1028 6426 1008 6427 1007 6428 1008 6429 1028 6430 1029 6431 1029 6432 1030 6433 1008 6434 1009 6435 1008 6436 1030 6437 1030 6438 1031 6439 1009 6440 1010 6441 1009 6442 1031 6443 1031 6444 1032 6445 1010 6446 1011 6447 1010 6448 1032 6449 1032 6450 1012 6451 1011 6452 1012 6453 1032 6454 1033 6455 1033 6456 1013 6457 1012 6458 1013 6459 1033 6460 1034 6461 1034 6462 1014 6463 1013 6464 1014 6465 1034 6466 1035 6467 1035 6468 1015 6469 1014 6470 1015 6471 1035 6472 1036 6473 1036 6474 1016 6475 1015 6476 1016 6477 1036 6478 1037 6479 1037 6480 1017 6481 1016 6482 1017 6483 1037 6484 1038 6485 1038 6486 1039 6487 1017 6488 1018 6489 1017 6490 1039 6491 1039 6492 1040 6493 1018 6494 1019 6495 1018 6496 1040 6497 1040 6498 1041 6499 1019 6500 1020 6501 1019 6502 1041 6503 1041 6504 1258 6505 1020 6506 1021 6507 1020 6508 1258 6509 1258 6510 1262 6511 1021 6512 1263 6513 1021 6514 1262 6515 1651 6516 1655 6517 1022 6518 1656 6519 1022 6520 1655 6521 1023 6522 1656 6523 1042 6524 1656 6525 1023 6526 1022 6527 1042 6528 1024 6529 1023 6530 1024 6531 1042 6532 1043 6533 1025 6534 1043 6535 1044 6536 1043 6537 1025 6538 1024 6539 1044 6540 1026 6541 1025 6542 1026 6543 1044 6544 1045 6545 1045 6546 1027 6547 1026 6548 1027 6549 1045 6550 1046 6551 1046 6552 1028 6553 1027 6554 1028 6555 1046 6556 1047 6557 1047 6558 1048 6559 1028 6560 1029 6561 1028 6562 1048 6563 1048 6564 1049 6565 1029 6566 1030 6567 1029 6568 1049 6569 1049 6570 1050 6571 1030 6572 1031 6573 1030 6574 1050 6575 1050 6576 1051 6577 1031 6578 1032 6579 1031 6580 1051 6581 1051 6582 1033 6583 1032 6584 1033 6585 1051 6586 1052 6587 1052 6588 1034 6589 1033 6590 1034 6591 1052 6592 1053 6593 1053 6594 1035 6595 1034 6596 1035 6597 1053 6598 1054 6599 1054 6600 1036 6601 1035 6602 1036 6603 1054 6604 1055 6605 1055 6606 1037 6607 1036 6608 1037 6609 1055 6610 1056 6611 1056 6612 1038 6613 1037 6614 1038 6615 1056 6616 1057 6617 1057 6618 1039 6619 1038 6620 1039 6621 1057 6622 1058 6623 1058 6624 1059 6625 1039 6626 1040 6627 1039 6628 1059 6629 1059 6630 1253 6631 1040 6632 1041 6633 1040 6634 1253 6635 1253 6636 1257 6637 1041 6638 1258 6639 1041 6640 1257 6641 1656 6642 1659 6643 1042 6644 1042 6645 1659 6646 1660 6647 1660 6648 1043 6649 1042 6650 1043 6651 1660 6652 1060 6653 1060 6654 1044 6655 1043 6656 1044 6657 1060 6658 1061 6659 1061 6660 1045 6661 1044 6662 1045 6663 1061 6664 1062 6665 1062 6666 1046 6667 1045 6668 1046 6669 1062 6670 1063 6671 1063 6672 1064 6673 1046 6674 1047 6675 1046 6676 1064 6677 1064 6678 1065 6679 1047 6680 1048 6681 1047 6682 1065 6683 1065 6684 1066 6685 1048 6686 1049 6687 1048 6688 1066 6689 1066 6690 1067 6691 1049 6692 1050 6693 1049 6694 1067 6695 1067 6696 1068 6697 1050 6698 1051 6699 1050 6700 1068 6701 1068 6702 1052 6703 1051 6704 1052 6705 1068 6706 1069 6707 1069 6708 1053 6709 1052 6710 1053 6711 1069 6712 1070 6713 1070 6714 1054 6715 1053 6716 1054 6717 1070 6718 1071 6719 1071 6720 1055 6721 1054 6722 1055 6723 1071 6724 1072 6725 1072 6726 1056 6727 1055 6728 1056 6729 1072 6730 1073 6731 1073 6732 1057 6733 1056 6734 1057 6735 1073 6736 1074 6737 1074 6738 1058 6739 1057 6740 1058 6741 1074 6742 1075 6743 1075 6744 1249 6745 1058 6746 1059 6747 1058 6748 1249 6749 1249 6750 1252 6751 1059 6752 1253 6753 1059 6754 1252 6755 1660 6756 1663 6757 1060 6758 1060 6759 1663 6760 1664 6761 1664 6762 1061 6763 1060 6764 1061 6765 1664 6766 1076 6767 1076 6768 1062 6769 1061 6770 1062 6771 1076 6772 1077 6773 1077 6774 1063 6775 1062 6776 1063 6777 1077 6778 1078 6779 1078 6780 1079 6781 1063 6782 1064 6783 1063 6784 1079 6785 1079 6786 1080 6787 1064 6788 1065 6789 1064 6790 1080 6791 1066 6792 1080 6793 1081 6794 1080 6795 1066 6796 1065 6797 1067 6798 1081 6799 1082 6800 1081 6801 1067 6802 1066 6803 1068 6804 1082 6805 1083 6806 1082 6807 1068 6808 1067 6809 1069 6810 1083 6811 1084 6812 1083 6813 1069 6814 1068 6815 1070 6816 1084 6817 1085 6818 1084 6819 1070 6820 1069 6821 1071 6822 1085 6823 1086 6824 1085 6825 1071 6826 1070 6827 1072 6828 1086 6829 1087 6830 1086 6831 1072 6832 1071 6833 1073 6834 1087 6835 1088 6836 1087 6837 1073 6838 1072 6839 1074 6840 1088 6841 1089 6842 1088 6843 1074 6844 1073 6845 1075 6846 1089 6847 1245 6848 1089 6849 1075 6850 1074 6851 1249 6852 1245 6853 1248 6854 1245 6855 1249 6856 1075 6857 1667 6858 1076 6859 1666 6860 1076 6861 1664 6862 1666 6863 1077 6864 1667 6865 1090 6866 1667 6867 1077 6868 1076 6869 1078 6870 1090 6871 1091 6872 1090 6873 1078 6874 1077 6875 1079 6876 1091 6877 1092 6878 1091 6879 1079 6880 1078 6881 1080 6882 1092 6883 1093 6884 1092 6885 1080 6886 1079 6887 1081 6888 1093 6889 1094 6890 1093 6891 1081 6892 1080 6893 1082 6894 1094 6895 1095 6896 1094 6897 1082 6898 1081 6899 1083 6900 1095 6901 1096 6902 1095 6903 1083 6904 1082 6905 1084 6906 1096 6907 1097 6908 1096 6909 1084 6910 1083 6911 1085 6912 1097 6913 1098 6914 1097 6915 1085 6916 1084 6917 1086 6918 1098 6919 1099 6920 1098 6921 1086 6922 1085 6923 1087 6924 1099 6925 1100 6926 1099 6927 1087 6928 1086 6929 1088 6930 1100 6931 1101 6932 1100 6933 1088 6934 1087 6935 1089 6936 1101 6937 1242 6938 1101 6939 1089 6940 1088 6941 1245 6942 1242 6943 1244 6944 1242 6945 1245 6946 1089 6947 1669 6948 1670 6949 1090 6950 1090 6951 1667 6952 1669 6953 1091 6954 1090 6955 1102 6956 1102 6957 1090 6958 1670 6959 1092 6960 1091 6961 1103 6962 1103 6963 1091 6964 1102 6965 1093 6966 1092 6967 1104 6968 1104 6969 1092 6970 1103 6971 1094 6972 1093 6973 1105 6974 1105 6975 1093 6976 1104 6977 1095 6978 1094 6979 1106 6980 1106 6981 1094 6982 1105 6983 1096 6984 1095 6985 1107 6986 1107 6987 1095 6988 1106 6989 1097 6990 1096 6991 1108 6992 1108 6993 1096 6994 1107 6995 1098 6996 1097 6997 1109 6998 1109 6999 1097 7000 1108 7001 1099 7002 1098 7003 1110 7004 1110 7005 1098 7006 1109 7007 1100 7008 1110 7009 1111 7010 1110 7011 1100 7012 1099 7013 1101 7014 1100 7015 1239 7016 1239 7017 1100 7018 1111 7019 1242 7020 1101 7021 1241 7022 1241 7023 1101 7024 1239 7025 1672 7026 1670 7027 1671 7028 1670 7029 1672 7030 1102 7031 1103 7032 1102 7033 1112 7034 1102 7035 1672 7036 1112 7037 1104 7038 1103 7039 1113 7040 1113 7041 1103 7042 1112 7043 1105 7044 1104 7045 1114 7046 1114 7047 1104 7048 1113 7049 1106 7050 1105 7051 1115 7052 1115 7053 1105 7054 1114 7055 1107 7056 1106 7057 1116 7058 1116 7059 1106 7060 1115 7061 1108 7062 1107 7063 1117 7064 1117 7065 1107 7066 1116 7067 1109 7068 1108 7069 1118 7070 1118 7071 1108 7072 1117 7073 1110 7074 1109 7075 1119 7076 1119 7077 1109 7078 1118 7079 1111 7080 1110 7081 1236 7082 1236 7083 1110 7084 1119 7085 1239 7086 1111 7087 1238 7088 1238 7089 1111 7090 1236 7091 1674 7092 1672 7093 1673 7094 1672 7095 1674 7096 1112 7097 1113 7098 1112 7099 1120 7100 1112 7101 1674 7102 1120 7103 1114 7104 1113 7105 1121 7106 1121 7107 1113 7108 1120 7109 1115 7110 1114 7111 1122 7112 1122 7113 1114 7114 1121 7115 1116 7116 1115 7117 1123 7118 1123 7119 1115 7120 1122 7121 1117 7122 1116 7123 1124 7124 1124 7125 1116 7126 1123 7127 1125 7128 1117 7129 1124 7130 1117 7131 1125 7132 1118 7133 1234 7134 1118 7135 1125 7136 1118 7137 1234 7138 1119 7139 1235 7140 1119 7141 1234 7142 1119 7143 1235 7144 1236 7145 1675 7146 1674 7147 1580 7148 1674 7149 1675 7150 1120 7151 1126 7152 1120 7153 1675 7154 1120 7155 1126 7156 1121 7157 1127 7158 1121 7159 1126 7160 1121 7161 1127 7162 1122 7163 1128 7164 1122 7165 1127 7166 1122 7167 1128 7168 1123 7169 1129 7170 1123 7171 1128 7172 1123 7173 1129 7174 1124 7175 1232 7176 1124 7177 1129 7178 1124 7179 1232 7180 1125 7181 1233 7182 1125 7183 1232 7184 1125 7185 1233 7186 1234 7187 1676 7188 1675 7189 1545 7190 1675 7191 1676 7192 1126 7193 1130 7194 1126 7195 1676 7196 1126 7197 1130 7198 1127 7199 1131 7200 1127 7201 1130 7202 1127 7203 1131 7204 1128 7205 1231 7206 1128 7207 1131 7208 1128 7209 1231 7210 1129 7211 1471 7212 1129 7213 1231 7214 1129 7215 1471 7216 1232 7217 1230 7218 1231 7219 1131 7220 1231 7221 1230 7222 1581 7223 1132 7224 1706 7225 1637 7226 1706 7227 1132 7228 1707 7229 1707 7230 1133 7231 1682 7232 1133 7233 1707 7234 1132 7235 1138 7236 1139 7237 1132 7238 1132 7239 1139 7240 1133 7241 1682 7242 1134 7243 1683 7244 1134 7245 1682 7246 1133 7247 1139 7248 1140 7249 1133 7250 1133 7251 1140 7252 1134 7253 1140 7254 1141 7255 1134 7256 1134 7257 1141 7258 1135 7259 1683 7260 1135 7261 1684 7262 1135 7263 1683 7264 1134 7265 1141 7266 1142 7267 1135 7268 1135 7269 1142 7270 1136 7271 1684 7272 1136 7273 1685 7274 1136 7275 1684 7276 1135 7277 1143 7278 1136 7279 1142 7280 1136 7281 1143 7282 1137 7283 1137 7284 1685 7285 1136 7286 1685 7287 1137 7288 1776 7289 1143 7290 1733 7291 1137 7292 1733 7293 1143 7294 1734 7295 1733 7296 1776 7297 1137 7298 1776 7299 1733 7300 1732 7301 1311 7302 1144 7303 1138 7304 1138 7305 1144 7306 1139 7307 1144 7308 1140 7309 1139 7310 1140 7311 1144 7312 1145 7313 1146 7314 1140 7315 1145 7316 1140 7317 1146 7318 1141 7319 1147 7320 1141 7321 1146 7322 1141 7323 1147 7324 1142 7325 1148 7326 1142 7327 1147 7328 1142 7329 1148 7330 1143 7331 1734 7332 1148 7333 1400 7334 1148 7335 1734 7336 1143 7337 1149 7338 1145 7339 1144 7340 1145 7341 1149 7342 1150 7343 1312 7344 1144 7345 1311 7346 1144 7347 1312 7348 1149 7349 1151 7350 1145 7351 1150 7352 1145 7353 1151 7354 1146 7355 1152 7356 1146 7357 1151 7358 1146 7359 1152 7360 1147 7361 1153 7362 1147 7363 1152 7364 1147 7365 1153 7366 1148 7367 1401 7368 1148 7369 1153 7370 1400 7371 1148 7372 1401 7373 1154 7374 1150 7375 1149 7376 1150 7377 1154 7378 1155 7379 1155 7380 1151 7381 1150 7382 1151 7383 1155 7384 1156 7385 1157 7386 1151 7387 1156 7388 1151 7389 1157 7390 1152 7391 1158 7392 1152 7393 1157 7394 1152 7395 1158 7396 1153 7397 1158 7398 1401 7399 1153 7400 1401 7401 1158 7402 1402 7403 1155 7404 1159 7405 1160 7406 1159 7407 1155 7408 1154 7409 1161 7410 1155 7411 1160 7412 1156 7413 1155 7414 1161 7415 1162 7416 1156 7417 1161 7418 1156 7419 1162 7420 1157 7421 1162 7422 1158 7423 1157 7424 1158 7425 1162 7426 1163 7427 1403 7428 1158 7429 1163 7430 1402 7431 1158 7432 1403 7433 1164 7434 1159 7435 1313 7436 1159 7437 1164 7438 1160 7439 1165 7440 1160 7441 1164 7442 1160 7443 1165 7444 1161 7445 1165 7446 1162 7447 1161 7448 1162 7449 1165 7450 1166 7451 1166 7452 1163 7453 1162 7454 1163 7455 1166 7456 1167 7457 1167 7458 1403 7459 1163 7460 1403 7461 1167 7462 1405 7463 1165 7464 1168 7465 1169 7466 1168 7467 1165 7468 1164 7469 1168 7470 1313 7471 1314 7472 1313 7473 1168 7474 1164 7475 1166 7476 1169 7477 1170 7478 1169 7479 1166 7480 1165 7481 1167 7482 1170 7483 1171 7484 1170 7485 1167 7486 1166 7487 1405 7488 1171 7489 1407 7490 1171 7491 1405 7492 1167 7493 1169 7494 1172 7495 1173 7496 1172 7497 1169 7498 1168 7499 1172 7500 1168 7501 1315 7502 1168 7503 1314 7504 1315 7505 1170 7506 1173 7507 1174 7508 1173 7509 1170 7510 1169 7511 1171 7512 1174 7513 1175 7514 1174 7515 1171 7516 1170 7517 1171 7518 1409 7519 1407 7520 1409 7521 1171 7522 1175 7523 1317 7524 1172 7525 1316 7526 1172 7527 1315 7528 1316 7529 1173 7530 1317 7531 1176 7532 1317 7533 1173 7534 1172 7535 1174 7536 1176 7537 1177 7538 1176 7539 1174 7540 1173 7541 1175 7542 1177 7543 1178 7544 1177 7545 1175 7546 1174 7547 1179 7548 1409 7549 1175 7550 1179 7551 1175 7552 1178 7553 1177 7554 1180 7555 1181 7556 1180 7557 1177 7558 1176 7559 1180 7560 1176 7561 1319 7562 1176 7563 1317 7564 1319 7565 1178 7566 1181 7567 1182 7568 1181 7569 1178 7570 1177 7571 1183 7572 1179 7573 1178 7574 1183 7575 1178 7576 1182 7577 1412 7578 1409 7579 1179 7580 1409 7581 1412 7582 1410 7583 1414 7584 1412 7585 1179 7586 1414 7587 1179 7588 1183 7589 1185 7590 1181 7591 1180 7592 1185 7593 1180 7594 1184 7595 1184 7596 1319 7597 1321 7598 1319 7599 1184 7600 1180 7601 1182 7602 1185 7603 1186 7604 1185 7605 1182 7606 1181 7607 1187 7608 1183 7609 1182 7610 1187 7611 1182 7612 1186 7613 1417 7614 1414 7615 1183 7616 1183 7617 1187 7618 1417 7619 1188 7620 1321 7621 1323 7622 1321 7623 1188 7624 1184 7625 1189 7626 1185 7627 1184 7628 1189 7629 1184 7630 1188 7631 1190 7632 1186 7633 1185 7634 1190 7635 1185 7636 1189 7637 1187 7638 1190 7639 1191 7640 1190 7641 1187 7642 1186 7643 1420 7644 1417 7645 1187 7646 1187 7647 1191 7648 1420 7649 1326 7650 1323 7651 1325 7652 1323 7653 1326 7654 1188 7655 1192 7656 1189 7657 1188 7658 1192 7659 1188 7660 1326 7661 1193 7662 1190 7663 1189 7664 1193 7665 1189 7666 1192 7667 1190 7668 1194 7669 1191 7670 1194 7671 1190 7672 1193 7673 1423 7674 1191 7675 1194 7676 1191 7677 1423 7678 1420 7679 1196 7680 1192 7681 1195 7682 1196 7683 1193 7684 1192 7685 1195 7686 1326 7687 1328 7688 1326 7689 1195 7690 1192 7691 1197 7692 1193 7693 1196 7694 1193 7695 1197 7696 1194 7697 1427 7698 1194 7699 1197 7700 1194 7701 1427 7702 1423 7703 1199 7704 1195 7705 1198 7706 1199 7707 1196 7708 1195 7709 1198 7710 1328 7711 1330 7712 1328 7713 1198 7714 1195 7715 1200 7716 1196 7717 1199 7718 1196 7719 1200 7720 1197 7721 1431 7722 1197 7723 1200 7724 1197 7725 1431 7726 1427 7727 1201 7728 1330 7729 1332 7730 1330 7731 1201 7732 1198 7733 1202 7734 1198 7735 1201 7736 1198 7737 1202 7738 1199 7739 1203 7740 1199 7741 1202 7742 1199 7743 1203 7744 1200 7745 1203 7746 1431 7747 1200 7748 1431 7749 1203 7750 1435 7751 1335 7752 1332 7753 1334 7754 1332 7755 1335 7756 1201 7757 1204 7758 1201 7759 1335 7760 1201 7761 1204 7762 1202 7763 1205 7764 1202 7765 1204 7766 1202 7767 1205 7768 1203 7769 1205 7770 1435 7771 1203 7772 1435 7773 1205 7774 1439 7775 1207 7776 1204 7777 1206 7778 1204 7779 1207 7780 1205 7781 1206 7782 1335 7783 1338 7784 1335 7785 1206 7786 1204 7787 1443 7788 1205 7789 1207 7790 1205 7791 1443 7792 1439 7793 1208 7794 1207 7795 1206 7796 1207 7797 1208 7798 1209 7799 1208 7800 1338 7801 1341 7802 1338 7803 1208 7804 1206 7805 1209 7806 1443 7807 1207 7808 1443 7809 1209 7810 1210 7811 1345 7812 1341 7813 1344 7814 1341 7815 1345 7816 1208 7817 1345 7818 1209 7819 1208 7820 1209 7821 1345 7822 1211 7823 1211 7824 1210 7825 1209 7826 1210 7827 1211 7828 1212 7829 1212 7830 1447 7831 1210 7832 1447 7833 1212 7834 1450 7835 1447 7836 1444 7837 1210 7838 1443 7839 1210 7840 1444 7841 1213 7842 1212 7843 1211 7844 1212 7845 1213 7846 1214 7847 1213 7848 1211 7849 1349 7850 1349 7851 1211 7852 1345 7853 1214 7854 1450 7855 1212 7856 1450 7857 1214 7858 1453 7859 1215 7860 1214 7861 1213 7862 1214 7863 1215 7864 1216 7865 1215 7866 1213 7867 1353 7868 1353 7869 1213 7870 1349 7871 1216 7872 1453 7873 1214 7874 1453 7875 1216 7876 1456 7877 1217 7878 1353 7879 1357 7880 1353 7881 1217 7882 1215 7883 1218 7884 1215 7885 1217 7886 1215 7887 1218 7888 1216 7889 1218 7890 1456 7891 1216 7892 1456 7893 1218 7894 1458 7895 1361 7896 1217 7897 1360 7898 1360 7899 1217 7900 1357 7901 1361 7902 1218 7903 1217 7904 1218 7905 1361 7906 1219 7907 1219 7908 1458 7909 1218 7910 1458 7911 1219 7912 1460 7913 1220 7914 1460 7915 1219 7916 1460 7917 1220 7918 1462 7919 1220 7920 1219 7921 1365 7922 1365 7923 1219 7924 1361 7925 1221 7926 1462 7927 1220 7928 1462 7929 1221 7930 1464 7931 1369 7932 1220 7933 1365 7934 1220 7935 1369 7936 1221 7937 1222 7938 1221 7939 1373 7940 1373 7941 1221 7942 1369 7943 1222 7944 1464 7945 1221 7946 1464 7947 1222 7948 1466 7949 1377 7950 1222 7951 1373 7952 1222 7953 1377 7954 1378 7955 1378 7956 1466 7957 1222 7958 1466 7959 1378 7960 1468 7961 1619 7962 1223 7963 1224 7964 1223 7965 1619 7966 1470 7967 1383 7968 1224 7969 1223 7970 1224 7971 1383 7972 1388 7973 1383 7974 1468 7975 1378 7976 1468 7977 1383 7978 1223 7979 1470 7980 1469 7981 1223 7982 1468 7983 1223 7984 1469 7985 1225 7986 1388 7987 1393 7988 1388 7989 1225 7990 1224 7991 1625 7992 1224 7993 1225 7994 1224 7995 1625 7996 1619 7997 1399 7998 1393 7999 1398 8000 1393 8001 1399 8002 1225 8003 1631 8004 1225 8005 1399 8006 1225 8007 1631 8008 1625 8009 1227 8010 1701 8011 1226 8012 1701 8013 1227 8014 1228 8015 1779 8016 1226 8017 1563 8018 1226 8019 1779 8020 1227 8021 1563 8022 1694 8023 1565 8024 1694 8025 1563 8026 1226 8027 1694 8028 1701 8029 1695 8030 1701 8031 1694 8032 1226 8033 1228 8034 1643 8035 1640 8036 1643 8037 1228 8038 1227 8039 1779 8040 1643 8041 1227 8042 1643 8043 1779 8044 1647 8045 1640 8046 1229 8047 1228 8048 1229 8049 1640 8050 1638 8051 1701 8052 1229 8053 1702 8054 1229 8055 1701 8056 1228 8057 1702 8058 1706 8059 1703 8060 1706 8061 1702 8062 1229 8063 1229 8064 1638 8065 1637 8066 1229 8067 1637 8068 1706 8069 1434 8070 1581 8071 1230 8072 1581 8073 1434 8074 1438 8075 1581 8076 1471 8077 1231 8078 1471 8079 1581 8080 1582 8081 1472 8082 1232 8083 1471 8084 1232 8085 1472 8086 1233 8087 1472 8088 1474 8089 1233 8090 1474 8091 1472 8092 1473 8093 1474 8094 1234 8095 1233 8096 1234 8097 1474 8098 1235 8099 1237 8100 1236 8101 1235 8102 1236 8103 1237 8104 1238 8105 1475 8106 1235 8107 1474 8108 1235 8109 1475 8110 1237 8111 1475 8112 1477 8113 1237 8114 1477 8115 1475 8116 1476 8117 1477 8118 1238 8119 1237 8120 1238 8121 1477 8122 1240 8123 1240 8124 1239 8125 1238 8126 1239 8127 1240 8128 1241 8129 1480 8130 1241 8131 1240 8132 1241 8133 1480 8134 1243 8135 1479 8136 1240 8137 1477 8138 1240 8139 1479 8140 1480 8141 1243 8142 1242 8143 1241 8144 1242 8145 1243 8146 1244 8147 1246 8148 1244 8149 1243 8150 1244 8151 1246 8152 1247 8153 1246 8154 1243 8155 1483 8156 1483 8157 1243 8158 1480 8159 1248 8160 1244 8161 1247 8162 1244 8163 1248 8164 1245 8165 1486 8166 1246 8167 1483 8168 1246 8169 1486 8170 1487 8171 1487 8172 1247 8173 1246 8174 1247 8175 1487 8176 1250 8177 1250 8178 1248 8179 1247 8180 1248 8181 1250 8182 1251 8183 1252 8184 1248 8185 1251 8186 1248 8187 1252 8188 1249 8189 1254 8190 1251 8191 1250 8192 1251 8193 1254 8194 1255 8195 1254 8196 1250 8197 1490 8198 1490 8199 1250 8200 1487 8201 1255 8202 1252 8203 1251 8204 1252 8205 1255 8206 1256 8207 1257 8208 1252 8209 1256 8210 1252 8211 1257 8212 1253 8213 1494 8214 1254 8215 1493 8216 1493 8217 1254 8218 1490 8219 1494 8220 1255 8221 1254 8222 1255 8223 1494 8224 1259 8225 1259 8226 1256 8227 1255 8228 1256 8229 1259 8230 1260 8231 1261 8232 1256 8233 1260 8234 1256 8235 1261 8236 1257 8237 1258 8238 1261 8239 1262 8240 1261 8241 1258 8242 1257 8243 1264 8244 1260 8245 1259 8246 1260 8247 1264 8248 1265 8249 1264 8250 1259 8251 1498 8252 1498 8253 1259 8254 1494 8255 1266 8256 1260 8257 1265 8258 1260 8259 1266 8260 1261 8261 1262 8262 1266 8263 1267 8264 1266 8265 1262 8266 1261 8267 1263 8268 1267 8269 1268 8270 1267 8271 1263 8272 1262 8273 1503 8274 1264 8275 1502 8276 1502 8277 1264 8278 1498 8279 1503 8280 1265 8281 1264 8282 1265 8283 1503 8284 1270 8285 1266 8286 1270 8287 1271 8288 1270 8289 1266 8290 1265 8291 1267 8292 1271 8293 1272 8294 1271 8295 1267 8296 1266 8297 1268 8298 1272 8299 1273 8300 1272 8301 1268 8302 1267 8303 1269 8304 1273 8305 1274 8306 1273 8307 1269 8308 1268 8309 1508 8310 1270 8311 1507 8312 1507 8313 1270 8314 1503 8315 1271 8316 1508 8317 1276 8318 1508 8319 1271 8320 1270 8321 1272 8322 1276 8323 1277 8324 1276 8325 1272 8326 1271 8327 1273 8328 1277 8329 1278 8330 1277 8331 1273 8332 1272 8333 1274 8334 1278 8335 1279 8336 1278 8337 1274 8338 1273 8339 1275 8340 1279 8341 1280 8342 1279 8343 1275 8344 1274 8345 1277 8346 1282 8347 1283 8348 1282 8349 1277 8350 1276 8351 1282 8352 1508 8353 1513 8354 1282 8355 1276 8356 1508 8357 1278 8358 1283 8359 1284 8360 1283 8361 1278 8362 1277 8363 1279 8364 1284 8365 1285 8366 1284 8367 1279 8368 1278 8369 1280 8370 1285 8371 1286 8372 1285 8373 1280 8374 1279 8375 1281 8376 1286 8377 1287 8378 1286 8379 1281 8380 1280 8381 1519 8382 1282 8383 1518 8384 1518 8385 1282 8386 1513 8387 1283 8388 1519 8389 1289 8390 1519 8391 1283 8392 1282 8393 1284 8394 1289 8395 1290 8396 1289 8397 1284 8398 1283 8399 1285 8400 1290 8401 1291 8402 1290 8403 1285 8404 1284 8405 1286 8406 1291 8407 1292 8408 1291 8409 1286 8410 1285 8411 1287 8412 1292 8413 1293 8414 1292 8415 1287 8416 1286 8417 1288 8418 1293 8419 1294 8420 1293 8421 1288 8422 1287 8423 1290 8424 1296 8425 1297 8426 1296 8427 1290 8428 1289 8429 1519 8430 1525 8431 1289 8432 1296 8433 1289 8434 1525 8435 1291 8436 1297 8437 1298 8438 1297 8439 1291 8440 1290 8441 1292 8442 1298 8443 1299 8444 1298 8445 1292 8446 1291 8447 1293 8448 1299 8449 1300 8450 1299 8451 1293 8452 1292 8453 1294 8454 1300 8455 1301 8456 1300 8457 1294 8458 1293 8459 1302 8460 1295 8461 1294 8462 1302 8463 1294 8464 1301 8465 1525 8466 1530 8467 1296 8468 1531 8469 1296 8470 1530 8471 1297 8472 1531 8473 1304 8474 1531 8475 1297 8476 1296 8477 1298 8478 1304 8479 1305 8480 1304 8481 1298 8482 1297 8483 1299 8484 1305 8485 1306 8486 1305 8487 1299 8488 1298 8489 1300 8490 1306 8491 1307 8492 1306 8493 1300 8494 1299 8495 1301 8496 1307 8497 1308 8498 1307 8499 1301 8500 1300 8501 1309 8502 1302 8503 1301 8504 1309 8505 1301 8506 1308 8507 1310 8508 1303 8509 1302 8510 1310 8511 1302 8512 1309 8513 1778 8514 1394 8515 1303 8516 1303 8517 1310 8518 1778 8519 1305 8520 1780 8521 1546 8522 1780 8523 1305 8524 1304 8525 1531 8526 1756 8527 1304 8528 1304 8529 1756 8530 1780 8531 1306 8532 1546 8533 1548 8534 1546 8535 1306 8536 1305 8537 1307 8538 1548 8539 1551 8540 1548 8541 1307 8542 1306 8543 1308 8544 1551 8545 1555 8546 1551 8547 1308 8548 1307 8549 1309 8550 1555 8551 1560 8552 1555 8553 1309 8554 1308 8555 1562 8556 1310 8557 1309 8558 1309 8559 1560 8560 1562 8561 1562 8562 1778 8563 1310 8564 1778 8565 1562 8566 1744 8567 1319 8568 1317 8569 1316 8570 1319 8571 1316 8572 1318 8573 1321 8574 1319 8575 1318 8576 1318 8577 1320 8578 1321 8579 1323 8580 1321 8581 1320 8582 1320 8583 1322 8584 1323 8585 1325 8586 1323 8587 1322 8588 1325 8589 1322 8590 1324 8591 1328 8592 1325 8593 1327 8594 1328 8595 1326 8596 1325 8597 1330 8598 1327 8599 1329 8600 1330 8601 1328 8602 1327 8603 1332 8604 1329 8605 1331 8606 1332 8607 1330 8608 1329 8609 1334 8610 1331 8611 1333 8612 1334 8613 1332 8614 1331 8615 1337 8616 1333 8617 1336 8618 1333 8619 1337 8620 1334 8621 1338 8622 1334 8623 1337 8624 1334 8625 1338 8626 1335 8627 1340 8628 1336 8629 1339 8630 1336 8631 1340 8632 1337 8633 1341 8634 1337 8635 1340 8636 1337 8637 1341 8638 1338 8639 1343 8640 1339 8641 1342 8642 1339 8643 1343 8644 1340 8645 1344 8646 1340 8647 1343 8648 1340 8649 1344 8650 1341 8651 1347 8652 1342 8653 1346 8654 1342 8655 1347 8656 1343 8657 1348 8658 1343 8659 1347 8660 1343 8661 1348 8662 1344 8663 1349 8664 1344 8665 1348 8666 1344 8667 1349 8668 1345 8669 1351 8670 1346 8671 1350 8672 1346 8673 1351 8674 1347 8675 1352 8676 1347 8677 1351 8678 1347 8679 1352 8680 1348 8681 1353 8682 1348 8683 1352 8684 1348 8685 1353 8686 1349 8687 1351 8688 1354 8689 1355 8690 1354 8691 1351 8692 1350 8693 1356 8694 1351 8695 1355 8696 1351 8697 1356 8698 1352 8699 1357 8700 1352 8701 1356 8702 1352 8703 1357 8704 1353 8705 1359 8706 1355 8707 1358 8708 1355 8709 1359 8710 1356 8711 1360 8712 1356 8713 1359 8714 1356 8715 1360 8716 1357 8717 1363 8718 1358 8719 1362 8720 1358 8721 1363 8722 1359 8723 1364 8724 1359 8725 1363 8726 1359 8727 1364 8728 1360 8729 1364 8730 1361 8731 1360 8732 1361 8733 1364 8734 1365 8735 1367 8736 1362 8737 1366 8738 1362 8739 1367 8740 1363 8741 1368 8742 1363 8743 1367 8744 1363 8745 1368 8746 1364 8747 1368 8748 1365 8749 1364 8750 1365 8751 1368 8752 1369 8753 1371 8754 1366 8755 1370 8756 1371 8757 1367 8758 1366 8759 1372 8760 1367 8761 1371 8762 1367 8763 1372 8764 1368 8765 1372 8766 1369 8767 1368 8768 1369 8769 1372 8770 1373 8771 1375 8772 1371 8773 1370 8774 1375 8775 1370 8776 1374 8777 1376 8778 1371 8779 1375 8780 1371 8781 1376 8782 1372 8783 1376 8784 1373 8785 1372 8786 1373 8787 1376 8788 1377 8789 1380 8790 1375 8791 1374 8792 1380 8793 1374 8794 1379 8795 1381 8796 1375 8797 1380 8798 1375 8799 1381 8800 1376 8801 1381 8802 1377 8803 1376 8804 1377 8805 1381 8806 1382 8807 1382 8808 1378 8809 1377 8810 1378 8811 1382 8812 1383 8813 1385 8814 1380 8815 1379 8816 1385 8817 1379 8818 1384 8819 1386 8820 1380 8821 1385 8822 1386 8823 1381 8824 1380 8825 1387 8826 1381 8827 1386 8828 1381 8829 1387 8830 1382 8831 1388 8832 1382 8833 1387 8834 1382 8835 1388 8836 1383 8837 1390 8838 1385 8839 1384 8840 1384 8841 1389 8842 1390 8843 1391 8844 1385 8845 1390 8846 1391 8847 1386 8848 1385 8849 1386 8850 1392 8851 1387 8852 1392 8853 1386 8854 1391 8855 1393 8856 1387 8857 1392 8858 1387 8859 1393 8860 1388 8861 1395 8862 1390 8863 1389 8864 1389 8865 1394 8866 1395 8867 1396 8868 1390 8869 1395 8870 1396 8871 1391 8872 1390 8873 1397 8874 1391 8875 1396 8876 1391 8877 1397 8878 1392 8879 1398 8880 1392 8881 1397 8882 1392 8883 1398 8884 1393 8885 1744 8886 1394 8887 1778 8888 1744 8889 1395 8890 1394 8891 1745 8892 1395 8893 1744 8894 1745 8895 1396 8896 1395 8897 1746 8898 1396 8899 1745 8900 1746 8901 1397 8902 1396 8903 1747 8904 1397 8905 1746 8906 1397 8907 1747 8908 1398 8909 1748 8910 1398 8911 1747 8912 1398 8913 1748 8914 1399 8915 1742 8916 1399 8917 1748 8918 1399 8919 1742 8920 1631 8921 1728 8922 1400 8923 1729 8924 1400 8925 1728 8926 1734 8927 1729 8928 1401 8929 1730 8930 1401 8931 1729 8932 1400 8933 1730 8934 1402 8935 1731 8936 1402 8937 1730 8938 1401 8939 1731 8940 1402 8941 1404 8942 1404 8943 1402 8944 1403 8945 1405 8946 1404 8947 1403 8948 1404 8949 1405 8950 1406 8951 1406 8952 1723 8953 1404 8954 1723 8955 1406 8956 1724 8957 1731 8958 1723 8959 1722 8960 1723 8961 1731 8962 1404 8963 1407 8964 1406 8965 1405 8966 1406 8967 1407 8968 1408 8969 1408 8970 1725 8971 1406 8972 1406 8973 1725 8974 1724 8975 1410 8976 1408 8977 1407 8978 1410 8979 1407 8980 1409 8981 1725 8982 1408 8983 1411 8984 1408 8985 1410 8986 1411 8987 1411 8988 1410 8989 1413 8990 1410 8991 1412 8992 1413 8993 1715 8994 1411 8995 1716 8996 1411 8997 1413 8998 1716 8999 1725 9000 1715 9001 1714 9002 1715 9003 1725 9004 1411 9005 1415 9006 1413 9007 1412 9008 1412 9009 1414 9010 1415 9011 1716 9012 1413 9013 1416 9014 1413 9015 1415 9016 1416 9017 1418 9018 1415 9019 1414 9020 1414 9021 1417 9022 1418 9023 1415 9024 1418 9025 1419 9026 1415 9027 1419 9028 1416 9029 1419 9030 1709 9031 1416 9032 1416 9033 1709 9034 1708 9035 1417 9036 1420 9037 1421 9038 1417 9039 1421 9040 1418 9041 1418 9042 1421 9043 1422 9044 1418 9045 1422 9046 1419 9047 1422 9048 1710 9049 1419 9050 1419 9051 1710 9052 1709 9053 1424 9054 1420 9055 1423 9056 1420 9057 1424 9058 1421 9059 1421 9060 1424 9061 1425 9062 1421 9063 1425 9064 1422 9065 1425 9066 1426 9067 1422 9068 1422 9069 1426 9070 1710 9071 1428 9072 1423 9073 1427 9074 1423 9075 1428 9076 1424 9077 1428 9078 1425 9079 1424 9080 1425 9081 1428 9082 1429 9083 1430 9084 1425 9085 1429 9086 1425 9087 1430 9088 1426 9089 1431 9090 1428 9091 1427 9092 1428 9093 1431 9094 1432 9095 1432 9096 1429 9097 1428 9098 1429 9099 1432 9100 1433 9101 1434 9102 1429 9103 1433 9104 1429 9105 1434 9106 1430 9107 1435 9108 1432 9109 1431 9110 1432 9111 1435 9112 1436 9113 1436 9114 1433 9115 1432 9116 1433 9117 1436 9118 1437 9119 1438 9120 1433 9121 1437 9122 1433 9123 1438 9124 1434 9125 1439 9126 1436 9127 1435 9128 1436 9129 1439 9130 1440 9131 1440 9132 1437 9133 1436 9134 1437 9135 1440 9136 1441 9137 1442 9138 1437 9139 1441 9140 1437 9141 1442 9142 1438 9143 1582 9144 1438 9145 1442 9146 1438 9147 1582 9148 1581 9149 1443 9150 1440 9151 1439 9152 1440 9153 1443 9154 1444 9155 1444 9156 1441 9157 1440 9158 1441 9159 1444 9160 1445 9161 1445 9162 1442 9163 1441 9164 1442 9165 1445 9166 1446 9167 1583 9168 1442 9169 1446 9170 1442 9171 1583 9172 1582 9173 1447 9174 1445 9175 1444 9176 1445 9177 1447 9178 1448 9179 1449 9180 1445 9181 1448 9182 1445 9183 1449 9184 1446 9185 1584 9186 1446 9187 1449 9188 1446 9189 1584 9190 1583 9191 1450 9192 1448 9193 1447 9194 1448 9195 1450 9196 1451 9197 1452 9198 1448 9199 1451 9200 1448 9201 1452 9202 1449 9203 1585 9204 1449 9205 1452 9206 1449 9207 1585 9208 1584 9209 1453 9210 1451 9211 1450 9212 1451 9213 1453 9214 1454 9215 1455 9216 1451 9217 1454 9218 1451 9219 1455 9220 1452 9221 1587 9222 1452 9223 1455 9224 1452 9225 1587 9226 1585 9227 1456 9228 1454 9229 1453 9230 1454 9231 1456 9232 1457 9233 1589 9234 1454 9235 1457 9236 1454 9237 1589 9238 1455 9239 1590 9240 1455 9241 1589 9242 1455 9243 1590 9244 1587 9245 1458 9246 1457 9247 1456 9248 1457 9249 1458 9250 1459 9251 1592 9252 1457 9253 1459 9254 1457 9255 1592 9256 1589 9257 1460 9258 1459 9259 1458 9260 1459 9261 1460 9262 1461 9263 1595 9264 1459 9265 1461 9266 1459 9267 1595 9268 1592 9269 1462 9270 1461 9271 1460 9272 1461 9273 1462 9274 1463 9275 1598 9276 1461 9277 1463 9278 1461 9279 1598 9280 1595 9281 1464 9282 1463 9283 1462 9284 1463 9285 1464 9286 1465 9287 1602 9288 1463 9289 1465 9290 1463 9291 1602 9292 1598 9293 1466 9294 1465 9295 1464 9296 1465 9297 1466 9298 1467 9299 1606 9300 1465 9301 1467 9302 1465 9303 1606 9304 1602 9305 1468 9306 1467 9307 1466 9308 1467 9309 1468 9310 1469 9311 1610 9312 1467 9313 1469 9314 1467 9315 1610 9316 1606 9317 1614 9318 1469 9319 1470 9320 1469 9321 1614 9322 1610 9323 1620 9324 1470 9325 1619 9326 1470 9327 1620 9328 1614 9329 1582 9330 1472 9331 1471 9332 1472 9333 1582 9334 1583 9335 1583 9336 1473 9337 1472 9338 1473 9339 1583 9340 1584 9341 1584 9342 1586 9343 1473 9344 1586 9345 1584 9346 1585 9347 1473 9348 1586 9349 1475 9350 1473 9351 1475 9352 1474 9353 1586 9354 1476 9355 1475 9356 1476 9357 1586 9358 1588 9359 1476 9360 1478 9361 1479 9362 1476 9363 1479 9364 1477 9365 1588 9366 1478 9367 1476 9368 1478 9369 1588 9370 1591 9371 1478 9372 1481 9373 1482 9374 1478 9375 1482 9376 1479 9377 1591 9378 1481 9379 1478 9380 1481 9381 1591 9382 1594 9383 1479 9384 1482 9385 1483 9386 1479 9387 1483 9388 1480 9389 1484 9390 1594 9391 1597 9392 1594 9393 1484 9394 1481 9395 1481 9396 1484 9397 1485 9398 1481 9399 1485 9400 1482 9401 1482 9402 1485 9403 1486 9404 1482 9405 1486 9406 1483 9407 1601 9408 1597 9409 1600 9410 1597 9411 1601 9412 1484 9413 1484 9414 1601 9415 1488 9416 1484 9417 1488 9418 1485 9419 1485 9420 1488 9421 1489 9422 1485 9423 1489 9424 1486 9425 1489 9426 1487 9427 1486 9428 1487 9429 1489 9430 1490 9431 1488 9432 1491 9433 1492 9434 1488 9435 1492 9436 1489 9437 1601 9438 1491 9439 1488 9440 1491 9441 1601 9442 1605 9443 1492 9444 1490 9445 1489 9446 1490 9447 1492 9448 1493 9449 1491 9450 1495 9451 1496 9452 1491 9453 1496 9454 1492 9455 1605 9456 1495 9457 1491 9458 1495 9459 1605 9460 1609 9461 1496 9462 1493 9463 1492 9464 1493 9465 1496 9466 1497 9467 1497 9468 1494 9469 1493 9470 1494 9471 1497 9472 1498 9473 1499 9474 1609 9475 1613 9476 1609 9477 1499 9478 1495 9479 1495 9480 1499 9481 1500 9482 1495 9483 1500 9484 1496 9485 1496 9486 1500 9487 1501 9488 1496 9489 1501 9490 1497 9491 1501 9492 1498 9493 1497 9494 1498 9495 1501 9496 1502 9497 1618 9498 1613 9499 1617 9500 1613 9501 1618 9502 1499 9503 1499 9504 1618 9505 1504 9506 1499 9507 1504 9508 1500 9509 1500 9510 1504 9511 1505 9512 1500 9513 1505 9514 1501 9515 1505 9516 1502 9517 1501 9518 1502 9519 1505 9520 1506 9521 1506 9522 1503 9523 1502 9524 1503 9525 1506 9526 1507 9527 1504 9528 1509 9529 1510 9530 1504 9531 1510 9532 1505 9533 1618 9534 1509 9535 1504 9536 1509 9537 1618 9538 1624 9539 1510 9540 1506 9541 1505 9542 1506 9543 1510 9544 1511 9545 1511 9546 1507 9547 1506 9548 1507 9549 1511 9550 1512 9551 1513 9552 1507 9553 1512 9554 1507 9555 1513 9556 1508 9557 1514 9558 1510 9559 1509 9560 1510 9561 1514 9562 1515 9563 1624 9564 1514 9565 1509 9566 1514 9567 1624 9568 1630 9569 1515 9570 1511 9571 1510 9572 1511 9573 1515 9574 1516 9575 1516 9576 1512 9577 1511 9578 1512 9579 1516 9580 1517 9581 1517 9582 1513 9583 1512 9584 1513 9585 1517 9586 1518 9587 1630 9588 1520 9589 1514 9590 1520 9591 1630 9592 1636 9593 1520 9594 1515 9595 1514 9596 1515 9597 1520 9598 1521 9599 1521 9600 1516 9601 1515 9602 1516 9603 1521 9604 1522 9605 1522 9606 1517 9607 1516 9608 1517 9609 1522 9610 1523 9611 1523 9612 1518 9613 1517 9614 1518 9615 1523 9616 1524 9617 1524 9618 1519 9619 1518 9620 1519 9621 1524 9622 1525 9623 1636 9624 1777 9625 1520 9626 1777 9627 1636 9628 1735 9629 1777 9630 1521 9631 1520 9632 1521 9633 1777 9634 1526 9635 1522 9636 1526 9637 1527 9638 1526 9639 1522 9640 1521 9641 1523 9642 1527 9643 1528 9644 1527 9645 1523 9646 1522 9647 1528 9648 1524 9649 1523 9650 1524 9651 1528 9652 1529 9653 1529 9654 1525 9655 1524 9656 1525 9657 1529 9658 1530 9659 1527 9660 1751 9661 1752 9662 1751 9663 1527 9664 1526 9665 1751 9666 1526 9667 1735 9668 1526 9669 1777 9670 1735 9671 1528 9672 1752 9673 1753 9674 1752 9675 1528 9676 1527 9677 1529 9678 1753 9679 1754 9680 1753 9681 1529 9682 1528 9683 1530 9684 1754 9685 1755 9686 1754 9687 1530 9688 1529 9689 1531 9690 1755 9691 1756 9692 1755 9693 1531 9694 1530 9695 1565 9696 1694 9697 1532 9698 1532 9699 1694 9700 1693 9701 1566 9702 1532 9703 1533 9704 1532 9705 1566 9706 1565 9707 1533 9708 1775 9709 1534 9710 1775 9711 1533 9712 1532 9713 1569 9714 1567 9715 1533 9716 1533 9717 1567 9718 1566 9719 1534 9720 1569 9721 1533 9722 1569 9723 1534 9724 1535 9725 1536 9726 1569 9727 1535 9728 1569 9729 1536 9730 1570 9731 1571 9732 1536 9733 1572 9734 1536 9735 1571 9736 1570 9737 1572 9738 1537 9739 1538 9740 1537 9741 1572 9742 1536 9743 1539 9744 1572 9745 1538 9746 1572 9747 1539 9748 1573 9749 1574 9750 1539 9751 1575 9752 1539 9753 1574 9754 1573 9755 1541 9756 1575 9757 1540 9758 1575 9759 1541 9760 1576 9761 1577 9762 1576 9763 1541 9764 1576 9765 1577 9766 1668 9767 1577 9768 1543 9769 1578 9770 1543 9771 1577 9772 1542 9773 1578 9774 1579 9775 1671 9776 1579 9777 1578 9778 1543 9779 1580 9780 1673 9781 1544 9782 1673 9783 1580 9784 1674 9785 1547 9786 1546 9787 1769 9788 1546 9789 1547 9790 1548 9791 1769 9792 1780 9793 1756 9794 1780 9795 1769 9796 1546 9797 1551 9798 1547 9799 1550 9800 1547 9801 1551 9802 1548 9803 1770 9804 1550 9805 1547 9806 1550 9807 1770 9808 1549 9809 1761 9810 1547 9811 1769 9812 1547 9813 1761 9814 1770 9815 1554 9816 1550 9817 1549 9818 1549 9819 1553 9820 1554 9821 1771 9822 1553 9823 1549 9824 1553 9825 1771 9826 1552 9827 1764 9828 1549 9829 1770 9830 1549 9831 1764 9832 1771 9833 1555 9834 1550 9835 1554 9836 1550 9837 1555 9838 1551 9839 1558 9840 1552 9841 1557 9842 1558 9843 1553 9844 1552 9845 1557 9846 1772 9847 1556 9848 1772 9849 1557 9850 1552 9851 1552 9852 1771 9853 1766 9854 1552 9855 1766 9856 1772 9857 1559 9858 1553 9859 1558 9860 1559 9861 1554 9862 1553 9863 1554 9864 1560 9865 1555 9866 1560 9867 1554 9868 1559 9869 1556 9870 1750 9871 1749 9872 1556 9873 1749 9874 1557 9875 1750 9876 1774 9877 1743 9878 1774 9879 1750 9880 1556 9881 1556 9882 1772 9883 1767 9884 1556 9885 1767 9886 1774 9887 1768 9888 1557 9889 1749 9890 1768 9891 1558 9892 1557 9893 1561 9894 1559 9895 1558 9896 1558 9897 1768 9898 1561 9899 1559 9900 1561 9901 1562 9902 1559 9903 1562 9904 1560 9905 1744 9906 1562 9907 1561 9908 1561 9909 1745 9910 1744 9911 1768 9912 1745 9913 1561 9914 1745 9915 1768 9916 1746 9917 1564 9918 1565 9919 1566 9920 1565 9921 1564 9922 1563 9923 1564 9924 1779 9925 1563 9926 1779 9927 1564 9928 1647 9929 1648 9930 1564 9931 1652 9932 1564 9933 1648 9934 1647 9935 1652 9936 1566 9937 1567 9938 1566 9939 1652 9940 1564 9941 1568 9942 1569 9943 1570 9944 1569 9945 1568 9946 1567 9947 1652 9948 1567 9949 1653 9950 1567 9951 1568 9952 1653 9953 1653 9954 1568 9955 1654 9956 1568 9957 1657 9958 1654 9959 1657 9960 1570 9961 1571 9962 1570 9963 1657 9964 1568 9965 1658 9966 1571 9967 1661 9968 1657 9969 1571 9970 1658 9971 1661 9972 1572 9973 1573 9974 1572 9975 1661 9976 1571 9977 1662 9978 1573 9979 1574 9980 1573 9981 1662 9982 1661 9983 1663 9984 1574 9985 1665 9986 1574 9987 1663 9988 1662 9989 1665 9990 1575 9991 1576 9992 1575 9993 1665 9994 1574 9995 1668 9996 1665 9997 1576 9998 1665 9999 1668 10000 1666 10001 1668 10002 1578 10003 1669 10004 1578 10005 1668 10006 1577 10007 1669 10008 1671 10009 1670 10010 1671 10011 1669 10012 1578 10013 1671 10014 1673 10015 1672 10016 1673 10017 1671 10018 1579 10019 1585 10020 1587 10021 1588 10022 1585 10023 1588 10024 1586 10025 1587 10026 1590 10027 1591 10028 1587 10029 1591 10030 1588 10031 1593 10032 1589 10033 1592 10034 1589 10035 1593 10036 1590 10037 1590 10038 1593 10039 1594 10040 1590 10041 1594 10042 1591 10043 1592 10044 1595 10045 1596 10046 1592 10047 1596 10048 1593 10049 1593 10050 1596 10051 1597 10052 1593 10053 1597 10054 1594 10055 1595 10056 1598 10057 1599 10058 1595 10059 1599 10060 1596 10061 1596 10062 1599 10063 1600 10064 1596 10065 1600 10066 1597 10067 1603 10068 1598 10069 1602 10070 1598 10071 1603 10072 1599 10073 1599 10074 1603 10075 1604 10076 1599 10077 1604 10078 1600 10079 1600 10080 1604 10081 1605 10082 1600 10083 1605 10084 1601 10085 1607 10086 1602 10087 1606 10088 1602 10089 1607 10090 1603 10091 1603 10092 1607 10093 1608 10094 1603 10095 1608 10096 1604 10097 1604 10098 1608 10099 1609 10100 1604 10101 1609 10102 1605 10103 1611 10104 1606 10105 1610 10106 1606 10107 1611 10108 1607 10109 1607 10110 1611 10111 1612 10112 1607 10113 1612 10114 1608 10115 1608 10116 1612 10117 1613 10118 1608 10119 1613 10120 1609 10121 1615 10122 1610 10123 1614 10124 1610 10125 1615 10126 1611 10127 1616 10128 1611 10129 1615 10130 1611 10131 1616 10132 1612 10133 1612 10134 1616 10135 1617 10136 1612 10137 1617 10138 1613 10139 1621 10140 1614 10141 1620 10142 1614 10143 1621 10144 1615 10145 1622 10146 1615 10147 1621 10148 1615 10149 1622 10150 1616 10151 1616 10152 1622 10153 1623 10154 1616 10155 1623 10156 1617 10157 1617 10158 1623 10159 1624 10160 1617 10161 1624 10162 1618 10163 1619 10164 1625 10165 1626 10166 1619 10167 1626 10168 1620 10169 1627 10170 1620 10171 1626 10172 1620 10173 1627 10174 1621 10175 1621 10176 1627 10177 1628 10178 1621 10179 1628 10180 1622 10181 1622 10182 1628 10183 1629 10184 1622 10185 1629 10186 1623 10187 1623 10188 1629 10189 1630 10190 1623 10191 1630 10192 1624 10193 1632 10194 1625 10195 1631 10196 1625 10197 1632 10198 1626 10199 1633 10200 1626 10201 1632 10202 1626 10203 1633 10204 1627 10205 1627 10206 1633 10207 1634 10208 1627 10209 1634 10210 1628 10211 1628 10212 1634 10213 1635 10214 1628 10215 1635 10216 1629 10217 1629 10218 1635 10219 1636 10220 1629 10221 1636 10222 1630 10223 1740 10224 1631 10225 1742 10226 1631 10227 1740 10228 1632 10229 1738 10230 1632 10231 1740 10232 1632 10233 1738 10234 1633 10235 1737 10236 1633 10237 1738 10238 1633 10239 1737 10240 1634 10241 1736 10242 1634 10243 1737 10244 1634 10245 1736 10246 1635 10247 1735 10248 1635 10249 1736 10250 1635 10251 1735 10252 1636 10253 1638 10254 1640 10255 1641 10256 1638 10257 1641 10258 1639 10259 1643 10260 1641 10261 1640 10262 1641 10263 1643 10264 1644 10265 1641 10266 1644 10267 1645 10268 1641 10269 1645 10270 1642 10271 1644 10272 1647 10273 1648 10274 1647 10275 1644 10276 1643 10277 1645 10278 1648 10279 1649 10280 1648 10281 1645 10282 1644 10283 1646 10284 1649 10285 1650 10286 1649 10287 1646 10288 1645 10289 1649 10290 1652 10291 1653 10292 1652 10293 1649 10294 1648 10295 1650 10296 1653 10297 1654 10298 1653 10299 1650 10300 1649 10301 1651 10302 1654 10303 1655 10304 1654 10305 1651 10306 1650 10307 1655 10308 1657 10309 1658 10310 1657 10311 1655 10312 1654 10313 1656 10314 1658 10315 1659 10316 1658 10317 1656 10318 1655 10319 1659 10320 1661 10321 1662 10322 1661 10323 1659 10324 1658 10325 1660 10326 1662 10327 1663 10328 1662 10329 1660 10330 1659 10331 1664 10332 1665 10333 1666 10334 1665 10335 1664 10336 1663 10337 1667 10338 1668 10339 1669 10340 1668 10341 1667 10342 1666 10343 1700 10344 1680 10345 1677 10346 1680 10347 1700 10348 1679 10349 1686 10350 1700 10351 1677 10352 1700 10353 1686 10354 1687 10355 1781 10356 1686 10357 1677 10358 1781 10359 1677 10360 1678 10361 1678 10362 1677 10363 1681 10364 1677 10365 1680 10366 1681 10367 1726 10368 1678 10369 1732 10370 1678 10371 1681 10372 1732 10373 1726 10374 1781 10375 1678 10376 1781 10377 1726 10378 1717 10379 1705 10380 1683 10381 1679 10382 1683 10383 1705 10384 1682 10385 1699 10386 1679 10387 1700 10388 1679 10389 1699 10390 1705 10391 1679 10392 1683 10393 1684 10394 1679 10395 1684 10396 1680 10397 1680 10398 1684 10399 1685 10400 1680 10401 1685 10402 1681 10403 1732 10404 1681 10405 1776 10406 1681 10407 1685 10408 1776 10409 1682 10410 1704 10411 1707 10412 1704 10413 1682 10414 1705 10415 1688 10416 1699 10417 1687 10418 1687 10419 1699 10420 1700 10421 1689 10422 1699 10423 1688 10424 1699 10425 1689 10426 1698 10427 1690 10428 1698 10429 1689 10430 1698 10431 1690 10432 1697 10433 1691 10434 1697 10435 1690 10436 1697 10437 1691 10438 1696 10439 1692 10440 1696 10441 1691 10442 1696 10443 1692 10444 1695 10445 1693 10446 1695 10447 1692 10448 1695 10449 1693 10450 1694 10451 1695 10452 1701 10453 1702 10454 1695 10455 1702 10456 1696 10457 1696 10458 1702 10459 1703 10460 1696 10461 1703 10462 1697 10463 1697 10464 1703 10465 1704 10466 1697 10467 1704 10468 1698 10469 1698 10470 1704 10471 1705 10472 1698 10473 1705 10474 1699 10475 1703 10476 1706 10477 1707 10478 1703 10479 1707 10480 1704 10481 1723 10482 1711 10483 1722 10484 1711 10485 1723 10486 1712 10487 1724 10488 1712 10489 1723 10490 1712 10491 1724 10492 1713 10493 1724 10494 1714 10495 1713 10496 1714 10497 1724 10498 1725 10499 1717 10500 1726 10501 1727 10502 1717 10503 1727 10504 1718 10505 1718 10506 1727 10507 1728 10508 1718 10509 1728 10510 1719 10511 1719 10512 1728 10513 1729 10514 1719 10515 1729 10516 1720 10517 1720 10518 1729 10519 1730 10520 1720 10521 1730 10522 1721 10523 1731 10524 1721 10525 1730 10526 1721 10527 1731 10528 1722 10529 1727 10530 1726 10531 1733 10532 1726 10533 1732 10534 1733 10535 1734 10536 1728 10537 1727 10538 1727 10539 1733 10540 1734 10541 1751 10542 1736 10543 1757 10544 1736 10545 1751 10546 1735 10547 1757 10548 1737 10549 1773 10550 1737 10551 1757 10552 1736 10553 1737 10554 1739 10555 1773 10556 1739 10557 1737 10558 1738 10559 1738 10560 1741 10561 1739 10562 1741 10563 1738 10564 1740 10565 1767 10566 1765 10567 1739 10568 1767 10569 1739 10570 1741 10571 1765 10572 1773 10573 1739 10574 1773 10575 1765 10576 1762 10577 1741 10578 1742 10579 1743 10580 1742 10581 1741 10582 1740 10583 1774 10584 1767 10585 1741 10586 1774 10587 1741 10588 1743 10589 1743 10590 1748 10591 1750 10592 1748 10593 1743 10594 1742 10595 1746 10596 1749 10597 1747 10598 1749 10599 1746 10600 1768 10601 1747 10602 1749 10603 1750 10604 1747 10605 1750 10606 1748 10607 1752 10608 1757 10609 1758 10610 1757 10611 1752 10612 1751 10613 1753 10614 1758 10615 1759 10616 1758 10617 1753 10618 1752 10619 1754 10620 1759 10621 1760 10622 1759 10623 1754 10624 1753 10625 1755 10626 1760 10627 1761 10628 1760 10629 1755 10630 1754 10631 1756 10632 1761 10633 1769 10634 1761 10635 1756 10636 1755 10637 1758 10638 1773 10639 1762 10640 1773 10641 1758 10642 1757 10643 1759 10644 1762 10645 1763 10646 1762 10647 1759 10648 1758 10649 1764 10650 1760 10651 1759 10652 1759 10653 1763 10654 1764 10655 1770 10656 1761 10657 1760 10658 1770 10659 1760 10660 1764 10661 1763 10662 1765 10663 1766 10664 1765 10665 1763 10666 1762 10667 1771 10668 1764 10669 1763 10670 1771 10671 1763 10672 1766 10673 1772 10674 1766 10675 1765 10676 1772 10677 1765 10678 1767 10679 1783 10680 1782 10681 2660 10682 1782 10683 2114 10684 2660 10685 2214 10686 2114 10687 1782 10688 2114 10689 2214 10690 2115 10691 2414 10692 2214 10693 1782 10694 2214 10695 2414 10696 2418 10697 2410 10698 2414 10699 1782 10700 2410 10701 1782 10702 1783 10703 1784 10704 1783 10705 2529 10706 1783 10707 2660 10708 2529 10709 2410 10710 1784 10711 2694 10712 1784 10713 2410 10714 1783 10715 2694 10716 1786 10717 2693 10718 1786 10719 2694 10720 1784 10721 1786 10722 1784 10723 1785 10724 1784 10725 2529 10726 1785 10727 2564 10728 2528 10729 1785 10730 1787 10731 1785 10732 2528 10733 2529 10734 2564 10735 1785 10736 2564 10737 2529 10738 2659 10739 1786 10740 1787 10741 1788 10742 1787 10743 1786 10744 1785 10745 2693 10746 1788 10747 2692 10748 1788 10749 2693 10750 1786 10751 1791 10752 1788 10753 1787 10754 1791 10755 1787 10756 1790 10757 2528 10758 1789 10759 1787 10760 1790 10761 1787 10762 1789 10763 1788 10764 1792 10765 2692 10766 1792 10767 1788 10768 1791 10769 1793 10770 1789 10771 2527 10772 1789 10773 2563 10774 2527 10775 2528 10776 2563 10777 1789 10778 2563 10779 2528 10780 2657 10781 1790 10782 1793 10783 1794 10784 1793 10785 1790 10786 1789 10787 1795 10788 1791 10789 1790 10790 1795 10791 1790 10792 1794 10793 1796 10794 1792 10795 1791 10796 1796 10797 1791 10798 1795 10799 1792 10800 2699 10801 2700 10802 2699 10803 1792 10804 1796 10805 2700 10806 2692 10807 1792 10808 2692 10809 2700 10810 2400 10811 1797 10812 1793 10813 2526 10814 1793 10815 2527 10816 2526 10817 1794 10818 1797 10819 1798 10820 1797 10821 1794 10822 1793 10823 1799 10824 1795 10825 1794 10826 1799 10827 1794 10828 1798 10829 1800 10830 1796 10831 1795 10832 1800 10833 1795 10834 1799 10835 1796 10836 2698 10837 2699 10838 2698 10839 1796 10840 1800 10841 1803 10842 1798 10843 1797 10844 1803 10845 1797 10846 1802 10847 1801 10848 1802 10849 1797 10850 1801 10851 1797 10852 2526 10853 1804 10854 1799 10855 1798 10856 1804 10857 1798 10858 1803 10859 1805 10860 1800 10861 1799 10862 1805 10863 1799 10864 1804 10865 2697 10866 2698 10867 1800 10868 2697 10869 1800 10870 1805 10871 2524 10872 1806 10873 1801 10874 2524 10875 1801 10876 2525 10877 2525 10878 2526 10879 2561 10880 2526 10881 2525 10882 1801 10883 1807 10884 1801 10885 1806 10886 1801 10887 1807 10888 1802 10889 1803 10890 1802 10891 1808 10892 1808 10893 1802 10894 1807 10895 1804 10896 1808 10897 1809 10898 1808 10899 1804 10900 1803 10901 1805 10902 1809 10903 1810 10904 1809 10905 1805 10906 1804 10907 2697 10908 1810 10909 2696 10910 1810 10911 2697 10912 1805 10913 1813 10914 1806 10915 1812 10916 1806 10917 1813 10918 1807 10919 1812 10920 2524 10921 1811 10922 2524 10923 1812 10924 1806 10925 1808 10926 1813 10927 1814 10928 1813 10929 1808 10930 1807 10931 1809 10932 1814 10933 1815 10934 1814 10935 1809 10936 1808 10937 1810 10938 1815 10939 1816 10940 1815 10941 1810 10942 1809 10943 2696 10944 1816 10945 2695 10946 1816 10947 2696 10948 1810 10949 1817 10950 2523 10951 2522 10952 2523 10953 1817 10954 1811 10955 2524 10956 2559 10957 1811 10958 2523 10959 1811 10960 2559 10961 1818 10962 1811 10963 1817 10964 1811 10965 1818 10966 1812 10967 1819 10968 1812 10969 1818 10970 1812 10971 1819 10972 1813 10973 1814 10974 1819 10975 1820 10976 1819 10977 1814 10978 1813 10979 1815 10980 1820 10981 1821 10982 1820 10983 1815 10984 1814 10985 1816 10986 1821 10987 1822 10988 1821 10989 1816 10990 1815 10991 2695 10992 1822 10993 1823 10994 1822 10995 2695 10996 1816 10997 1824 10998 2522 10999 2521 11000 2522 11001 1824 11002 1817 11003 1824 11004 1825 11005 1817 11006 1817 11007 1825 11008 1818 11009 1825 11010 1826 11011 1818 11012 1818 11013 1826 11014 1819 11015 1820 11016 1826 11017 1827 11018 1826 11019 1820 11020 1819 11021 1827 11022 1821 11023 1820 11024 1821 11025 1827 11026 1828 11027 1822 11028 1828 11029 1829 11030 1828 11031 1822 11032 1821 11033 1823 11034 1829 11035 1830 11036 1829 11037 1823 11038 1822 11039 2705 11040 1830 11041 2704 11042 1830 11043 2705 11044 1823 11045 2706 11046 1823 11047 2705 11048 2706 11049 2695 11050 1823 11051 1832 11052 1833 11053 1824 11054 1824 11055 1833 11056 1825 11057 1832 11058 2521 11059 1831 11060 2521 11061 1832 11062 1824 11063 1833 11064 1834 11065 1825 11066 1825 11067 1834 11068 1826 11069 1834 11070 1827 11071 1826 11072 1827 11073 1834 11074 1835 11075 1835 11076 1828 11077 1827 11078 1828 11079 1835 11080 1836 11081 1836 11082 1829 11083 1828 11084 1829 11085 1836 11086 1837 11087 1830 11088 1837 11089 1838 11090 1837 11091 1830 11092 1829 11093 2704 11094 1838 11095 2703 11096 1838 11097 2704 11098 1830 11099 1839 11100 2519 11101 2518 11102 2519 11103 1839 11104 1831 11105 2521 11106 2520 11107 1831 11108 2519 11109 1831 11110 2520 11111 1840 11112 1831 11113 1839 11114 1831 11115 1840 11116 1832 11117 1840 11118 1841 11119 1832 11120 1832 11121 1841 11122 1833 11123 1841 11124 1842 11125 1833 11126 1833 11127 1842 11128 1834 11129 1842 11130 1835 11131 1834 11132 1835 11133 1842 11134 1843 11135 1843 11136 1836 11137 1835 11138 1836 11139 1843 11140 1844 11141 1837 11142 1844 11143 1845 11144 1844 11145 1837 11146 1836 11147 1838 11148 1845 11149 1846 11150 1845 11151 1838 11152 1837 11153 2703 11154 1846 11155 2702 11156 1846 11157 2703 11158 1838 11159 1848 11160 1839 11161 1847 11162 1839 11163 1848 11164 1840 11165 1847 11166 2518 11167 2759 11168 2518 11169 1847 11170 1839 11171 1848 11172 1849 11173 1840 11174 1840 11175 1849 11176 1841 11177 1849 11178 1850 11179 1841 11180 1841 11181 1850 11182 1842 11183 1850 11184 1843 11185 1842 11186 1843 11187 1850 11188 1851 11189 1844 11190 1851 11191 1852 11192 1851 11193 1844 11194 1843 11195 1845 11196 1852 11197 1853 11198 1852 11199 1845 11200 1844 11201 1846 11202 1853 11203 1854 11204 1853 11205 1846 11206 1845 11207 2702 11208 1854 11209 2701 11210 1854 11211 2702 11212 1846 11213 2677 11214 2676 11215 1847 11216 1847 11217 2676 11218 1848 11219 2677 11220 2759 11221 2516 11222 2759 11223 2677 11224 1847 11225 2676 11226 2675 11227 1848 11228 1848 11229 2675 11230 1849 11231 2675 11232 2674 11233 1849 11234 1849 11235 2674 11236 1850 11237 2674 11238 1851 11239 1850 11240 1851 11241 2674 11242 2673 11243 1852 11244 2673 11245 2672 11246 2673 11247 1852 11248 1851 11249 1853 11250 2672 11251 2671 11252 2672 11253 1853 11254 1852 11255 1854 11256 2671 11257 2670 11258 2671 11259 1854 11260 1853 11261 2670 11262 2701 11263 1854 11264 2701 11265 2670 11266 2765 11267 1856 11268 2342 11269 1855 11270 2342 11271 1856 11272 2346 11273 1873 11274 1874 11275 1855 11276 1856 11277 1855 11278 1874 11279 2338 11280 1873 11281 1855 11282 1873 11283 2338 11284 1872 11285 2342 11286 2339 11287 1855 11288 1855 11289 2339 11290 2338 11291 1857 11292 2346 11293 1856 11294 2346 11295 1857 11296 2350 11297 1874 11298 1875 11299 1856 11300 1857 11301 1856 11302 1875 11303 2354 11304 2350 11305 1857 11306 2354 11307 1857 11308 1858 11309 1875 11310 1876 11311 1857 11312 1858 11313 1857 11314 1876 11315 2358 11316 2354 11317 1858 11318 2358 11319 1858 11320 1859 11321 1876 11322 1859 11323 1858 11324 1859 11325 1876 11326 1877 11327 1877 11328 1860 11329 1859 11330 1860 11331 1877 11332 1878 11333 2363 11334 2358 11335 1859 11336 2363 11337 1859 11338 1860 11339 1878 11340 1861 11341 1860 11342 1861 11343 1878 11344 1879 11345 2368 11346 2363 11347 1860 11348 2368 11349 1860 11350 1861 11351 1879 11352 1862 11353 1861 11354 1862 11355 1879 11356 2279 11357 2373 11358 2368 11359 1861 11360 1861 11361 1862 11362 2373 11363 2279 11364 2287 11365 1862 11366 2287 11367 2279 11368 2286 11369 2378 11370 2373 11371 1862 11372 1862 11373 2287 11374 2378 11375 2313 11376 2311 11377 1863 11378 2313 11379 1863 11380 1864 11381 1864 11382 1890 11383 1891 11384 1890 11385 1864 11386 1863 11387 2308 11388 1889 11389 1863 11390 1863 11391 1889 11392 1890 11393 2311 11394 2308 11395 1863 11396 2308 11397 2311 11398 2309 11399 2315 11400 2313 11401 1864 11402 2315 11403 1864 11404 1865 11405 1865 11406 1891 11407 1892 11408 1891 11409 1865 11410 1864 11411 2315 11412 1866 11413 2317 11414 1866 11415 2315 11416 1865 11417 1866 11418 1865 11419 1893 11420 1865 11421 1892 11422 1893 11423 2317 11424 1867 11425 2320 11426 1867 11427 2317 11428 1866 11429 1867 11430 1866 11431 1894 11432 1866 11433 1893 11434 1894 11435 1868 11436 1867 11437 1895 11438 1867 11439 1894 11440 1895 11441 2320 11442 1868 11443 2323 11444 1868 11445 2320 11446 1867 11447 1869 11448 1868 11449 1896 11450 1868 11451 1895 11452 1896 11453 2323 11454 1869 11455 2326 11456 1869 11457 2323 11458 1868 11459 1870 11460 1869 11461 1897 11462 1869 11463 1896 11464 1897 11465 2326 11466 1870 11467 2330 11468 1870 11469 2326 11470 1869 11471 1871 11472 1870 11473 1898 11474 1870 11475 1897 11476 1898 11477 2330 11478 1871 11479 2334 11480 1871 11481 2330 11482 1870 11483 1872 11484 1871 11485 1899 11486 1871 11487 1898 11488 1899 11489 2334 11490 1872 11491 2338 11492 1872 11493 2334 11494 1871 11495 1899 11496 1900 11497 1872 11498 1873 11499 1872 11500 1900 11501 1900 11502 1901 11503 1873 11504 1874 11505 1873 11506 1901 11507 1901 11508 1902 11509 1874 11510 1875 11511 1874 11512 1902 11513 1902 11514 1903 11515 1875 11516 1876 11517 1875 11518 1903 11519 1903 11520 1904 11521 1876 11522 1877 11523 1876 11524 1904 11525 1904 11526 1905 11527 1877 11528 1878 11529 1877 11530 1905 11531 1905 11532 2272 11533 1878 11534 1879 11535 1878 11536 2272 11537 2272 11538 2278 11539 1879 11540 2279 11541 1879 11542 2278 11543 2296 11544 1909 11545 1880 11546 1909 11547 2296 11548 1908 11549 2138 11550 2296 11551 1880 11552 2296 11553 2138 11554 2133 11555 2138 11556 1881 11557 2143 11558 1881 11559 2138 11560 1880 11561 1910 11562 1881 11563 1880 11564 1880 11565 1909 11566 1910 11567 2143 11568 1882 11569 2297 11570 1882 11571 2143 11572 1881 11573 1911 11574 1882 11575 1881 11576 1881 11577 1910 11578 1911 11579 2297 11580 1883 11581 2298 11582 1883 11583 2297 11584 1882 11585 1883 11586 1882 11587 1912 11588 1882 11589 1911 11590 1912 11591 2298 11592 1884 11593 2299 11594 1884 11595 2298 11596 1883 11597 1884 11598 1912 11599 1913 11600 1912 11601 1884 11602 1883 11603 2299 11604 1885 11605 2300 11606 1885 11607 2299 11608 1884 11609 1913 11610 1885 11611 1884 11612 1885 11613 1913 11614 1914 11615 1914 11616 1886 11617 1885 11618 1886 11619 1914 11620 1915 11621 2302 11622 2300 11623 1885 11624 1885 11625 1886 11626 2302 11627 1887 11628 1915 11629 1916 11630 1915 11631 1887 11632 1886 11633 2304 11634 2302 11635 1886 11636 1886 11637 1887 11638 2304 11639 1888 11640 1916 11641 1917 11642 1916 11643 1888 11644 1887 11645 2306 11646 2304 11647 1887 11648 2306 11649 1887 11650 1888 11651 1889 11652 1917 11653 1918 11654 1917 11655 1889 11656 1888 11657 2308 11658 2306 11659 1888 11660 2308 11661 1888 11662 1889 11663 1890 11664 1918 11665 1919 11666 1918 11667 1890 11668 1889 11669 1891 11670 1919 11671 1920 11672 1919 11673 1891 11674 1890 11675 1892 11676 1920 11677 1921 11678 1920 11679 1892 11680 1891 11681 1893 11682 1921 11683 1922 11684 1921 11685 1893 11686 1892 11687 1894 11688 1893 11689 1923 11690 1893 11691 1922 11692 1923 11693 1895 11694 1894 11695 1924 11696 1894 11697 1923 11698 1924 11699 1896 11700 1895 11701 1925 11702 1895 11703 1924 11704 1925 11705 1897 11706 1896 11707 1926 11708 1896 11709 1925 11710 1926 11711 1898 11712 1897 11713 1927 11714 1897 11715 1926 11716 1927 11717 1927 11718 1928 11719 1898 11720 1899 11721 1898 11722 1928 11723 1928 11724 1929 11725 1899 11726 1900 11727 1899 11728 1929 11729 1929 11730 1930 11731 1900 11732 1901 11733 1900 11734 1930 11735 1930 11736 1931 11737 1901 11738 1902 11739 1901 11740 1931 11741 1931 11742 1932 11743 1902 11744 1903 11745 1902 11746 1932 11747 1932 11748 1933 11749 1903 11750 1904 11751 1903 11752 1933 11753 1933 11754 2265 11755 1904 11756 1905 11757 1904 11758 2265 11759 2265 11760 2271 11761 1905 11762 2272 11763 1905 11764 2271 11765 2623 11766 2621 11767 2622 11768 2621 11769 2623 11770 1906 11771 2116 11772 2621 11773 1906 11774 1906 11775 2122 11776 2116 11777 1907 11778 2122 11779 1906 11780 2122 11781 1907 11782 2295 11783 1906 11784 2623 11785 1934 11786 1906 11787 1934 11788 1907 11789 1935 11790 1908 11791 1907 11792 1907 11793 1934 11794 1935 11795 2295 11796 1908 11797 2296 11798 1908 11799 2295 11800 1907 11801 1936 11802 1909 11803 1908 11804 1908 11805 1935 11806 1936 11807 1937 11808 1910 11809 1909 11810 1909 11811 1936 11812 1937 11813 1938 11814 1911 11815 1910 11816 1910 11817 1937 11818 1938 11819 1912 11820 1911 11821 1939 11822 1911 11823 1938 11824 1939 11825 1913 11826 1939 11827 1940 11828 1939 11829 1913 11830 1912 11831 1940 11832 1914 11833 1913 11834 1914 11835 1940 11836 1941 11837 1941 11838 1915 11839 1914 11840 1915 11841 1941 11842 1942 11843 1916 11844 1942 11845 1943 11846 1942 11847 1916 11848 1915 11849 1917 11850 1943 11851 1944 11852 1943 11853 1917 11854 1916 11855 1918 11856 1944 11857 1945 11858 1944 11859 1918 11860 1917 11861 1919 11862 1945 11863 1946 11864 1945 11865 1919 11866 1918 11867 1920 11868 1946 11869 1947 11870 1946 11871 1920 11872 1919 11873 1921 11874 1947 11875 1948 11876 1947 11877 1921 11878 1920 11879 1922 11880 1948 11881 1949 11882 1948 11883 1922 11884 1921 11885 1923 11886 1949 11887 1950 11888 1949 11889 1923 11890 1922 11891 1924 11892 1950 11893 1951 11894 1950 11895 1924 11896 1923 11897 1951 11898 1925 11899 1924 11900 1925 11901 1951 11902 1952 11903 1952 11904 1926 11905 1925 11906 1926 11907 1952 11908 1953 11909 1953 11910 1954 11911 1926 11912 1927 11913 1926 11914 1954 11915 1954 11916 1955 11917 1927 11918 1928 11919 1927 11920 1955 11921 1955 11922 1956 11923 1928 11924 1929 11925 1928 11926 1956 11927 1956 11928 1957 11929 1929 11930 1930 11931 1929 11932 1957 11933 1957 11934 1958 11935 1930 11936 1931 11937 1930 11938 1958 11939 1958 11940 1959 11941 1931 11942 1932 11943 1931 11944 1959 11945 1959 11946 2259 11947 1932 11948 1933 11949 1932 11950 2259 11951 2259 11952 2264 11953 1933 11954 2265 11955 1933 11956 2264 11957 2623 11958 2626 11959 1934 11960 2626 11961 2623 11962 2625 11963 1960 11964 1935 11965 1934 11966 1934 11967 2626 11968 1960 11969 1961 11970 1936 11971 1935 11972 1935 11973 1960 11974 1961 11975 1962 11976 1937 11977 1936 11978 1936 11979 1961 11980 1962 11981 1963 11982 1938 11983 1937 11984 1937 11985 1962 11986 1963 11987 1939 11988 1963 11989 1964 11990 1963 11991 1939 11992 1938 11993 1940 11994 1964 11995 1965 11996 1964 11997 1940 11998 1939 11999 1941 12000 1965 12001 1966 12002 1965 12003 1941 12004 1940 12005 1966 12006 1942 12007 1941 12008 1942 12009 1966 12010 1967 12011 1943 12012 1967 12013 1968 12014 1967 12015 1943 12016 1942 12017 1944 12018 1968 12019 1969 12020 1968 12021 1944 12022 1943 12023 1945 12024 1969 12025 1970 12026 1969 12027 1945 12028 1944 12029 1946 12030 1970 12031 1971 12032 1970 12033 1946 12034 1945 12035 1971 12036 1947 12037 1946 12038 1947 12039 1971 12040 1972 12041 1972 12042 1948 12043 1947 12044 1948 12045 1972 12046 1973 12047 1973 12048 1949 12049 1948 12050 1949 12051 1973 12052 1974 12053 1974 12054 1950 12055 1949 12056 1950 12057 1974 12058 1975 12059 1975 12060 1951 12061 1950 12062 1951 12063 1975 12064 1976 12065 1976 12066 1952 12067 1951 12068 1952 12069 1976 12070 1977 12071 1977 12072 1953 12073 1952 12074 1953 12075 1977 12076 1978 12077 1978 12078 1954 12079 1953 12080 1954 12081 1978 12082 1979 12083 1979 12084 1980 12085 1954 12086 1955 12087 1954 12088 1980 12089 1980 12090 1981 12091 1955 12092 1956 12093 1955 12094 1981 12095 1981 12096 1982 12097 1956 12098 1957 12099 1956 12100 1982 12101 1982 12102 1983 12103 1957 12104 1958 12105 1957 12106 1983 12107 1983 12108 2253 12109 1958 12110 1959 12111 1958 12112 2253 12113 2253 12114 2258 12115 1959 12116 2259 12117 1959 12118 2258 12119 2626 12120 2630 12121 1960 12122 2630 12123 2626 12124 2629 12125 1984 12126 1961 12127 1960 12128 1960 12129 2630 12130 1984 12131 1985 12132 1962 12133 1961 12134 1961 12135 1984 12136 1985 12137 1963 12138 1985 12139 1986 12140 1985 12141 1963 12142 1962 12143 1964 12144 1986 12145 1987 12146 1986 12147 1964 12148 1963 12149 1965 12150 1987 12151 1988 12152 1987 12153 1965 12154 1964 12155 1966 12156 1988 12157 1989 12158 1988 12159 1966 12160 1965 12161 1967 12162 1989 12163 1990 12164 1989 12165 1967 12166 1966 12167 1968 12168 1990 12169 1991 12170 1990 12171 1968 12172 1967 12173 1991 12174 1969 12175 1968 12176 1969 12177 1991 12178 1992 12179 1992 12180 1970 12181 1969 12182 1970 12183 1992 12184 1993 12185 1993 12186 1994 12187 1970 12188 1971 12189 1970 12190 1994 12191 1994 12192 1995 12193 1971 12194 1972 12195 1971 12196 1995 12197 1995 12198 1973 12199 1972 12200 1973 12201 1995 12202 1996 12203 1996 12204 1974 12205 1973 12206 1974 12207 1996 12208 1997 12209 1997 12210 1975 12211 1974 12212 1975 12213 1997 12214 1998 12215 1998 12216 1976 12217 1975 12218 1976 12219 1998 12220 1999 12221 1999 12222 1977 12223 1976 12224 1977 12225 1999 12226 2000 12227 2000 12228 1978 12229 1977 12230 1978 12231 2000 12232 2001 12233 2001 12234 2002 12235 1978 12236 1979 12237 1978 12238 2002 12239 2002 12240 2003 12241 1979 12242 1980 12243 1979 12244 2003 12245 2003 12246 2004 12247 1980 12248 1981 12249 1980 12250 2004 12251 2004 12252 2005 12253 1981 12254 1982 12255 1981 12256 2005 12257 2005 12258 2247 12259 1982 12260 1983 12261 1982 12262 2247 12263 2247 12264 2252 12265 1983 12266 2253 12267 1983 12268 2252 12269 2630 12270 2634 12271 1984 12272 2635 12273 1984 12274 2634 12275 1985 12276 2635 12277 2006 12278 2635 12279 1985 12280 1984 12281 1986 12282 2006 12283 2007 12284 2006 12285 1986 12286 1985 12287 1987 12288 2007 12289 2008 12290 2007 12291 1987 12292 1986 12293 1988 12294 2008 12295 2009 12296 2008 12297 1988 12298 1987 12299 1989 12300 2009 12301 2010 12302 2009 12303 1989 12304 1988 12305 2010 12306 1990 12307 1989 12308 1990 12309 2010 12310 2011 12311 2011 12312 1991 12313 1990 12314 1991 12315 2011 12316 2012 12317 2012 12318 1992 12319 1991 12320 1992 12321 2012 12322 2013 12323 2013 12324 2014 12325 1992 12326 1993 12327 1992 12328 2014 12329 2014 12330 2015 12331 1993 12332 1994 12333 1993 12334 2015 12335 2015 12336 2016 12337 1994 12338 1995 12339 1994 12340 2016 12341 2016 12342 1996 12343 1995 12344 1996 12345 2016 12346 2017 12347 2017 12348 1997 12349 1996 12350 1997 12351 2017 12352 2018 12353 2018 12354 1998 12355 1997 12356 1998 12357 2018 12358 2019 12359 2019 12360 1999 12361 1998 12362 1999 12363 2019 12364 2020 12365 2020 12366 2000 12367 1999 12368 2000 12369 2020 12370 2021 12371 2021 12372 2001 12373 2000 12374 2001 12375 2021 12376 2022 12377 2022 12378 2023 12379 2001 12380 2002 12381 2001 12382 2023 12383 2023 12384 2024 12385 2002 12386 2003 12387 2002 12388 2024 12389 2024 12390 2025 12391 2003 12392 2004 12393 2003 12394 2025 12395 2025 12396 2242 12397 2004 12398 2005 12399 2004 12400 2242 12401 2242 12402 2246 12403 2005 12404 2247 12405 2005 12406 2246 12407 2635 12408 2639 12409 2006 12410 2640 12411 2006 12412 2639 12413 2007 12414 2640 12415 2026 12416 2640 12417 2007 12418 2006 12419 2026 12420 2008 12421 2007 12422 2008 12423 2026 12424 2027 12425 2009 12426 2027 12427 2028 12428 2027 12429 2009 12430 2008 12431 2028 12432 2010 12433 2009 12434 2010 12435 2028 12436 2029 12437 2029 12438 2011 12439 2010 12440 2011 12441 2029 12442 2030 12443 2030 12444 2012 12445 2011 12446 2012 12447 2030 12448 2031 12449 2031 12450 2032 12451 2012 12452 2013 12453 2012 12454 2032 12455 2032 12456 2033 12457 2013 12458 2014 12459 2013 12460 2033 12461 2033 12462 2034 12463 2014 12464 2015 12465 2014 12466 2034 12467 2034 12468 2035 12469 2015 12470 2016 12471 2015 12472 2035 12473 2035 12474 2017 12475 2016 12476 2017 12477 2035 12478 2036 12479 2036 12480 2018 12481 2017 12482 2018 12483 2036 12484 2037 12485 2037 12486 2019 12487 2018 12488 2019 12489 2037 12490 2038 12491 2038 12492 2020 12493 2019 12494 2020 12495 2038 12496 2039 12497 2039 12498 2021 12499 2020 12500 2021 12501 2039 12502 2040 12503 2040 12504 2022 12505 2021 12506 2022 12507 2040 12508 2041 12509 2041 12510 2023 12511 2022 12512 2023 12513 2041 12514 2042 12515 2042 12516 2043 12517 2023 12518 2024 12519 2023 12520 2043 12521 2043 12522 2237 12523 2024 12524 2025 12525 2024 12526 2237 12527 2237 12528 2241 12529 2025 12530 2242 12531 2025 12532 2241 12533 2640 12534 2643 12535 2026 12536 2026 12537 2643 12538 2644 12539 2644 12540 2027 12541 2026 12542 2027 12543 2644 12544 2044 12545 2044 12546 2028 12547 2027 12548 2028 12549 2044 12550 2045 12551 2045 12552 2029 12553 2028 12554 2029 12555 2045 12556 2046 12557 2046 12558 2030 12559 2029 12560 2030 12561 2046 12562 2047 12563 2047 12564 2048 12565 2030 12566 2031 12567 2030 12568 2048 12569 2048 12570 2049 12571 2031 12572 2032 12573 2031 12574 2049 12575 2049 12576 2050 12577 2032 12578 2033 12579 2032 12580 2050 12581 2050 12582 2051 12583 2033 12584 2034 12585 2033 12586 2051 12587 2051 12588 2052 12589 2034 12590 2035 12591 2034 12592 2052 12593 2052 12594 2036 12595 2035 12596 2036 12597 2052 12598 2053 12599 2053 12600 2037 12601 2036 12602 2037 12603 2053 12604 2054 12605 2054 12606 2038 12607 2037 12608 2038 12609 2054 12610 2055 12611 2055 12612 2039 12613 2038 12614 2039 12615 2055 12616 2056 12617 2056 12618 2040 12619 2039 12620 2040 12621 2056 12622 2057 12623 2057 12624 2041 12625 2040 12626 2041 12627 2057 12628 2058 12629 2058 12630 2042 12631 2041 12632 2042 12633 2058 12634 2059 12635 2059 12636 2043 12637 2042 12638 2043 12639 2059 12640 2233 12641 2233 12642 2236 12643 2043 12644 2043 12645 2236 12646 2237 12647 2644 12648 2647 12649 2044 12650 2044 12651 2647 12652 2648 12653 2648 12654 2045 12655 2044 12656 2045 12657 2648 12658 2060 12659 2060 12660 2046 12661 2045 12662 2046 12663 2060 12664 2061 12665 2062 12666 2046 12667 2061 12668 2046 12669 2062 12670 2047 12671 2062 12672 2063 12673 2047 12674 2047 12675 2063 12676 2048 12677 2063 12678 2064 12679 2048 12680 2048 12681 2064 12682 2049 12683 2064 12684 2065 12685 2049 12686 2049 12687 2065 12688 2050 12689 2065 12690 2066 12691 2050 12692 2050 12693 2066 12694 2051 12695 2066 12696 2067 12697 2051 12698 2051 12699 2067 12700 2052 12701 2067 12702 2053 12703 2052 12704 2053 12705 2067 12706 2068 12707 2068 12708 2054 12709 2053 12710 2054 12711 2068 12712 2069 12713 2069 12714 2055 12715 2054 12716 2055 12717 2069 12718 2070 12719 2070 12720 2056 12721 2055 12722 2056 12723 2070 12724 2071 12725 2071 12726 2057 12727 2056 12728 2057 12729 2071 12730 2072 12731 2072 12732 2058 12733 2057 12734 2058 12735 2072 12736 2073 12737 2073 12738 2059 12739 2058 12740 2059 12741 2073 12742 2229 12743 2229 12744 2232 12745 2059 12746 2059 12747 2232 12748 2233 12749 2650 12750 2060 12751 2648 12752 2060 12753 2650 12754 2651 12755 2651 12756 2061 12757 2060 12758 2061 12759 2651 12760 2074 12761 2075 12762 2061 12763 2074 12764 2061 12765 2075 12766 2062 12767 2075 12768 2076 12769 2062 12770 2062 12771 2076 12772 2063 12773 2076 12774 2077 12775 2063 12776 2063 12777 2077 12778 2064 12779 2077 12780 2078 12781 2064 12782 2064 12783 2078 12784 2065 12785 2078 12786 2079 12787 2065 12788 2065 12789 2079 12790 2066 12791 2079 12792 2080 12793 2066 12794 2066 12795 2080 12796 2067 12797 2080 12798 2068 12799 2067 12800 2068 12801 2080 12802 2081 12803 2081 12804 2069 12805 2068 12806 2069 12807 2081 12808 2082 12809 2082 12810 2070 12811 2069 12812 2070 12813 2082 12814 2083 12815 2083 12816 2071 12817 2070 12818 2071 12819 2083 12820 2084 12821 2084 12822 2072 12823 2071 12824 2072 12825 2084 12826 2085 12827 2085 12828 2073 12829 2072 12830 2073 12831 2085 12832 2226 12833 2226 12834 2228 12835 2073 12836 2073 12837 2228 12838 2229 12839 2651 12840 2654 12841 2074 12842 2654 12843 2651 12844 2653 12845 2086 12846 2074 12847 2654 12848 2074 12849 2086 12850 2075 12851 2087 12852 2075 12853 2086 12854 2075 12855 2087 12856 2076 12857 2087 12858 2088 12859 2076 12860 2076 12861 2088 12862 2077 12863 2088 12864 2089 12865 2077 12866 2077 12867 2089 12868 2078 12869 2089 12870 2090 12871 2078 12872 2078 12873 2090 12874 2079 12875 2090 12876 2091 12877 2079 12878 2079 12879 2091 12880 2080 12881 2091 12882 2092 12883 2080 12884 2080 12885 2092 12886 2081 12887 2092 12888 2082 12889 2081 12890 2082 12891 2092 12892 2093 12893 2093 12894 2083 12895 2082 12896 2083 12897 2093 12898 2094 12899 2094 12900 2084 12901 2083 12902 2084 12903 2094 12904 2095 12905 2223 12906 2084 12907 2095 12908 2084 12909 2223 12910 2085 12911 2223 12912 2225 12913 2085 12914 2085 12915 2225 12916 2226 12917 2654 12918 2656 12919 2086 12920 2656 12921 2654 12922 2655 12923 2096 12924 2086 12925 2656 12926 2086 12927 2096 12928 2087 12929 2096 12930 2097 12931 2087 12932 2087 12933 2097 12934 2088 12935 2097 12936 2098 12937 2088 12938 2088 12939 2098 12940 2089 12941 2098 12942 2099 12943 2089 12944 2089 12945 2099 12946 2090 12947 2099 12948 2100 12949 2090 12950 2090 12951 2100 12952 2091 12953 2100 12954 2101 12955 2091 12956 2091 12957 2101 12958 2092 12959 2101 12960 2102 12961 2092 12962 2092 12963 2102 12964 2093 12965 2102 12966 2094 12967 2093 12968 2094 12969 2102 12970 2103 12971 2103 12972 2220 12973 2094 12974 2094 12975 2220 12976 2095 12977 2220 12978 2222 12979 2095 12980 2095 12981 2222 12982 2223 12983 2658 12984 2656 12985 2657 12986 2656 12987 2658 12988 2096 12989 2658 12990 2104 12991 2096 12992 2096 12993 2104 12994 2097 12995 2104 12996 2105 12997 2097 12998 2097 12999 2105 13000 2098 13001 2105 13002 2106 13003 2098 13004 2098 13005 2106 13006 2099 13007 2106 13008 2107 13009 2099 13010 2099 13011 2107 13012 2100 13013 2107 13014 2108 13015 2100 13016 2100 13017 2108 13018 2101 13019 2108 13020 2109 13021 2101 13022 2101 13023 2109 13024 2102 13025 2109 13026 2218 13027 2102 13028 2102 13029 2218 13030 2103 13031 2218 13032 2219 13033 2103 13034 2103 13035 2219 13036 2220 13037 2658 13038 2659 13039 2104 13040 2659 13041 2658 13042 2564 13043 2659 13044 2110 13045 2104 13046 2104 13047 2110 13048 2105 13049 2110 13050 2111 13051 2105 13052 2105 13053 2111 13054 2106 13055 2112 13056 2106 13057 2111 13058 2106 13059 2112 13060 2107 13061 2113 13062 2107 13063 2112 13064 2107 13065 2113 13066 2108 13067 2216 13068 2108 13069 2113 13070 2108 13071 2216 13072 2109 13073 2217 13074 2109 13075 2216 13076 2109 13077 2217 13078 2218 13079 2660 13080 2659 13081 2529 13082 2659 13083 2660 13084 2110 13085 2114 13086 2110 13087 2660 13088 2110 13089 2114 13090 2111 13091 2115 13092 2111 13093 2114 13094 2111 13095 2115 13096 2112 13097 2215 13098 2112 13099 2115 13100 2112 13101 2215 13102 2113 13103 2455 13104 2113 13105 2215 13106 2113 13107 2455 13108 2216 13109 2214 13110 2215 13111 2115 13112 2215 13113 2214 13114 2565 13115 2621 13116 2691 13117 2690 13118 2691 13119 2621 13120 2116 13121 2666 13122 2691 13123 2116 13124 2116 13125 2117 13126 2666 13127 2122 13128 2117 13129 2116 13130 2117 13131 2122 13132 2123 13133 2666 13134 2118 13135 2667 13136 2118 13137 2666 13138 2117 13139 2123 13140 2118 13141 2117 13142 2118 13143 2123 13144 2124 13145 2124 13146 2125 13147 2118 13148 2118 13149 2125 13150 2119 13151 2667 13152 2119 13153 2668 13154 2119 13155 2667 13156 2118 13157 2125 13158 2126 13159 2119 13160 2119 13161 2126 13162 2120 13163 2668 13164 2120 13165 2669 13166 2120 13167 2668 13168 2119 13169 2127 13170 2120 13171 2126 13172 2120 13173 2127 13174 2121 13175 2121 13176 2669 13177 2120 13178 2669 13179 2121 13180 2760 13181 2718 13182 2121 13183 2127 13184 2717 13185 2121 13186 2718 13187 2717 13188 2760 13189 2121 13190 2760 13191 2717 13192 2716 13193 2295 13194 2123 13195 2122 13196 2123 13197 2295 13198 2128 13199 2128 13200 2129 13201 2123 13202 2123 13203 2129 13204 2124 13205 2129 13206 2130 13207 2124 13208 2124 13209 2130 13210 2125 13211 2131 13212 2125 13213 2130 13214 2125 13215 2131 13216 2126 13217 2132 13218 2126 13219 2131 13220 2126 13221 2132 13222 2127 13223 2718 13224 2132 13225 2384 13226 2132 13227 2718 13228 2127 13229 2133 13230 2129 13231 2128 13232 2129 13233 2133 13234 2134 13235 2133 13236 2295 13237 2296 13238 2295 13239 2133 13240 2128 13241 2134 13242 2130 13243 2129 13244 2130 13245 2134 13246 2135 13247 2136 13248 2130 13249 2135 13250 2130 13251 2136 13252 2131 13253 2137 13254 2131 13255 2136 13256 2131 13257 2137 13258 2132 13259 2137 13260 2384 13261 2132 13262 2384 13263 2137 13264 2385 13265 2138 13266 2134 13267 2133 13268 2134 13269 2138 13270 2139 13271 2139 13272 2135 13273 2134 13274 2135 13275 2139 13276 2140 13277 2141 13278 2135 13279 2140 13280 2135 13281 2141 13282 2136 13283 2141 13284 2137 13285 2136 13286 2137 13287 2141 13288 2142 13289 2142 13290 2385 13291 2137 13292 2385 13293 2142 13294 2386 13295 2144 13296 2138 13297 2143 13298 2138 13299 2144 13300 2139 13301 2145 13302 2139 13303 2144 13304 2139 13305 2145 13306 2140 13307 2145 13308 2141 13309 2140 13310 2141 13311 2145 13312 2146 13313 2146 13314 2142 13315 2141 13316 2142 13317 2146 13318 2147 13319 2147 13320 2386 13321 2142 13322 2386 13323 2147 13324 2387 13325 2297 13326 2144 13327 2143 13328 2144 13329 2297 13330 2148 13331 2148 13332 2145 13333 2144 13334 2145 13335 2148 13336 2149 13337 2149 13338 2146 13339 2145 13340 2146 13341 2149 13342 2150 13343 2150 13344 2147 13345 2146 13346 2147 13347 2150 13348 2151 13349 2151 13350 2387 13351 2147 13352 2387 13353 2151 13354 2389 13355 2149 13356 2152 13357 2153 13358 2152 13359 2149 13360 2148 13361 2298 13362 2152 13363 2148 13364 2298 13365 2148 13366 2297 13367 2150 13368 2153 13369 2154 13370 2153 13371 2150 13372 2149 13373 2151 13374 2154 13375 2155 13376 2154 13377 2151 13378 2150 13379 2389 13380 2155 13381 2391 13382 2155 13383 2389 13384 2151 13385 2153 13386 2156 13387 2157 13388 2156 13389 2153 13390 2152 13391 2156 13392 2152 13393 2299 13394 2152 13395 2298 13396 2299 13397 2154 13398 2157 13399 2158 13400 2157 13401 2154 13402 2153 13403 2155 13404 2158 13405 2159 13406 2158 13407 2155 13408 2154 13409 2391 13410 2159 13411 2393 13412 2159 13413 2391 13414 2155 13415 2301 13416 2156 13417 2300 13418 2156 13419 2299 13420 2300 13421 2157 13422 2301 13423 2160 13424 2301 13425 2157 13426 2156 13427 2158 13428 2160 13429 2161 13430 2160 13431 2158 13432 2157 13433 2159 13434 2161 13435 2162 13436 2161 13437 2159 13438 2158 13439 2393 13440 2162 13441 2163 13442 2162 13443 2393 13444 2159 13445 2161 13446 2164 13447 2165 13448 2164 13449 2161 13450 2160 13451 2164 13452 2160 13453 2303 13454 2160 13455 2301 13456 2303 13457 2162 13458 2165 13459 2166 13460 2165 13461 2162 13462 2161 13463 2163 13464 2166 13465 2167 13466 2166 13467 2163 13468 2162 13469 2396 13470 2394 13471 2163 13472 2163 13473 2394 13474 2393 13475 2396 13476 2167 13477 2398 13478 2167 13479 2396 13480 2163 13481 2165 13482 2168 13483 2169 13484 2168 13485 2165 13486 2164 13487 2168 13488 2164 13489 2305 13490 2164 13491 2303 13492 2305 13493 2165 13494 2170 13495 2166 13496 2170 13497 2165 13498 2169 13499 2167 13500 2170 13501 2171 13502 2170 13503 2167 13504 2166 13505 2398 13506 2171 13507 2401 13508 2171 13509 2398 13510 2167 13511 2172 13512 2305 13513 2307 13514 2305 13515 2172 13516 2168 13517 2173 13518 2169 13519 2168 13520 2173 13521 2168 13522 2172 13523 2174 13524 2170 13525 2169 13526 2174 13527 2169 13528 2173 13529 2170 13530 2175 13531 2171 13532 2175 13533 2170 13534 2174 13535 2404 13536 2401 13537 2171 13538 2171 13539 2175 13540 2404 13541 2310 13542 2307 13543 2309 13544 2307 13545 2310 13546 2172 13547 2176 13548 2173 13549 2172 13550 2176 13551 2172 13552 2310 13553 2177 13554 2174 13555 2173 13556 2177 13557 2173 13558 2176 13559 2174 13560 2178 13561 2175 13562 2178 13563 2174 13564 2177 13565 2407 13566 2175 13567 2178 13568 2175 13569 2407 13570 2404 13571 2180 13572 2176 13573 2179 13574 2180 13575 2177 13576 2176 13577 2179 13578 2310 13579 2312 13580 2310 13581 2179 13582 2176 13583 2181 13584 2177 13585 2180 13586 2181 13587 2178 13588 2177 13589 2411 13590 2178 13591 2181 13592 2178 13593 2411 13594 2407 13595 2183 13596 2179 13597 2182 13598 2179 13599 2183 13600 2180 13601 2182 13602 2312 13603 2314 13604 2312 13605 2182 13606 2179 13607 2184 13608 2180 13609 2183 13610 2184 13611 2181 13612 2180 13613 2415 13614 2181 13615 2184 13616 2181 13617 2415 13618 2411 13619 2185 13620 2314 13621 2316 13622 2314 13623 2185 13624 2182 13625 2186 13626 2182 13627 2185 13628 2182 13629 2186 13630 2183 13631 2187 13632 2183 13633 2186 13634 2183 13635 2187 13636 2184 13637 2187 13638 2415 13639 2184 13640 2415 13641 2187 13642 2419 13643 2319 13644 2316 13645 2318 13646 2316 13647 2319 13648 2185 13649 2188 13650 2185 13651 2319 13652 2185 13653 2188 13654 2186 13655 2189 13656 2186 13657 2188 13658 2186 13659 2189 13660 2187 13661 2189 13662 2419 13663 2187 13664 2419 13665 2189 13666 2423 13667 2191 13668 2188 13669 2190 13670 2188 13671 2191 13672 2189 13673 2190 13674 2319 13675 2322 13676 2319 13677 2190 13678 2188 13679 2427 13680 2189 13681 2191 13682 2189 13683 2427 13684 2423 13685 2193 13686 2190 13687 2192 13688 2190 13689 2193 13690 2191 13691 2192 13692 2322 13693 2325 13694 2322 13695 2192 13696 2190 13697 2193 13698 2427 13699 2191 13700 2427 13701 2193 13702 2194 13703 2329 13704 2192 13705 2328 13706 2328 13707 2192 13708 2325 13709 2329 13710 2193 13711 2192 13712 2193 13713 2329 13714 2195 13715 2195 13716 2194 13717 2193 13718 2194 13719 2195 13720 2196 13721 2196 13722 2431 13723 2194 13724 2431 13725 2196 13726 2434 13727 2431 13728 2428 13729 2194 13730 2427 13731 2194 13732 2428 13733 2197 13734 2196 13735 2195 13736 2196 13737 2197 13738 2198 13739 2197 13740 2329 13741 2333 13742 2329 13743 2197 13744 2195 13745 2198 13746 2434 13747 2196 13748 2434 13749 2198 13750 2437 13751 2199 13752 2198 13753 2197 13754 2198 13755 2199 13756 2200 13757 2199 13758 2333 13759 2337 13760 2333 13761 2199 13762 2197 13763 2200 13764 2437 13765 2198 13766 2437 13767 2200 13768 2440 13769 2201 13770 2337 13771 2341 13772 2337 13773 2201 13774 2199 13775 2202 13776 2199 13777 2201 13778 2199 13779 2202 13780 2200 13781 2202 13782 2440 13783 2200 13784 2440 13785 2202 13786 2442 13787 2345 13788 2341 13789 2344 13790 2341 13791 2345 13792 2201 13793 2345 13794 2202 13795 2201 13796 2202 13797 2345 13798 2203 13799 2203 13800 2442 13801 2202 13802 2442 13803 2203 13804 2444 13805 2204 13806 2444 13807 2203 13808 2444 13809 2204 13810 2446 13811 2349 13812 2203 13813 2345 13814 2204 13815 2203 13816 2349 13817 2205 13818 2446 13819 2204 13820 2446 13821 2205 13822 2448 13823 2353 13824 2204 13825 2349 13826 2204 13827 2353 13828 2205 13829 2357 13830 2205 13831 2353 13832 2206 13833 2205 13834 2357 13835 2206 13836 2448 13837 2205 13838 2448 13839 2206 13840 2450 13841 2361 13842 2206 13843 2357 13844 2206 13845 2361 13846 2362 13847 2362 13848 2450 13849 2206 13850 2450 13851 2362 13852 2452 13853 2603 13854 2207 13855 2208 13856 2207 13857 2603 13858 2454 13859 2367 13860 2208 13861 2207 13862 2208 13863 2367 13864 2372 13865 2367 13866 2452 13867 2362 13868 2452 13869 2367 13870 2207 13871 2454 13872 2453 13873 2207 13874 2452 13875 2207 13876 2453 13877 2209 13878 2372 13879 2377 13880 2372 13881 2209 13882 2208 13883 2609 13884 2208 13885 2209 13886 2208 13887 2609 13888 2603 13889 2383 13890 2377 13891 2382 13892 2377 13893 2383 13894 2209 13895 2615 13896 2209 13897 2383 13898 2209 13899 2615 13900 2609 13901 2211 13902 2685 13903 2210 13904 2685 13905 2211 13906 2212 13907 2763 13908 2210 13909 2547 13910 2210 13911 2763 13912 2211 13913 2547 13914 2678 13915 2549 13916 2678 13917 2547 13918 2210 13919 2678 13920 2210 13921 2679 13922 2210 13923 2685 13924 2679 13925 2627 13926 2212 13927 2211 13928 2212 13929 2627 13930 2624 13931 2763 13932 2627 13933 2211 13934 2627 13935 2763 13936 2631 13937 2624 13938 2213 13939 2212 13940 2213 13941 2624 13942 2622 13943 2685 13944 2212 13945 2686 13946 2212 13947 2213 13948 2686 13949 2686 13950 2213 13951 2687 13952 2213 13953 2690 13954 2687 13955 2622 13956 2690 13957 2213 13958 2690 13959 2622 13960 2621 13961 2418 13962 2565 13963 2214 13964 2565 13965 2418 13966 2422 13967 2565 13968 2455 13969 2215 13970 2455 13971 2565 13972 2566 13973 2456 13974 2216 13975 2455 13976 2216 13977 2456 13978 2217 13979 2456 13980 2458 13981 2217 13982 2458 13983 2456 13984 2457 13985 2458 13986 2218 13987 2217 13988 2218 13989 2458 13990 2219 13991 2220 13992 2221 13993 2222 13994 2221 13995 2220 13996 2219 13997 2459 13998 2219 13999 2458 14000 2219 14001 2459 14002 2221 14003 2459 14004 2461 14005 2221 14006 2461 14007 2459 14008 2460 14009 2222 14010 2461 14011 2224 14012 2461 14013 2222 14014 2221 14015 2223 14016 2224 14017 2225 14018 2224 14019 2223 14020 2222 14021 2225 14022 2464 14023 2227 14024 2464 14025 2225 14026 2224 14027 2461 14028 2463 14029 2224 14030 2224 14031 2463 14032 2464 14033 2226 14034 2227 14035 2228 14036 2227 14037 2226 14038 2225 14039 2228 14040 2230 14041 2231 14042 2230 14043 2228 14044 2227 14045 2464 14046 2467 14047 2227 14048 2227 14049 2467 14050 2230 14051 2229 14052 2231 14053 2232 14054 2231 14055 2229 14056 2228 14057 2467 14058 2470 14059 2230 14060 2230 14061 2470 14062 2471 14063 2231 14064 2471 14065 2234 14066 2471 14067 2231 14068 2230 14069 2232 14070 2234 14071 2235 14072 2234 14073 2232 14074 2231 14075 2233 14076 2235 14077 2236 14078 2235 14079 2233 14080 2232 14081 2235 14082 2238 14083 2239 14084 2238 14085 2235 14086 2234 14087 2471 14088 2474 14089 2234 14090 2234 14091 2474 14092 2238 14093 2236 14094 2239 14095 2240 14096 2239 14097 2236 14098 2235 14099 2237 14100 2240 14101 2241 14102 2240 14103 2237 14104 2236 14105 2474 14106 2477 14107 2238 14108 2238 14109 2477 14110 2478 14111 2239 14112 2478 14113 2243 14114 2478 14115 2239 14116 2238 14117 2240 14118 2243 14119 2244 14120 2243 14121 2240 14122 2239 14123 2241 14124 2244 14125 2245 14126 2244 14127 2241 14128 2240 14129 2242 14130 2245 14131 2246 14132 2245 14133 2242 14134 2241 14135 2244 14136 2248 14137 2249 14138 2248 14139 2244 14140 2243 14141 2478 14142 2482 14143 2243 14144 2243 14145 2482 14146 2248 14147 2245 14148 2249 14149 2250 14150 2249 14151 2245 14152 2244 14153 2246 14154 2250 14155 2251 14156 2250 14157 2246 14158 2245 14159 2247 14160 2251 14161 2252 14162 2251 14163 2247 14164 2246 14165 2482 14166 2486 14167 2248 14168 2248 14169 2486 14170 2487 14171 2249 14172 2487 14173 2254 14174 2487 14175 2249 14176 2248 14177 2250 14178 2254 14179 2255 14180 2254 14181 2250 14182 2249 14183 2251 14184 2255 14185 2256 14186 2255 14187 2251 14188 2250 14189 2252 14190 2256 14191 2257 14192 2256 14193 2252 14194 2251 14195 2253 14196 2257 14197 2258 14198 2257 14199 2253 14200 2252 14201 2487 14202 2491 14203 2254 14204 2254 14205 2491 14206 2492 14207 2255 14208 2492 14209 2260 14210 2492 14211 2255 14212 2254 14213 2256 14214 2260 14215 2261 14216 2260 14217 2256 14218 2255 14219 2257 14220 2261 14221 2262 14222 2261 14223 2257 14224 2256 14225 2258 14226 2262 14227 2263 14228 2262 14229 2258 14230 2257 14231 2259 14232 2263 14233 2264 14234 2263 14235 2259 14236 2258 14237 2261 14238 2266 14239 2267 14240 2266 14241 2261 14242 2260 14243 2492 14244 2266 14245 2260 14246 2266 14247 2492 14248 2497 14249 2262 14250 2267 14251 2268 14252 2267 14253 2262 14254 2261 14255 2263 14256 2268 14257 2269 14258 2268 14259 2263 14260 2262 14261 2264 14262 2269 14263 2270 14264 2269 14265 2264 14266 2263 14267 2265 14268 2270 14269 2271 14270 2270 14271 2265 14272 2264 14273 2497 14274 2502 14275 2266 14276 2503 14277 2266 14278 2502 14279 2267 14280 2503 14281 2273 14282 2503 14283 2267 14284 2266 14285 2268 14286 2273 14287 2274 14288 2273 14289 2268 14290 2267 14291 2269 14292 2274 14293 2275 14294 2274 14295 2269 14296 2268 14297 2270 14298 2275 14299 2276 14300 2275 14301 2270 14302 2269 14303 2271 14304 2276 14305 2277 14306 2276 14307 2271 14308 2270 14309 2272 14310 2277 14311 2278 14312 2277 14313 2272 14314 2271 14315 2274 14316 2280 14317 2281 14318 2280 14319 2274 14320 2273 14321 2503 14322 2509 14323 2273 14324 2280 14325 2273 14326 2509 14327 2275 14328 2281 14329 2282 14330 2281 14331 2275 14332 2274 14333 2276 14334 2282 14335 2283 14336 2282 14337 2276 14338 2275 14339 2277 14340 2283 14341 2284 14342 2283 14343 2277 14344 2276 14345 2278 14346 2284 14347 2285 14348 2284 14349 2278 14350 2277 14351 2286 14352 2279 14353 2278 14354 2286 14355 2278 14356 2285 14357 2509 14358 2514 14359 2280 14360 2515 14361 2280 14362 2514 14363 2281 14364 2515 14365 2288 14366 2515 14367 2281 14368 2280 14369 2282 14370 2288 14371 2289 14372 2288 14373 2282 14374 2281 14375 2283 14376 2289 14377 2290 14378 2289 14379 2283 14380 2282 14381 2284 14382 2290 14383 2291 14384 2290 14385 2284 14386 2283 14387 2285 14388 2291 14389 2292 14390 2291 14391 2285 14392 2284 14393 2293 14394 2286 14395 2285 14396 2293 14397 2285 14398 2292 14399 2294 14400 2287 14401 2286 14402 2294 14403 2286 14404 2293 14405 2762 14406 2378 14407 2287 14408 2287 14409 2294 14410 2762 14411 2289 14412 2764 14413 2530 14414 2764 14415 2289 14416 2288 14417 2515 14418 2740 14419 2288 14420 2288 14421 2740 14422 2764 14423 2290 14424 2530 14425 2532 14426 2530 14427 2290 14428 2289 14429 2291 14430 2532 14431 2535 14432 2532 14433 2291 14434 2290 14435 2292 14436 2535 14437 2539 14438 2535 14439 2292 14440 2291 14441 2293 14442 2539 14443 2544 14444 2539 14445 2293 14446 2292 14447 2546 14448 2294 14449 2293 14450 2293 14451 2544 14452 2546 14453 2762 14454 2546 14455 2728 14456 2546 14457 2762 14458 2294 14459 2301 14460 2302 14461 2303 14462 2302 14463 2301 14464 2300 14465 2302 14466 2305 14467 2303 14468 2305 14469 2302 14470 2304 14471 2304 14472 2307 14473 2305 14474 2307 14475 2304 14476 2306 14477 2309 14478 2307 14479 2306 14480 2309 14481 2306 14482 2308 14483 2312 14484 2309 14485 2311 14486 2309 14487 2312 14488 2310 14489 2314 14490 2311 14491 2313 14492 2311 14493 2314 14494 2312 14495 2316 14496 2313 14497 2315 14498 2313 14499 2316 14500 2314 14501 2317 14502 2316 14503 2315 14504 2316 14505 2317 14506 2318 14507 2320 14508 2318 14509 2317 14510 2318 14511 2320 14512 2321 14513 2322 14514 2318 14515 2321 14516 2318 14517 2322 14518 2319 14519 2323 14520 2321 14521 2320 14522 2321 14523 2323 14524 2324 14525 2324 14526 2322 14527 2321 14528 2322 14529 2324 14530 2325 14531 2326 14532 2324 14533 2323 14534 2324 14535 2326 14536 2327 14537 2327 14538 2325 14539 2324 14540 2325 14541 2327 14542 2328 14543 2330 14544 2327 14545 2326 14546 2327 14547 2330 14548 2331 14549 2331 14550 2328 14551 2327 14552 2328 14553 2331 14554 2332 14555 2332 14556 2329 14557 2328 14558 2329 14559 2332 14560 2333 14561 2334 14562 2331 14563 2330 14564 2331 14565 2334 14566 2335 14567 2335 14568 2332 14569 2331 14570 2332 14571 2335 14572 2336 14573 2336 14574 2333 14575 2332 14576 2333 14577 2336 14578 2337 14579 2338 14580 2335 14581 2334 14582 2335 14583 2338 14584 2339 14585 2339 14586 2336 14587 2335 14588 2336 14589 2339 14590 2340 14591 2341 14592 2336 14593 2340 14594 2336 14595 2341 14596 2337 14597 2342 14598 2340 14599 2339 14600 2340 14601 2342 14602 2343 14603 2344 14604 2340 14605 2343 14606 2340 14607 2344 14608 2341 14609 2346 14610 2343 14611 2342 14612 2343 14613 2346 14614 2347 14615 2348 14616 2343 14617 2347 14618 2343 14619 2348 14620 2344 14621 2348 14622 2345 14623 2344 14624 2345 14625 2348 14626 2349 14627 2350 14628 2347 14629 2346 14630 2347 14631 2350 14632 2351 14633 2352 14634 2347 14635 2351 14636 2347 14637 2352 14638 2348 14639 2353 14640 2348 14641 2352 14642 2348 14643 2353 14644 2349 14645 2355 14646 2350 14647 2354 14648 2350 14649 2355 14650 2351 14651 2356 14652 2351 14653 2355 14654 2351 14655 2356 14656 2352 14657 2357 14658 2352 14659 2356 14660 2352 14661 2357 14662 2353 14663 2358 14664 2355 14665 2354 14666 2355 14667 2358 14668 2359 14669 2359 14670 2356 14671 2355 14672 2356 14673 2359 14674 2360 14675 2360 14676 2357 14677 2356 14678 2357 14679 2360 14680 2361 14681 2364 14682 2358 14683 2363 14684 2358 14685 2364 14686 2359 14687 2365 14688 2359 14689 2364 14690 2359 14691 2365 14692 2360 14693 2366 14694 2360 14695 2365 14696 2360 14697 2366 14698 2361 14699 2366 14700 2362 14701 2361 14702 2362 14703 2366 14704 2367 14705 2369 14706 2363 14707 2368 14708 2363 14709 2369 14710 2364 14711 2370 14712 2364 14713 2369 14714 2364 14715 2370 14716 2365 14717 2371 14718 2365 14719 2370 14720 2365 14721 2371 14722 2366 14723 2372 14724 2366 14725 2371 14726 2366 14727 2372 14728 2367 14729 2374 14730 2369 14731 2368 14732 2368 14733 2373 14734 2374 14735 2375 14736 2369 14737 2374 14738 2375 14739 2370 14740 2369 14741 2376 14742 2371 14743 2370 14744 2376 14745 2370 14746 2375 14747 2377 14748 2371 14749 2376 14750 2371 14751 2377 14752 2372 14753 2379 14754 2374 14755 2373 14756 2373 14757 2378 14758 2379 14759 2380 14760 2374 14761 2379 14762 2374 14763 2380 14764 2375 14765 2381 14766 2375 14767 2380 14768 2375 14769 2381 14770 2376 14771 2382 14772 2376 14773 2381 14774 2376 14775 2382 14776 2377 14777 2728 14778 2378 14779 2762 14780 2378 14781 2728 14782 2379 14783 2729 14784 2379 14785 2728 14786 2379 14787 2729 14788 2380 14789 2730 14790 2380 14791 2729 14792 2730 14793 2381 14794 2380 14795 2731 14796 2381 14797 2730 14798 2381 14799 2731 14800 2382 14801 2732 14802 2382 14803 2731 14804 2382 14805 2732 14806 2383 14807 2726 14808 2383 14809 2732 14810 2383 14811 2726 14812 2615 14813 2384 14814 2712 14815 2718 14816 2712 14817 2384 14818 2713 14819 2713 14820 2385 14821 2714 14822 2385 14823 2713 14824 2384 14825 2714 14826 2386 14827 2715 14828 2386 14829 2714 14830 2385 14831 2715 14832 2387 14833 2388 14834 2387 14835 2715 14836 2386 14837 2389 14838 2388 14839 2387 14840 2388 14841 2389 14842 2390 14843 2390 14844 2707 14845 2388 14846 2707 14847 2390 14848 2708 14849 2715 14850 2707 14851 2706 14852 2707 14853 2715 14854 2388 14855 2391 14856 2390 14857 2389 14858 2390 14859 2391 14860 2392 14861 2392 14862 2709 14863 2390 14864 2390 14865 2709 14866 2708 14867 2392 14868 2393 14869 2394 14870 2393 14871 2392 14872 2391 14873 2709 14874 2392 14875 2395 14876 2392 14877 2394 14878 2395 14879 2395 14880 2394 14881 2397 14882 2394 14883 2396 14884 2397 14885 2699 14886 2395 14887 2700 14888 2395 14889 2397 14890 2700 14891 2709 14892 2699 14893 2698 14894 2699 14895 2709 14896 2395 14897 2399 14898 2397 14899 2396 14900 2396 14901 2398 14902 2399 14903 2700 14904 2397 14905 2400 14906 2397 14907 2399 14908 2400 14909 2402 14910 2399 14911 2398 14912 2398 14913 2401 14914 2402 14915 2399 14916 2402 14917 2403 14918 2399 14919 2403 14920 2400 14921 2403 14922 2693 14923 2400 14924 2400 14925 2693 14926 2692 14927 2401 14928 2404 14929 2405 14930 2401 14931 2405 14932 2402 14933 2402 14934 2405 14935 2406 14936 2402 14937 2406 14938 2403 14939 2406 14940 2694 14941 2403 14942 2403 14943 2694 14944 2693 14945 2408 14946 2404 14947 2407 14948 2404 14949 2408 14950 2405 14951 2405 14952 2408 14953 2409 14954 2405 14955 2409 14956 2406 14957 2409 14958 2410 14959 2406 14960 2406 14961 2410 14962 2694 14963 2412 14964 2407 14965 2411 14966 2407 14967 2412 14968 2408 14969 2412 14970 2409 14971 2408 14972 2409 14973 2412 14974 2413 14975 2414 14976 2409 14977 2413 14978 2409 14979 2414 14980 2410 14981 2415 14982 2412 14983 2411 14984 2412 14985 2415 14986 2416 14987 2416 14988 2413 14989 2412 14990 2413 14991 2416 14992 2417 14993 2418 14994 2413 14995 2417 14996 2413 14997 2418 14998 2414 14999 2419 15000 2416 15001 2415 15002 2416 15003 2419 15004 2420 15005 2420 15006 2417 15007 2416 15008 2417 15009 2420 15010 2421 15011 2422 15012 2417 15013 2421 15014 2417 15015 2422 15016 2418 15017 2423 15018 2420 15019 2419 15020 2420 15021 2423 15022 2424 15023 2424 15024 2421 15025 2420 15026 2421 15027 2424 15028 2425 15029 2426 15030 2421 15031 2425 15032 2421 15033 2426 15034 2422 15035 2566 15036 2422 15037 2426 15038 2422 15039 2566 15040 2565 15041 2427 15042 2424 15043 2423 15044 2424 15045 2427 15046 2428 15047 2428 15048 2425 15049 2424 15050 2425 15051 2428 15052 2429 15053 2429 15054 2426 15055 2425 15056 2426 15057 2429 15058 2430 15059 2567 15060 2426 15061 2430 15062 2426 15063 2567 15064 2566 15065 2431 15066 2429 15067 2428 15068 2429 15069 2431 15070 2432 15071 2433 15072 2429 15073 2432 15074 2429 15075 2433 15076 2430 15077 2568 15078 2430 15079 2433 15080 2430 15081 2568 15082 2567 15083 2434 15084 2432 15085 2431 15086 2432 15087 2434 15088 2435 15089 2436 15090 2432 15091 2435 15092 2432 15093 2436 15094 2433 15095 2569 15096 2433 15097 2436 15098 2433 15099 2569 15100 2568 15101 2437 15102 2435 15103 2434 15104 2435 15105 2437 15106 2438 15107 2439 15108 2435 15109 2438 15110 2435 15111 2439 15112 2436 15113 2571 15114 2436 15115 2439 15116 2436 15117 2571 15118 2569 15119 2440 15120 2438 15121 2437 15122 2438 15123 2440 15124 2441 15125 2573 15126 2438 15127 2441 15128 2438 15129 2573 15130 2439 15131 2574 15132 2439 15133 2573 15134 2439 15135 2574 15136 2571 15137 2442 15138 2441 15139 2440 15140 2441 15141 2442 15142 2443 15143 2576 15144 2441 15145 2443 15146 2441 15147 2576 15148 2573 15149 2444 15150 2443 15151 2442 15152 2443 15153 2444 15154 2445 15155 2579 15156 2443 15157 2445 15158 2443 15159 2579 15160 2576 15161 2446 15162 2445 15163 2444 15164 2445 15165 2446 15166 2447 15167 2582 15168 2445 15169 2447 15170 2445 15171 2582 15172 2579 15173 2448 15174 2447 15175 2446 15176 2447 15177 2448 15178 2449 15179 2586 15180 2447 15181 2449 15182 2447 15183 2586 15184 2582 15185 2450 15186 2449 15187 2448 15188 2449 15189 2450 15190 2451 15191 2590 15192 2449 15193 2451 15194 2449 15195 2590 15196 2586 15197 2452 15198 2451 15199 2450 15200 2451 15201 2452 15202 2453 15203 2594 15204 2451 15205 2453 15206 2451 15207 2594 15208 2590 15209 2598 15210 2453 15211 2454 15212 2453 15213 2598 15214 2594 15215 2604 15216 2454 15217 2603 15218 2454 15219 2604 15220 2598 15221 2566 15222 2456 15223 2455 15224 2456 15225 2566 15226 2567 15227 2567 15228 2457 15229 2456 15230 2457 15231 2567 15232 2568 15233 2568 15234 2570 15235 2457 15236 2570 15237 2568 15238 2569 15239 2457 15240 2570 15241 2459 15242 2457 15243 2459 15244 2458 15245 2570 15246 2460 15247 2459 15248 2460 15249 2570 15250 2572 15251 2460 15252 2462 15253 2463 15254 2460 15255 2463 15256 2461 15257 2572 15258 2462 15259 2460 15260 2462 15261 2572 15262 2575 15263 2462 15264 2465 15265 2466 15266 2462 15267 2466 15268 2463 15269 2575 15270 2465 15271 2462 15272 2465 15273 2575 15274 2578 15275 2463 15276 2466 15277 2467 15278 2463 15279 2467 15280 2464 15281 2578 15282 2468 15283 2465 15284 2468 15285 2578 15286 2581 15287 2465 15288 2468 15289 2469 15290 2465 15291 2469 15292 2466 15293 2466 15294 2469 15295 2470 15296 2466 15297 2470 15298 2467 15299 2585 15300 2581 15301 2584 15302 2581 15303 2585 15304 2468 15305 2468 15306 2585 15307 2472 15308 2468 15309 2472 15310 2469 15311 2469 15312 2472 15313 2473 15314 2469 15315 2473 15316 2470 15317 2471 15318 2473 15319 2474 15320 2473 15321 2471 15322 2470 15323 2472 15324 2475 15325 2476 15326 2472 15327 2476 15328 2473 15329 2585 15330 2475 15331 2472 15332 2475 15333 2585 15334 2589 15335 2474 15336 2476 15337 2477 15338 2476 15339 2474 15340 2473 15341 2475 15342 2479 15343 2480 15344 2475 15345 2480 15346 2476 15347 2589 15348 2479 15349 2475 15350 2479 15351 2589 15352 2593 15353 2477 15354 2480 15355 2481 15356 2480 15357 2477 15358 2476 15359 2478 15360 2481 15361 2482 15362 2481 15363 2478 15364 2477 15365 2593 15366 2483 15367 2479 15368 2483 15369 2593 15370 2597 15371 2479 15372 2483 15373 2484 15374 2479 15375 2484 15376 2480 15377 2481 15378 2484 15379 2485 15380 2484 15381 2481 15382 2480 15383 2482 15384 2485 15385 2486 15386 2485 15387 2482 15388 2481 15389 2602 15390 2597 15391 2601 15392 2597 15393 2602 15394 2483 15395 2483 15396 2602 15397 2488 15398 2483 15399 2488 15400 2484 15401 2485 15402 2488 15403 2489 15404 2488 15405 2485 15406 2484 15407 2486 15408 2489 15409 2490 15410 2489 15411 2486 15412 2485 15413 2487 15414 2490 15415 2491 15416 2490 15417 2487 15418 2486 15419 2489 15420 2493 15421 2494 15422 2493 15423 2489 15424 2488 15425 2602 15426 2493 15427 2488 15428 2493 15429 2602 15430 2608 15431 2490 15432 2494 15433 2495 15434 2494 15435 2490 15436 2489 15437 2491 15438 2495 15439 2496 15440 2495 15441 2491 15442 2490 15443 2492 15444 2496 15445 2497 15446 2496 15447 2492 15448 2491 15449 2494 15450 2498 15451 2499 15452 2498 15453 2494 15454 2493 15455 2608 15456 2498 15457 2493 15458 2498 15459 2608 15460 2614 15461 2495 15462 2499 15463 2500 15464 2499 15465 2495 15466 2494 15467 2496 15468 2500 15469 2501 15470 2500 15471 2496 15472 2495 15473 2497 15474 2501 15475 2502 15476 2501 15477 2497 15478 2496 15479 2614 15480 2504 15481 2498 15482 2504 15483 2614 15484 2620 15485 2499 15486 2504 15487 2505 15488 2504 15489 2499 15490 2498 15491 2500 15492 2505 15493 2506 15494 2505 15495 2500 15496 2499 15497 2501 15498 2506 15499 2507 15500 2506 15501 2501 15502 2500 15503 2502 15504 2507 15505 2508 15506 2507 15507 2502 15508 2501 15509 2503 15510 2508 15511 2509 15512 2508 15513 2503 15514 2502 15515 2620 15516 2761 15517 2504 15518 2761 15519 2620 15520 2719 15521 2761 15522 2505 15523 2504 15524 2505 15525 2761 15526 2510 15527 2506 15528 2510 15529 2511 15530 2510 15531 2506 15532 2505 15533 2507 15534 2511 15535 2512 15536 2511 15537 2507 15538 2506 15539 2508 15540 2512 15541 2513 15542 2512 15543 2508 15544 2507 15545 2509 15546 2513 15547 2514 15548 2513 15549 2509 15550 2508 15551 2511 15552 2735 15553 2736 15554 2735 15555 2511 15556 2510 15557 2735 15558 2510 15559 2719 15560 2510 15561 2761 15562 2719 15563 2512 15564 2736 15565 2737 15566 2736 15567 2512 15568 2511 15569 2513 15570 2737 15571 2738 15572 2737 15573 2513 15574 2512 15575 2514 15576 2738 15577 2739 15578 2738 15579 2514 15580 2513 15581 2515 15582 2739 15583 2740 15584 2739 15585 2515 15586 2514 15587 2549 15588 2677 15589 2516 15590 2677 15591 2549 15592 2678 15593 2550 15594 2516 15595 2517 15596 2516 15597 2550 15598 2549 15599 2517 15600 2759 15601 2518 15602 2759 15603 2517 15604 2516 15605 2553 15606 2551 15607 2517 15608 2517 15609 2551 15610 2550 15611 2553 15612 2518 15613 2519 15614 2518 15615 2553 15616 2517 15617 2520 15618 2554 15619 2519 15620 2519 15621 2554 15622 2553 15623 2556 15624 2554 15625 2520 15626 2554 15627 2556 15628 2555 15629 2520 15630 2521 15631 2522 15632 2520 15633 2522 15634 2556 15635 2523 15636 2556 15637 2522 15638 2556 15639 2523 15640 2557 15641 2559 15642 2558 15643 2523 15644 2557 15645 2523 15646 2558 15647 2525 15648 2559 15649 2524 15650 2559 15651 2525 15652 2560 15653 2560 15654 2561 15655 2652 15656 2561 15657 2560 15658 2525 15659 2527 15660 2561 15661 2526 15662 2561 15663 2527 15664 2562 15665 2563 15666 2562 15667 2527 15668 2562 15669 2563 15670 2655 15671 2657 15672 2564 15673 2658 15674 2564 15675 2657 15676 2528 15677 2531 15678 2530 15679 2753 15680 2530 15681 2531 15682 2532 15683 2753 15684 2764 15685 2740 15686 2764 15687 2753 15688 2530 15689 2535 15690 2531 15691 2534 15692 2531 15693 2535 15694 2532 15695 2754 15696 2534 15697 2531 15698 2534 15699 2754 15700 2533 15701 2745 15702 2754 15703 2531 15704 2531 15705 2753 15706 2745 15707 2533 15708 2537 15709 2538 15710 2533 15711 2538 15712 2534 15713 2537 15714 2755 15715 2536 15716 2755 15717 2537 15718 2533 15719 2754 15720 2755 15721 2533 15722 2755 15723 2754 15724 2748 15725 2539 15726 2534 15727 2538 15728 2534 15729 2539 15730 2535 15731 2542 15732 2537 15733 2536 15734 2536 15735 2541 15736 2542 15737 2541 15738 2756 15739 2540 15740 2756 15741 2541 15742 2536 15743 2750 15744 2756 15745 2536 15746 2536 15747 2755 15748 2750 15749 2537 15750 2542 15751 2543 15752 2537 15753 2543 15754 2538 15755 2538 15756 2544 15757 2539 15758 2544 15759 2538 15760 2543 15761 2540 15762 2734 15763 2733 15764 2540 15765 2733 15766 2541 15767 2734 15768 2758 15769 2727 15770 2758 15771 2734 15772 2540 15773 2758 15774 2540 15775 2751 15776 2540 15777 2756 15778 2751 15779 2752 15780 2542 15781 2541 15782 2541 15783 2733 15784 2752 15785 2545 15786 2543 15787 2542 15788 2542 15789 2752 15790 2545 15791 2546 15792 2543 15793 2545 15794 2543 15795 2546 15796 2544 15797 2728 15798 2546 15799 2545 15800 2545 15801 2729 15802 2728 15803 2752 15804 2729 15805 2545 15806 2729 15807 2752 15808 2730 15809 2548 15810 2549 15811 2550 15812 2549 15813 2548 15814 2547 15815 2631 15816 2547 15817 2548 15818 2547 15819 2631 15820 2763 15821 2632 15822 2548 15823 2636 15824 2548 15825 2632 15826 2631 15827 2636 15828 2550 15829 2551 15830 2550 15831 2636 15832 2548 15833 2552 15834 2553 15835 2554 15836 2553 15837 2552 15838 2551 15839 2552 15840 2637 15841 2551 15842 2551 15843 2637 15844 2636 15845 2637 15846 2552 15847 2638 15848 2552 15849 2641 15850 2638 15851 2641 15852 2554 15853 2555 15854 2554 15855 2641 15856 2552 15857 2641 15858 2555 15859 2642 15860 2642 15861 2555 15862 2645 15863 2555 15864 2556 15865 2557 15866 2555 15867 2557 15868 2645 15869 2558 15870 2646 15871 2557 15872 2645 15873 2557 15874 2646 15875 2649 15876 2647 15877 2558 15878 2646 15879 2558 15880 2647 15881 2559 15882 2649 15883 2558 15884 2649 15885 2559 15886 2560 15887 2649 15888 2652 15889 2650 15890 2652 15891 2649 15892 2560 15893 2652 15894 2562 15895 2653 15896 2562 15897 2652 15898 2561 15899 2653 15900 2655 15901 2654 15902 2655 15903 2653 15904 2562 15905 2655 15906 2657 15907 2656 15908 2657 15909 2655 15910 2563 15911 2569 15912 2571 15913 2572 15914 2569 15915 2572 15916 2570 15917 2571 15918 2574 15919 2575 15920 2571 15921 2575 15922 2572 15923 2577 15924 2573 15925 2576 15926 2573 15927 2577 15928 2574 15929 2574 15930 2577 15931 2578 15932 2574 15933 2578 15934 2575 15935 2576 15936 2579 15937 2580 15938 2576 15939 2580 15940 2577 15941 2577 15942 2580 15943 2581 15944 2577 15945 2581 15946 2578 15947 2579 15948 2582 15949 2583 15950 2579 15951 2583 15952 2580 15953 2580 15954 2583 15955 2584 15956 2580 15957 2584 15958 2581 15959 2587 15960 2582 15961 2586 15962 2582 15963 2587 15964 2583 15965 2583 15966 2587 15967 2588 15968 2583 15969 2588 15970 2584 15971 2584 15972 2588 15973 2589 15974 2584 15975 2589 15976 2585 15977 2591 15978 2586 15979 2590 15980 2586 15981 2591 15982 2587 15983 2587 15984 2591 15985 2592 15986 2587 15987 2592 15988 2588 15989 2588 15990 2592 15991 2593 15992 2588 15993 2593 15994 2589 15995 2595 15996 2590 15997 2594 15998 2590 15999 2595 16000 2591 16001 2591 16002 2595 16003 2596 16004 2591 16005 2596 16006 2592 16007 2592 16008 2596 16009 2597 16010 2592 16011 2597 16012 2593 16013 2599 16014 2594 16015 2598 16016 2594 16017 2599 16018 2595 16019 2600 16020 2595 16021 2599 16022 2595 16023 2600 16024 2596 16025 2596 16026 2600 16027 2601 16028 2596 16029 2601 16030 2597 16031 2605 16032 2598 16033 2604 16034 2598 16035 2605 16036 2599 16037 2606 16038 2599 16039 2605 16040 2599 16041 2606 16042 2600 16043 2600 16044 2606 16045 2607 16046 2600 16047 2607 16048 2601 16049 2601 16050 2607 16051 2608 16052 2601 16053 2608 16054 2602 16055 2603 16056 2609 16057 2610 16058 2603 16059 2610 16060 2604 16061 2611 16062 2604 16063 2610 16064 2604 16065 2611 16066 2605 16067 2605 16068 2611 16069 2612 16070 2605 16071 2612 16072 2606 16073 2606 16074 2612 16075 2613 16076 2606 16077 2613 16078 2607 16079 2607 16080 2613 16081 2614 16082 2607 16083 2614 16084 2608 16085 2616 16086 2609 16087 2615 16088 2609 16089 2616 16090 2610 16091 2617 16092 2610 16093 2616 16094 2610 16095 2617 16096 2611 16097 2611 16098 2617 16099 2618 16100 2611 16101 2618 16102 2612 16103 2612 16104 2618 16105 2619 16106 2612 16107 2619 16108 2613 16109 2613 16110 2619 16111 2620 16112 2613 16113 2620 16114 2614 16115 2724 16116 2615 16117 2726 16118 2615 16119 2724 16120 2616 16121 2722 16122 2616 16123 2724 16124 2616 16125 2722 16126 2617 16127 2721 16128 2617 16129 2722 16130 2617 16131 2721 16132 2618 16133 2720 16134 2618 16135 2721 16136 2618 16137 2720 16138 2619 16139 2719 16140 2619 16141 2720 16142 2619 16143 2719 16144 2620 16145 2622 16146 2624 16147 2625 16148 2622 16149 2625 16150 2623 16151 2627 16152 2625 16153 2624 16154 2625 16155 2627 16156 2628 16157 2626 16158 2628 16159 2629 16160 2628 16161 2626 16162 2625 16163 2628 16164 2631 16165 2632 16166 2631 16167 2628 16168 2627 16169 2629 16170 2632 16171 2633 16172 2632 16173 2629 16174 2628 16175 2630 16176 2633 16177 2634 16178 2633 16179 2630 16180 2629 16181 2633 16182 2636 16183 2637 16184 2636 16185 2633 16186 2632 16187 2634 16188 2637 16189 2638 16190 2637 16191 2634 16192 2633 16193 2635 16194 2638 16195 2639 16196 2638 16197 2635 16198 2634 16199 2639 16200 2641 16201 2642 16202 2641 16203 2639 16204 2638 16205 2640 16206 2642 16207 2643 16208 2642 16209 2640 16210 2639 16211 2643 16212 2645 16213 2646 16214 2645 16215 2643 16216 2642 16217 2644 16218 2646 16219 2647 16220 2646 16221 2644 16222 2643 16223 2649 16224 2648 16225 2647 16226 2648 16227 2649 16228 2650 16229 2653 16230 2650 16231 2652 16232 2650 16233 2653 16234 2651 16235 2684 16236 2663 16237 2661 16238 2661 16239 2663 16240 2664 16241 2670 16242 2684 16243 2661 16244 2684 16245 2670 16246 2671 16247 2765 16248 2670 16249 2661 16250 2661 16251 2662 16252 2765 16253 2661 16254 2664 16255 2665 16256 2661 16257 2665 16258 2662 16259 2662 16260 2665 16261 2716 16262 2662 16263 2716 16264 2710 16265 2710 16266 2765 16267 2662 16268 2765 16269 2710 16270 2701 16271 2689 16272 2667 16273 2663 16274 2667 16275 2689 16276 2666 16277 2689 16278 2684 16279 2683 16280 2684 16281 2689 16282 2663 16283 2663 16284 2667 16285 2668 16286 2663 16287 2668 16288 2664 16289 2664 16290 2668 16291 2669 16292 2664 16293 2669 16294 2665 16295 2716 16296 2665 16297 2760 16298 2665 16299 2669 16300 2760 16301 2691 16302 2689 16303 2688 16304 2689 16305 2691 16306 2666 16307 2672 16308 2683 16309 2671 16310 2671 16311 2683 16312 2684 16313 2682 16314 2672 16315 2673 16316 2672 16317 2682 16318 2683 16319 2681 16320 2673 16321 2674 16322 2673 16323 2681 16324 2682 16325 2680 16326 2674 16327 2675 16328 2674 16329 2680 16330 2681 16331 2676 16332 2680 16333 2675 16334 2680 16335 2676 16336 2679 16337 2677 16338 2679 16339 2676 16340 2679 16341 2677 16342 2678 16343 2685 16344 2680 16345 2679 16346 2680 16347 2685 16348 2686 16349 2686 16350 2681 16351 2680 16352 2681 16353 2686 16354 2687 16355 2687 16356 2682 16357 2681 16358 2682 16359 2687 16360 2688 16361 2688 16362 2683 16363 2682 16364 2683 16365 2688 16366 2689 16367 2690 16368 2688 16369 2687 16370 2688 16371 2690 16372 2691 16373 2707 16374 2695 16375 2706 16376 2695 16377 2707 16378 2696 16379 2708 16380 2696 16381 2707 16382 2696 16383 2708 16384 2697 16385 2708 16386 2698 16387 2697 16388 2698 16389 2708 16390 2709 16391 2701 16392 2710 16393 2711 16394 2701 16395 2711 16396 2702 16397 2702 16398 2711 16399 2712 16400 2702 16401 2712 16402 2703 16403 2703 16404 2712 16405 2713 16406 2703 16407 2713 16408 2704 16409 2704 16410 2713 16411 2714 16412 2704 16413 2714 16414 2705 16415 2715 16416 2705 16417 2714 16418 2705 16419 2715 16420 2706 16421 2710 16422 2716 16423 2717 16424 2710 16425 2717 16426 2711 16427 2718 16428 2712 16429 2711 16430 2711 16431 2717 16432 2718 16433 2735 16434 2720 16435 2741 16436 2720 16437 2735 16438 2719 16439 2741 16440 2721 16441 2757 16442 2721 16443 2741 16444 2720 16445 2721 16446 2723 16447 2757 16448 2723 16449 2721 16450 2722 16451 2722 16452 2725 16453 2723 16454 2725 16455 2722 16456 2724 16457 2751 16458 2749 16459 2723 16460 2751 16461 2723 16462 2725 16463 2749 16464 2757 16465 2723 16466 2757 16467 2749 16468 2746 16469 2725 16470 2726 16471 2727 16472 2726 16473 2725 16474 2724 16475 2758 16476 2751 16477 2725 16478 2758 16479 2725 16480 2727 16481 2727 16482 2732 16483 2734 16484 2732 16485 2727 16486 2726 16487 2730 16488 2733 16489 2731 16490 2733 16491 2730 16492 2752 16493 2731 16494 2733 16495 2734 16496 2731 16497 2734 16498 2732 16499 2736 16500 2741 16501 2742 16502 2741 16503 2736 16504 2735 16505 2737 16506 2742 16507 2743 16508 2742 16509 2737 16510 2736 16511 2738 16512 2743 16513 2744 16514 2743 16515 2738 16516 2737 16517 2739 16518 2744 16519 2745 16520 2744 16521 2739 16522 2738 16523 2753 16524 2740 16525 2739 16526 2753 16527 2739 16528 2745 16529 2742 16530 2757 16531 2746 16532 2757 16533 2742 16534 2741 16535 2743 16536 2746 16537 2747 16538 2746 16539 2743 16540 2742 16541 2744 16542 2747 16543 2748 16544 2747 16545 2744 16546 2743 16547 2754 16548 2745 16549 2744 16550 2754 16551 2744 16552 2748 16553 2747 16554 2749 16555 2750 16556 2749 16557 2747 16558 2746 16559 2748 16560 2750 16561 2755 16562 2750 16563 2748 16564 2747 16565 2756 16566 2749 16567 2751 16568 2749 16569 2756 16570 2750 16571 2767 16572 2766 16573 3644 16574 2766 16575 3098 16576 3644 16577 3198 16578 3098 16579 2766 16580 3098 16581 3198 16582 3099 16583 3398 16584 3198 16585 2766 16586 3198 16587 3398 16588 3402 16589 3394 16590 3398 16591 2766 16592 3394 16593 2766 16594 2767 16595 2768 16596 2767 16597 3513 16598 2767 16599 3644 16600 3513 16601 3394 16602 2768 16603 3678 16604 2768 16605 3394 16606 2767 16607 3678 16608 2770 16609 3677 16610 2770 16611 3678 16612 2768 16613 2770 16614 2768 16615 2769 16616 2768 16617 3513 16618 2769 16619 3548 16620 3512 16621 2769 16622 2771 16623 2769 16624 3512 16625 3513 16626 3548 16627 2769 16628 3548 16629 3513 16630 3643 16631 2770 16632 2771 16633 2772 16634 2771 16635 2770 16636 2769 16637 3677 16638 2772 16639 3676 16640 2772 16641 3677 16642 2770 16643 2775 16644 2772 16645 2771 16646 2775 16647 2771 16648 2774 16649 3512 16650 2773 16651 2771 16652 2774 16653 2771 16654 2773 16655 2772 16656 2776 16657 3676 16658 2776 16659 2772 16660 2775 16661 2777 16662 3547 16663 3511 16664 3547 16665 2777 16666 2773 16667 2773 16668 3512 16669 3641 16670 2773 16671 3641 16672 3547 16673 2774 16674 2777 16675 2778 16676 2777 16677 2774 16678 2773 16679 2779 16680 2775 16681 2774 16682 2779 16683 2774 16684 2778 16685 2780 16686 2776 16687 2775 16688 2780 16689 2775 16690 2779 16691 2776 16692 3683 16693 3684 16694 3683 16695 2776 16696 2780 16697 3684 16698 3676 16699 2776 16700 3676 16701 3684 16702 3384 16703 2781 16704 3511 16705 3510 16706 3511 16707 2781 16708 2777 16709 2778 16710 2781 16711 2782 16712 2781 16713 2778 16714 2777 16715 2783 16716 2779 16717 2778 16718 2783 16719 2778 16720 2782 16721 2784 16722 2780 16723 2779 16724 2784 16725 2779 16726 2783 16727 2780 16728 3682 16729 3683 16730 3682 16731 2780 16732 2784 16733 2787 16734 2782 16735 2781 16736 2787 16737 2781 16738 2786 16739 2786 16740 3510 16741 2785 16742 3510 16743 2786 16744 2781 16745 2788 16746 2783 16747 2782 16748 2788 16749 2782 16750 2787 16751 2789 16752 2784 16753 2783 16754 2789 16755 2783 16756 2788 16757 3681 16758 3682 16759 2784 16760 3681 16761 2784 16762 2789 16763 2790 16764 3509 16765 3508 16766 3509 16767 2790 16768 2785 16769 3510 16770 3545 16771 2785 16772 2785 16773 3545 16774 3509 16775 2791 16776 2785 16777 2790 16778 2786 16779 2785 16780 2791 16781 2787 16782 2786 16783 2792 16784 2792 16785 2786 16786 2791 16787 2788 16788 2792 16789 2793 16790 2792 16791 2788 16792 2787 16793 2789 16794 2793 16795 2794 16796 2793 16797 2789 16798 2788 16799 3681 16800 2794 16801 3680 16802 2794 16803 3681 16804 2789 16805 2797 16806 2790 16807 2796 16808 2791 16809 2790 16810 2797 16811 2796 16812 3508 16813 2795 16814 3508 16815 2796 16816 2790 16817 2792 16818 2797 16819 2798 16820 2797 16821 2792 16822 2791 16823 2793 16824 2798 16825 2799 16826 2798 16827 2793 16828 2792 16829 2794 16830 2799 16831 2800 16832 2799 16833 2794 16834 2793 16835 3680 16836 2800 16837 3679 16838 2800 16839 3680 16840 2794 16841 3506 16842 2801 16843 2795 16844 3506 16845 2795 16846 3507 16847 3508 16848 3543 16849 2795 16850 3507 16851 2795 16852 3543 16853 2801 16854 2796 16855 2795 16856 2796 16857 2801 16858 2802 16859 2802 16860 2797 16861 2796 16862 2797 16863 2802 16864 2803 16865 2798 16866 2803 16867 2804 16868 2803 16869 2798 16870 2797 16871 2799 16872 2804 16873 2805 16874 2804 16875 2799 16876 2798 16877 2800 16878 2805 16879 2806 16880 2805 16881 2800 16882 2799 16883 3679 16884 2806 16885 2807 16886 2806 16887 3679 16888 2800 16889 2808 16890 3506 16891 3505 16892 3506 16893 2808 16894 2801 16895 2808 16896 2809 16897 2801 16898 2801 16899 2809 16900 2802 16901 2809 16902 2803 16903 2802 16904 2803 16905 2809 16906 2810 16907 2810 16908 2804 16909 2803 16910 2804 16911 2810 16912 2811 16913 2811 16914 2805 16915 2804 16916 2805 16917 2811 16918 2812 16919 2806 16920 2812 16921 2813 16922 2812 16923 2806 16924 2805 16925 2807 16926 2813 16927 2814 16928 2813 16929 2807 16930 2806 16931 3689 16932 2814 16933 3688 16934 2814 16935 3689 16936 2807 16937 3690 16938 2807 16939 3689 16940 3690 16941 3679 16942 2807 16943 2816 16944 2817 16945 2808 16946 2808 16947 2817 16948 2809 16949 2816 16950 3505 16951 2815 16952 3505 16953 2816 16954 2808 16955 2817 16956 2818 16957 2809 16958 2809 16959 2818 16960 2810 16961 2818 16962 2811 16963 2810 16964 2811 16965 2818 16966 2819 16967 2819 16968 2812 16969 2811 16970 2812 16971 2819 16972 2820 16973 2820 16974 2813 16975 2812 16976 2813 16977 2820 16978 2821 16979 2814 16980 2821 16981 2822 16982 2821 16983 2814 16984 2813 16985 3688 16986 2822 16987 3687 16988 2822 16989 3688 16990 2814 16991 2823 16992 3503 16993 3502 16994 3503 16995 2823 16996 2815 16997 3505 16998 3504 16999 2815 17000 3503 17001 2815 17002 3504 17003 2824 17004 2815 17005 2823 17006 2815 17007 2824 17008 2816 17009 2824 17010 2825 17011 2816 17012 2816 17013 2825 17014 2817 17015 2825 17016 2826 17017 2817 17018 2817 17019 2826 17020 2818 17021 2826 17022 2827 17023 2818 17024 2819 17025 2818 17026 2827 17027 2827 17028 2820 17029 2819 17030 2820 17031 2827 17032 2828 17033 2821 17034 2828 17035 2829 17036 2828 17037 2821 17038 2820 17039 2822 17040 2829 17041 2830 17042 2829 17043 2822 17044 2821 17045 3687 17046 2830 17047 3686 17048 2830 17049 3687 17050 2822 17051 2832 17052 2823 17053 2831 17054 2823 17055 2832 17056 2824 17057 3502 17058 2831 17059 2823 17060 2831 17061 3502 17062 3743 17063 2832 17064 2833 17065 2824 17066 2824 17067 2833 17068 2825 17069 2833 17070 2834 17071 2825 17072 2825 17073 2834 17074 2826 17075 2834 17076 2835 17077 2826 17078 2827 17079 2826 17080 2835 17081 2828 17082 2835 17083 2836 17084 2835 17085 2828 17086 2827 17087 2829 17088 2836 17089 2837 17090 2836 17091 2829 17092 2828 17093 2830 17094 2837 17095 2838 17096 2837 17097 2830 17098 2829 17099 3686 17100 2838 17101 3685 17102 2838 17103 3686 17104 2830 17105 3661 17106 3660 17107 2831 17108 2831 17109 3660 17110 2832 17111 3661 17112 3743 17113 3500 17114 3743 17115 3661 17116 2831 17117 3660 17118 3659 17119 2832 17120 2832 17121 3659 17122 2833 17123 3659 17124 3658 17125 2833 17126 2833 17127 3658 17128 2834 17129 2834 17130 3658 17131 3657 17132 2834 17133 3657 17134 2835 17135 2836 17136 3657 17137 3656 17138 3657 17139 2836 17140 2835 17141 2837 17142 3656 17143 3655 17144 3656 17145 2837 17146 2836 17147 2838 17148 3655 17149 3654 17150 3655 17151 2838 17152 2837 17153 3654 17154 3685 17155 2838 17156 3685 17157 3654 17158 3749 17159 3326 17160 2840 17161 3330 17162 2840 17163 3326 17164 2839 17165 2857 17166 2858 17167 2839 17168 2840 17169 2839 17170 2858 17171 3322 17172 2857 17173 2839 17174 2857 17175 3322 17176 2856 17177 3323 17178 2839 17179 3326 17180 2839 17181 3323 17182 3322 17183 3330 17184 2841 17185 3334 17186 2841 17187 3330 17188 2840 17189 2858 17190 2859 17191 2840 17192 2841 17193 2840 17194 2859 17195 3338 17196 3334 17197 2841 17198 3338 17199 2841 17200 2842 17201 2859 17202 2860 17203 2841 17204 2842 17205 2841 17206 2860 17207 3342 17208 3338 17209 2842 17210 3342 17211 2842 17212 2843 17213 2860 17214 2843 17215 2842 17216 2843 17217 2860 17218 2861 17219 2861 17220 2844 17221 2843 17222 2844 17223 2861 17224 2862 17225 3347 17226 3342 17227 2843 17228 3347 17229 2843 17230 2844 17231 2862 17232 2845 17233 2844 17234 2845 17235 2862 17236 2863 17237 3352 17238 3347 17239 2844 17240 3352 17241 2844 17242 2845 17243 2863 17244 2846 17245 2845 17246 2846 17247 2863 17248 3263 17249 3357 17250 3352 17251 2845 17252 2845 17253 2846 17254 3357 17255 3263 17256 3271 17257 2846 17258 3271 17259 3263 17260 3270 17261 3362 17262 3357 17263 2846 17264 2846 17265 3271 17266 3362 17267 3297 17268 3295 17269 2847 17270 3297 17271 2847 17272 2848 17273 2848 17274 2874 17275 2875 17276 2874 17277 2848 17278 2847 17279 3292 17280 2873 17281 2847 17282 2847 17283 2873 17284 2874 17285 3295 17286 3292 17287 2847 17288 3292 17289 3295 17290 3293 17291 3299 17292 3297 17293 2848 17294 3299 17295 2848 17296 2849 17297 2849 17298 2875 17299 2876 17300 2875 17301 2849 17302 2848 17303 3299 17304 2850 17305 3301 17306 2850 17307 3299 17308 2849 17309 2850 17310 2849 17311 2877 17312 2849 17313 2876 17314 2877 17315 3301 17316 2851 17317 3304 17318 2851 17319 3301 17320 2850 17321 2851 17322 2850 17323 2878 17324 2850 17325 2877 17326 2878 17327 2852 17328 2851 17329 2879 17330 2851 17331 2878 17332 2879 17333 3304 17334 2852 17335 3307 17336 2852 17337 3304 17338 2851 17339 2853 17340 2852 17341 2880 17342 2852 17343 2879 17344 2880 17345 3307 17346 2853 17347 3310 17348 2853 17349 3307 17350 2852 17351 2854 17352 2853 17353 2881 17354 2853 17355 2880 17356 2881 17357 3310 17358 2854 17359 3314 17360 2854 17361 3310 17362 2853 17363 2855 17364 2854 17365 2882 17366 2854 17367 2881 17368 2882 17369 3314 17370 2855 17371 3318 17372 2855 17373 3314 17374 2854 17375 2856 17376 2855 17377 2883 17378 2855 17379 2882 17380 2883 17381 3318 17382 2856 17383 3322 17384 2856 17385 3318 17386 2855 17387 2883 17388 2884 17389 2856 17390 2857 17391 2856 17392 2884 17393 2884 17394 2885 17395 2857 17396 2858 17397 2857 17398 2885 17399 2885 17400 2886 17401 2858 17402 2859 17403 2858 17404 2886 17405 2886 17406 2887 17407 2859 17408 2860 17409 2859 17410 2887 17411 2887 17412 2888 17413 2860 17414 2861 17415 2860 17416 2888 17417 2888 17418 2889 17419 2861 17420 2862 17421 2861 17422 2889 17423 2889 17424 3256 17425 2862 17426 2863 17427 2862 17428 3256 17429 3256 17430 3262 17431 2863 17432 3263 17433 2863 17434 3262 17435 3280 17436 2893 17437 2864 17438 2893 17439 3280 17440 2892 17441 3117 17442 2864 17443 3122 17444 3117 17445 3280 17446 2864 17447 3122 17448 2865 17449 3127 17450 2865 17451 3122 17452 2864 17453 2894 17454 2865 17455 2864 17456 2864 17457 2893 17458 2894 17459 3127 17460 2866 17461 3281 17462 2866 17463 3127 17464 2865 17465 2895 17466 2866 17467 2865 17468 2865 17469 2894 17470 2895 17471 3281 17472 2867 17473 3282 17474 2867 17475 3281 17476 2866 17477 2867 17478 2866 17479 2896 17480 2866 17481 2895 17482 2896 17483 3282 17484 2868 17485 3283 17486 2868 17487 3282 17488 2867 17489 2868 17490 2896 17491 2897 17492 2896 17493 2868 17494 2867 17495 3283 17496 2869 17497 3284 17498 2869 17499 3283 17500 2868 17501 2897 17502 2869 17503 2868 17504 2869 17505 2897 17506 2898 17507 2898 17508 2870 17509 2869 17510 2870 17511 2898 17512 2899 17513 3286 17514 3284 17515 2869 17516 2869 17517 2870 17518 3286 17519 2871 17520 2899 17521 2900 17522 2899 17523 2871 17524 2870 17525 3288 17526 3286 17527 2870 17528 2870 17529 2871 17530 3288 17531 2872 17532 2900 17533 2901 17534 2900 17535 2872 17536 2871 17537 3290 17538 3288 17539 2871 17540 2871 17541 2872 17542 3290 17543 2873 17544 2901 17545 2902 17546 2901 17547 2873 17548 2872 17549 3292 17550 3290 17551 2872 17552 3292 17553 2872 17554 2873 17555 2874 17556 2902 17557 2903 17558 2902 17559 2874 17560 2873 17561 2875 17562 2903 17563 2904 17564 2903 17565 2875 17566 2874 17567 2876 17568 2904 17569 2905 17570 2904 17571 2876 17572 2875 17573 2877 17574 2905 17575 2906 17576 2905 17577 2877 17578 2876 17579 2878 17580 2877 17581 2907 17582 2877 17583 2906 17584 2907 17585 2879 17586 2878 17587 2908 17588 2878 17589 2907 17590 2908 17591 2880 17592 2879 17593 2909 17594 2879 17595 2908 17596 2909 17597 2881 17598 2880 17599 2910 17600 2880 17601 2909 17602 2910 17603 2882 17604 2881 17605 2911 17606 2881 17607 2910 17608 2911 17609 2911 17610 2912 17611 2882 17612 2883 17613 2882 17614 2912 17615 2912 17616 2913 17617 2883 17618 2884 17619 2883 17620 2913 17621 2913 17622 2914 17623 2884 17624 2885 17625 2884 17626 2914 17627 2914 17628 2915 17629 2885 17630 2886 17631 2885 17632 2915 17633 2915 17634 2916 17635 2886 17636 2887 17637 2886 17638 2916 17639 2916 17640 2917 17641 2887 17642 2888 17643 2887 17644 2917 17645 2917 17646 3249 17647 2888 17648 2889 17649 2888 17650 3249 17651 3249 17652 3255 17653 2889 17654 3256 17655 2889 17656 3255 17657 3606 17658 2890 17659 3605 17660 2890 17661 3606 17662 3607 17663 3605 17664 3106 17665 3100 17666 3106 17667 3605 17668 2890 17669 2891 17670 3279 17671 2890 17672 3106 17673 2890 17674 3279 17675 3607 17676 2891 17677 2890 17678 2891 17679 3607 17680 2918 17681 2919 17682 2892 17683 2891 17684 2891 17685 2918 17686 2919 17687 3279 17688 2892 17689 3280 17690 2892 17691 3279 17692 2891 17693 2920 17694 2893 17695 2892 17696 2892 17697 2919 17698 2920 17699 2921 17700 2894 17701 2893 17702 2893 17703 2920 17704 2921 17705 2922 17706 2895 17707 2894 17708 2894 17709 2921 17710 2922 17711 2896 17712 2895 17713 2923 17714 2895 17715 2922 17716 2923 17717 2897 17718 2923 17719 2924 17720 2923 17721 2897 17722 2896 17723 2924 17724 2898 17725 2897 17726 2898 17727 2924 17728 2925 17729 2925 17730 2899 17731 2898 17732 2899 17733 2925 17734 2926 17735 2900 17736 2926 17737 2927 17738 2926 17739 2900 17740 2899 17741 2901 17742 2927 17743 2928 17744 2927 17745 2901 17746 2900 17747 2902 17748 2928 17749 2929 17750 2928 17751 2902 17752 2901 17753 2903 17754 2929 17755 2930 17756 2929 17757 2903 17758 2902 17759 2904 17760 2930 17761 2931 17762 2930 17763 2904 17764 2903 17765 2905 17766 2931 17767 2932 17768 2931 17769 2905 17770 2904 17771 2906 17772 2932 17773 2933 17774 2932 17775 2906 17776 2905 17777 2907 17778 2933 17779 2934 17780 2933 17781 2907 17782 2906 17783 2934 17784 2908 17785 2907 17786 2908 17787 2934 17788 2935 17789 2935 17790 2909 17791 2908 17792 2909 17793 2935 17794 2936 17795 2936 17796 2910 17797 2909 17798 2910 17799 2936 17800 2937 17801 2937 17802 2938 17803 2910 17804 2911 17805 2910 17806 2938 17807 2938 17808 2939 17809 2911 17810 2912 17811 2911 17812 2939 17813 2939 17814 2940 17815 2912 17816 2913 17817 2912 17818 2940 17819 2940 17820 2941 17821 2913 17822 2914 17823 2913 17824 2941 17825 2941 17826 2942 17827 2914 17828 2915 17829 2914 17830 2942 17831 2942 17832 2943 17833 2915 17834 2916 17835 2915 17836 2943 17837 2943 17838 3243 17839 2916 17840 2917 17841 2916 17842 3243 17843 3243 17844 3248 17845 2917 17846 3249 17847 2917 17848 3248 17849 3609 17850 2918 17851 3607 17852 2918 17853 3609 17854 3610 17855 2944 17856 2919 17857 2918 17858 2918 17859 3610 17860 2944 17861 2945 17862 2920 17863 2919 17864 2919 17865 2944 17866 2945 17867 2946 17868 2921 17869 2920 17870 2920 17871 2945 17872 2946 17873 2947 17874 2922 17875 2921 17876 2921 17877 2946 17878 2947 17879 2923 17880 2947 17881 2948 17882 2947 17883 2923 17884 2922 17885 2924 17886 2948 17887 2949 17888 2948 17889 2924 17890 2923 17891 2925 17892 2949 17893 2950 17894 2949 17895 2925 17896 2924 17897 2926 17898 2950 17899 2951 17900 2950 17901 2926 17902 2925 17903 2927 17904 2951 17905 2952 17906 2951 17907 2927 17908 2926 17909 2928 17910 2952 17911 2953 17912 2952 17913 2928 17914 2927 17915 2929 17916 2953 17917 2954 17918 2953 17919 2929 17920 2928 17921 2930 17922 2954 17923 2955 17924 2954 17925 2930 17926 2929 17927 2955 17928 2931 17929 2930 17930 2931 17931 2955 17932 2956 17933 2956 17934 2932 17935 2931 17936 2932 17937 2956 17938 2957 17939 2957 17940 2933 17941 2932 17942 2933 17943 2957 17944 2958 17945 2958 17946 2934 17947 2933 17948 2934 17949 2958 17950 2959 17951 2959 17952 2935 17953 2934 17954 2935 17955 2959 17956 2960 17957 2960 17958 2936 17959 2935 17960 2936 17961 2960 17962 2961 17963 2961 17964 2937 17965 2936 17966 2937 17967 2961 17968 2962 17969 2962 17970 2938 17971 2937 17972 2938 17973 2962 17974 2963 17975 2963 17976 2964 17977 2938 17978 2939 17979 2938 17980 2964 17981 2964 17982 2965 17983 2939 17984 2940 17985 2939 17986 2965 17987 2965 17988 2966 17989 2940 17990 2941 17991 2940 17992 2966 17993 2966 17994 2967 17995 2941 17996 2942 17997 2941 17998 2967 17999 2967 18000 3237 18001 2942 18002 2943 18003 2942 18004 3237 18005 3237 18006 3242 18007 2943 18008 3243 18009 2943 18010 3242 18011 3610 18012 3614 18013 2944 18014 3614 18015 3610 18016 3613 18017 2968 18018 2945 18019 2944 18020 2944 18021 3614 18022 2968 18023 2969 18024 2946 18025 2945 18026 2945 18027 2968 18028 2969 18029 2947 18030 2969 18031 2970 18032 2969 18033 2947 18034 2946 18035 2948 18036 2970 18037 2971 18038 2970 18039 2948 18040 2947 18041 2949 18042 2971 18043 2972 18044 2971 18045 2949 18046 2948 18047 2950 18048 2972 18049 2973 18050 2972 18051 2950 18052 2949 18053 2951 18054 2973 18055 2974 18056 2973 18057 2951 18058 2950 18059 2952 18060 2974 18061 2975 18062 2974 18063 2952 18064 2951 18065 2975 18066 2953 18067 2952 18068 2953 18069 2975 18070 2976 18071 2976 18072 2954 18073 2953 18074 2954 18075 2976 18076 2977 18077 2977 18078 2978 18079 2954 18080 2955 18081 2954 18082 2978 18083 2978 18084 2979 18085 2955 18086 2956 18087 2955 18088 2979 18089 2979 18090 2957 18091 2956 18092 2957 18093 2979 18094 2980 18095 2980 18096 2958 18097 2957 18098 2958 18099 2980 18100 2981 18101 2981 18102 2959 18103 2958 18104 2959 18105 2981 18106 2982 18107 2982 18108 2960 18109 2959 18110 2960 18111 2982 18112 2983 18113 2983 18114 2961 18115 2960 18116 2961 18117 2983 18118 2984 18119 2984 18120 2962 18121 2961 18122 2962 18123 2984 18124 2985 18125 2985 18126 2986 18127 2962 18128 2963 18129 2962 18130 2986 18131 2986 18132 2987 18133 2963 18134 2964 18135 2963 18136 2987 18137 2987 18138 2988 18139 2964 18140 2965 18141 2964 18142 2988 18143 2988 18144 2989 18145 2965 18146 2966 18147 2965 18148 2989 18149 2989 18150 3231 18151 2966 18152 2967 18153 2966 18154 3231 18155 3231 18156 3236 18157 2967 18158 3237 18159 2967 18160 3236 18161 3614 18162 3618 18163 2968 18164 3619 18165 2968 18166 3618 18167 2969 18168 3619 18169 2990 18170 3619 18171 2969 18172 2968 18173 2970 18174 2990 18175 2991 18176 2990 18177 2970 18178 2969 18179 2971 18180 2991 18181 2992 18182 2991 18183 2971 18184 2970 18185 2972 18186 2992 18187 2993 18188 2992 18189 2972 18190 2971 18191 2973 18192 2993 18193 2994 18194 2993 18195 2973 18196 2972 18197 2994 18198 2974 18199 2973 18200 2974 18201 2994 18202 2995 18203 2995 18204 2975 18205 2974 18206 2975 18207 2995 18208 2996 18209 2996 18210 2976 18211 2975 18212 2976 18213 2996 18214 2997 18215 2997 18216 2998 18217 2976 18218 2977 18219 2976 18220 2998 18221 2998 18222 2999 18223 2977 18224 2978 18225 2977 18226 2999 18227 2999 18228 3000 18229 2978 18230 2979 18231 2978 18232 3000 18233 3000 18234 2980 18235 2979 18236 2980 18237 3000 18238 3001 18239 3001 18240 2981 18241 2980 18242 2981 18243 3001 18244 3002 18245 3002 18246 2982 18247 2981 18248 2982 18249 3002 18250 3003 18251 3003 18252 2983 18253 2982 18254 2983 18255 3003 18256 3004 18257 3004 18258 2984 18259 2983 18260 2984 18261 3004 18262 3005 18263 3005 18264 2985 18265 2984 18266 2985 18267 3005 18268 3006 18269 3006 18270 3007 18271 2985 18272 2986 18273 2985 18274 3007 18275 3007 18276 3008 18277 2986 18278 2987 18279 2986 18280 3008 18281 3008 18282 3009 18283 2987 18284 2988 18285 2987 18286 3009 18287 3009 18288 3226 18289 2988 18290 2989 18291 2988 18292 3226 18293 3226 18294 3230 18295 2989 18296 3231 18297 2989 18298 3230 18299 3619 18300 3623 18301 2990 18302 3624 18303 2990 18304 3623 18305 2991 18306 3624 18307 3010 18308 3624 18309 2991 18310 2990 18311 3010 18312 2992 18313 2991 18314 2992 18315 3010 18316 3011 18317 2993 18318 3011 18319 3012 18320 3011 18321 2993 18322 2992 18323 3012 18324 2994 18325 2993 18326 2994 18327 3012 18328 3013 18329 3013 18330 2995 18331 2994 18332 2995 18333 3013 18334 3014 18335 3014 18336 2996 18337 2995 18338 2996 18339 3014 18340 3015 18341 3015 18342 3016 18343 2996 18344 2997 18345 2996 18346 3016 18347 3016 18348 3017 18349 2997 18350 2998 18351 2997 18352 3017 18353 3017 18354 3018 18355 2998 18356 2999 18357 2998 18358 3018 18359 3018 18360 3019 18361 2999 18362 3000 18363 2999 18364 3019 18365 3019 18366 3001 18367 3000 18368 3001 18369 3019 18370 3020 18371 3020 18372 3002 18373 3001 18374 3002 18375 3020 18376 3021 18377 3021 18378 3003 18379 3002 18380 3003 18381 3021 18382 3022 18383 3022 18384 3004 18385 3003 18386 3004 18387 3022 18388 3023 18389 3023 18390 3005 18391 3004 18392 3005 18393 3023 18394 3024 18395 3024 18396 3006 18397 3005 18398 3006 18399 3024 18400 3025 18401 3025 18402 3007 18403 3006 18404 3007 18405 3025 18406 3026 18407 3026 18408 3027 18409 3007 18410 3008 18411 3007 18412 3027 18413 3027 18414 3221 18415 3008 18416 3009 18417 3008 18418 3221 18419 3221 18420 3225 18421 3009 18422 3226 18423 3009 18424 3225 18425 3624 18426 3627 18427 3010 18428 3010 18429 3627 18430 3628 18431 3628 18432 3011 18433 3010 18434 3011 18435 3628 18436 3028 18437 3028 18438 3012 18439 3011 18440 3012 18441 3028 18442 3029 18443 3029 18444 3013 18445 3012 18446 3013 18447 3029 18448 3030 18449 3030 18450 3014 18451 3013 18452 3014 18453 3030 18454 3031 18455 3031 18456 3032 18457 3014 18458 3015 18459 3014 18460 3032 18461 3032 18462 3033 18463 3015 18464 3016 18465 3015 18466 3033 18467 3033 18468 3034 18469 3016 18470 3017 18471 3016 18472 3034 18473 3034 18474 3035 18475 3017 18476 3018 18477 3017 18478 3035 18479 3035 18480 3036 18481 3018 18482 3019 18483 3018 18484 3036 18485 3036 18486 3020 18487 3019 18488 3020 18489 3036 18490 3037 18491 3037 18492 3021 18493 3020 18494 3021 18495 3037 18496 3038 18497 3038 18498 3022 18499 3021 18500 3022 18501 3038 18502 3039 18503 3039 18504 3023 18505 3022 18506 3023 18507 3039 18508 3040 18509 3040 18510 3024 18511 3023 18512 3024 18513 3040 18514 3041 18515 3041 18516 3025 18517 3024 18518 3025 18519 3041 18520 3042 18521 3042 18522 3026 18523 3025 18524 3026 18525 3042 18526 3043 18527 3043 18528 3217 18529 3026 18530 3027 18531 3026 18532 3217 18533 3217 18534 3220 18535 3027 18536 3221 18537 3027 18538 3220 18539 3628 18540 3631 18541 3028 18542 3028 18543 3631 18544 3632 18545 3632 18546 3029 18547 3028 18548 3029 18549 3632 18550 3044 18551 3044 18552 3030 18553 3029 18554 3030 18555 3044 18556 3045 18557 3045 18558 3031 18559 3030 18560 3031 18561 3045 18562 3046 18563 3046 18564 3047 18565 3031 18566 3032 18567 3031 18568 3047 18569 3047 18570 3048 18571 3032 18572 3033 18573 3032 18574 3048 18575 3048 18576 3049 18577 3033 18578 3034 18579 3033 18580 3049 18581 3049 18582 3050 18583 3034 18584 3035 18585 3034 18586 3050 18587 3050 18588 3051 18589 3035 18590 3036 18591 3035 18592 3051 18593 3051 18594 3052 18595 3036 18596 3036 18597 3052 18598 3037 18599 3052 18600 3053 18601 3037 18602 3037 18603 3053 18604 3038 18605 3053 18606 3054 18607 3038 18608 3038 18609 3054 18610 3039 18611 3054 18612 3055 18613 3039 18614 3039 18615 3055 18616 3040 18617 3055 18618 3056 18619 3040 18620 3040 18621 3056 18622 3041 18623 3056 18624 3057 18625 3041 18626 3041 18627 3057 18628 3042 18629 3057 18630 3213 18631 3042 18632 3042 18633 3213 18634 3043 18635 3213 18636 3216 18637 3043 18638 3043 18639 3216 18640 3217 18641 3632 18642 3635 18643 3044 18644 3635 18645 3632 18646 3634 18647 3635 18648 3058 18649 3044 18650 3044 18651 3058 18652 3045 18653 3058 18654 3059 18655 3045 18656 3045 18657 3059 18658 3046 18659 3059 18660 3060 18661 3046 18662 3046 18663 3060 18664 3047 18665 3060 18666 3061 18667 3047 18668 3047 18669 3061 18670 3048 18671 3061 18672 3062 18673 3048 18674 3048 18675 3062 18676 3049 18677 3062 18678 3063 18679 3049 18680 3049 18681 3063 18682 3050 18683 3063 18684 3064 18685 3050 18686 3050 18687 3064 18688 3051 18689 3064 18690 3065 18691 3051 18692 3051 18693 3065 18694 3052 18695 3065 18696 3066 18697 3052 18698 3052 18699 3066 18700 3053 18701 3066 18702 3067 18703 3053 18704 3053 18705 3067 18706 3054 18707 3067 18708 3068 18709 3054 18710 3054 18711 3068 18712 3055 18713 3068 18714 3069 18715 3055 18716 3055 18717 3069 18718 3056 18719 3069 18720 3210 18721 3056 18722 3056 18723 3210 18724 3057 18725 3210 18726 3212 18727 3057 18728 3057 18729 3212 18730 3213 18731 3635 18732 3638 18733 3058 18734 3638 18735 3635 18736 3637 18737 3638 18738 3070 18739 3058 18740 3058 18741 3070 18742 3059 18743 3070 18744 3071 18745 3059 18746 3059 18747 3071 18748 3060 18749 3071 18750 3072 18751 3060 18752 3060 18753 3072 18754 3061 18755 3072 18756 3073 18757 3061 18758 3061 18759 3073 18760 3062 18761 3073 18762 3074 18763 3062 18764 3062 18765 3074 18766 3063 18767 3074 18768 3075 18769 3063 18770 3063 18771 3075 18772 3064 18773 3075 18774 3065 18775 3064 18776 3065 18777 3075 18778 3076 18779 3076 18780 3066 18781 3065 18782 3066 18783 3076 18784 3077 18785 3077 18786 3067 18787 3066 18788 3067 18789 3077 18790 3078 18791 3078 18792 3068 18793 3067 18794 3068 18795 3078 18796 3079 18797 3079 18798 3069 18799 3068 18800 3069 18801 3079 18802 3207 18803 3207 18804 3210 18805 3069 18806 3210 18807 3207 18808 3209 18809 3639 18810 3070 18811 3638 18812 3070 18813 3639 18814 3640 18815 3640 18816 3071 18817 3070 18818 3071 18819 3640 18820 3080 18821 3080 18822 3072 18823 3071 18824 3072 18825 3080 18826 3081 18827 3082 18828 3072 18829 3081 18830 3072 18831 3082 18832 3073 18833 3082 18834 3074 18835 3073 18836 3074 18837 3082 18838 3083 18839 3083 18840 3075 18841 3074 18842 3075 18843 3083 18844 3084 18845 3084 18846 3076 18847 3075 18848 3076 18849 3084 18850 3085 18851 3085 18852 3077 18853 3076 18854 3077 18855 3085 18856 3086 18857 3086 18858 3078 18859 3077 18860 3078 18861 3086 18862 3087 18863 3087 18864 3079 18865 3078 18866 3079 18867 3087 18868 3204 18869 3204 18870 3207 18871 3079 18872 3207 18873 3204 18874 3206 18875 3080 18876 3641 18877 3642 18878 3641 18879 3080 18880 3640 18881 3642 18882 3081 18883 3080 18884 3081 18885 3642 18886 3088 18887 3088 18888 3082 18889 3081 18890 3082 18891 3088 18892 3089 18893 3089 18894 3083 18895 3082 18896 3083 18897 3089 18898 3090 18899 3090 18900 3084 18901 3083 18902 3084 18903 3090 18904 3091 18905 3091 18906 3085 18907 3084 18908 3085 18909 3091 18910 3092 18911 3092 18912 3086 18913 3085 18914 3086 18915 3092 18916 3093 18917 3093 18918 3087 18919 3086 18920 3087 18921 3093 18922 3202 18923 3202 18924 3204 18925 3087 18926 3204 18927 3202 18928 3203 18929 3088 18930 3548 18931 3643 18932 3548 18933 3088 18934 3642 18935 3094 18936 3088 18937 3643 18938 3088 18939 3094 18940 3089 18941 3095 18942 3089 18943 3094 18944 3089 18945 3095 18946 3090 18947 3096 18948 3090 18949 3095 18950 3090 18951 3096 18952 3091 18953 3097 18954 3091 18955 3096 18956 3091 18957 3097 18958 3092 18959 3200 18960 3092 18961 3097 18962 3092 18963 3200 18964 3093 18965 3201 18966 3093 18967 3200 18968 3093 18969 3201 18970 3202 18971 3644 18972 3643 18973 3513 18974 3643 18975 3644 18976 3094 18977 3098 18978 3094 18979 3644 18980 3094 18981 3098 18982 3095 18983 3099 18984 3095 18985 3098 18986 3095 18987 3099 18988 3096 18989 3199 18990 3096 18991 3099 18992 3096 18993 3199 18994 3097 18995 3439 18996 3097 18997 3199 18998 3097 18999 3439 19000 3200 19001 3198 19002 3199 19003 3099 19004 3199 19005 3198 19006 3549 19007 3100 19008 3674 19009 3605 19010 3674 19011 3100 19012 3675 19013 3675 19014 3101 19015 3650 19016 3101 19017 3675 19018 3100 19019 3106 19020 3107 19021 3100 19022 3100 19023 3107 19024 3101 19025 3650 19026 3102 19027 3651 19028 3102 19029 3650 19030 3101 19031 3107 19032 3108 19033 3101 19034 3101 19035 3108 19036 3102 19037 3108 19038 3109 19039 3102 19040 3102 19041 3109 19042 3103 19043 3651 19044 3103 19045 3652 19046 3103 19047 3651 19048 3102 19049 3109 19050 3110 19051 3103 19052 3103 19053 3110 19054 3104 19055 3652 19056 3104 19057 3653 19058 3104 19059 3652 19060 3103 19061 3111 19062 3104 19063 3110 19064 3104 19065 3111 19066 3105 19067 3105 19068 3653 19069 3104 19070 3653 19071 3105 19072 3744 19073 3111 19074 3701 19075 3105 19076 3701 19077 3111 19078 3702 19079 3701 19080 3744 19081 3105 19082 3744 19083 3701 19084 3700 19085 3279 19086 3112 19087 3106 19088 3107 19089 3106 19090 3112 19091 3108 19092 3107 19093 3113 19094 3107 19095 3112 19096 3113 19097 3109 19098 3108 19099 3114 19100 3108 19101 3113 19102 3114 19103 3114 19104 3115 19105 3109 19106 3110 19107 3109 19108 3115 19109 3115 19110 3111 19111 3110 19112 3111 19113 3115 19114 3116 19115 3702 19116 3116 19117 3368 19118 3116 19119 3702 19120 3111 19121 3113 19122 3117 19123 3118 19124 3117 19125 3113 19126 3112 19127 3280 19128 3117 19129 3112 19130 3112 19131 3279 19132 3280 19133 3118 19134 3119 19135 3113 19136 3114 19137 3113 19138 3119 19139 3119 19140 3120 19141 3114 19142 3115 19143 3114 19144 3120 19145 3120 19146 3121 19147 3115 19148 3116 19149 3115 19150 3121 19151 3121 19152 3368 19153 3116 19154 3368 19155 3121 19156 3369 19157 3118 19158 3122 19159 3123 19160 3122 19161 3118 19162 3117 19163 3123 19164 3124 19165 3118 19166 3119 19167 3118 19168 3124 19169 3124 19170 3125 19171 3119 19172 3120 19173 3119 19174 3125 19175 3125 19176 3121 19177 3120 19178 3121 19179 3125 19180 3126 19181 3126 19182 3369 19183 3121 19184 3369 19185 3126 19186 3370 19187 3123 19188 3127 19189 3128 19190 3127 19191 3123 19192 3122 19193 3128 19194 3124 19195 3123 19196 3124 19197 3128 19198 3129 19199 3129 19200 3125 19201 3124 19202 3125 19203 3129 19204 3130 19205 3130 19206 3126 19207 3125 19208 3126 19209 3130 19210 3131 19211 3131 19212 3370 19213 3126 19214 3370 19215 3131 19216 3371 19217 3128 19218 3281 19219 3132 19220 3281 19221 3128 19222 3127 19223 3129 19224 3132 19225 3133 19226 3132 19227 3129 19228 3128 19229 3130 19230 3133 19231 3134 19232 3133 19233 3130 19234 3129 19235 3134 19236 3131 19237 3130 19238 3131 19239 3134 19240 3135 19241 3135 19242 3373 19243 3131 19244 3371 19245 3131 19246 3373 19247 3136 19248 3133 19249 3132 19250 3133 19251 3136 19252 3137 19253 3136 19254 3132 19255 3282 19256 3132 19257 3281 19258 3282 19259 3137 19260 3134 19261 3133 19262 3134 19263 3137 19264 3138 19265 3138 19266 3135 19267 3134 19268 3135 19269 3138 19270 3139 19271 3139 19272 3375 19273 3135 19274 3373 19275 3135 19276 3375 19277 3140 19278 3137 19279 3136 19280 3137 19281 3140 19282 3141 19283 3282 19284 3283 19285 3136 19286 3140 19287 3136 19288 3283 19289 3141 19290 3138 19291 3137 19292 3138 19293 3141 19294 3142 19295 3142 19296 3139 19297 3138 19298 3139 19299 3142 19300 3143 19301 3143 19302 3375 19303 3139 19304 3375 19305 3143 19306 3377 19307 3283 19308 3284 19309 3140 19310 3285 19311 3140 19312 3284 19313 3285 19314 3141 19315 3140 19316 3141 19317 3285 19318 3144 19319 3144 19320 3142 19321 3141 19322 3142 19323 3144 19324 3145 19325 3145 19326 3143 19327 3142 19328 3143 19329 3145 19330 3146 19331 3146 19332 3377 19333 3143 19334 3377 19335 3146 19336 3147 19337 3148 19338 3145 19339 3144 19340 3145 19341 3148 19342 3149 19343 3285 19344 3287 19345 3144 19346 3144 19347 3287 19348 3148 19349 3149 19350 3146 19351 3145 19352 3146 19353 3149 19354 3150 19355 3146 19356 3150 19357 3151 19358 3146 19359 3151 19360 3147 19361 3377 19362 3380 19363 3378 19364 3380 19365 3377 19366 3147 19367 3382 19368 3380 19369 3147 19370 3147 19371 3151 19372 3382 19373 3152 19374 3149 19375 3148 19376 3149 19377 3152 19378 3153 19379 3287 19380 3289 19381 3148 19382 3148 19383 3289 19384 3152 19385 3153 19386 3150 19387 3149 19388 3150 19389 3153 19390 3154 19391 3155 19392 3151 19393 3150 19394 3150 19395 3154 19396 3155 19397 3385 19398 3382 19399 3151 19400 3151 19401 3155 19402 3385 19403 3289 19404 3291 19405 3152 19406 3152 19407 3291 19408 3156 19409 3153 19410 3156 19411 3157 19412 3156 19413 3153 19414 3152 19415 3154 19416 3157 19417 3158 19418 3157 19419 3154 19420 3153 19421 3159 19422 3155 19423 3154 19424 3154 19425 3158 19426 3159 19427 3388 19428 3385 19429 3155 19430 3155 19431 3159 19432 3388 19433 3291 19434 3294 19435 3156 19436 3294 19437 3291 19438 3293 19439 3157 19440 3294 19441 3160 19442 3294 19443 3157 19444 3156 19445 3161 19446 3158 19447 3157 19448 3157 19449 3160 19450 3161 19451 3162 19452 3159 19453 3158 19454 3158 19455 3161 19456 3162 19457 3391 19458 3159 19459 3162 19460 3159 19461 3391 19462 3388 19463 3164 19464 3161 19465 3160 19466 3160 19467 3163 19468 3164 19469 3294 19470 3296 19471 3160 19472 3160 19473 3296 19474 3163 19475 3165 19476 3162 19477 3161 19478 3161 19479 3164 19480 3165 19481 3395 19482 3162 19483 3165 19484 3162 19485 3395 19486 3391 19487 3167 19488 3164 19489 3163 19490 3163 19491 3166 19492 3167 19493 3296 19494 3166 19495 3163 19496 3166 19497 3296 19498 3298 19499 3167 19500 3165 19501 3164 19502 3165 19503 3167 19504 3168 19505 3399 19506 3165 19507 3168 19508 3165 19509 3399 19510 3395 19511 3298 19512 3169 19513 3166 19514 3169 19515 3298 19516 3300 19517 3170 19518 3167 19519 3166 19520 3166 19521 3169 19522 3170 19523 3171 19524 3168 19525 3167 19526 3167 19527 3170 19528 3171 19529 3171 19530 3399 19531 3168 19532 3399 19533 3171 19534 3403 19535 3300 19536 3302 19537 3169 19538 3169 19539 3302 19540 3303 19541 3172 19542 3170 19543 3169 19544 3169 19545 3303 19546 3172 19547 3173 19548 3171 19549 3170 19550 3170 19551 3172 19552 3173 19553 3173 19554 3403 19555 3171 19556 3403 19557 3173 19558 3407 19559 3175 19560 3173 19561 3172 19562 3172 19563 3174 19564 3175 19565 3303 19566 3174 19567 3172 19568 3174 19569 3303 19570 3306 19571 3411 19572 3173 19573 3175 19574 3173 19575 3411 19576 3407 19577 3177 19578 3175 19579 3174 19580 3174 19581 3176 19582 3177 19583 3306 19584 3176 19585 3174 19586 3176 19587 3306 19588 3309 19589 3177 19590 3411 19591 3175 19592 3411 19593 3177 19594 3178 19595 3309 19596 3312 19597 3176 19598 3176 19599 3312 19600 3313 19601 3179 19602 3177 19603 3176 19604 3176 19605 3313 19606 3179 19607 3179 19608 3178 19609 3177 19610 3178 19611 3179 19612 3180 19613 3180 19614 3415 19615 3178 19616 3415 19617 3180 19618 3418 19619 3415 19620 3412 19621 3178 19622 3411 19623 3178 19624 3412 19625 3181 19626 3180 19627 3179 19628 3180 19629 3181 19630 3182 19631 3313 19632 3181 19633 3179 19634 3181 19635 3313 19636 3317 19637 3182 19638 3418 19639 3180 19640 3418 19641 3182 19642 3421 19643 3183 19644 3182 19645 3181 19646 3182 19647 3183 19648 3184 19649 3317 19650 3183 19651 3181 19652 3183 19653 3317 19654 3321 19655 3184 19656 3421 19657 3182 19658 3421 19659 3184 19660 3424 19661 3321 19662 3185 19663 3183 19664 3185 19665 3321 19666 3325 19667 3186 19668 3183 19669 3185 19670 3183 19671 3186 19672 3184 19673 3186 19674 3424 19675 3184 19676 3424 19677 3186 19678 3426 19679 3325 19680 3329 19681 3185 19682 3329 19683 3325 19684 3328 19685 3329 19686 3186 19687 3185 19688 3186 19689 3329 19690 3187 19691 3187 19692 3426 19693 3186 19694 3426 19695 3187 19696 3428 19697 3188 19698 3428 19699 3187 19700 3428 19701 3188 19702 3430 19703 3333 19704 3187 19705 3329 19706 3188 19707 3187 19708 3333 19709 3189 19710 3430 19711 3188 19712 3430 19713 3189 19714 3432 19715 3337 19716 3188 19717 3333 19718 3188 19719 3337 19720 3189 19721 3341 19722 3189 19723 3337 19724 3190 19725 3189 19726 3341 19727 3190 19728 3432 19729 3189 19730 3432 19731 3190 19732 3434 19733 3345 19734 3190 19735 3341 19736 3190 19737 3345 19738 3346 19739 3346 19740 3434 19741 3190 19742 3434 19743 3346 19744 3436 19745 3587 19746 3191 19747 3192 19748 3191 19749 3587 19750 3438 19751 3351 19752 3192 19753 3191 19754 3192 19755 3351 19756 3356 19757 3351 19758 3436 19759 3346 19760 3436 19761 3351 19762 3191 19763 3438 19764 3437 19765 3191 19766 3436 19767 3191 19768 3437 19769 3193 19770 3356 19771 3361 19772 3356 19773 3193 19774 3192 19775 3593 19776 3192 19777 3193 19778 3192 19779 3593 19780 3587 19781 3367 19782 3361 19783 3366 19784 3361 19785 3367 19786 3193 19787 3599 19788 3193 19789 3367 19790 3193 19791 3599 19792 3593 19793 3195 19794 3669 19795 3194 19796 3669 19797 3195 19798 3196 19799 3747 19800 3194 19801 3531 19802 3194 19803 3747 19804 3195 19805 3531 19806 3662 19807 3533 19808 3662 19809 3531 19810 3194 19811 3662 19812 3669 19813 3663 19814 3669 19815 3662 19816 3194 19817 3196 19818 3611 19819 3608 19820 3611 19821 3196 19822 3195 19823 3747 19824 3611 19825 3195 19826 3611 19827 3747 19828 3615 19829 3608 19830 3197 19831 3196 19832 3197 19833 3608 19834 3606 19835 3669 19836 3197 19837 3670 19838 3197 19839 3669 19840 3196 19841 3670 19842 3674 19843 3671 19844 3674 19845 3670 19846 3197 19847 3197 19848 3606 19849 3605 19850 3197 19851 3605 19852 3674 19853 3402 19854 3549 19855 3198 19856 3549 19857 3402 19858 3406 19859 3549 19860 3439 19861 3199 19862 3439 19863 3549 19864 3550 19865 3440 19866 3200 19867 3439 19868 3200 19869 3440 19870 3201 19871 3440 19872 3442 19873 3201 19874 3442 19875 3440 19876 3441 19877 3442 19878 3202 19879 3201 19880 3202 19881 3442 19882 3203 19883 3206 19884 3204 19885 3203 19886 3203 19887 3205 19888 3206 19889 3443 19890 3203 19891 3442 19892 3203 19893 3443 19894 3205 19895 3443 19896 3445 19897 3205 19898 3445 19899 3443 19900 3444 19901 3208 19902 3206 19903 3205 19904 3205 19905 3445 19906 3208 19907 3209 19908 3207 19909 3206 19910 3206 19911 3208 19912 3209 19913 3211 19914 3209 19915 3208 19916 3208 19917 3448 19918 3211 19919 3447 19920 3208 19921 3445 19922 3208 19923 3447 19924 3448 19925 3212 19926 3210 19927 3209 19928 3209 19929 3211 19930 3212 19931 3215 19932 3212 19933 3211 19934 3211 19935 3214 19936 3215 19937 3448 19938 3214 19939 3211 19940 3214 19941 3448 19942 3451 19943 3213 19944 3215 19945 3216 19946 3215 19947 3213 19948 3212 19949 3451 19950 3455 19951 3214 19952 3455 19953 3451 19954 3454 19955 3218 19956 3215 19957 3214 19958 3214 19959 3455 19960 3218 19961 3216 19962 3218 19963 3219 19964 3218 19965 3216 19966 3215 19967 3217 19968 3219 19969 3220 19970 3219 19971 3217 19972 3216 19973 3219 19974 3222 19975 3223 19976 3222 19977 3219 19978 3218 19979 3455 19980 3222 19981 3218 19982 3222 19983 3455 19984 3458 19985 3220 19986 3223 19987 3224 19988 3223 19989 3220 19990 3219 19991 3221 19992 3224 19993 3225 19994 3224 19995 3221 19996 3220 19997 3458 19998 3462 19999 3222 20000 3462 20001 3458 20002 3461 20003 3223 20004 3462 20005 3227 20006 3462 20007 3223 20008 3222 20009 3224 20010 3227 20011 3228 20012 3227 20013 3224 20014 3223 20015 3225 20016 3228 20017 3229 20018 3228 20019 3225 20020 3224 20021 3226 20022 3229 20023 3230 20024 3229 20025 3226 20026 3225 20027 3228 20028 3232 20029 3233 20030 3232 20031 3228 20032 3227 20033 3462 20034 3232 20035 3227 20036 3232 20037 3462 20038 3466 20039 3229 20040 3233 20041 3234 20042 3233 20043 3229 20044 3228 20045 3230 20046 3234 20047 3235 20048 3234 20049 3230 20050 3229 20051 3231 20052 3235 20053 3236 20054 3235 20055 3231 20056 3230 20057 3466 20058 3471 20059 3232 20060 3471 20061 3466 20062 3470 20063 3233 20064 3471 20065 3238 20066 3471 20067 3233 20068 3232 20069 3234 20070 3238 20071 3239 20072 3238 20073 3234 20074 3233 20075 3235 20076 3239 20077 3240 20078 3239 20079 3235 20080 3234 20081 3236 20082 3240 20083 3241 20084 3240 20085 3236 20086 3235 20087 3237 20088 3241 20089 3242 20090 3241 20091 3237 20092 3236 20093 3471 20094 3475 20095 3238 20096 3238 20097 3475 20098 3476 20099 3239 20100 3476 20101 3244 20102 3476 20103 3239 20104 3238 20105 3240 20106 3244 20107 3245 20108 3244 20109 3240 20110 3239 20111 3241 20112 3245 20113 3246 20114 3245 20115 3241 20116 3240 20117 3242 20118 3246 20119 3247 20120 3246 20121 3242 20122 3241 20123 3243 20124 3247 20125 3248 20126 3247 20127 3243 20128 3242 20129 3245 20130 3250 20131 3251 20132 3250 20133 3245 20134 3244 20135 3476 20136 3481 20137 3244 20138 3244 20139 3481 20140 3250 20141 3246 20142 3251 20143 3252 20144 3251 20145 3246 20146 3245 20147 3247 20148 3252 20149 3253 20150 3252 20151 3247 20152 3246 20153 3248 20154 3253 20155 3254 20156 3253 20157 3248 20158 3247 20159 3249 20160 3254 20161 3255 20162 3254 20163 3249 20164 3248 20165 3481 20166 3486 20167 3250 20168 3250 20169 3486 20170 3487 20171 3251 20172 3487 20173 3257 20174 3487 20175 3251 20176 3250 20177 3252 20178 3257 20179 3258 20180 3257 20181 3252 20182 3251 20183 3253 20184 3258 20185 3259 20186 3258 20187 3253 20188 3252 20189 3254 20190 3259 20191 3260 20192 3259 20193 3254 20194 3253 20195 3255 20196 3260 20197 3261 20198 3260 20199 3255 20200 3254 20201 3256 20202 3261 20203 3262 20204 3261 20205 3256 20206 3255 20207 3258 20208 3264 20209 3265 20210 3264 20211 3258 20212 3257 20213 3487 20214 3493 20215 3257 20216 3264 20217 3257 20218 3493 20219 3259 20220 3265 20221 3266 20222 3265 20223 3259 20224 3258 20225 3260 20226 3266 20227 3267 20228 3266 20229 3260 20230 3259 20231 3261 20232 3267 20233 3268 20234 3267 20235 3261 20236 3260 20237 3262 20238 3268 20239 3269 20240 3268 20241 3262 20242 3261 20243 3270 20244 3263 20245 3262 20246 3270 20247 3262 20248 3269 20249 3493 20250 3498 20251 3264 20252 3499 20253 3264 20254 3498 20255 3265 20256 3499 20257 3272 20258 3499 20259 3265 20260 3264 20261 3266 20262 3272 20263 3273 20264 3272 20265 3266 20266 3265 20267 3267 20268 3273 20269 3274 20270 3273 20271 3267 20272 3266 20273 3268 20274 3274 20275 3275 20276 3274 20277 3268 20278 3267 20279 3269 20280 3275 20281 3276 20282 3275 20283 3269 20284 3268 20285 3277 20286 3270 20287 3269 20288 3277 20289 3269 20290 3276 20291 3278 20292 3271 20293 3270 20294 3278 20295 3270 20296 3277 20297 3746 20298 3362 20299 3271 20300 3271 20301 3278 20302 3746 20303 3273 20304 3748 20305 3514 20306 3748 20307 3273 20308 3272 20309 3499 20310 3724 20311 3272 20312 3272 20313 3724 20314 3748 20315 3274 20316 3514 20317 3516 20318 3514 20319 3274 20320 3273 20321 3275 20322 3516 20323 3519 20324 3516 20325 3275 20326 3274 20327 3276 20328 3519 20329 3523 20330 3519 20331 3276 20332 3275 20333 3277 20334 3523 20335 3528 20336 3523 20337 3277 20338 3276 20339 3530 20340 3278 20341 3277 20342 3277 20343 3528 20344 3530 20345 3530 20346 3712 20347 3278 20348 3278 20349 3712 20350 3746 20351 3287 20352 3285 20353 3284 20354 3284 20355 3286 20356 3287 20357 3289 20358 3287 20359 3286 20360 3286 20361 3288 20362 3289 20363 3291 20364 3289 20365 3288 20366 3288 20367 3290 20368 3291 20369 3293 20370 3291 20371 3290 20372 3293 20373 3290 20374 3292 20375 3296 20376 3294 20377 3293 20378 3296 20379 3293 20380 3295 20381 3298 20382 3296 20383 3295 20384 3298 20385 3295 20386 3297 20387 3300 20388 3298 20389 3297 20390 3300 20391 3297 20392 3299 20393 3302 20394 3300 20395 3299 20396 3302 20397 3299 20398 3301 20399 3302 20400 3304 20401 3305 20402 3304 20403 3302 20404 3301 20405 3303 20406 3305 20407 3306 20408 3305 20409 3303 20410 3302 20411 3305 20412 3307 20413 3308 20414 3307 20415 3305 20416 3304 20417 3306 20418 3308 20419 3309 20420 3308 20421 3306 20422 3305 20423 3308 20424 3310 20425 3311 20426 3310 20427 3308 20428 3307 20429 3309 20430 3311 20431 3312 20432 3311 20433 3309 20434 3308 20435 3311 20436 3314 20437 3315 20438 3314 20439 3311 20440 3310 20441 3312 20442 3315 20443 3316 20444 3315 20445 3312 20446 3311 20447 3313 20448 3316 20449 3317 20450 3316 20451 3313 20452 3312 20453 3315 20454 3318 20455 3319 20456 3318 20457 3315 20458 3314 20459 3316 20460 3319 20461 3320 20462 3319 20463 3316 20464 3315 20465 3317 20466 3320 20467 3321 20468 3320 20469 3317 20470 3316 20471 3319 20472 3322 20473 3323 20474 3322 20475 3319 20476 3318 20477 3320 20478 3323 20479 3324 20480 3323 20481 3320 20482 3319 20483 3321 20484 3324 20485 3325 20486 3324 20487 3321 20488 3320 20489 3324 20490 3326 20491 3327 20492 3326 20493 3324 20494 3323 20495 3328 20496 3325 20497 3324 20498 3324 20499 3327 20500 3328 20501 3327 20502 3330 20503 3331 20504 3330 20505 3327 20506 3326 20507 3328 20508 3331 20509 3332 20510 3331 20511 3328 20512 3327 20513 3333 20514 3329 20515 3328 20516 3328 20517 3332 20518 3333 20519 3331 20520 3334 20521 3335 20522 3334 20523 3331 20524 3330 20525 3332 20526 3335 20527 3336 20528 3335 20529 3332 20530 3331 20531 3337 20532 3333 20533 3332 20534 3332 20535 3336 20536 3337 20537 3339 20538 3335 20539 3334 20540 3339 20541 3334 20542 3338 20543 3336 20544 3339 20545 3340 20546 3339 20547 3336 20548 3335 20549 3341 20550 3337 20551 3336 20552 3336 20553 3340 20554 3341 20555 3343 20556 3339 20557 3338 20558 3343 20559 3338 20560 3342 20561 3340 20562 3343 20563 3344 20564 3343 20565 3340 20566 3339 20567 3345 20568 3341 20569 3340 20570 3340 20571 3344 20572 3345 20573 3348 20574 3343 20575 3342 20576 3348 20577 3342 20578 3347 20579 3344 20580 3348 20581 3349 20582 3348 20583 3344 20584 3343 20585 3350 20586 3345 20587 3344 20588 3344 20589 3349 20590 3350 20591 3350 20592 3346 20593 3345 20594 3346 20595 3350 20596 3351 20597 3353 20598 3348 20599 3347 20600 3353 20601 3347 20602 3352 20603 3354 20604 3349 20605 3348 20606 3348 20607 3353 20608 3354 20609 3355 20610 3350 20611 3349 20612 3349 20613 3354 20614 3355 20615 3356 20616 3350 20617 3355 20618 3350 20619 3356 20620 3351 20621 3358 20622 3353 20623 3352 20624 3352 20625 3357 20626 3358 20627 3354 20628 3358 20629 3359 20630 3358 20631 3354 20632 3353 20633 3360 20634 3355 20635 3354 20636 3354 20637 3359 20638 3360 20639 3361 20640 3355 20641 3360 20642 3355 20643 3361 20644 3356 20645 3363 20646 3358 20647 3357 20648 3357 20649 3362 20650 3363 20651 3364 20652 3359 20653 3358 20654 3358 20655 3363 20656 3364 20657 3365 20658 3359 20659 3364 20660 3359 20661 3365 20662 3360 20663 3366 20664 3360 20665 3365 20666 3360 20667 3366 20668 3361 20669 3712 20670 3363 20671 3362 20672 3712 20673 3362 20674 3746 20675 3713 20676 3363 20677 3712 20678 3713 20679 3364 20680 3363 20681 3714 20682 3364 20683 3713 20684 3364 20685 3714 20686 3365 20687 3715 20688 3365 20689 3714 20690 3365 20691 3715 20692 3366 20693 3716 20694 3366 20695 3715 20696 3366 20697 3716 20698 3367 20699 3710 20700 3367 20701 3716 20702 3367 20703 3710 20704 3599 20705 3696 20706 3702 20707 3368 20708 3368 20709 3697 20710 3696 20711 3369 20712 3697 20713 3368 20714 3697 20715 3369 20716 3698 20717 3370 20718 3698 20719 3369 20720 3698 20721 3370 20722 3699 20723 3371 20724 3372 20725 3370 20726 3370 20727 3372 20728 3699 20729 3373 20730 3374 20731 3371 20732 3372 20733 3371 20734 3374 20735 3374 20736 3691 20737 3372 20738 3691 20739 3374 20740 3692 20741 3699 20742 3691 20743 3690 20744 3691 20745 3699 20746 3372 20747 3375 20748 3376 20749 3373 20750 3374 20751 3373 20752 3376 20753 3376 20754 3693 20755 3374 20756 3374 20757 3693 20758 3692 20759 3375 20760 3377 20761 3378 20762 3375 20763 3378 20764 3376 20765 3693 20766 3376 20767 3379 20768 3376 20769 3378 20770 3379 20771 3379 20772 3378 20773 3381 20774 3378 20775 3380 20776 3381 20777 3683 20778 3379 20779 3684 20780 3379 20781 3381 20782 3684 20783 3693 20784 3683 20785 3682 20786 3683 20787 3693 20788 3379 20789 3383 20790 3381 20791 3380 20792 3380 20793 3382 20794 3383 20795 3684 20796 3381 20797 3384 20798 3381 20799 3383 20800 3384 20801 3386 20802 3383 20803 3382 20804 3382 20805 3385 20806 3386 20807 3383 20808 3386 20809 3387 20810 3383 20811 3387 20812 3384 20813 3387 20814 3677 20815 3384 20816 3384 20817 3677 20818 3676 20819 3385 20820 3388 20821 3389 20822 3385 20823 3389 20824 3386 20825 3386 20826 3389 20827 3390 20828 3386 20829 3390 20830 3387 20831 3390 20832 3678 20833 3387 20834 3387 20835 3678 20836 3677 20837 3392 20838 3388 20839 3391 20840 3388 20841 3392 20842 3389 20843 3389 20844 3392 20845 3393 20846 3389 20847 3393 20848 3390 20849 3393 20850 3394 20851 3390 20852 3390 20853 3394 20854 3678 20855 3396 20856 3391 20857 3395 20858 3391 20859 3396 20860 3392 20861 3396 20862 3393 20863 3392 20864 3393 20865 3396 20866 3397 20867 3398 20868 3393 20869 3397 20870 3393 20871 3398 20872 3394 20873 3399 20874 3396 20875 3395 20876 3396 20877 3399 20878 3400 20879 3400 20880 3397 20881 3396 20882 3397 20883 3400 20884 3401 20885 3402 20886 3397 20887 3401 20888 3397 20889 3402 20890 3398 20891 3403 20892 3400 20893 3399 20894 3400 20895 3403 20896 3404 20897 3404 20898 3401 20899 3400 20900 3401 20901 3404 20902 3405 20903 3406 20904 3401 20905 3405 20906 3401 20907 3406 20908 3402 20909 3407 20910 3404 20911 3403 20912 3404 20913 3407 20914 3408 20915 3408 20916 3405 20917 3404 20918 3405 20919 3408 20920 3409 20921 3410 20922 3405 20923 3409 20924 3405 20925 3410 20926 3406 20927 3550 20928 3406 20929 3410 20930 3406 20931 3550 20932 3549 20933 3411 20934 3408 20935 3407 20936 3408 20937 3411 20938 3412 20939 3412 20940 3409 20941 3408 20942 3409 20943 3412 20944 3413 20945 3413 20946 3410 20947 3409 20948 3410 20949 3413 20950 3414 20951 3551 20952 3410 20953 3414 20954 3410 20955 3551 20956 3550 20957 3415 20958 3413 20959 3412 20960 3413 20961 3415 20962 3416 20963 3417 20964 3413 20965 3416 20966 3413 20967 3417 20968 3414 20969 3552 20970 3414 20971 3417 20972 3414 20973 3552 20974 3551 20975 3418 20976 3416 20977 3415 20978 3416 20979 3418 20980 3419 20981 3420 20982 3416 20983 3419 20984 3416 20985 3420 20986 3417 20987 3553 20988 3417 20989 3420 20990 3417 20991 3553 20992 3552 20993 3421 20994 3419 20995 3418 20996 3419 20997 3421 20998 3422 20999 3423 21000 3419 21001 3422 21002 3419 21003 3423 21004 3420 21005 3555 21006 3420 21007 3423 21008 3420 21009 3555 21010 3553 21011 3424 21012 3422 21013 3421 21014 3422 21015 3424 21016 3425 21017 3557 21018 3422 21019 3425 21020 3422 21021 3557 21022 3423 21023 3558 21024 3423 21025 3557 21026 3423 21027 3558 21028 3555 21029 3426 21030 3425 21031 3424 21032 3425 21033 3426 21034 3427 21035 3560 21036 3425 21037 3427 21038 3425 21039 3560 21040 3557 21041 3428 21042 3427 21043 3426 21044 3427 21045 3428 21046 3429 21047 3563 21048 3427 21049 3429 21050 3427 21051 3563 21052 3560 21053 3430 21054 3429 21055 3428 21056 3429 21057 3430 21058 3431 21059 3566 21060 3429 21061 3431 21062 3429 21063 3566 21064 3563 21065 3432 21066 3431 21067 3430 21068 3431 21069 3432 21070 3433 21071 3570 21072 3431 21073 3433 21074 3431 21075 3570 21076 3566 21077 3434 21078 3433 21079 3432 21080 3433 21081 3434 21082 3435 21083 3574 21084 3433 21085 3435 21086 3433 21087 3574 21088 3570 21089 3436 21090 3435 21091 3434 21092 3435 21093 3436 21094 3437 21095 3578 21096 3435 21097 3437 21098 3435 21099 3578 21100 3574 21101 3582 21102 3437 21103 3438 21104 3437 21105 3582 21106 3578 21107 3588 21108 3438 21109 3587 21110 3438 21111 3588 21112 3582 21113 3550 21114 3440 21115 3439 21116 3440 21117 3550 21118 3551 21119 3551 21120 3441 21121 3440 21122 3441 21123 3551 21124 3552 21125 3552 21126 3554 21127 3441 21128 3554 21129 3552 21130 3553 21131 3441 21132 3554 21133 3443 21134 3441 21135 3443 21136 3442 21137 3554 21138 3444 21139 3443 21140 3444 21141 3554 21142 3556 21143 3444 21144 3446 21145 3447 21146 3444 21147 3447 21148 3445 21149 3556 21150 3446 21151 3444 21152 3446 21153 3556 21154 3559 21155 3446 21156 3449 21157 3450 21158 3446 21159 3450 21160 3447 21161 3559 21162 3449 21163 3446 21164 3449 21165 3559 21166 3562 21167 3447 21168 3450 21169 3451 21170 3447 21171 3451 21172 3448 21173 3452 21174 3562 21175 3565 21176 3562 21177 3452 21178 3449 21179 3449 21180 3452 21181 3453 21182 3449 21183 3453 21184 3450 21185 3450 21186 3453 21187 3454 21188 3450 21189 3454 21190 3451 21191 3569 21192 3565 21193 3568 21194 3565 21195 3569 21196 3452 21197 3452 21198 3569 21199 3456 21200 3452 21201 3456 21202 3453 21203 3453 21204 3456 21205 3457 21206 3453 21207 3457 21208 3454 21209 3458 21210 3455 21211 3454 21212 3454 21213 3457 21214 3458 21215 3456 21216 3459 21217 3460 21218 3456 21219 3460 21220 3457 21221 3569 21222 3459 21223 3456 21224 3459 21225 3569 21226 3573 21227 3461 21228 3458 21229 3457 21230 3457 21231 3460 21232 3461 21233 3459 21234 3463 21235 3464 21236 3459 21237 3464 21238 3460 21239 3573 21240 3463 21241 3459 21242 3463 21243 3573 21244 3577 21245 3464 21246 3461 21247 3460 21248 3461 21249 3464 21250 3465 21251 3466 21252 3462 21253 3461 21254 3461 21255 3465 21256 3466 21257 3467 21258 3577 21259 3581 21260 3577 21261 3467 21262 3463 21263 3463 21264 3467 21265 3468 21266 3463 21267 3468 21268 3464 21269 3464 21270 3468 21271 3469 21272 3464 21273 3469 21274 3465 21275 3470 21276 3466 21277 3465 21278 3465 21279 3469 21280 3470 21281 3586 21282 3581 21283 3585 21284 3581 21285 3586 21286 3467 21287 3467 21288 3586 21289 3472 21290 3467 21291 3472 21292 3468 21293 3468 21294 3472 21295 3473 21296 3468 21297 3473 21298 3469 21299 3474 21300 3470 21301 3469 21302 3469 21303 3473 21304 3474 21305 3475 21306 3471 21307 3470 21308 3470 21309 3474 21310 3475 21311 3472 21312 3477 21313 3478 21314 3472 21315 3478 21316 3473 21317 3586 21318 3477 21319 3472 21320 3477 21321 3586 21322 3592 21323 3479 21324 3474 21325 3473 21326 3473 21327 3478 21328 3479 21329 3480 21330 3475 21331 3474 21332 3474 21333 3479 21334 3480 21335 3476 21336 3480 21337 3481 21338 3480 21339 3476 21340 3475 21341 3482 21342 3478 21343 3477 21344 3478 21345 3482 21346 3483 21347 3592 21348 3482 21349 3477 21350 3482 21351 3592 21352 3598 21353 3484 21354 3479 21355 3478 21356 3478 21357 3483 21358 3484 21359 3480 21360 3484 21361 3485 21362 3484 21363 3480 21364 3479 21365 3481 21366 3485 21367 3486 21368 3485 21369 3481 21370 3480 21371 3598 21372 3488 21373 3482 21374 3488 21375 3598 21376 3604 21377 3488 21378 3483 21379 3482 21380 3483 21381 3488 21382 3489 21383 3490 21384 3484 21385 3483 21386 3483 21387 3489 21388 3490 21389 3485 21390 3490 21391 3491 21392 3490 21393 3485 21394 3484 21395 3486 21396 3491 21397 3492 21398 3491 21399 3486 21400 3485 21401 3487 21402 3492 21403 3493 21404 3492 21405 3487 21406 3486 21407 3604 21408 3745 21409 3488 21410 3745 21411 3604 21412 3703 21413 3745 21414 3489 21415 3488 21416 3489 21417 3745 21418 3494 21419 3490 21420 3494 21421 3495 21422 3494 21423 3490 21424 3489 21425 3491 21426 3495 21427 3496 21428 3495 21429 3491 21430 3490 21431 3492 21432 3496 21433 3497 21434 3496 21435 3492 21436 3491 21437 3493 21438 3497 21439 3498 21440 3497 21441 3493 21442 3492 21443 3495 21444 3719 21445 3720 21446 3719 21447 3495 21448 3494 21449 3719 21450 3494 21451 3703 21452 3494 21453 3745 21454 3703 21455 3496 21456 3720 21457 3721 21458 3720 21459 3496 21460 3495 21461 3497 21462 3721 21463 3722 21464 3721 21465 3497 21466 3496 21467 3498 21468 3722 21469 3723 21470 3722 21471 3498 21472 3497 21473 3499 21474 3723 21475 3724 21476 3723 21477 3499 21478 3498 21479 3533 21480 3662 21481 3500 21482 3500 21483 3662 21484 3661 21485 3534 21486 3500 21487 3501 21488 3500 21489 3534 21490 3533 21491 3501 21492 3743 21493 3502 21494 3743 21495 3501 21496 3500 21497 3537 21498 3535 21499 3501 21500 3501 21501 3535 21502 3534 21503 3502 21504 3537 21505 3501 21506 3537 21507 3502 21508 3503 21509 3504 21510 3538 21511 3503 21512 3503 21513 3538 21514 3537 21515 3540 21516 3539 21517 3504 21518 3538 21519 3504 21520 3539 21521 3505 21522 3540 21523 3504 21524 3540 21525 3505 21526 3506 21527 3507 21528 3541 21529 3506 21530 3540 21531 3506 21532 3541 21533 3543 21534 3542 21535 3507 21536 3541 21537 3507 21538 3542 21539 3509 21540 3544 21541 3508 21542 3543 21543 3508 21544 3544 21545 3545 21546 3544 21547 3509 21548 3544 21549 3545 21550 3636 21551 3510 21552 3511 21553 3546 21554 3510 21555 3546 21556 3545 21557 3511 21558 3547 21559 3639 21560 3511 21561 3639 21562 3546 21563 3512 21564 3548 21565 3642 21566 3512 21567 3642 21568 3641 21569 3515 21570 3514 21571 3737 21572 3514 21573 3515 21574 3516 21575 3737 21576 3748 21577 3724 21578 3748 21579 3737 21580 3514 21581 3519 21582 3515 21583 3518 21584 3515 21585 3519 21586 3516 21587 3518 21588 3738 21589 3517 21590 3738 21591 3518 21592 3515 21593 3515 21594 3737 21595 3729 21596 3515 21597 3729 21598 3738 21599 3522 21600 3518 21601 3517 21602 3522 21603 3517 21604 3521 21605 3521 21606 3739 21607 3520 21608 3739 21609 3521 21610 3517 21611 3738 21612 3739 21613 3517 21614 3739 21615 3738 21616 3732 21617 3523 21618 3518 21619 3522 21620 3518 21621 3523 21622 3519 21623 3526 21624 3520 21625 3525 21626 3520 21627 3526 21628 3521 21629 3525 21630 3740 21631 3524 21632 3740 21633 3525 21634 3520 21635 3520 21636 3739 21637 3734 21638 3520 21639 3734 21640 3740 21641 3527 21642 3522 21643 3521 21644 3521 21645 3526 21646 3527 21647 3522 21648 3528 21649 3523 21650 3528 21651 3522 21652 3527 21653 3524 21654 3718 21655 3717 21656 3524 21657 3717 21658 3525 21659 3718 21660 3742 21661 3711 21662 3742 21663 3718 21664 3524 21665 3524 21666 3740 21667 3735 21668 3524 21669 3735 21670 3742 21671 3736 21672 3526 21673 3525 21674 3525 21675 3717 21676 3736 21677 3529 21678 3527 21679 3526 21680 3526 21681 3736 21682 3529 21683 3530 21684 3528 21685 3527 21686 3527 21687 3529 21688 3530 21689 3712 21690 3530 21691 3529 21692 3529 21693 3713 21694 3712 21695 3736 21696 3713 21697 3529 21698 3713 21699 3736 21700 3714 21701 3532 21702 3533 21703 3534 21704 3533 21705 3532 21706 3531 21707 3532 21708 3747 21709 3531 21710 3747 21711 3532 21712 3615 21713 3616 21714 3532 21715 3620 21716 3532 21717 3616 21718 3615 21719 3620 21720 3534 21721 3535 21722 3534 21723 3620 21724 3532 21725 3536 21726 3537 21727 3538 21728 3537 21729 3536 21730 3535 21731 3536 21732 3621 21733 3535 21734 3535 21735 3621 21736 3620 21737 3625 21738 3622 21739 3536 21740 3536 21741 3622 21742 3621 21743 3625 21744 3538 21745 3539 21746 3538 21747 3625 21748 3536 21749 3629 21750 3626 21751 3539 21752 3539 21753 3626 21754 3625 21755 3540 21756 3629 21757 3539 21758 3629 21759 3540 21760 3541 21761 3542 21762 3630 21763 3541 21764 3629 21765 3541 21766 3630 21767 3630 21768 3633 21769 3631 21770 3633 21771 3630 21772 3542 21773 3542 21774 3543 21775 3544 21776 3542 21777 3544 21778 3633 21779 3633 21780 3636 21781 3634 21782 3636 21783 3633 21784 3544 21785 3636 21786 3545 21787 3637 21788 3545 21789 3546 21790 3637 21791 3637 21792 3546 21793 3638 21794 3546 21795 3639 21796 3638 21797 3547 21798 3641 21799 3640 21800 3547 21801 3640 21802 3639 21803 3553 21804 3555 21805 3556 21806 3553 21807 3556 21808 3554 21809 3555 21810 3558 21811 3559 21812 3555 21813 3559 21814 3556 21815 3561 21816 3557 21817 3560 21818 3557 21819 3561 21820 3558 21821 3558 21822 3561 21823 3562 21824 3558 21825 3562 21826 3559 21827 3560 21828 3563 21829 3564 21830 3560 21831 3564 21832 3561 21833 3561 21834 3564 21835 3565 21836 3561 21837 3565 21838 3562 21839 3563 21840 3566 21841 3567 21842 3563 21843 3567 21844 3564 21845 3564 21846 3567 21847 3568 21848 3564 21849 3568 21850 3565 21851 3571 21852 3566 21853 3570 21854 3566 21855 3571 21856 3567 21857 3567 21858 3571 21859 3572 21860 3567 21861 3572 21862 3568 21863 3568 21864 3572 21865 3573 21866 3568 21867 3573 21868 3569 21869 3575 21870 3570 21871 3574 21872 3570 21873 3575 21874 3571 21875 3571 21876 3575 21877 3576 21878 3571 21879 3576 21880 3572 21881 3572 21882 3576 21883 3577 21884 3572 21885 3577 21886 3573 21887 3579 21888 3574 21889 3578 21890 3574 21891 3579 21892 3575 21893 3575 21894 3579 21895 3580 21896 3575 21897 3580 21898 3576 21899 3576 21900 3580 21901 3581 21902 3576 21903 3581 21904 3577 21905 3583 21906 3578 21907 3582 21908 3578 21909 3583 21910 3579 21911 3584 21912 3579 21913 3583 21914 3579 21915 3584 21916 3580 21917 3580 21918 3584 21919 3585 21920 3580 21921 3585 21922 3581 21923 3589 21924 3582 21925 3588 21926 3582 21927 3589 21928 3583 21929 3590 21930 3583 21931 3589 21932 3583 21933 3590 21934 3584 21935 3584 21936 3590 21937 3591 21938 3584 21939 3591 21940 3585 21941 3585 21942 3591 21943 3592 21944 3585 21945 3592 21946 3586 21947 3587 21948 3593 21949 3594 21950 3587 21951 3594 21952 3588 21953 3595 21954 3588 21955 3594 21956 3588 21957 3595 21958 3589 21959 3589 21960 3595 21961 3596 21962 3589 21963 3596 21964 3590 21965 3590 21966 3596 21967 3597 21968 3590 21969 3597 21970 3591 21971 3591 21972 3597 21973 3598 21974 3591 21975 3598 21976 3592 21977 3600 21978 3593 21979 3599 21980 3593 21981 3600 21982 3594 21983 3601 21984 3594 21985 3600 21986 3594 21987 3601 21988 3595 21989 3595 21990 3601 21991 3602 21992 3595 21993 3602 21994 3596 21995 3596 21996 3602 21997 3603 21998 3596 21999 3603 22000 3597 22001 3597 22002 3603 22003 3604 22004 3597 22005 3604 22006 3598 22007 3708 22008 3599 22009 3710 22010 3599 22011 3708 22012 3600 22013 3706 22014 3600 22015 3708 22016 3600 22017 3706 22018 3601 22019 3705 22020 3601 22021 3706 22022 3601 22023 3705 22024 3602 22025 3704 22026 3602 22027 3705 22028 3602 22029 3704 22030 3603 22031 3703 22032 3603 22033 3704 22034 3603 22035 3703 22036 3604 22037 3606 22038 3608 22039 3609 22040 3606 22041 3609 22042 3607 22043 3611 22044 3609 22045 3608 22046 3609 22047 3611 22048 3612 22049 3612 22050 3610 22051 3609 22052 3610 22053 3612 22054 3613 22055 3612 22056 3615 22057 3616 22058 3615 22059 3612 22060 3611 22061 3613 22062 3616 22063 3617 22064 3616 22065 3613 22066 3612 22067 3614 22068 3617 22069 3618 22070 3617 22071 3614 22072 3613 22073 3617 22074 3620 22075 3621 22076 3620 22077 3617 22078 3616 22079 3618 22080 3621 22081 3622 22082 3621 22083 3618 22084 3617 22085 3619 22086 3622 22087 3623 22088 3622 22089 3619 22090 3618 22091 3623 22092 3625 22093 3626 22094 3625 22095 3623 22096 3622 22097 3624 22098 3626 22099 3627 22100 3626 22101 3624 22102 3623 22103 3627 22104 3629 22105 3630 22106 3629 22107 3627 22108 3626 22109 3628 22110 3630 22111 3631 22112 3630 22113 3628 22114 3627 22115 3631 22116 3633 22117 3634 22118 3631 22119 3634 22120 3632 22121 3636 22122 3637 22123 3634 22124 3634 22125 3637 22126 3635 22127 3668 22128 3648 22129 3645 22130 3648 22131 3668 22132 3647 22133 3654 22134 3668 22135 3645 22136 3668 22137 3654 22138 3655 22139 3749 22140 3654 22141 3645 22142 3749 22143 3645 22144 3646 22145 3646 22146 3645 22147 3649 22148 3645 22149 3648 22150 3649 22151 3694 22152 3646 22153 3700 22154 3646 22155 3649 22156 3700 22157 3694 22158 3749 22159 3646 22160 3749 22161 3694 22162 3685 22163 3673 22164 3651 22165 3647 22166 3651 22167 3673 22168 3650 22169 3667 22170 3647 22171 3668 22172 3647 22173 3667 22174 3673 22175 3647 22176 3651 22177 3652 22178 3647 22179 3652 22180 3648 22181 3648 22182 3652 22183 3653 22184 3648 22185 3653 22186 3649 22187 3700 22188 3649 22189 3744 22190 3649 22191 3653 22192 3744 22193 3650 22194 3672 22195 3675 22196 3672 22197 3650 22198 3673 22199 3656 22200 3667 22201 3655 22202 3655 22203 3667 22204 3668 22205 3657 22206 3667 22207 3656 22208 3667 22209 3657 22210 3666 22211 3658 22212 3666 22213 3657 22214 3666 22215 3658 22216 3665 22217 3659 22218 3665 22219 3658 22220 3665 22221 3659 22222 3664 22223 3660 22224 3664 22225 3659 22226 3664 22227 3660 22228 3663 22229 3661 22230 3663 22231 3660 22232 3663 22233 3661 22234 3662 22235 3663 22236 3669 22237 3670 22238 3663 22239 3670 22240 3664 22241 3664 22242 3670 22243 3671 22244 3664 22245 3671 22246 3665 22247 3665 22248 3671 22249 3672 22250 3665 22251 3672 22252 3666 22253 3666 22254 3672 22255 3673 22256 3666 22257 3673 22258 3667 22259 3671 22260 3674 22261 3675 22262 3671 22263 3675 22264 3672 22265 3691 22266 3679 22267 3690 22268 3679 22269 3691 22270 3680 22271 3692 22272 3680 22273 3691 22274 3680 22275 3692 22276 3681 22277 3692 22278 3682 22279 3681 22280 3682 22281 3692 22282 3693 22283 3685 22284 3694 22285 3695 22286 3685 22287 3695 22288 3686 22289 3686 22290 3695 22291 3696 22292 3686 22293 3696 22294 3687 22295 3697 22296 3688 22297 3687 22298 3687 22299 3696 22300 3697 22301 3698 22302 3688 22303 3697 22304 3698 22305 3689 22306 3688 22307 3699 22308 3689 22309 3698 22310 3689 22311 3699 22312 3690 22313 3695 22314 3694 22315 3701 22316 3694 22317 3700 22318 3701 22319 3702 22320 3696 22321 3695 22322 3695 22323 3701 22324 3702 22325 3719 22326 3704 22327 3725 22328 3704 22329 3719 22330 3703 22331 3725 22332 3705 22333 3741 22334 3705 22335 3725 22336 3704 22337 3705 22338 3707 22339 3741 22340 3707 22341 3705 22342 3706 22343 3706 22344 3709 22345 3707 22346 3709 22347 3706 22348 3708 22349 3735 22350 3733 22351 3707 22352 3735 22353 3707 22354 3709 22355 3733 22356 3741 22357 3707 22358 3741 22359 3733 22360 3730 22361 3709 22362 3710 22363 3711 22364 3710 22365 3709 22366 3708 22367 3742 22368 3735 22369 3709 22370 3742 22371 3709 22372 3711 22373 3711 22374 3716 22375 3718 22376 3716 22377 3711 22378 3710 22379 3714 22380 3717 22381 3715 22382 3717 22383 3714 22384 3736 22385 3715 22386 3717 22387 3718 22388 3715 22389 3718 22390 3716 22391 3720 22392 3725 22393 3726 22394 3725 22395 3720 22396 3719 22397 3721 22398 3726 22399 3727 22400 3726 22401 3721 22402 3720 22403 3722 22404 3727 22405 3728 22406 3727 22407 3722 22408 3721 22409 3723 22410 3728 22411 3729 22412 3728 22413 3723 22414 3722 22415 3724 22416 3729 22417 3737 22418 3729 22419 3724 22420 3723 22421 3726 22422 3741 22423 3730 22424 3741 22425 3726 22426 3725 22427 3727 22428 3730 22429 3731 22430 3730 22431 3727 22432 3726 22433 3728 22434 3731 22435 3732 22436 3731 22437 3728 22438 3727 22439 3729 22440 3732 22441 3738 22442 3732 22443 3729 22444 3728 22445 3730 22446 3734 22447 3731 22448 3734 22449 3730 22450 3733 22451 3732 22452 3734 22453 3739 22454 3734 22455 3732 22456 3731 22457 3733 22458 3740 22459 3734 22460 3740 22461 3733 22462 3735 22463</p>
        </triangles>
      </mesh>
    </geometry>
  </library_geometries>
  <library_visual_scenes>
    <visual_scene id="TidalTurbine_Blades_(0-0-5.8)_COLLADA_" name="TidalTurbine_Blades_(0-0-5.8)_COLLADA_">
      <node name="TidalTurbine_Blades" id="TidalTurbine_Blades" layer="FBXASC0480FBXASC032-FBXASC032TidalFBXASC032Turbine" sid="TidalTurbine_Blades">
        <matrix sid="matrix">0.430000 -0.000000 -0.000000 1.600000 0.000000 -0.174897 0.392825 5.800000 -0.000000 -0.392825 -0.174897 0.000000 0.000000 0.000000 0.000000 1.000000</matrix>
        <instance_geometry url="#TidalTurbine_Blades-lib">
          <bind_material>
            <technique_common>
              <instance_material symbol="Yellow" target="#Yellow"/>
              <instance_material symbol="Black" target="#Black"/>
              <instance_material symbol="White" target="#White"/>
            </technique_common>
          </bind_material>
        </instance_geometry>
        <extra>
          <technique profile="FCOLLADA">
            <visibility>1.000000</visibility>
          </technique>
        </extra>
      </node>
      <extra>
        <technique profile="MAX3D">
          <frame_rate>30.000000</frame_rate>
        </technique>
        <technique profile="FCOLLADA">
          <start_time>0.000000</start_time>
          <end_time>5.000000</end_time>
        </technique>
      </extra>
    </visual_scene>
  </library_visual_scenes>
  <scene>
    <instance_visual_scene url="#TidalTurbine_Blades_(0-0-5.8)_COLLADA_"/>
  </scene>
</COLLADA>
