<?xml version="1.0" encoding="utf-8"?>
<COLLADA xmlns="http://www.collada.org/2005/11/COLLADASchema" version="1.4.1">
  <asset>
    <contributor>
      <author/>
      <authoring_tool>FBX COLLADA exporter</authoring_tool>
      <comments/>
    </contributor>
    <created>2024-08-12T15:18:30Z</created>
    <keywords/>
    <modified>2024-08-12T15:18:30Z</modified>
    <revision/>
    <subject/>
    <title/>
    <unit meter="1.000000" name="centimeter"/>
    <up_axis>Y_UP</up_axis>
  </asset>
  <library_materials>
    <material id="Yellow" name="Yellow">
      <instance_effect url="#Yellow-fx"/>
    </material>
    <material id="Black" name="Black">
      <instance_effect url="#Black-fx"/>
    </material>
    <material id="White" name="White">
      <instance_effect url="#White-fx"/>
    </material>
  </library_materials>
  <library_effects>
    <effect id="Yellow-fx" name="Yellow">
      <profile_COMMON>
        <technique sid="standard">
          <phong>
            <emission>
              <color sid="emission">0.000000  0.000000 0.000000 1.000000</color>
            </emission>
            <ambient>
              <color sid="ambient">0.827726  0.505432 0.000000 1.000000</color>
            </ambient>
            <diffuse>
              <color sid="diffuse">0.827726  0.505432 0.000000 1.000000</color>
            </diffuse>
            <specular>
              <color sid="specular">0.000000  0.000000 0.000000 1.000000</color>
            </specular>
            <shininess>
              <float sid="shininess">2.000000</float>
            </shininess>
            <reflective>
              <color sid="reflective">0.000000  0.000000 0.000000 1.000000</color>
            </reflective>
            <reflectivity>
              <float sid="reflectivity">1.000000</float>
            </reflectivity>
            <transparent opaque="RGB_ZERO">
              <color sid="transparent">1.000000  1.000000 1.000000 1.000000</color>
            </transparent>
            <transparency>
              <float sid="transparency">0.000000</float>
            </transparency>
          </phong>
        </technique>
      </profile_COMMON>
    </effect>
    <effect id="Black-fx" name="Black">
      <profile_COMMON>
        <technique sid="standard">
          <phong>
            <emission>
              <color sid="emission">0.000000  0.000000 0.000000 1.000000</color>
            </emission>
            <ambient>
              <color sid="ambient">0.000175  0.000175 0.000175 1.000000</color>
            </ambient>
            <diffuse>
              <color sid="diffuse">0.000175  0.000175 0.000175 1.000000</color>
            </diffuse>
            <specular>
              <color sid="specular">0.000000  0.000000 0.000000 1.000000</color>
            </specular>
            <shininess>
              <float sid="shininess">2.000000</float>
            </shininess>
            <reflective>
              <color sid="reflective">0.000000  0.000000 0.000000 1.000000</color>
            </reflective>
            <reflectivity>
              <float sid="reflectivity">1.000000</float>
            </reflectivity>
            <transparent opaque="RGB_ZERO">
              <color sid="transparent">1.000000  1.000000 1.000000 1.000000</color>
            </transparent>
            <transparency>
              <float sid="transparency">0.000000</float>
            </transparency>
          </phong>
        </technique>
      </profile_COMMON>
    </effect>
    <effect id="White-fx" name="White">
      <profile_COMMON>
        <technique sid="standard">
          <phong>
            <emission>
              <color sid="emission">0.000000  0.000000 0.000000 1.000000</color>
            </emission>
            <ambient>
              <color sid="ambient">0.585973  0.585973 0.585973 1.000000</color>
            </ambient>
            <diffuse>
              <color sid="diffuse">0.585973  0.585973 0.585973 1.000000</color>
            </diffuse>
            <specular>
              <color sid="specular">0.000000  0.000000 0.000000 1.000000</color>
            </specular>
            <shininess>
              <float sid="shininess">2.000000</float>
            </shininess>
            <reflective>
              <color sid="reflective">0.000000  0.000000 0.000000 1.000000</color>
            </reflective>
            <reflectivity>
              <float sid="reflectivity">1.000000</float>
            </reflectivity>
            <transparent opaque="RGB_ZERO">
              <color sid="transparent">1.000000  1.000000 1.000000 1.000000</color>
            </transparent>
            <transparency>
              <float sid="transparency">0.000000</float>
            </transparency>
          </phong>
        </technique>
      </profile_COMMON>
    </effect>
  </library_effects>
  <library_geometries>
    <geometry id="TidalTurbine_Nacelle-lib" name="TidalTurbine_NacelleMesh">
      <mesh>
        <source id="TidalTurbine_Nacelle-POSITION">
          <float_array id="TidalTurbine_Nacelle-POSITION-array" count="4536">
-1.213951 -1.028915 5.869883
-1.000165 -0.823169 6.032598
-1.114162 -1.614539 5.290001
-1.042544 -1.497565 5.627552
-0.902874 -1.267991 5.884661
-0.740149 -1.000501 6.053117
-0.669108 -1.870180 4.961123
-0.662113 -1.820326 5.302573
-0.627343 -1.684000 5.640898
-0.552897 -1.438689 5.927357
-0.441913 -1.122121 6.068954
-0.179149 -1.775325 5.662190
-0.162313 -1.500062 5.914741
-0.124494 -1.181668 6.080533
0.192098 -1.180823 6.075045
1.105717 -0.376077 6.050670
1.422276 -0.448054 5.942376
1.695953 -0.504455 5.683672
1.851096 -0.523253 5.333960
0.956149 -0.676657 6.070274
1.236101 -0.833342 5.935838
1.489979 -0.981106 5.692249
0.744138 -0.930767 6.081204
-0.260764 0.626594 6.160807
-0.127133 0.209184 6.177910
0.055242 0.548792 6.170052
0.136835 0.108492 6.178970
0.343488 0.427985 6.171767
0.200770 -0.294400 6.178957
0.376816 -0.016881 6.170218
0.594726 0.264448 6.161680
0.297461 -0.649109 6.159247
0.440026 -0.405961 6.166102
0.601510 -0.159722 6.162228
0.797970 0.074954 6.150702
0.488905 -1.109151 6.074541
0.233039 -1.482733 5.925307
0.614936 -1.368901 5.940063
0.957629 -1.146474 5.937859
0.285057 -1.741827 5.669436
0.738195 -1.606739 5.678329
1.149021 -1.344541 5.681734
-0.177939 -1.938874 5.323070
0.328798 -1.912720 5.335970
0.818363 -1.737894 5.334278
1.270900 -1.458777 5.339682
1.614051 -1.033224 5.333686
-0.168149 -1.979942 4.969698
0.352299 -1.965839 4.975657
0.864374 -1.794959 4.977149
1.321903 -1.488730 4.978707
1.680984 -1.052758 4.978280
1.910645 -0.518137 4.976318
-1.092281 -1.671238 4.015166
-1.085411 -1.676295 3.541384
-1.071503 -1.676099 3.050867
-1.056961 -1.677684 2.577918
-1.486871 -1.325492 4.017088
-1.480325 -1.329586 3.543282
-1.471310 -1.332593 3.052355
-1.779942 -0.886310 4.018890
-1.779833 -0.893578 3.544941
-1.952374 -0.379510 4.021024
-1.953078 -0.384662 3.547968
-1.987755 0.163353 4.022152
0.476501 1.930260 2.581681
1.043415 1.702380 3.057759
1.034718 1.706373 2.580005
1.513451 1.293455 3.553426
1.502942 1.300806 3.057081
1.499231 1.319048 2.580109
1.839304 0.778117 3.553341
1.833216 0.793964 3.056249
1.821355 0.805286 2.578040
1.981825 0.170660 4.024588
1.980452 0.188785 3.551704
1.977348 0.209448 3.055272
1.981222 0.229936 2.578106
-1.185365 1.601250 4.024649
-1.191601 1.597559 3.553351
-0.672995 1.879307 4.025915
-0.676575 1.870613 3.554092
-0.684320 1.868195 3.060492
-0.690580 1.871399 2.583783
-0.091327 1.984540 4.025664
-0.101130 1.991360 3.554851
-0.107047 1.990828 3.060303
-0.113282 1.985894 2.583228
0.504279 1.927628 4.025486
0.493804 1.924634 3.553781
0.484714 1.926378 3.059299
1.066150 1.684700 4.026479
1.047891 1.685433 3.553722
1.522856 1.278569 4.025559
1.836595 0.757705 4.025048
-1.460973 -1.334119 2.579898
-1.778085 -0.899155 3.054596
-1.772929 -0.903839 2.580431
-1.947933 -0.389010 3.055813
-1.959136 -0.394899 2.580174
-1.983801 0.159262 3.550515
-1.977166 0.154536 3.057454
-1.990566 0.148260 2.582014
-1.867508 0.706074 4.024988
-1.865345 0.702224 3.551529
-1.858962 0.695686 3.057197
-1.873049 0.693127 2.580359
-1.593410 1.202082 4.025422
-1.593493 1.195788 3.552437
-1.589067 1.186686 3.058290
-1.600361 1.190002 2.581169
-1.197589 1.596073 3.059323
-1.201260 1.593683 2.581930
1.950703 -0.428659 4.023455
1.945563 -0.405090 3.548985
1.955657 -0.385639 3.053820
1.960276 -0.365565 2.578811
1.749820 -0.955225 3.546416
1.754073 -0.932558 3.052676
1.765662 -0.914944 2.578198
1.405794 -1.415319 3.545542
1.420486 -1.398436 3.052283
1.432164 -1.379200 2.578788
0.975384 -1.738307 3.052039
0.994703 -1.730065 2.578104
0.483158 -1.932124 2.578702
1.735499 -0.974982 4.020189
1.387518 -1.428690 4.018915
0.938289 -1.762682 4.017433
0.956120 -1.748866 3.543845
0.426255 -1.944347 4.016496
0.446755 -1.944278 3.543017
0.466141 -1.940054 3.051112
-0.103587 -1.990690 4.015651
-0.086162 -1.995055 3.542039
-0.068885 -1.995475 3.050565
-0.052018 -1.990509 2.578588
-0.620958 -1.892591 4.015126
-0.609491 -1.899580 3.541004
-0.595923 -1.904864 3.050783
-0.577091 -1.905281 2.578679
-1.566482 1.211247 4.973793
-1.851329 0.723052 4.962085
-1.799494 0.699382 5.311771
-1.989353 0.182621 4.952587
-1.936241 0.173659 5.292997
-1.790307 0.149529 5.630660
-1.955316 -0.360419 4.949053
-1.916963 -0.354951 5.280133
-1.787137 -0.340356 5.612066
-1.544357 -0.312617 5.887182
-1.788845 -0.863523 4.946036
-1.759225 -0.847509 5.273841
-1.652720 -0.799810 5.603862
-1.437333 -0.705195 5.868515
-1.186139 -0.587821 6.026386
-1.503994 -1.296483 4.948517
-1.484240 -1.274776 5.279286
-1.385811 -1.186344 5.605047
-1.122549 -1.637576 4.954056
-1.536618 -0.915573 -2.166811
-1.727444 -0.464178 -2.165152
-1.724408 -0.475884 -1.533885
-1.720119 -0.486482 -0.776537
-1.719151 -0.495688 0.083400
-1.793273 0.023368 -2.165898
-1.785455 0.011489 -1.535915
-1.784379 -0.000988 -0.779219
-1.788793 -0.014648 0.081218
-1.782958 -0.027847 1.000627
-1.793210 -0.037932 1.935368
-1.716730 0.514902 -2.168179
-1.706505 0.500235 -1.538663
-1.722760 0.487619 -0.783372
-1.729787 0.471494 0.078428
-1.725188 0.454762 0.999041
-1.739127 0.441859 1.934951
-1.736889 0.426640 2.846094
-1.737807 0.412080 3.695724
-1.496161 0.968256 -2.172359
-1.507939 0.956746 -1.542257
-1.524076 0.945400 -0.786321
-1.534655 0.928328 0.074888
-1.542354 0.911407 0.997767
-1.551633 0.895980 1.934908
-1.554495 0.874889 2.847355
-1.570949 0.861285 3.696786
-1.163628 1.348308 -2.173951
-1.186397 1.344378 -1.545343
-1.194514 1.324861 -0.787694
-1.208294 1.311174 0.075778
-1.228616 1.301110 0.998437
-1.242232 1.285855 1.935852
-0.737054 1.624556 -2.175846
-0.757700 1.623392 -1.546807
-0.771521 1.608202 -0.789392
-0.794622 1.606329 0.074754
-0.242321 1.767414 -2.177328
-1.577658 0.842265 4.459005
-1.255197 1.266425 2.847763
-1.275376 1.252592 3.696426
-1.292238 1.236919 4.458958
-0.813318 1.594466 0.997923
-0.827997 1.578098 1.934475
-0.850663 1.568035 2.846226
-0.878591 1.562420 3.694962
-0.904169 1.544281 4.457294
-0.260838 1.771586 -1.548875
-0.278353 1.760944 -0.791342
-0.298678 1.769056 0.072596
-0.323457 1.768759 0.996956
-0.341178 1.753527 1.933636
-0.365983 1.748246 2.844960
-0.396071 1.745147 3.693029
-0.433105 1.732271 4.455404
0.279081 1.759663 -2.177320
0.264630 1.771965 -1.550986
0.244250 1.766383 -0.793442
0.226096 1.772431 0.071243
0.206006 1.781344 0.995379
0.184673 1.782470 1.932756
0.160697 1.780211 2.844934
0.128537 1.775332 3.693801
0.091887 1.786649 4.457106
0.735923 1.626908 0.070302
0.720762 1.643725 0.994670
0.699936 1.642090 1.933158
0.686387 1.658857 2.845929
0.654692 1.656666 3.695844
0.632189 1.677575 4.458970
1.145566 1.373498 2.847101
1.128445 1.383971 3.696791
1.116301 1.392478 4.459129
1.493889 0.981990 4.458513
0.121552 -1.780260 4.458137
-0.368819 -1.747648 2.849033
-0.368572 -1.745608 3.695869
-0.363525 -1.749746 4.458685
-0.828095 -1.591205 0.081934
-0.825520 -1.588242 1.002910
-0.824385 -1.585610 1.939237
-0.824072 -1.589171 2.851813
-0.813704 -1.574994 3.697662
-0.818071 -1.589965 4.458720
-1.234769 -1.297663 -2.167547
-1.229412 -1.300228 -1.536228
-1.228485 -1.306811 -0.777390
-1.220477 -1.309339 0.082558
-1.217034 -1.310293 1.003745
-1.219236 -1.318936 1.940323
-1.215159 -1.319607 2.850837
-1.202067 -1.307996 3.697182
-1.212511 -1.316232 4.458730
-1.534644 -0.923927 -1.534364
-1.532366 -0.932964 -0.778163
-1.525897 -0.936992 0.083031
-1.516688 -0.939627 1.003424
-1.519553 -0.948149 1.938766
-1.516358 -0.949460 2.849108
-1.521589 -0.951170 3.694836
-1.520853 -0.952147 4.457577
-1.711948 -0.503580 1.002363
-1.719324 -0.513770 1.938008
-1.716856 -0.518356 2.848105
-1.708470 -0.523245 3.694902
-1.713484 -0.525476 4.455466
-1.793039 -0.049728 2.845997
-1.768122 -0.057039 3.694881
-1.788513 -0.068925 4.456591
-1.746236 0.395273 4.457292
1.724166 0.490379 4.456783
1.789606 -0.066674 1.933939
1.795177 -0.060889 2.847047
1.786434 -0.047728 3.695063
1.795255 -0.036061 4.457561
1.685010 -0.617388 -0.794392
1.688782 -0.606605 0.071499
1.686425 -0.597748 0.996875
1.683433 -0.588517 1.934967
1.694566 -0.586552 2.847110
1.697554 -0.576916 3.694461
1.699077 -0.569510 4.457600
1.409332 -1.086103 -2.176830
1.424684 -1.083113 -1.549920
1.425775 -1.074198 -0.791542
1.439458 -1.071856 0.073326
1.441472 -1.066971 0.997303
1.436887 -1.059287 1.934345
1.441205 -1.057812 2.846193
1.449129 -1.058308 3.695238
1.450522 -1.057032 4.459340
1.069859 -1.444595 0.997310
1.070972 -1.438405 1.934299
1.072206 -1.435238 2.846273
1.069253 -1.430284 3.695829
1.068087 -1.437637 4.459024
0.610219 -1.673522 3.694966
0.611020 -1.684271 4.457657
1.044814 -1.445262 -2.174411
1.059682 -1.449995 -1.546775
1.056296 -1.437199 -0.789039
1.065849 -1.445174 0.074563
0.596024 -1.678096 -2.174071
0.605156 -1.691380 -1.545187
0.611608 -1.684198 -0.786128
0.611980 -1.683680 0.077645
0.612256 -1.677995 0.999969
0.615501 -1.682695 1.935308
0.616136 -1.678870 2.846931
0.108081 -1.779531 -2.174203
0.113607 -1.790560 -1.543002
0.119030 -1.782209 -0.783553
0.120000 -1.783625 0.079520
0.121311 -1.785130 1.000939
0.122185 -1.786688 1.936476
0.122494 -1.779029 2.847143
0.118996 -1.781711 3.695404
-0.381675 -1.746917 -2.172363
-0.376560 -1.747775 -1.541690
-0.371784 -1.732217 -0.782948
-0.371257 -1.749258 0.081276
-0.369177 -1.751002 1.002175
-0.369267 -1.750511 1.937988
-0.839353 -1.579597 -2.170897
-0.829590 -1.577183 -1.538258
-0.824123 -1.574380 -0.779170
1.969233 -0.278850 1.501850
1.978791 -0.261504 0.963290
1.810455 -0.839921 1.503676
1.813270 -0.820530 0.963163
1.826182 -0.807269 0.326375
1.491302 -1.317397 1.502329
1.507346 -1.307239 0.963295
1.514994 -1.290361 0.325087
1.529800 -1.279991 -0.378538
1.537338 -1.269178 -1.080251
1.064447 -1.688756 1.503521
1.076452 -1.674319 0.962722
1.093938 -1.667948 0.323804
1.102613 -1.653678 -0.380594
1.116766 -1.648203 -1.082713
1.131234 -1.643891 -1.713543
1.139925 -1.631896 -2.241486
0.554592 -1.911704 1.502327
0.569207 -1.903508 0.962218
0.585102 -1.906712 0.322761
0.599663 -1.895306 -0.382133
0.615434 -1.899273 -1.084895
0.627114 -1.890637 -1.715188
0.641655 -1.889914 -2.243654
0.014896 -1.991670 1.502739
0.029356 -1.986978 0.961682
0.042141 -1.990565 0.321876
0.057052 -1.991980 -0.383083
0.069830 -1.989798 -1.085745
-0.521328 -1.922593 1.501755
-0.507461 -1.928746 0.961184
-0.494988 -1.926568 0.321633
-0.479606 -1.918671 -0.384112
-1.014291 -1.710975 1.501200
-1.007878 -1.721784 0.961406
1.957915 0.307002 1.501385
1.963439 0.326616 0.961939
1.957358 0.340801 0.325706
1.964468 0.354888 -0.374084
1.977719 -0.243136 0.326287
1.975545 -0.229264 -0.375170
1.975195 -0.212422 -1.074601
1.982793 -0.196097 -1.704654
1.987969 -0.182098 -2.236365
1.824386 -0.788387 -0.376574
1.835125 -0.774959 -1.077052
1.843499 -0.762640 -1.707904
1.845561 -0.745466 -2.237755
1.546565 -1.255171 -1.710994
1.560215 -1.246349 -2.240888
-1.756466 -0.943533 1.500533
-1.751011 -0.949514 0.960175
-1.744271 -0.956608 0.321356
-1.743331 -0.966971 -0.382851
-1.734257 -0.973951 -1.084411
-1.724725 -0.979890 -1.714773
-1.722485 -0.988973 -2.242180
-1.940380 -0.432921 1.499294
-1.937545 -0.440143 0.959080
-1.940726 -0.449089 0.321121
-1.938105 -0.459328 -0.382503
-1.939108 -0.468967 -1.084118
-1.929240 -0.472920 -1.714001
-1.926549 -0.483314 -2.241504
-1.982452 0.106607 0.959107
-1.983007 0.098645 0.320899
-1.992329 0.091150 -0.382601
-1.992870 0.083563 -1.081042
-1.986718 0.074415 -1.712127
-1.989859 0.062428 -2.241087
-1.878496 0.653144 0.958548
-1.877947 0.644430 0.320832
-1.888871 0.639149 -0.380799
-1.888338 0.629889 -1.078612
-1.896169 0.623029 -1.709192
-1.891512 0.608821 -2.239951
-1.619978 1.140992 0.322493
-1.635650 1.143671 -0.377575
-1.638126 1.131325 -1.074254
-1.641941 1.122713 -1.704960
-1.651647 1.114279 -2.238445
-1.241303 1.547859 -0.374841
-1.255520 1.550698 -1.071760
-1.258849 1.537422 -1.701841
-1.272789 1.539274 -2.235411
-0.750315 1.842567 -0.374491
-0.763126 1.841541 -1.070315
-0.772395 1.837765 -1.700006
-0.781979 1.829405 -2.233389
-0.201486 1.983829 -1.071647
-0.213832 1.977979 -1.699998
-0.225880 1.976270 -2.233457
0.367962 1.959765 -1.702038
0.355623 1.963248 -2.233407
0.923263 1.768570 -1.703181
0.906114 1.764832 -2.235237
1.381420 1.418674 -2.235786
-1.982033 0.114305 1.499207
-1.868621 0.657449 1.498918
-1.609822 1.152811 1.501289
-1.629149 1.154596 0.959877
-1.222720 1.564362 1.501171
-1.233226 1.565518 0.958834
-1.227961 1.543602 0.324089
-0.730669 1.857098 1.499203
-0.736245 1.850314 0.957696
-0.741006 1.837990 0.322371
-0.160224 1.986133 1.497963
-0.170768 1.977480 0.956640
-0.178229 1.975804 0.321513
-0.190270 1.982611 -0.376246
0.426493 1.935851 1.497805
0.415563 1.947968 0.956244
0.405103 1.945500 0.320791
0.394445 1.955858 -0.376962
0.379544 1.948871 -1.072530
0.981087 1.725223 1.496951
0.971606 1.735307 0.956543
0.959685 1.742320 0.321095
0.946493 1.748390 -0.377436
0.930638 1.749277 -1.073198
1.457965 1.364222 1.500383
1.440376 1.372506 0.958632
1.425474 1.380686 0.322824
1.423727 1.400706 -0.375994
1.408563 1.404938 -1.073552
1.402217 1.421910 -1.703898
1.784821 0.869341 1.501421
1.783567 0.887291 0.960405
1.777697 0.904527 0.325173
1.767629 0.915650 -0.374929
1.761518 0.931596 -1.072527
1.758517 0.944969 -1.702737
1.741226 0.953916 -2.235610
1.955707 0.370973 -1.073135
1.950649 0.387560 -1.703103
1.953861 0.404404 -2.235898
-0.495510 1.344914 5.978502
-0.560061 1.638622 5.718906
-0.611824 1.815850 5.368582
-0.634636 1.873264 4.994638
-0.039467 1.720702 5.753923
-0.042347 1.904592 5.383596
-0.050608 1.974810 5.002341
0.541435 1.819929 5.388449
0.552160 1.898476 5.005139
1.090062 1.576009 5.388424
1.108128 1.633857 5.002335
1.572038 1.218114 4.993877
-0.950428 -0.268660 6.120554
-0.869562 0.027643 6.143060
-0.740966 0.349403 6.143450
-0.591232 0.678514 6.134871
-0.687067 -0.327815 6.156760
-0.565922 -0.032098 6.168648
-0.420108 0.285785 6.173019
-0.435835 -0.412670 6.166416
-0.291878 -0.108264 6.179022
-0.189467 -0.495481 6.171502
-0.039547 -0.195804 6.179985
0.054643 -0.571900 6.168756
-1.243943 -0.278854 6.050243
-1.200877 0.071883 6.066722
-1.534164 0.113975 5.915554
-1.081116 0.427505 6.081887
-1.414484 0.536470 5.938643
-1.670783 0.635954 5.670787
-0.909818 0.752835 6.073761
-1.185169 0.909960 5.950264
-1.407187 1.077411 5.693338
-1.518808 1.172870 5.332365
-0.885699 1.199076 5.949921
-1.024394 1.418771 5.699567
-1.116105 1.558849 5.350657
-1.153155 1.609067 4.984421
1.137313 0.631226 5.149370
0.788856 0.905078 5.149370
-1.379317 -0.133495 5.149371
-1.288815 0.241278 5.149371
-1.144298 0.619676 5.149371
-0.593647 0.850448 5.149370
-0.478080 1.247340 5.149370
-0.062323 1.223381 5.149370
0.375222 1.114563 5.149370
0.930137 0.249512 5.149370
0.563552 0.460854 5.149370
0.184459 0.636360 5.149370
-0.205763 0.760655 5.149370
0.758159 -0.155182 5.149370
0.372542 0.034585 5.149370
0.000777 0.200058 5.149370
-0.371502 0.341549 5.149370
0.564071 -0.548714 5.149370
0.180211 -0.375067 5.149370
0.351534 -0.925854 5.149370
-0.018208 -0.785110 5.149370
-0.374017 -0.633016 5.149370
-0.183074 -0.215348 5.149370
-0.712627 -0.458315 5.149371
-0.538381 -0.058346 5.149370
-1.039734 -0.272976 5.149371
-0.900816 0.098095 5.149371
-0.752446 0.472210 5.149370
0.082993 -1.994469 -1.716546
0.095646 -1.989208 -2.243351
-0.473602 -1.936629 -1.085468
-0.463313 -1.939557 -1.715878
-0.450462 -1.941142 -2.243431
-0.993104 -1.717590 0.322245
-0.984814 -1.725338 -0.383367
-0.980804 -1.736986 -1.085944
-0.966740 -1.737123 -1.715660
-0.963713 -1.751034 -2.243207
-1.437583 -1.381028 1.501002
-1.431850 -1.386495 0.960698
-1.417718 -1.385950 0.322513
-1.418264 -1.399997 -0.382593
-1.408127 -1.404992 -1.085011
-1.394351 -1.408414 -1.715442
-1.393459 -1.420865 -2.242821
0.780954 1.601356 -2.177709
0.772207 1.619890 -1.552362
0.752018 1.614783 -0.794954
1.216784 1.302910 -2.179206
1.215545 1.320904 -1.554613
1.195086 1.322168 -0.796168
1.184285 1.339365 0.069848
1.173974 1.353903 0.995465
1.158023 1.362764 1.933673
1.546718 0.890443 -2.179329
1.547372 0.905611 -1.554019
1.534050 0.916049 -0.794711
1.527281 0.932048 0.071320
1.521062 0.946107 0.995717
1.506907 0.954370 1.933708
1.506710 0.971276 2.847813
1.498480 0.980583 3.697479
1.741806 0.401108 -2.178676
1.742209 0.413392 -1.553551
1.742686 0.429665 -0.795527
1.736121 0.443121 0.071863
1.732916 0.456214 0.996530
1.729597 0.465302 1.933679
1.730113 0.480154 2.846601
1.722725 0.485742 3.696281
1.784606 -0.122234 -2.178460
1.782188 -0.110501 -1.551952
1.794639 -0.099057 -0.795957
1.792629 -0.086724 0.070741
1.792774 -0.076489 0.996843
1.663881 -0.632993 -2.178980
1.672727 -0.623735 -1.551719
-0.952728 0.974198 5.149370
-0.483401 1.009259 6.091062
-0.129249 0.993370 6.116283
-0.060722 1.375398 5.995794
0.233230 0.915145 6.131653
0.383183 1.294487 6.010221
0.493633 1.632285 5.760270
0.571638 0.762797 6.124475
0.799331 1.102258 6.003432
0.989175 1.398133 5.754150
0.860628 0.538536 6.118921
1.144263 0.801461 5.989267
1.395906 1.027085 5.733945
1.538070 1.168954 5.374645
1.073089 0.257978 6.103937
1.386055 0.416750 5.965296
1.658548 0.548291 5.704165
1.820569 0.634093 5.356339
1.864737 0.673534 4.986012
1.164041 -0.055712 6.059754
1.484110 -0.014369 5.955828
1.761584 0.019280 5.686658
1.918392 0.050696 5.336911
1.977552 0.074274 4.978477
0.555113 -2.033522 1.973771
-0.016919 -2.109171 1.973771
-0.576896 -2.028065 1.973771
-1.094549 -1.800977 1.973771
-1.535152 -1.444382 1.973771
2.080501 -0.337185 1.973771
1.894038 -0.924488 1.973771
1.552127 -1.425653 1.973771
1.092199 -1.802386 1.973771
0.832670 -0.293679 6.136126
0.690812 -0.533811 6.144606
0.531669 -0.753276 6.134187
1.311837 0.064818 5.149370
1.180394 -0.352906 5.149370
0.974597 -0.759815 5.149370
0.706851 -1.112850 5.149394
-0.685338 -1.989739 4.465399
-1.170002 -1.755632 4.463918
-1.579847 -1.391245 4.464624
-1.891828 -0.929160 4.463868
-2.066458 -0.393449 4.463868
0.186739 -1.311411 5.149437
-0.198112 -1.224848 5.149370
-0.577346 -1.074485 5.149370
-0.923955 -0.864132 5.149370
-1.221016 -0.618212 5.149370
-1.757555 -0.934577 1.973771
1.953111 -0.343026 2.134201
1.770223 -0.894774 2.134201
1.450310 -1.368519 2.134201
1.008024 -1.713534 2.134201
0.502187 -1.931713 2.134201
-0.036988 -1.988556 2.134201
-0.564190 -1.908070 2.134201
1.933529 -0.447900 4.463868
1.727056 -0.998078 4.463868
1.366809 -1.444200 4.463868
0.915438 -1.769028 4.463868
0.404931 -1.949662 4.463868
-0.123079 -1.984326 4.463868
-0.637623 -1.896590 4.459846
2.045475 -0.507382 4.636858
1.804445 -1.082206 4.636858
1.423525 -1.554056 4.636858
-1.947581 -0.425668 1.971862
-2.000264 0.119813 1.973192
-1.886899 0.666999 1.970531
-1.613851 1.161179 1.973771
-1.222808 1.574709 1.973771
-0.718286 1.854386 1.973771
-0.149938 1.987480 1.973771
0.439981 1.939177 1.973771
0.997092 1.727518 1.973771
1.461145 1.348107 1.973771
1.802997 0.858756 1.973771
-2.095039 0.182473 4.463868
-1.967333 0.757298 4.463868
-1.674431 1.280077 4.463868
-1.240046 1.704119 4.463868
-0.694414 1.989832 4.463868
-0.078653 2.106132 4.463868
0.555078 2.033524 4.463868
1.147370 1.769312 4.463868
1.637278 1.330171 4.463868
1.963894 0.766909 4.463868
2.100591 0.141028 4.463868
1.408453 -1.100004 -2.702146
1.042626 -1.456227 -2.699778
0.594967 -1.689395 -2.701200
0.099611 -1.765144 -2.700160
-0.382223 -1.719483 -2.700101
-0.841619 -1.567349 -2.700350
-1.233833 -1.278525 -2.699343
-1.052020 -1.694208 2.134201
-1.463288 -1.351720 2.134201
-1.771145 -0.913215 2.134201
-1.948988 -0.403311 2.134201
-1.976373 0.140179 2.134201
-1.867305 0.682183 2.134201
-1.609364 1.181811 2.134201
-1.203801 1.582239 2.134201
-0.701319 1.867408 2.134201
-1.557437 0.814889 5.149371
-1.280279 1.235329 5.149466
-0.919720 1.503652 5.150214
-0.484650 1.688709 5.150621
0.041689 1.768946 5.150762
0.575932 1.689966 5.150829
1.099481 1.388382 5.150968
1.481570 0.948859 5.149902
-0.124808 1.984235 2.134201
0.467096 1.940434 2.134201
1.020092 1.706294 2.134201
1.490242 1.327844 2.134201
1.811329 0.819891 2.134201
1.977256 0.246071 2.134201
1.082394 -1.808263 2.134201
0.544909 -2.036078 2.134201
-0.026629 -2.108694 2.134201
-0.585443 -2.025924 2.134201
-1.101558 -1.796776 2.134201
-1.539614 -1.435873 2.134201
-1.871051 -0.973089 2.134201
-2.062969 -0.437542 2.134201
-2.103138 0.139666 2.134201
-1.980096 0.711881 2.134201
-1.704418 1.239643 2.134201
-1.283083 1.672200 2.134201
-0.748492 1.970482 2.134201
-0.142258 2.103008 2.134201
0.482959 2.051589 2.134201
1.070291 1.815512 2.134201
1.564049 1.412492 2.134201
1.914630 0.880943 2.134201
1.693660 0.483921 5.149370
1.775352 -0.014270 5.149370
1.678642 -0.555074 5.149370
1.450138 -1.038201 5.149370
1.039716 -1.427634 5.150541
0.594179 -1.652712 5.150856
-1.719224 -0.999100 -2.697739
-1.932825 -0.500575 -2.698018
-1.981704 0.053297 -2.698540
-1.884329 0.597039 -2.698620
-1.643617 1.100699 -2.698305
-1.267478 1.520250 -2.697853
-0.785206 1.817340 -2.695889
-0.232359 1.967227 -2.696226
0.344801 1.950810 -2.696223
0.899504 1.765969 -2.698758
1.376839 1.424683 -2.698695
1.735944 0.964044 -2.697903
1.938573 0.417988 -2.696939
-1.867220 -0.979965 1.973771
-2.059823 -0.445379 1.973771
-2.103450 0.133314 1.973771
-1.981421 0.705501 1.976553
-1.707740 1.235164 1.973771
-1.287564 1.668877 1.973771
-0.753964 1.968524 1.973771
-0.148911 2.102681 1.973771
0.476021 2.053327 1.973771
1.063353 1.819670 1.973771
1.557927 1.419247 1.973771
1.910079 0.890566 1.973771
2.087996 0.286658 1.973771
-1.520137 -0.891705 -2.699182
-1.722786 -0.450338 -2.698877
-1.787544 0.037904 -2.697992
-1.698842 0.525337 -2.698303
-1.484185 0.977310 -2.698892
-1.149454 1.354466 -2.699672
-0.720794 1.626364 -2.700519
-0.226213 1.765009 -2.700805
-1.118930 -1.646895 4.641169
-1.506346 -1.306268 4.640623
-1.790522 -0.867919 4.640368
-1.960138 -0.363294 4.640097
-1.976177 0.177581 4.638926
-1.853464 0.720867 4.636858
-1.578980 1.218095 4.636858
-1.161796 1.613392 4.636858
-0.663624 -1.883164 4.636858
-0.156614 -1.982679 4.636858
0.365366 -1.955530 4.636858
0.877477 -1.791780 4.636858
1.331170 -1.476501 4.636858
1.701342 -1.043216 4.636858
1.931341 -0.498375 4.636858
-0.645646 1.887661 4.636858
-0.060176 1.987410 4.636858
0.542860 1.917154 4.636858
1.101302 1.657619 4.636858
1.559165 1.234913 4.636858
1.868105 0.699850 4.636858
1.985494 0.099236 4.636858
-2.100869 0.185856 4.636858
-1.966125 0.760674 4.636858
-1.671782 1.283648 4.636858
-1.235858 1.707225 4.636858
-0.688885 1.991810 4.636858
-0.072277 2.106446 4.636858
0.562371 2.031698 4.636858
1.154750 1.764888 4.636858
1.643611 1.321632 4.636858
1.967887 0.755750 4.636858
2.103831 0.125557 4.636858
2.048891 -0.493747 4.463868
1.814613 -1.071798 4.463868
1.434006 -1.544557 4.463868
0.950732 -1.881626 4.463868
0.409308 -2.069806 4.463868
-0.146296 -2.102815 4.463868
-1.583140 1.202587 4.463868
-1.180677 1.610043 4.463868
-0.662698 1.874275 4.463868
-0.082505 1.994420 4.463868
0.514521 1.920506 4.463868
1.076069 1.676971 4.463868
1.534462 1.267214 4.463868
1.846999 0.738936 4.463868
1.990981 0.149180 4.463868
0.134676 -1.764909 5.150777
-0.332503 -1.741644 5.150620
-0.804078 -1.561360 5.149874
-1.210950 -1.276945 5.149370
-1.521343 -0.934479 5.149371
-1.706210 -0.523925 5.149371
-1.786971 -0.095850 5.149371
-1.725339 0.360710 5.149371
1.977003 -0.163679 -2.697608
1.851433 -0.736652 -2.697946
1.562733 -1.230931 -2.697781
1.148699 -1.629522 -2.697814
0.651304 -1.879052 -2.697989
0.111729 -1.993550 -2.697355
-0.442136 -1.939298 -2.697824
-0.949682 -1.750444 -2.698046
-1.389825 -1.426794 -2.697442
-1.100813 -1.664816 4.460404
-1.490020 -1.318232 4.459391
-1.787196 -0.885352 4.463472
-1.952333 -0.375245 4.463868
-1.983348 0.169225 4.463868
-1.862209 0.712315 4.463868
0.293161 1.754434 -2.700262
0.791218 1.590491 -2.698407
1.222424 1.288585 -2.698396
1.547653 0.875152 -2.699855
1.739539 0.386043 -2.700849
1.770901 -0.134870 -2.700824
1.644013 -0.636322 -2.701621
2.087704 0.271945 2.134201
2.075427 -0.351924 2.134201
1.884995 -0.937270 2.134201
1.543906 -1.434723 2.134201
1.967086 0.287437 1.973771
1.973708 -0.302144 1.973771
1.794350 -0.855796 1.973771
1.483052 -1.337546 1.973771
1.043928 -1.692014 1.973771
0.538751 -1.918630 1.973771
-0.001769 -1.990286 1.973771
-0.533664 -1.915717 1.973771
-1.029287 -1.711673 1.973771
-1.441741 -1.369522 1.973771
0.939406 -1.886984 4.636858
0.398281 -2.071441 4.636858
-0.155713 -2.102353 4.636858
-0.692987 -1.990348 4.636858
-1.181216 -1.747235 4.636724
-1.585387 -1.385389 4.636094
-1.892572 -0.919609 4.635123
-2.073220 -0.385898 4.636278
-0.812763 -0.596286 6.118490
-0.579587 -0.711048 6.137388
-0.321212 -0.802228 6.141437
-0.056640 -0.863481 6.137140
0.198162 -0.899770 6.132994
1.379287 0.394658 5.149370
-0.787268 1.235859 5.149643
0.488792 -1.357060 5.149802
-1.429944 -0.420876 5.149371
-0.756962 0.990115 6.047984
-0.989039 -0.491239 6.105578
0.932768 -0.091642 6.125881
0.400869 -0.916941 6.120574
0.573560 0.301019 -7.848312
0.598863 0.135182 -7.867260
0.593067 -0.041897 -7.882990
0.552126 -0.220482 -7.883937
0.479695 -0.386617 -7.864379
0.391701 -0.529763 -7.833000
0.766336 0.154885 -7.729592
0.768473 -0.053872 -7.738436
0.724016 -0.260762 -7.738877
0.638937 -0.453157 -7.731999
0.513980 -0.611063 -7.711503
0.361007 -0.726280 -7.701759
0.933483 0.181851 -7.556784
0.945985 -0.065182 -7.565947
0.895410 -0.308719 -7.567549
0.785821 -0.531013 -7.561026
0.629360 -0.722079 -7.557648
0.424818 -0.855595 -7.551017
1.123051 -0.074562 -7.366545
1.061077 -0.358459 -7.366019
0.933182 -0.619261 -7.365397
0.740993 -0.837490 -7.362668
0.498294 -1.001019 -7.364905
1.284378 -0.081405 -7.137066
1.219415 -0.406376 -7.139518
1.072768 -0.706422 -7.141658
0.851312 -0.957252 -7.142026
0.572104 -1.147542 -7.147081
1.368422 -0.452105 -6.893221
1.203252 -0.788170 -6.895196
0.955982 -1.071415 -6.897777
0.642121 -1.285075 -6.902470
1.323796 -0.863276 -6.631693
1.052156 -1.175436 -6.634184
0.708523 -1.413185 -6.640090
1.432872 -0.929948 -6.354175
1.140081 -1.269887 -6.356732
0.766511 -1.524341 -6.360374
1.220343 -1.351538 -6.066917
0.821014 -1.623925 -6.069334
1.282492 -1.414740 -5.761950
0.863968 -1.701373 -5.763864
0.894925 -1.751132 -5.447559
-0.505646 -0.348987 -7.870809
-0.598472 -0.207772 -7.851273
-0.628670 -0.452848 -7.738662
-0.736846 -0.265087 -7.724815
-0.760161 -0.560615 -7.571942
-0.890454 -0.331382 -7.562221
-0.890491 -0.669096 -7.371914
-1.044525 -0.399228 -7.364737
-1.019029 -0.776672 -7.148986
-1.195421 -0.467364 -7.141583
-1.335411 -0.532889 -6.896025
-1.463200 -0.595710 -6.633840
-1.575932 -0.653388 -6.356676
-1.676192 -0.706677 -6.067553
0.187479 -0.929268 -7.559897
0.215025 -1.093292 -7.370620
0.245056 -1.253884 -7.149863
-0.103553 -1.270224 -7.152895
0.275385 -1.405199 -6.904744
-0.114339 -1.425509 -6.906926
0.304869 -1.545330 -6.641155
-0.122517 -1.568658 -6.642710
-0.548969 -1.481095 -6.645999
0.332534 -1.672798 -6.363305
-0.129055 -1.698200 -6.364004
-0.587209 -1.603770 -6.366019
-1.000381 -1.379371 -6.362444
0.358637 -1.784058 -6.072079
-0.134160 -1.810092 -6.071767
-0.622151 -1.709027 -6.072997
-1.061619 -1.474220 -6.070866
0.379803 -1.871761 -5.766212
-0.137712 -1.903549 -5.767456
-0.646502 -1.794116 -5.767100
-1.108303 -1.552125 -5.766235
-1.488283 -1.195599 -5.765950
0.396734 -1.926744 -5.448249
-0.136676 -1.963805 -5.449345
-0.660096 -1.853904 -5.449686
-1.136760 -1.608016 -5.449778
-1.528815 -1.241681 -5.448792
1.329585 -1.457291 -5.445967
1.659955 -1.054655 -5.445786
1.878437 -0.586515 -5.445531
1.968531 -0.081275 -5.445481
1.923364 0.425245 -5.443961
1.748846 0.898429 -5.443361
1.467487 1.311403 -5.442950
1.093225 1.635451 -5.442165
0.655040 1.856641 -5.441459
0.177668 1.958934 -5.440644
-0.312709 1.946800 -5.442076
1.608189 -1.029297 -5.760905
1.819703 -0.575023 -5.759225
1.907850 -0.085917 -5.758141
1.866705 0.405636 -5.757099
1.701908 0.865475 -5.755383
1.431514 1.266951 -5.754586
1.072485 1.585049 -5.754052
0.646049 1.796767 -5.751323
0.183890 1.902821 -5.750773
1.530414 -0.987031 -6.064577
1.734110 -0.554664 -6.062142
1.822301 -0.089657 -6.061154
1.783883 0.378832 -6.059192
1.630549 0.819409 -6.057583
1.372321 1.200945 -6.054963
1.031268 1.505575 -6.052978
0.628483 1.716445 -6.052253
0.188300 1.816666 -6.050783
1.627307 -0.527667 -6.352555
1.709931 -0.092739 -6.350798
1.677657 0.347508 -6.348218
1.539213 0.762464 -6.347799
1.297627 1.123238 -6.344147
0.978497 1.411462 -6.341807
0.602296 1.610480 -6.340694
1.506275 -0.493115 -6.630668
1.578604 -0.091040 -6.625811
1.552429 0.314514 -6.624161
1.426713 0.699849 -6.623715
1.203556 1.032369 -6.618294
0.911136 1.299102 -6.615308
0.566883 1.489234 -6.615679
1.437951 -0.087217 -6.889620
1.415233 0.281539 -6.887281
1.301936 0.632216 -6.885239
1.102139 0.936215 -6.880106
0.837503 1.181160 -6.876888
0.523297 1.354358 -6.875363
1.266317 0.247999 -7.134789
1.165047 0.561111 -7.130227
0.989852 0.834789 -7.124787
0.754106 1.054499 -7.120362
1.106634 0.214256 -7.360876
1.019165 0.487977 -7.353698
0.868737 0.729725 -7.347410
0.662244 0.920922 -7.340179
0.866574 0.417058 -7.549454
0.742698 0.624447 -7.541696
0.569277 0.789655 -7.535939
0.715100 0.351894 -7.713509
0.618196 0.525037 -7.702518
0.504248 0.438073 -7.823921
-1.809323 -0.278163 -5.005210
-1.711032 -0.271957 -5.096081
-1.522338 -0.701521 -5.246999
-1.650968 -0.273819 -5.241931
-1.225051 -1.045519 -5.431659
-1.456796 -0.682735 -5.429668
-1.584730 -0.274480 -5.426748
-1.158989 -0.998449 -5.653527
-1.379734 -0.656580 -5.651214
-1.504293 -0.271457 -5.649326
-0.794445 -1.191955 -5.908988
-1.083711 -0.940404 -5.907773
-1.289958 -0.621598 -5.905108
-1.412637 -0.264319 -5.905912
-0.732152 -1.107303 -6.186528
-1.002103 -0.877814 -6.183952
-1.196899 -0.583932 -6.183010
-1.305402 -0.252662 -6.183607
-0.370085 -1.141221 -6.472524
-0.660871 -1.003833 -6.469297
-0.919723 -0.810267 -6.467066
-1.076639 -0.531661 -6.458626
-1.178787 -0.235750 -6.470842
-0.301617 -0.918762 -6.664893
-0.537687 -0.810360 -6.662456
-0.734696 -0.649276 -6.656450
-0.876491 -0.439215 -6.656496
-0.955695 -0.197269 -6.659905
0.239563 -0.492985 -7.921254
0.311533 -0.342528 -7.968113
0.378366 -0.187172 -8.002748
0.418294 -0.023192 -7.994729
0.437340 0.133735 -7.973820
0.434401 0.275135 -7.938060
0.066803 -0.458489 -7.974605
0.137109 -0.307034 -8.046710
0.198084 -0.147108 -8.071352
0.252004 0.007018 -8.088735
-0.109389 -0.403244 -7.995061
-0.039796 -0.256271 -8.081508
-0.248853 0.174437 -8.066728
-0.298560 0.029346 -8.055264
-0.352453 -0.115135 -8.035200
-0.273062 -0.329932 -7.994573
-0.404991 -0.240317 -7.962008
-0.220863 0.648370 -7.808942
-0.276467 0.776812 -7.687362
-0.338585 0.920589 -7.528145
-0.402568 1.069496 -7.336275
-0.466148 1.214122 -7.115345
-0.530174 1.350130 -6.872747
-0.592001 1.475380 -6.613163
-0.650323 1.586948 -6.338804
-0.705066 1.684211 -6.052067
-0.750769 1.757356 -5.752661
-0.784618 1.808463 -5.442793
-0.552355 0.807617 -7.534671
-0.653304 0.934010 -7.339150
-0.754390 1.062144 -7.120356
-0.850210 1.177186 -6.876572
-0.941444 1.282041 -6.616004
-1.028407 1.375931 -6.341928
-1.103698 1.452395 -6.053315
-1.167356 1.512237 -5.753345
-1.212670 1.553816 -5.442746
-0.993530 0.831646 -7.120942
-1.117721 0.920387 -6.878130
-1.234271 0.999579 -6.618438
-1.341207 1.066972 -6.343592
-1.433683 1.122406 -6.054891
-1.512385 1.166339 -5.755177
-1.566827 1.195779 -5.443933
-1.446907 0.647477 -6.621144
-1.568627 0.685428 -6.346750
-1.676033 0.715457 -6.058983
-1.762398 0.737690 -5.757931
-1.821206 0.752111 -5.445277
-1.805353 0.252483 -6.062140
-1.892088 0.251626 -5.759230
-1.947681 0.249163 -5.445257
0.301605 0.300922 -8.001203
0.160355 0.342460 -8.021738
0.017229 0.388071 -8.019663
-0.123291 0.431233 -7.988478
0.281934 0.160157 -8.051776
0.123583 0.203472 -8.085624
-0.033547 0.254128 -8.080788
-0.184449 0.307064 -8.033010
0.079097 0.056159 -8.126144
-0.090929 0.113622 -8.124153
0.023193 -0.099535 -8.120066
-0.149781 -0.038607 -8.128128
-0.206972 -0.189616 -8.079771
0.392144 0.542545 -7.830302
0.476871 0.662825 -7.700475
0.246566 0.613615 -7.830774
0.302390 0.756530 -7.696863
0.361280 0.905910 -7.532417
0.419327 1.058493 -7.337990
0.474342 1.211117 -7.118650
0.088129 0.658298 -7.826151
0.111719 0.810964 -7.694601
0.132283 0.967883 -7.528493
0.150101 1.132866 -7.337019
0.164412 1.292426 -7.116959
0.175681 1.441766 -6.873555
0.183182 1.579445 -6.612461
0.187561 1.706641 -6.338529
-0.071448 0.678286 -7.821852
-0.085213 0.819566 -7.689521
-0.105635 0.975378 -7.527596
-0.129044 1.134742 -7.334325
-0.154361 1.290498 -7.113627
-0.181982 1.439115 -6.871733
-0.209828 1.574967 -6.611706
-0.237450 1.697754 -6.337522
-0.265206 1.807025 -6.051365
-0.291128 1.889456 -5.751558
-0.352080 0.572392 -7.830631
-0.450063 0.683880 -7.698002
-0.461105 0.447740 -7.845336
-0.597067 0.541945 -7.711745
-0.732037 0.638469 -7.542371
-0.864790 0.736504 -7.344084
-0.551638 0.298084 -7.861500
-0.705857 0.361295 -7.718093
-0.866241 0.425634 -7.549587
-1.022195 0.487763 -7.350489
-1.172164 0.547182 -7.125907
-1.314639 0.600865 -6.881694
-0.609488 0.128329 -7.864689
-0.775522 0.158127 -7.726706
-0.943319 0.182441 -7.555397
-1.110027 0.201730 -7.354994
-1.274568 0.221410 -7.133109
-1.425897 0.236018 -6.887384
-1.566812 0.246661 -6.626392
-1.695672 0.251080 -6.351610
-0.629577 -0.044901 -7.858599
-0.787645 -0.057039 -7.725669
-0.952371 -0.077326 -7.557436
-1.118498 -0.101379 -7.359096
-1.279449 -0.126369 -7.135041
-1.432294 -0.152478 -6.890832
-1.571171 -0.179795 -6.629238
-1.694738 -0.206386 -6.352952
-1.806353 -0.232580 -6.064803
-1.892850 -0.257395 -5.761860
-1.950735 -0.276765 -5.447570
0.347171 0.005352 -6.782636
0.344493 0.171288 -6.782636
0.333212 0.331283 -6.782636
0.170960 0.342747 -6.782636
-1.399584 1.019326 -5.096509
-1.569688 0.594397 -5.241114
-1.366311 0.975786 -5.239882
-1.074336 1.290139 -5.238534
-1.511460 0.556818 -5.424199
-1.320334 0.923706 -5.422952
-1.042846 1.228833 -5.421807
-1.440193 0.516936 -5.646724
-1.261074 0.865915 -5.644942
-1.000467 1.158227 -5.643207
-0.676146 1.372669 -5.641008
-1.355390 0.475691 -5.903258
-1.189008 0.803904 -5.900755
-0.946759 1.079464 -5.898217
-0.645150 1.282912 -5.895681
-1.260431 0.434614 -6.184005
-1.107377 0.740483 -6.181008
-0.885574 0.996994 -6.177459
-0.607571 1.187429 -6.174104
-0.291300 1.299969 -6.171381
-1.209121 0.080526 -6.470250
-1.136706 0.386134 -6.468911
-0.997742 0.663935 -6.462740
-0.798815 0.890698 -6.458375
-0.557612 1.070544 -6.458103
-0.273546 1.189784 -6.460302
0.031181 1.198761 -6.446596
-0.971695 0.061295 -6.660714
-0.918090 0.313539 -6.663180
-0.812351 0.541724 -6.659530
-0.656679 0.728394 -6.656652
-0.460870 0.869911 -6.653142
-0.228257 0.957695 -6.655767
0.020435 0.982078 -6.653063
1.784867 0.420219 -5.001777
1.686682 0.404725 -5.093060
1.614851 0.857380 -4.981888
1.529826 0.821765 -5.086479
1.475662 0.804743 -5.240616
1.411452 0.780992 -5.422970
1.350260 1.243992 -5.000161
1.269396 1.182653 -5.089514
1.220756 1.152201 -5.235876
1.165209 1.113900 -5.419503
1.099452 1.063685 -5.640128
1.028281 1.005830 -5.897069
0.998655 1.543924 -5.006798
0.931851 1.461009 -5.091685
0.894692 1.424958 -5.235530
0.849554 1.374562 -5.418882
0.799017 1.309408 -5.640148
0.742288 1.232778 -5.895486
0.681101 1.147911 -6.174572
0.616753 1.052196 -6.462062
0.584396 1.742090 -5.002442
0.541858 1.648948 -5.092026
0.513537 1.600971 -5.235191
0.481320 1.539846 -5.417475
0.446758 1.465527 -5.638522
0.410411 1.379436 -5.893470
0.371612 1.286093 -6.172932
0.327162 1.171004 -6.458925
0.267433 0.942504 -6.654884
0.138786 1.839297 -5.013762
0.118716 1.727786 -5.095244
0.101597 1.679501 -5.235353
0.084204 1.611150 -5.417076
0.068006 1.531182 -5.638532
0.053685 1.437911 -5.893059
0.040892 1.333860 -6.170132
-0.316475 1.811681 -5.006356
-0.310858 1.704533 -5.092308
-0.315889 1.653178 -5.235351
-0.316643 1.585243 -5.419113
-0.312789 1.501595 -5.640094
-0.304259 1.405900 -5.894281
-0.755726 1.672413 -5.001746
-0.726252 1.576448 -5.092703
-0.715948 1.519961 -5.237809
-0.700078 1.452936 -5.420321
-1.150429 1.427986 -4.999990
-1.098293 1.343665 -5.093080
-1.476413 1.092470 -5.008084
1.826720 -0.054441 -4.990888
1.733341 -0.044888 -5.083992
1.631286 0.398941 -5.239363
1.678624 -0.036365 -5.236737
1.559498 0.389990 -5.420972
1.611057 -0.028172 -5.421962
1.546184 -0.448853 -5.422676
1.329128 0.745843 -5.639592
1.479757 0.377682 -5.641342
1.532446 -0.020931 -5.644574
1.468993 -0.420971 -5.645077
1.250773 0.709919 -5.897005
1.391667 0.361086 -5.897531
1.434989 -0.014620 -5.898311
1.382872 -0.391695 -5.902254
0.947555 0.936391 -6.175673
1.159910 0.665648 -6.176027
1.289886 0.340693 -6.174256
1.335618 -0.008645 -6.177399
1.283494 -0.361375 -6.181883
0.857034 0.856604 -6.461435
1.051585 0.611023 -6.459702
1.182415 0.319177 -6.459387
1.222812 -0.005734 -6.461945
1.162665 -0.325364 -6.464859
1.024752 -0.616673 -6.468258
0.498115 0.846753 -6.653702
0.694658 0.697794 -6.654627
0.848598 0.500328 -6.654826
0.949191 0.263314 -6.654604
0.981685 0.000048 -6.657794
0.938526 -0.261554 -6.661486
0.830480 -0.502567 -6.664284
1.747558 -0.528205 -4.983042
1.552704 -0.968597 -4.995596
1.243833 -1.339242 -4.994077
0.849341 -1.624489 -5.011963
0.388327 -1.797903 -5.024265
-0.109901 -1.821318 -5.000882
-0.599574 -1.725424 -5.006708
-1.044766 -1.501528 -5.010730
-1.412708 -1.170134 -5.017896
-1.669228 -0.748830 -5.005395
1.475395 -0.912593 -5.086838
1.183948 -1.267390 -5.090999
0.805868 -1.531542 -5.103677
0.368950 -1.689370 -5.109811
-0.099111 -1.729738 -5.100698
-0.561899 -1.637000 -5.102354
-0.981360 -1.423293 -5.103343
-1.325934 -1.107055 -5.105981
-1.577660 -0.715317 -5.099409
1.432262 -0.879994 -5.239798
1.150824 -1.223086 -5.243402
0.785126 -1.481343 -5.247286
0.360463 -1.634446 -5.250679
-0.092241 -1.672230 -5.251689
-0.539695 -1.586653 -5.251585
-0.947085 -1.385522 -5.249383
-1.282660 -1.082309 -5.248528
1.107238 -1.170930 -5.427793
0.756826 -1.420315 -5.430178
0.349401 -1.568863 -5.432638
-0.084930 -1.605077 -5.434172
-0.513668 -1.523977 -5.434170
-0.903976 -1.332554 -5.433368
1.052795 -1.110871 -5.650478
0.720642 -1.347726 -5.651673
0.334668 -1.488811 -5.653150
-0.076998 -1.523421 -5.654271
-0.483381 -1.448761 -5.655260
-0.852617 -1.267539 -5.654463
0.675298 -1.261908 -5.905826
0.315991 -1.396134 -5.907002
-0.068776 -1.430302 -5.908594
-0.448133 -1.361174 -5.909971
0.628684 -1.174633 -6.185912
0.294484 -1.295816 -6.184035
-0.060569 -1.330181 -6.187629
-0.411441 -1.262563 -6.188962
0.272054 -1.194048 -6.469776
-0.053714 -1.210820 -6.471915
-0.041243 -0.970735 -6.662153
1.666322 -0.496232 -5.081239
1.611583 -0.474272 -5.237791
1.375516 -0.840133 -5.425333
1.306584 -0.794289 -5.647882
1.227317 -0.742099 -5.904450
0.989061 -1.041851 -5.907064
1.138364 -0.686403 -6.184905
0.916389 -0.964049 -6.185974
0.828985 -0.872888 -6.471382
0.565446 -1.050985 -6.461778
0.671355 -0.706197 -6.661052
0.465861 -0.858451 -6.660202
0.222833 -0.951470 -6.660738
0.180216 0.515056 -6.782636
0.339702 0.484463 -6.782636
-0.317537 0.503939 -6.782636
-0.161335 0.530557 -6.782636
0.009178 0.536189 -6.782636
0.317988 -0.494362 -6.782636
0.154925 -0.523977 -6.782636
0.316303 -0.330608 -6.782636
0.152517 -0.338153 -6.782636
0.334535 -0.163171 -6.782636
0.161918 -0.162582 -6.782636
0.170077 0.007193 -6.782636
0.171790 0.174620 -6.782636
-0.507525 -0.302739 -6.782636
-0.531755 -0.141768 -6.782637
-0.530177 0.031454 -6.782637
-0.349507 -0.140368 -6.782636
-0.344738 0.023710 -6.782636
-0.162008 0.183539 -6.782636
0.006977 0.352735 -6.782636
-0.022100 -0.525182 -6.782636
-0.198801 -0.496316 -6.782636
-0.360898 -0.457134 -6.782636
-0.014641 -0.335367 -6.782636
-0.182036 -0.319738 -6.782636
-0.346686 -0.301847 -6.782636
-0.007241 -0.158816 -6.782636
-0.176373 -0.149623 -6.782636
-0.000634 0.011328 -6.782636
-0.170453 0.017140 -6.782636
0.004136 0.180138 -6.782636
-0.464069 0.361296 -6.782636
-0.313843 0.347993 -6.782636
-0.155595 0.353224 -6.782636
-0.501804 0.203492 -6.782636
-0.329698 0.187426 -6.782636
0.180114 -0.632110 -7.838965
0.002183 -0.609899 -7.871653
-0.186052 -0.555773 -7.888706
-0.361995 -0.466439 -7.886415
0.171123 -0.775764 -7.718632
-0.042915 -0.770402 -7.739084
-0.260821 -0.711359 -7.748204
-0.465743 -0.607029 -7.752421
-0.070814 -0.937775 -7.573940
-0.329600 -0.873612 -7.578828
-0.566502 -0.746579 -7.578807
-0.089511 -1.103424 -7.374897
-0.391873 -1.033971 -7.378392
-0.666079 -0.886048 -7.377250
-0.450554 -1.195049 -7.156042
-0.761174 -1.022401 -7.151012
-0.502251 -1.342932 -6.908868
-0.849803 -1.151950 -6.904795
-1.136686 -0.877255 -6.901718
-0.929531 -1.270885 -6.640677
-1.244094 -0.971328 -6.638371
-1.339864 -1.057352 -6.360728
-1.422760 -1.133619 -6.069697
-1.754352 -0.751673 -5.764171
-1.805985 -0.786244 -5.448643
-1.815722 0.210225 -4.996012
-1.709220 0.678780 -5.016129
-1.724296 0.187314 -5.092036
-1.612616 0.626577 -5.099102
-1.668185 0.166989 -5.241271
-1.602949 0.147395 -5.425446
-1.523902 0.129121 -5.647856
-1.429503 0.110755 -5.903533
-1.329124 0.094464 -6.184060
0.207566 0.695455 -6.782636
0.015651 0.752683 -6.782636
-0.185665 0.725217 -6.782636
-0.367334 0.665880 -6.782636
-0.510192 0.559930 -6.782636
-0.610775 0.422003 -6.782636
-0.682703 0.241126 -6.782636
-0.743557 0.044141 -6.782637
0.472742 -0.338508 -6.782636
0.513966 -0.173348 -6.782636
0.536459 0.004848 -6.782636
0.526325 0.181244 -6.782636
0.491139 0.337997 -6.782636
-0.247689 0.481256 -7.922086
-0.327866 0.371073 -7.957995
-0.398185 0.234698 -7.974200
-0.452105 0.087596 -7.975750
-0.483619 -0.056204 -7.956439
-0.801883 1.824475 -5.124444
-1.235220 1.563460 -5.124444
-1.586721 1.197759 -5.124444
-1.843467 0.751942 -5.124444
-1.978428 0.243073 -5.124444
-1.967145 -0.287048 -5.124444
0.327361 0.425102 -7.924256
0.198837 0.477274 -7.937707
0.058998 0.519634 -7.934803
-0.077061 0.546292 -7.914573
0.523258 -0.550244 -6.782636
0.372115 -0.662339 -6.782636
0.180077 -0.726417 -6.782636
-0.033153 -0.746955 -6.782636
-0.235470 -0.684454 -6.782636
-0.422871 -0.610397 -6.782636
-0.565521 -0.502659 -6.782636
-0.675907 -0.353820 -6.782636
-0.730178 -0.162490 -6.782637
0.394695 0.639654 -6.782636
0.538013 0.539562 -6.782636
0.646153 0.396547 -6.782636
0.731293 0.216533 -6.782636
0.755162 0.002808 -6.782636
0.706598 -0.204385 -6.782636
0.623253 -0.393665 -6.782636
1.906091 -0.583829 -4.923560
1.688185 -1.063386 -4.923560
1.356460 -1.464661 -4.923559
0.921986 -1.768064 -4.923559
0.415601 -1.949515 -4.923560
-0.126399 -1.989640 -4.923560
-0.661828 -1.881773 -4.923560
-1.147362 -1.634195 -4.923560
-1.541246 -1.273724 -4.923560
-1.822732 -0.814096 -4.923560
-1.971941 -0.297326 -4.923560
-1.979247 0.236540 -4.923561
-1.848774 0.746885 -4.923560
1.993514 -0.064045 -4.923559
1.942542 0.447869 -4.923560
1.763116 0.930882 -4.923560
1.473328 1.348067 -4.923560
1.092531 1.668009 -4.923560
0.642901 1.887107 -4.923560
0.158019 1.990989 -4.923560
-0.331373 1.968334 -4.923560
-0.811479 1.820769 -4.923560
-1.244985 1.557794 -4.923560
-1.597895 1.197723 -4.923560
0.914008 -1.769884 -5.124444
1.344899 -1.464057 -5.124444
1.685065 -1.065163 -5.124444
1.902305 -0.587191 -5.124444
1.986693 -0.074825 -5.124443
1.944697 0.438375 -5.124444
1.766241 0.920078 -5.124444
1.475007 1.332812 -5.124444
1.097849 1.660818 -5.124444
0.652201 1.886019 -5.124444
0.168873 1.982071 -5.124444
-0.323376 1.961753 -5.124444
0.407857 -1.949227 -5.124444
-0.130056 -1.983983 -5.124444
-0.662646 -1.883408 -5.124444
-1.144224 -1.626430 -5.124444
-1.540161 -1.260932 -5.124444
-1.824378 -0.802163 -5.124444
-0.477546 -0.421392 -6.782636
-0.430965 0.474343 -6.782636
0.437335 -0.460397 -6.782636
0.456621 0.453944 -6.782636
-0.181638 0.558552 -7.888190
-0.497027 -0.167392 -7.929990
0.422624 0.379130 -7.902658
0.312680 -0.629929 -7.797535
</float_array>
          <technique_common>
            <accessor source="#TidalTurbine_Nacelle-POSITION-array" count="1512" stride="3">
              <param name="X" type="float"/>
              <param name="Y" type="float"/>
              <param name="Z" type="float"/>
            </accessor>
          </technique_common>
        </source>
        <source id="TidalTurbine_Nacelle-Normal0">
          <float_array id="TidalTurbine_Nacelle-Normal0-array" count="27144">
-0.358952 -0.488977 0.795019
-0.649178 -0.554247 0.520940
-0.479022 -0.693953 0.537557
-0.649178 -0.554247 0.520940
-0.358952 -0.488977 0.795019
-0.472821 -0.415073 0.777274
-0.649178 -0.554247 0.520940
-0.572596 -0.284075 0.769048
-0.777338 -0.372468 0.506965
-0.572596 -0.284075 0.769048
-0.649178 -0.554247 0.520940
-0.472821 -0.415073 0.777274
-0.572596 -0.284075 0.769048
-0.472821 -0.415073 0.777274
-0.361061 -0.189396 0.913107
-0.472821 -0.415073 0.777274
-0.294759 -0.267286 0.917429
-0.361061 -0.189396 0.913107
-0.358952 -0.488977 0.795019
-0.294759 -0.267286 0.917429
-0.472821 -0.415073 0.777274
-0.294759 -0.267286 0.917429
-0.358952 -0.488977 0.795019
-0.220659 -0.285273 0.932700
-0.220659 -0.285273 0.932700
-0.162877 -0.133970 0.977509
-0.294759 -0.267286 0.917429
-0.162877 -0.133970 0.977509
-0.220659 -0.285273 0.932700
-0.109334 -0.137953 0.984386
-0.361061 -0.189396 0.913107
-0.294759 -0.267286 0.917429
-0.219728 -0.116291 0.968605
-0.294759 -0.267286 0.917429
-0.162877 -0.133970 0.977509
-0.219728 -0.116291 0.968605
-0.322971 -0.911671 0.254057
-0.545002 -0.804894 0.234775
-0.334151 -0.940002 0.068840
-0.545002 -0.804894 0.234775
-0.562434 -0.824809 0.057944
-0.334151 -0.940002 0.068840
-0.743457 -0.629962 0.224541
-0.562434 -0.824809 0.057944
-0.545002 -0.804894 0.234775
-0.562434 -0.824809 0.057944
-0.743457 -0.629962 0.224541
-0.758554 -0.649445 0.053071
-0.649178 -0.554247 0.520940
-0.545002 -0.804894 0.234775
-0.479022 -0.693953 0.537557
-0.545002 -0.804894 0.234775
-0.649178 -0.554247 0.520940
-0.743457 -0.629962 0.224541
-0.479022 -0.693953 0.537557
-0.322971 -0.911671 0.254057
-0.280547 -0.787545 0.548695
-0.322971 -0.911671 0.254057
-0.479022 -0.693953 0.537557
-0.545002 -0.804894 0.234775
-0.479022 -0.693953 0.537557
-0.206201 -0.548238 0.810504
-0.358952 -0.488977 0.795019
-0.206201 -0.548238 0.810504
-0.479022 -0.693953 0.537557
-0.280547 -0.787545 0.548695
-0.206201 -0.548238 0.810504
-0.220659 -0.285273 0.932700
-0.358952 -0.488977 0.795019
-0.220659 -0.285273 0.932700
-0.206201 -0.548238 0.810504
-0.121596 -0.301176 0.945784
-0.109334 -0.137953 0.984386
-0.121596 -0.301176 0.945784
-0.055517 -0.140813 0.988478
-0.121596 -0.301176 0.945784
-0.109334 -0.137953 0.984386
-0.220659 -0.285273 0.932700
-0.322971 -0.911671 0.254057
-0.089421 -0.993726 0.067177
-0.092566 -0.955471 0.280192
-0.089421 -0.993726 0.067177
-0.322971 -0.911671 0.254057
-0.334151 -0.940002 0.068840
-0.089421 -0.993726 0.067177
-0.331270 -0.943292 0.021479
-0.079807 -0.996803 0.003888
-0.331270 -0.943292 0.021479
-0.089421 -0.993726 0.067177
-0.334151 -0.940002 0.068840
-0.563326 -0.825906 0.023313
-0.334151 -0.940002 0.068840
-0.562434 -0.824809 0.057944
-0.334151 -0.940002 0.068840
-0.563326 -0.825906 0.023313
-0.331270 -0.943292 0.021479
-0.280547 -0.787545 0.548695
-0.092566 -0.955471 0.280192
-0.073309 -0.814714 0.575210
-0.092566 -0.955471 0.280192
-0.280547 -0.787545 0.548695
-0.322971 -0.911671 0.254057
-0.206201 -0.548238 0.810504
-0.073309 -0.814714 0.575210
-0.045623 -0.582419 0.811607
-0.073309 -0.814714 0.575210
-0.206201 -0.548238 0.810504
-0.280547 -0.787545 0.548695
-0.121596 -0.301176 0.945784
-0.045623 -0.582419 0.811607
-0.028968 -0.321153 0.946584
-0.045623 -0.582419 0.811607
-0.121596 -0.301176 0.945784
-0.206201 -0.548238 0.810504
-0.055517 -0.140813 0.988478
-0.028968 -0.321153 0.946584
-0.014324 -0.145227 0.989295
-0.028968 -0.321153 0.946584
-0.055517 -0.140813 0.988478
-0.121596 -0.301176 0.945784
0.079769 -0.577531 0.812462
-0.045623 -0.582419 0.811607
-0.073309 -0.814714 0.575210
-0.073309 -0.814714 0.575210
0.136237 -0.799278 0.585315
0.079769 -0.577531 0.812462
0.136237 -0.799278 0.585315
-0.092566 -0.955471 0.280192
0.173649 -0.938103 0.299681
-0.092566 -0.955471 0.280192
0.136237 -0.799278 0.585315
-0.073309 -0.814714 0.575210
-0.028968 -0.321153 0.946584
0.079769 -0.577531 0.812462
0.038929 -0.329953 0.943195
0.079769 -0.577531 0.812462
-0.028968 -0.321153 0.946584
-0.045623 -0.582419 0.811607
-0.014324 -0.145227 0.989295
0.038929 -0.329953 0.943195
0.023944 -0.156253 0.987427
0.038929 -0.329953 0.943195
-0.014324 -0.145227 0.989295
-0.028968 -0.321153 0.946584
0.067495 -0.168492 0.983389
0.023944 -0.156253 0.987427
0.038929 -0.329953 0.943195
0.038929 -0.329953 0.943195
0.127080 -0.306706 0.943283
0.067495 -0.168492 0.983389
0.079769 -0.577531 0.812462
0.127080 -0.306706 0.943283
0.038929 -0.329953 0.943195
0.127080 -0.306706 0.943283
0.079769 -0.577531 0.812462
0.229542 -0.529523 0.816649
0.450214 -0.292993 0.843482
0.506762 -0.156953 0.847678
0.295229 -0.099158 0.950267
0.450214 -0.292993 0.843482
0.295229 -0.099158 0.950267
0.273061 -0.158443 0.948859
0.273061 -0.158443 0.948859
0.183749 -0.056698 0.981337
0.142856 -0.081008 0.986423
0.183749 -0.056698 0.981337
0.273061 -0.158443 0.948859
0.295229 -0.099158 0.950267
0.211413 -0.048397 0.976198
0.295229 -0.099158 0.950267
0.298905 -0.040637 0.953417
0.295229 -0.099158 0.950267
0.211413 -0.048397 0.976198
0.183749 -0.056698 0.981337
0.298905 -0.040637 0.953417
0.506762 -0.156953 0.847678
0.535613 -0.008661 0.844419
0.506762 -0.156953 0.847678
0.298905 -0.040637 0.953417
0.295229 -0.099158 0.950267
0.686814 -0.447043 0.573096
0.792005 -0.226474 0.566955
0.506762 -0.156953 0.847678
0.686814 -0.447043 0.573096
0.506762 -0.156953 0.847678
0.450214 -0.292993 0.843482
0.535613 -0.008661 0.844419
0.792005 -0.226474 0.566955
0.816906 0.012901 0.576626
0.792005 -0.226474 0.566955
0.535613 -0.008661 0.844419
0.506762 -0.156953 0.847678
0.686814 -0.447043 0.573096
0.926144 -0.255917 0.277063
0.792005 -0.226474 0.566955
0.926144 -0.255917 0.277063
0.686814 -0.447043 0.573096
0.815243 -0.509362 0.275555
0.816906 0.012901 0.576626
0.926144 -0.255917 0.277063
0.957489 0.023630 0.287499
0.926144 -0.255917 0.277063
0.816906 0.012901 0.576626
0.792005 -0.226474 0.566955
0.815243 -0.509362 0.275555
0.961412 -0.256113 0.100464
0.926144 -0.255917 0.277063
0.961412 -0.256113 0.100464
0.815243 -0.509362 0.275555
0.847765 -0.521372 0.097289
0.957489 0.023630 0.287499
0.961412 -0.256113 0.100464
0.994891 0.035706 0.094431
0.961412 -0.256113 0.100464
0.957489 0.023630 0.287499
0.926144 -0.255917 0.277063
0.364944 -0.427598 0.827028
0.450214 -0.292993 0.843482
0.273061 -0.158443 0.948859
0.364944 -0.427598 0.827028
0.273061 -0.158443 0.948859
0.215448 -0.238645 0.946906
0.215448 -0.238645 0.946906
0.142856 -0.081008 0.986423
0.098142 -0.125756 0.987195
0.142856 -0.081008 0.986423
0.215448 -0.238645 0.946906
0.273061 -0.158443 0.948859
0.526605 -0.625427 0.575785
0.686814 -0.447043 0.573096
0.450214 -0.292993 0.843482
0.526605 -0.625427 0.575785
0.450214 -0.292993 0.843482
0.364944 -0.427598 0.827028
0.526605 -0.625427 0.575785
0.815243 -0.509362 0.275555
0.686814 -0.447043 0.573096
0.815243 -0.509362 0.275555
0.526605 -0.625427 0.575785
0.629724 -0.721195 0.288661
0.229542 -0.529523 0.816649
0.215448 -0.238645 0.946906
0.127080 -0.306706 0.943283
0.215448 -0.238645 0.946906
0.229542 -0.529523 0.816649
0.364944 -0.427598 0.827028
0.067495 -0.168492 0.983389
0.127080 -0.306706 0.943283
0.215448 -0.238645 0.946906
0.215448 -0.238645 0.946906
0.098142 -0.125756 0.987195
0.067495 -0.168492 0.983389
-0.009206 0.018055 0.999795
0.007214 0.068647 0.997615
-0.037790 0.091464 0.995091
-0.037790 0.091464 0.995091
-0.048731 0.034654 0.998211
-0.009206 0.018055 0.999795
-0.109995 0.124073 0.986158
-0.048731 0.034654 0.998211
-0.037790 0.091464 0.995091
-0.048731 0.034654 0.998211
-0.109995 0.124073 0.986158
-0.127086 0.061569 0.989979
-0.106965 0.241374 0.964519
-0.037790 0.091464 0.995091
-0.023974 0.222186 0.974710
-0.037790 0.091464 0.995091
-0.106965 0.241374 0.964519
-0.109995 0.124073 0.986158
-0.023974 0.222186 0.974710
0.007214 0.068647 0.997615
0.051527 0.195982 0.979253
0.007214 0.068647 0.997615
-0.023974 0.222186 0.974710
-0.037790 0.091464 0.995091
-0.001198 -0.011643 0.999932
0.015022 0.007695 0.999857
-0.009206 0.018055 0.999795
-0.009206 0.018055 0.999795
-0.023018 -0.008280 0.999701
-0.001198 -0.011643 0.999932
-0.048731 0.034654 0.998211
-0.023018 -0.008280 0.999701
-0.009206 0.018055 0.999795
-0.023018 -0.008280 0.999701
-0.048731 0.034654 0.998211
-0.065938 -0.000275 0.997824
0.007214 0.068647 0.997615
0.015022 0.007695 0.999857
0.045037 0.049988 0.997734
0.015022 0.007695 0.999857
0.007214 0.068647 0.997615
-0.009206 0.018055 0.999795
0.045037 0.049988 0.997734
0.051527 0.195982 0.979253
0.007214 0.068647 0.997615
0.051527 0.195982 0.979253
0.045037 0.049988 0.997734
0.123591 0.167120 0.978160
0.037271 0.000216 0.999305
0.045037 0.049988 0.997734
0.015022 0.007695 0.999857
0.045037 0.049988 0.997734
0.037271 0.000216 0.999305
0.073365 0.035052 0.996689
0.022280 -0.019431 0.999563
0.037271 0.000216 0.999305
0.015022 0.007695 0.999857
0.022280 -0.019431 0.999563
0.015022 0.007695 0.999857
-0.001198 -0.011643 0.999932
0.073365 0.035052 0.996689
0.123591 0.167120 0.978160
0.045037 0.049988 0.997734
0.123591 0.167120 0.978160
0.073365 0.035052 0.996689
0.188226 0.132426 0.973157
0.053063 -0.038200 0.997860
0.037271 0.000216 0.999305
0.022280 -0.019431 0.999563
0.037271 0.000216 0.999305
0.053063 -0.038200 0.997860
0.070300 -0.013649 0.997432
0.034636 -0.087008 0.995605
0.053063 -0.038200 0.997860
0.022280 -0.019431 0.999563
0.022280 -0.019431 0.999563
0.002900 -0.070408 0.997514
0.034636 -0.087008 0.995605
-0.001198 -0.011643 0.999932
0.002900 -0.070408 0.997514
0.022280 -0.019431 0.999563
0.002900 -0.070408 0.997514
-0.001198 -0.011643 0.999932
-0.020278 -0.057871 0.998118
0.070300 -0.013649 0.997432
0.073365 0.035052 0.996689
0.037271 0.000216 0.999305
0.073365 0.035052 0.996689
0.070300 -0.013649 0.997432
0.125872 0.001817 0.992045
0.125872 0.001817 0.992045
0.188226 0.132426 0.973157
0.073365 0.035052 0.996689
0.188226 0.132426 0.973157
0.125872 0.001817 0.992045
0.261021 0.056373 0.963686
0.067495 -0.168492 0.983389
0.098142 -0.125756 0.987195
0.034636 -0.087008 0.995605
0.034636 -0.087008 0.995605
0.023944 -0.156253 0.987427
0.067495 -0.168492 0.983389
0.002900 -0.070408 0.997514
0.023944 -0.156253 0.987427
0.034636 -0.087008 0.995605
0.023944 -0.156253 0.987427
0.002900 -0.070408 0.997514
-0.014324 -0.145227 0.989295
0.098142 -0.125756 0.987195
0.053063 -0.038200 0.997860
0.034636 -0.087008 0.995605
0.053063 -0.038200 0.997860
0.098142 -0.125756 0.987195
0.142856 -0.081008 0.986423
0.142856 -0.081008 0.986423
0.070300 -0.013649 0.997432
0.053063 -0.038200 0.997860
0.070300 -0.013649 0.997432
0.142856 -0.081008 0.986423
0.183749 -0.056698 0.981337
0.211413 -0.048397 0.976198
0.070300 -0.013649 0.997432
0.183749 -0.056698 0.981337
0.070300 -0.013649 0.997432
0.211413 -0.048397 0.976198
0.125872 0.001817 0.992045
0.211413 -0.048397 0.976198
0.261021 0.056373 0.963686
0.125872 0.001817 0.992045
0.261021 0.056373 0.963686
0.211413 -0.048397 0.976198
0.298905 -0.040637 0.953417
0.136237 -0.799278 0.585315
0.229542 -0.529523 0.816649
0.079769 -0.577531 0.812462
0.229542 -0.529523 0.816649
0.136237 -0.799278 0.585315
0.338181 -0.743724 0.576635
0.338181 -0.743724 0.576635
0.364944 -0.427598 0.827028
0.229542 -0.529523 0.816649
0.364944 -0.427598 0.827028
0.338181 -0.743724 0.576635
0.526605 -0.625427 0.575785
0.173649 -0.938103 0.299681
0.338181 -0.743724 0.576635
0.136237 -0.799278 0.585315
0.338181 -0.743724 0.576635
0.173649 -0.938103 0.299681
0.409467 -0.861361 0.300656
0.409467 -0.861361 0.300656
0.526605 -0.625427 0.575785
0.338181 -0.743724 0.576635
0.526605 -0.625427 0.575785
0.409467 -0.861361 0.300656
0.629724 -0.721195 0.288661
0.173649 -0.938103 0.299681
-0.089421 -0.993726 0.067177
0.179241 -0.981067 0.073352
-0.089421 -0.993726 0.067177
0.173649 -0.938103 0.299681
-0.092566 -0.955471 0.280192
0.409467 -0.861361 0.300656
0.179241 -0.981067 0.073352
0.437241 -0.895313 0.085058
0.179241 -0.981067 0.073352
0.409467 -0.861361 0.300656
0.173649 -0.938103 0.299681
0.629724 -0.721195 0.288661
0.437241 -0.895313 0.085058
0.666424 -0.740227 0.089121
0.437241 -0.895313 0.085058
0.629724 -0.721195 0.288661
0.409467 -0.861361 0.300656
0.815243 -0.509362 0.275555
0.629724 -0.721195 0.288661
0.847765 -0.521372 0.097289
0.629724 -0.721195 0.288661
0.666424 -0.740227 0.089121
0.847765 -0.521372 0.097289
0.179241 -0.981067 0.073352
-0.079807 -0.996803 0.003888
0.180504 -0.983538 -0.008402
-0.079807 -0.996803 0.003888
0.179241 -0.981067 0.073352
-0.089421 -0.993726 0.067177
0.437241 -0.895313 0.085058
0.180504 -0.983538 -0.008402
0.444538 -0.895753 -0.003499
0.180504 -0.983538 -0.008402
0.437241 -0.895313 0.085058
0.179241 -0.981067 0.073352
0.666424 -0.740227 0.089121
0.444538 -0.895753 -0.003499
0.673908 -0.738787 0.006519
0.444538 -0.895753 -0.003499
0.666424 -0.740227 0.089121
0.437241 -0.895313 0.085058
0.847765 -0.521372 0.097289
0.673908 -0.738787 0.006519
0.854753 -0.518363 0.026401
0.673908 -0.738787 0.006519
0.847765 -0.521372 0.097289
0.666424 -0.740227 0.089121
0.961412 -0.256113 0.100464
0.854753 -0.518363 0.026401
0.969428 -0.242536 0.037217
0.854753 -0.518363 0.026401
0.961412 -0.256113 0.100464
0.847765 -0.521372 0.097289
0.969428 -0.242536 0.037217
0.994891 0.035706 0.094431
0.961412 -0.256113 0.100464
0.994891 0.035706 0.094431
0.969428 -0.242536 0.037217
0.998182 0.050553 0.032830
-0.750414 -0.660968 -0.000684
-0.746763 -0.665074 -0.004592
-0.550730 -0.834682 -0.001544
-0.550730 -0.834682 -0.001544
-0.746763 -0.665074 -0.004592
-0.547685 -0.836670 -0.004874
-0.555970 -0.831195 -0.003468
-0.750414 -0.660968 -0.000684
-0.550730 -0.834682 -0.001544
-0.750414 -0.660968 -0.000684
-0.555970 -0.831195 -0.003468
-0.752106 -0.659041 -0.000892
-0.312058 -0.950035 -0.007354
-0.555970 -0.831195 -0.003468
-0.550730 -0.834682 -0.001544
-0.312058 -0.950035 -0.007354
-0.550730 -0.834682 -0.001544
-0.307720 -0.951476 -0.001244
-0.307720 -0.951476 -0.001244
-0.547685 -0.836670 -0.004874
-0.305590 -0.952163 0.000576
-0.547685 -0.836670 -0.004874
-0.307720 -0.951476 -0.001244
-0.550730 -0.834682 -0.001544
-0.746763 -0.665074 -0.004592
-0.740175 -0.672334 -0.010397
-0.547685 -0.836670 -0.004874
-0.547685 -0.836670 -0.004874
-0.740175 -0.672334 -0.010397
-0.546331 -0.837481 -0.012189
-0.305590 -0.952163 0.000576
-0.546331 -0.837481 -0.012189
-0.303101 -0.952926 -0.007898
-0.546331 -0.837481 -0.012189
-0.305590 -0.952163 0.000576
-0.547685 -0.836670 -0.004874
-0.740175 -0.672334 -0.010397
-0.735988 -0.676974 0.005334
-0.546331 -0.837481 -0.012189
-0.546331 -0.837481 -0.012189
-0.735988 -0.676974 0.005334
-0.539797 -0.841790 0.002892
-0.303101 -0.952926 -0.007898
-0.539797 -0.841790 0.002892
-0.294013 -0.955792 -0.004167
-0.539797 -0.841790 0.002892
-0.303101 -0.952926 -0.007898
-0.546331 -0.837481 -0.012189
-0.735988 -0.676974 0.005334
-0.733177 -0.679648 0.023006
-0.539797 -0.841790 0.002892
-0.539797 -0.841790 0.002892
-0.733177 -0.679648 0.023006
-0.532115 -0.846448 0.019480
-0.294013 -0.955792 -0.004167
-0.532115 -0.846448 0.019480
-0.285510 -0.958369 0.003633
-0.532115 -0.846448 0.019480
-0.294013 -0.955792 -0.004167
-0.539797 -0.841790 0.002892
-0.896275 -0.443498 -0.001161
-0.894149 -0.447769 -0.000441
-0.750414 -0.660968 -0.000684
-0.750414 -0.660968 -0.000684
-0.894149 -0.447769 -0.000441
-0.746763 -0.665074 -0.004592
-0.752106 -0.659041 -0.000892
-0.896275 -0.443498 -0.001161
-0.750414 -0.660968 -0.000684
-0.896275 -0.443498 -0.001161
-0.752106 -0.659041 -0.000892
-0.897558 -0.440866 -0.005245
-0.894149 -0.447769 -0.000441
-0.890318 -0.455335 -0.001775
-0.746763 -0.665074 -0.004592
-0.746763 -0.665074 -0.004592
-0.890318 -0.455335 -0.001775
-0.740175 -0.672334 -0.010397
-0.890318 -0.455335 -0.001775
-0.887048 -0.461667 0.002998
-0.740175 -0.672334 -0.010397
-0.740175 -0.672334 -0.010397
-0.887048 -0.461667 0.002998
-0.735988 -0.676974 0.005334
-0.981526 -0.191327 0.000423
-0.981595 -0.190948 -0.003248
-0.896275 -0.443498 -0.001161
-0.896275 -0.443498 -0.001161
-0.981595 -0.190948 -0.003248
-0.894149 -0.447769 -0.000441
-0.897558 -0.440866 -0.005245
-0.981526 -0.191327 0.000423
-0.896275 -0.443498 -0.001161
-0.981526 -0.191327 0.000423
-0.897558 -0.440866 -0.005245
-0.982016 -0.188796 -0.000036
-0.981595 -0.190948 -0.003248
-0.981407 -0.191860 0.005448
-0.894149 -0.447769 -0.000441
-0.894149 -0.447769 -0.000441
-0.981407 -0.191860 0.005448
-0.890318 -0.455335 -0.001775
-0.996952 0.078009 0.000616
-0.996843 0.078822 -0.009507
-0.981526 -0.191327 0.000423
-0.981526 -0.191327 0.000423
-0.996843 0.078822 -0.009507
-0.981595 -0.190948 -0.003248
-0.982016 -0.188796 -0.000036
-0.996952 0.078009 0.000616
-0.981526 -0.191327 0.000423
-0.996952 0.078009 0.000616
-0.982016 -0.188796 -0.000036
-0.996769 0.080028 0.006821
-0.996843 0.078822 -0.009507
-0.996800 0.079667 0.006560
-0.981595 -0.190948 -0.003248
-0.981595 -0.190948 -0.003248
-0.996800 0.079667 0.006560
-0.981407 -0.191860 0.005448
-0.935162 0.354217 0.001078
-0.935922 0.352000 -0.012060
-0.996952 0.078009 0.000616
-0.996952 0.078009 0.000616
-0.935922 0.352000 -0.012060
-0.996843 0.078822 -0.009507
-0.996769 0.080028 0.006821
-0.935162 0.354217 0.001078
-0.996952 0.078009 0.000616
-0.935162 0.354217 0.001078
-0.996769 0.080028 0.006821
-0.933519 0.358393 0.009872
0.244286 0.969700 0.002539
0.515544 0.856863 0.000268
0.237519 0.971382 0.001518
0.515544 0.856863 0.000268
0.244286 0.969700 0.002539
0.520642 0.853738 0.007945
-0.049747 0.998762 -0.000584
0.244286 0.969700 0.002539
0.237519 0.971382 0.001518
-0.049747 0.998762 -0.000584
0.237519 0.971382 0.001518
-0.053266 0.998580 0.001161
-0.053266 0.998580 0.001161
0.232799 0.972517 0.003958
-0.059231 0.998240 0.003066
0.232799 0.972517 0.003958
-0.053266 0.998580 0.001161
0.237519 0.971382 0.001518
0.515544 0.856863 0.000268
0.510742 0.859722 -0.004478
0.237519 0.971382 0.001518
0.237519 0.971382 0.001518
0.510742 0.859722 -0.004478
0.232799 0.972517 0.003958
0.527635 0.849471 -0.000056
0.754498 0.656283 0.004938
0.520642 0.853738 0.007945
0.754498 0.656283 0.004938
0.527635 0.849471 -0.000056
0.757481 0.652848 0.003445
0.251126 0.967955 -0.000103
0.527635 0.849471 -0.000056
0.520642 0.853738 0.007945
0.251126 0.967955 -0.000103
0.520642 0.853738 0.007945
0.244286 0.969700 0.002539
0.754498 0.656283 0.004938
0.751848 0.659337 -0.000219
0.520642 0.853738 0.007945
0.520642 0.853738 0.007945
0.751848 0.659337 -0.000219
0.515544 0.856863 0.000268
0.751848 0.659337 -0.000219
0.747819 0.663868 -0.006781
0.515544 0.856863 0.000268
0.515544 0.856863 0.000268
0.747819 0.663868 -0.006781
0.510742 0.859722 -0.004478
0.766248 0.642544 0.000874
0.920933 0.389677 0.005812
0.757481 0.652848 0.003445
0.920933 0.389677 0.005812
0.766248 0.642544 0.000874
0.923707 0.383092 0.002572
0.535130 0.844762 -0.003612
0.766248 0.642544 0.000874
0.757481 0.652848 0.003445
0.535130 0.844762 -0.003612
0.757481 0.652848 0.003445
0.527635 0.849471 -0.000056
0.920933 0.389677 0.005812
0.917612 0.397476 0.000369
0.757481 0.652848 0.003445
0.757481 0.652848 0.003445
0.917612 0.397476 0.000369
0.754498 0.656283 0.004938
0.917612 0.397476 0.000369
0.914877 0.403730 -0.001642
0.754498 0.656283 0.004938
0.754498 0.656283 0.004938
0.914877 0.403730 -0.001642
0.751848 0.659337 -0.000219
0.912008 0.410142 -0.004926
0.751848 0.659337 -0.000219
0.914877 0.403730 -0.001642
0.751848 0.659337 -0.000219
0.912008 0.410142 -0.004926
0.747819 0.663868 -0.006781
0.995633 0.093340 0.001796
0.994714 0.102631 0.003181
0.920933 0.389677 0.005812
0.920933 0.389677 0.005812
0.994714 0.102631 0.003181
0.917612 0.397476 0.000369
0.923707 0.383092 0.002572
0.995633 0.093340 0.001796
0.920933 0.389677 0.005812
0.995633 0.093340 0.001796
0.923707 0.383092 0.002572
0.996096 0.088269 -0.001083
0.994714 0.102631 0.003181
0.993417 0.114512 -0.003176
0.917612 0.397476 0.000369
0.917612 0.397476 0.000369
0.993417 0.114512 -0.003176
0.914877 0.403730 -0.001642
0.993417 0.114512 -0.003176
0.992420 0.122488 -0.009970
0.914877 0.403730 -0.001642
0.914877 0.403730 -0.001642
0.992420 0.122488 -0.009970
0.912008 0.410142 -0.004926
0.977281 -0.211950 -0.000196
0.979662 -0.200629 -0.003090
0.996096 0.088269 -0.001083
0.996096 0.088269 -0.001083
0.979662 -0.200629 -0.003090
0.995633 0.093340 0.001796
0.996916 0.078445 -0.002281
0.977281 -0.211950 -0.000196
0.996096 0.088269 -0.001083
0.977281 -0.211950 -0.000196
0.996916 0.078445 -0.002281
0.974697 -0.223390 0.007915
0.926770 0.375555 -0.007503
0.996916 0.078445 -0.002281
0.996096 0.088269 -0.001083
0.926770 0.375555 -0.007503
0.996096 0.088269 -0.001083
0.923707 0.383092 0.002572
0.979662 -0.200629 -0.003090
0.981133 -0.193298 0.003602
0.995633 0.093340 0.001796
0.995633 0.093340 0.001796
0.981133 -0.193298 0.003602
0.994714 0.102631 0.003181
0.981133 -0.193298 0.003602
0.982408 -0.186659 -0.005687
0.994714 0.102631 0.003181
0.994714 0.102631 0.003181
0.982408 -0.186659 -0.005687
0.993417 0.114512 -0.003176
0.982408 -0.186659 -0.005687
0.983746 -0.178820 -0.016377
0.993417 0.114512 -0.003176
0.993417 0.114512 -0.003176
0.983746 -0.178820 -0.016377
0.992420 0.122488 -0.009970
-0.333998 0.942573 -0.000723
-0.338300 0.941038 -0.000767
-0.593324 0.804964 -0.000212
-0.593324 0.804964 -0.000212
-0.338300 0.941038 -0.000767
-0.596516 0.802595 -0.003208
-0.590597 0.806955 0.004384
-0.333998 0.942573 -0.000723
-0.593324 0.804964 -0.000212
-0.333998 0.942573 -0.000723
-0.590597 0.806955 0.004384
-0.330029 0.943970 0.001427
-0.795575 0.605800 0.008158
-0.590597 0.806955 0.004384
-0.593324 0.804964 -0.000212
-0.795575 0.605800 0.008158
-0.593324 0.804964 -0.000212
-0.797082 0.603869 0.001620
-0.797082 0.603869 0.001620
-0.596516 0.802595 -0.003208
-0.800243 0.599616 -0.008438
-0.596516 0.802595 -0.003208
-0.797082 0.603869 0.001620
-0.593324 0.804964 -0.000212
-0.800243 0.599616 -0.008438
-0.600532 0.799593 0.003576
-0.803465 0.595345 0.003002
-0.600532 0.799593 0.003576
-0.800243 0.599616 -0.008438
-0.596516 0.802595 -0.003208
-0.338300 0.941038 -0.000767
-0.341018 0.940054 0.002397
-0.596516 0.802595 -0.003208
-0.596516 0.802595 -0.003208
-0.341018 0.940054 0.002397
-0.600532 0.799593 0.003576
-0.042975 0.999076 -0.001042
-0.047165 0.998887 0.000520
-0.333998 0.942573 -0.000723
-0.333998 0.942573 -0.000723
-0.047165 0.998887 0.000520
-0.338300 0.941038 -0.000767
-0.330029 0.943970 0.001427
-0.042975 0.999076 -0.001042
-0.333998 0.942573 -0.000723
-0.042975 0.999076 -0.001042
-0.330029 0.943970 0.001427
-0.039156 0.999227 -0.003454
-0.047165 0.998887 0.000520
-0.049747 0.998762 -0.000584
-0.338300 0.941038 -0.000767
-0.338300 0.941038 -0.000767
-0.049747 0.998762 -0.000584
-0.341018 0.940054 0.002397
-0.049747 0.998762 -0.000584
-0.053266 0.998580 0.001161
-0.341018 0.940054 0.002397
-0.341018 0.940054 0.002397
-0.053266 0.998580 0.001161
-0.342229 0.939616 -0.000620
-0.600532 0.799593 0.003576
-0.342229 0.939616 -0.000620
-0.601737 0.798694 0.000852
-0.342229 0.939616 -0.000620
-0.600532 0.799593 0.003576
-0.341018 0.940054 0.002397
-0.601737 0.798694 0.000852
-0.347563 0.937645 -0.004680
-0.603444 0.797373 -0.007186
-0.347563 0.937645 -0.004680
-0.601737 0.798694 0.000852
-0.342229 0.939616 -0.000620
-0.053266 0.998580 0.001161
-0.059231 0.998240 0.003066
-0.342229 0.939616 -0.000620
-0.342229 0.939616 -0.000620
-0.059231 0.998240 0.003066
-0.347563 0.937645 -0.004680
0.254171 0.967155 -0.003022
0.251126 0.967955 -0.000103
-0.042975 0.999076 -0.001042
-0.042975 0.999076 -0.001042
0.251126 0.967955 -0.000103
-0.047165 0.998887 0.000520
-0.039156 0.999227 -0.003454
0.254171 0.967155 -0.003022
-0.042975 0.999076 -0.001042
0.254171 0.967155 -0.003022
-0.039156 0.999227 -0.003454
0.258523 0.966005 0.000564
0.251126 0.967955 -0.000103
0.244286 0.969700 0.002539
-0.047165 0.998887 0.000520
-0.047165 0.998887 0.000520
0.244286 0.969700 0.002539
-0.049747 0.998762 -0.000584
0.535130 0.844762 -0.003612
0.527635 0.849471 -0.000056
0.254171 0.967155 -0.003022
0.254171 0.967155 -0.003022
0.527635 0.849471 -0.000056
0.251126 0.967955 -0.000103
0.258523 0.966005 0.000564
0.535130 0.844762 -0.003612
0.254171 0.967155 -0.003022
0.535130 0.844762 -0.003612
0.258523 0.966005 0.000564
0.540716 0.841199 0.003143
0.540716 0.841199 0.003143
0.766248 0.642544 0.000874
0.535130 0.844762 -0.003612
0.766248 0.642544 0.000874
0.540716 0.841199 0.003143
0.773242 0.634108 -0.002086
0.773242 0.634108 -0.002086
0.923707 0.383092 0.002572
0.766248 0.642544 0.000874
0.923707 0.383092 0.002572
0.773242 0.634108 -0.002086
0.926770 0.375555 -0.007503
-0.887048 -0.461667 0.002998
-0.885483 -0.464629 0.006298
-0.735988 -0.676974 0.005334
-0.735988 -0.676974 0.005334
-0.885483 -0.464629 0.006298
-0.733177 -0.679648 0.023006
-0.981407 -0.191860 0.005448
-0.980738 -0.195324 0.000916
-0.890318 -0.455335 -0.001775
-0.890318 -0.455335 -0.001775
-0.980738 -0.195324 0.000916
-0.887048 -0.461667 0.002998
-0.980738 -0.195324 0.000916
-0.979796 -0.199351 -0.016058
-0.887048 -0.461667 0.002998
-0.887048 -0.461667 0.002998
-0.979796 -0.199351 -0.016058
-0.885483 -0.464629 0.006298
-0.996800 0.079667 0.006560
-0.997011 0.077258 0.000165
-0.981407 -0.191860 0.005448
-0.981407 -0.191860 0.005448
-0.997011 0.077258 0.000165
-0.980738 -0.195324 0.000916
-0.997011 0.077258 0.000165
-0.996883 0.074351 -0.026398
-0.980738 -0.195324 0.000916
-0.980738 -0.195324 0.000916
-0.996883 0.074351 -0.026398
-0.979796 -0.199351 -0.016058
-0.935922 0.352000 -0.012060
-0.936294 0.351189 0.004419
-0.996843 0.078822 -0.009507
-0.996843 0.078822 -0.009507
-0.936294 0.351189 0.004419
-0.996800 0.079667 0.006560
-0.936294 0.351189 0.004419
-0.938389 0.345555 0.004299
-0.996800 0.079667 0.006560
-0.996800 0.079667 0.006560
-0.938389 0.345555 0.004299
-0.997011 0.077258 0.000165
-0.938389 0.345555 0.004299
-0.940698 0.338830 -0.016791
-0.997011 0.077258 0.000165
-0.997011 0.077258 0.000165
-0.940698 0.338830 -0.016791
-0.996883 0.074351 -0.026398
-0.797082 0.603869 0.001620
-0.800243 0.599616 -0.008438
-0.935162 0.354217 0.001078
-0.935162 0.354217 0.001078
-0.800243 0.599616 -0.008438
-0.935922 0.352000 -0.012060
-0.933519 0.358393 0.009872
-0.797082 0.603869 0.001620
-0.935162 0.354217 0.001078
-0.797082 0.603869 0.001620
-0.933519 0.358393 0.009872
-0.795575 0.605800 0.008158
-0.800243 0.599616 -0.008438
-0.803465 0.595345 0.003002
-0.935922 0.352000 -0.012060
-0.935922 0.352000 -0.012060
-0.803465 0.595345 0.003002
-0.936294 0.351189 0.004419
-0.803465 0.595345 0.003002
-0.803238 0.595631 0.005653
-0.936294 0.351189 0.004419
-0.936294 0.351189 0.004419
-0.803238 0.595631 0.005653
-0.938389 0.345555 0.004299
-0.803238 0.595631 0.005653
-0.805041 0.593181 -0.006702
-0.938389 0.345555 0.004299
-0.938389 0.345555 0.004299
-0.805041 0.593181 -0.006702
-0.940698 0.338830 -0.016791
-0.600532 0.799593 0.003576
-0.601737 0.798694 0.000852
-0.803465 0.595345 0.003002
-0.803465 0.595345 0.003002
-0.601737 0.798694 0.000852
-0.803238 0.595631 0.005653
-0.601737 0.798694 0.000852
-0.603444 0.797373 -0.007186
-0.803238 0.595631 0.005653
-0.803238 0.595631 0.005653
-0.603444 0.797373 -0.007186
-0.805041 0.593181 -0.006702
0.872780 -0.488108 0.002238
0.879423 -0.476035 -0.002597
0.977281 -0.211950 -0.000196
0.977281 -0.211950 -0.000196
0.879423 -0.476035 -0.002597
0.979662 -0.200629 -0.003090
0.974697 -0.223390 0.007915
0.872780 -0.488108 0.002238
0.977281 -0.211950 -0.000196
0.872780 -0.488108 0.002238
0.974697 -0.223390 0.007915
0.866732 -0.498757 0.004242
0.879423 -0.476035 -0.002597
0.883754 -0.467946 -0.002304
0.979662 -0.200629 -0.003090
0.979662 -0.200629 -0.003090
0.883754 -0.467946 -0.002304
0.981133 -0.193298 0.003602
0.883754 -0.467946 -0.002304
0.888379 -0.459091 -0.004212
0.981133 -0.193298 0.003602
0.981133 -0.193298 0.003602
0.888379 -0.459091 -0.004212
0.982408 -0.186659 -0.005687
0.888379 -0.459091 -0.004212
0.893619 -0.448737 -0.008981
0.982408 -0.186659 -0.005687
0.982408 -0.186659 -0.005687
0.893619 -0.448737 -0.008981
0.983746 -0.178820 -0.016377
0.707833 -0.706380 -0.000841
0.716828 -0.697239 -0.003859
0.879423 -0.476035 -0.002597
0.879423 -0.476035 -0.002597
0.716828 -0.697239 -0.003859
0.883754 -0.467946 -0.002304
0.872780 -0.488108 0.002238
0.707833 -0.706380 -0.000841
0.879423 -0.476035 -0.002597
0.707833 -0.706380 -0.000841
0.872780 -0.488108 0.002238
0.699428 -0.714695 0.003391
0.716828 -0.697239 -0.003859
0.725008 -0.688738 -0.001618
0.883754 -0.467946 -0.002304
0.883754 -0.467946 -0.002304
0.725008 -0.688738 -0.001618
0.888379 -0.459091 -0.004212
0.725008 -0.688738 -0.001618
0.731153 -0.682213 -0.000422
0.888379 -0.459091 -0.004212
0.888379 -0.459091 -0.004212
0.731153 -0.682213 -0.000422
0.893619 -0.448737 -0.008981
0.699428 -0.714695 0.003391
0.481643 -0.876368 -0.000323
0.707833 -0.706380 -0.000841
0.481643 -0.876368 -0.000323
0.699428 -0.714695 0.003391
0.471851 -0.881672 0.003380
0.481643 -0.876368 -0.000323
0.491973 -0.870609 -0.001445
0.707833 -0.706380 -0.000841
0.707833 -0.706380 -0.000841
0.491973 -0.870609 -0.001445
0.716828 -0.697239 -0.003859
0.491973 -0.870609 -0.001445
0.501617 -0.865086 -0.002597
0.716828 -0.697239 -0.003859
0.716828 -0.697239 -0.003859
0.501617 -0.865086 -0.002597
0.725008 -0.688738 -0.001618
0.501617 -0.865086 -0.002597
0.509334 -0.860564 -0.002891
0.725008 -0.688738 -0.001618
0.725008 -0.688738 -0.001618
0.509334 -0.860564 -0.002891
0.731153 -0.682213 -0.000422
0.481643 -0.876368 -0.000323
0.236199 -0.971700 -0.002931
0.491973 -0.870609 -0.001445
0.236199 -0.971700 -0.002931
0.481643 -0.876368 -0.000323
0.226937 -0.973907 0.002099
0.236199 -0.971700 -0.002931
0.242637 -0.970111 -0.003408
0.491973 -0.870609 -0.001445
0.491973 -0.870609 -0.001445
0.242637 -0.970111 -0.003408
0.501617 -0.865086 -0.002597
0.242637 -0.970111 -0.003408
0.250345 -0.968156 -0.001221
0.501617 -0.865086 -0.002597
0.501617 -0.865086 -0.002597
0.250345 -0.968156 -0.001221
0.509334 -0.860564 -0.002891
-0.027127 -0.999615 -0.005899
-0.021861 -0.999760 -0.001212
0.242637 -0.970111 -0.003408
0.242637 -0.970111 -0.003408
-0.021861 -0.999760 -0.001212
0.250345 -0.968156 -0.001221
0.236199 -0.971700 -0.002931
-0.027127 -0.999615 -0.005899
0.242637 -0.970111 -0.003408
-0.027127 -0.999615 -0.005899
0.236199 -0.971700 -0.002931
-0.033955 -0.999410 -0.005230
0.866732 -0.498757 0.004242
0.699428 -0.714695 0.003391
0.872780 -0.488108 0.002238
0.699428 -0.714695 0.003391
0.866732 -0.498757 0.004242
0.690938 -0.722901 0.004210
0.690938 -0.722901 0.004210
0.471851 -0.881672 0.003380
0.699428 -0.714695 0.003391
0.471851 -0.881672 0.003380
0.690938 -0.722901 0.004210
0.462874 -0.886399 0.006627
0.214052 -0.976812 0.004406
0.226937 -0.973907 0.002099
0.471851 -0.881672 0.003380
0.471851 -0.881672 0.003380
0.226937 -0.973907 0.002099
0.481643 -0.876368 -0.000323
0.462874 -0.886399 0.006627
0.214052 -0.976812 0.004406
0.471851 -0.881672 0.003380
0.214052 -0.976812 0.004406
0.462874 -0.886399 0.006627
0.202937 -0.979182 0.004474
-0.048448 -0.998819 0.003698
-0.042152 -0.999104 0.003657
0.214052 -0.976812 0.004406
0.214052 -0.976812 0.004406
-0.042152 -0.999104 0.003657
0.226937 -0.973907 0.002099
0.202937 -0.979182 0.004474
-0.048448 -0.998819 0.003698
0.214052 -0.976812 0.004406
-0.048448 -0.998819 0.003698
0.202937 -0.979182 0.004474
-0.054102 -0.998535 -0.000079
-0.042152 -0.999104 0.003657
-0.033955 -0.999410 -0.005230
0.226937 -0.973907 0.002099
0.226937 -0.973907 0.002099
-0.033955 -0.999410 -0.005230
0.236199 -0.971700 -0.002931
-0.307720 -0.951476 -0.001244
-0.305590 -0.952163 0.000576
-0.048448 -0.998819 0.003698
-0.048448 -0.998819 0.003698
-0.305590 -0.952163 0.000576
-0.042152 -0.999104 0.003657
-0.054102 -0.998535 -0.000079
-0.307720 -0.951476 -0.001244
-0.048448 -0.998819 0.003698
-0.307720 -0.951476 -0.001244
-0.054102 -0.998535 -0.000079
-0.312058 -0.950035 -0.007354
-0.305590 -0.952163 0.000576
-0.303101 -0.952926 -0.007898
-0.042152 -0.999104 0.003657
-0.042152 -0.999104 0.003657
-0.303101 -0.952926 -0.007898
-0.033955 -0.999410 -0.005230
-0.303101 -0.952926 -0.007898
-0.294013 -0.955792 -0.004167
-0.033955 -0.999410 -0.005230
-0.033955 -0.999410 -0.005230
-0.294013 -0.955792 -0.004167
-0.027127 -0.999615 -0.005899
-0.294013 -0.955792 -0.004167
-0.285510 -0.958369 0.003633
-0.027127 -0.999615 -0.005899
-0.027127 -0.999615 -0.005899
-0.285510 -0.958369 0.003633
-0.021861 -0.999760 -0.001212
-0.755653 0.593339 0.277377
-0.579273 0.808880 0.100781
-0.784128 0.612956 0.097101
-0.579273 0.808880 0.100781
-0.755653 0.593339 0.277377
-0.554151 0.777951 0.296156
-0.755653 0.593339 0.277377
-0.924697 0.371888 0.081448
-0.893704 0.358518 0.269736
-0.924697 0.371888 0.081448
-0.755653 0.593339 0.277377
-0.784128 0.612956 0.097101
-0.924697 0.371888 0.081448
-0.788798 0.614006 0.028184
-0.930313 0.366762 0.001550
-0.788798 0.614006 0.028184
-0.924697 0.371888 0.081448
-0.784128 0.612956 0.097101
-0.579273 0.808880 0.100781
-0.582785 0.811868 0.035088
-0.784128 0.612956 0.097101
-0.784128 0.612956 0.097101
-0.582785 0.811868 0.035088
-0.788798 0.614006 0.028184
-0.893704 0.358518 0.269736
-0.993144 0.097177 0.064975
-0.959878 0.093726 0.264290
-0.993144 0.097177 0.064975
-0.893704 0.358518 0.269736
-0.924697 0.371888 0.081448
-0.993144 0.097177 0.064975
-0.930313 0.366762 0.001550
-0.995431 0.094086 -0.016273
-0.930313 0.366762 0.001550
-0.993144 0.097177 0.064975
-0.924697 0.371888 0.081448
-0.781714 0.295317 0.549282
-0.959878 0.093726 0.264290
-0.843182 0.074002 0.532511
-0.959878 0.093726 0.264290
-0.781714 0.295317 0.549282
-0.893704 0.358518 0.269736
-0.651492 0.509228 0.562357
-0.893704 0.358518 0.269736
-0.781714 0.295317 0.549282
-0.893704 0.358518 0.269736
-0.651492 0.509228 0.562357
-0.755653 0.593339 0.277377
-0.954932 -0.170302 0.243107
-0.959878 0.093726 0.264290
-0.993144 0.097177 0.064975
-0.954932 -0.170302 0.243107
-0.993144 0.097177 0.064975
-0.981381 -0.182119 0.061033
-0.995431 0.094086 -0.016273
-0.981381 -0.182119 0.061033
-0.993144 0.097177 0.064975
-0.981381 -0.182119 0.061033
-0.995431 0.094086 -0.016273
-0.983031 -0.183438 0.000527
-0.844098 -0.144546 0.516339
-0.843182 0.074002 0.532511
-0.959878 0.093726 0.264290
-0.844098 -0.144546 0.516339
-0.959878 0.093726 0.264290
-0.954932 -0.170302 0.243107
-0.615793 -0.111594 0.779965
-0.594689 0.043354 0.802786
-0.843182 0.074002 0.532511
-0.615793 -0.111594 0.779965
-0.843182 0.074002 0.532511
-0.844098 -0.144546 0.516339
-0.529678 0.190870 0.826445
-0.843182 0.074002 0.532511
-0.594689 0.043354 0.802786
-0.843182 0.074002 0.532511
-0.529678 0.190870 0.826445
-0.781714 0.295317 0.549282
-0.879618 -0.418959 0.225267
-0.954932 -0.170302 0.243107
-0.981381 -0.182119 0.061033
-0.879618 -0.418959 0.225267
-0.981381 -0.182119 0.061033
-0.899807 -0.432353 0.058460
-0.899807 -0.432353 0.058460
-0.983031 -0.183438 0.000527
-0.899882 -0.435836 0.016099
-0.983031 -0.183438 0.000527
-0.899807 -0.432353 0.058460
-0.981381 -0.182119 0.061033
-0.777338 -0.372468 0.506965
-0.844098 -0.144546 0.516339
-0.954932 -0.170302 0.243107
-0.777338 -0.372468 0.506965
-0.954932 -0.170302 0.243107
-0.879618 -0.418959 0.225267
-0.572596 -0.284075 0.769048
-0.615793 -0.111594 0.779965
-0.844098 -0.144546 0.516339
-0.844098 -0.144546 0.516339
-0.777338 -0.372468 0.506965
-0.572596 -0.284075 0.769048
-0.615793 -0.111594 0.779965
-0.572596 -0.284075 0.769048
-0.361061 -0.189396 0.913107
-0.615793 -0.111594 0.779965
-0.361061 -0.189396 0.913107
-0.364275 -0.069780 0.928674
-0.594689 0.043354 0.802786
-0.364275 -0.069780 0.928674
-0.321758 0.022753 0.946548
-0.364275 -0.069780 0.928674
-0.594689 0.043354 0.802786
-0.615793 -0.111594 0.779965
-0.743457 -0.629962 0.224541
-0.879618 -0.418959 0.225267
-0.899807 -0.432353 0.058460
-0.743457 -0.629962 0.224541
-0.899807 -0.432353 0.058460
-0.758554 -0.649445 0.053071
-0.758554 -0.649445 0.053071
-0.899882 -0.435836 0.016099
-0.755974 -0.654293 0.020097
-0.899882 -0.435836 0.016099
-0.758554 -0.649445 0.053071
-0.899807 -0.432353 0.058460
-0.649178 -0.554247 0.520940
-0.777338 -0.372468 0.506965
-0.879618 -0.418959 0.225267
-0.879618 -0.418959 0.225267
-0.743457 -0.629962 0.224541
-0.649178 -0.554247 0.520940
-0.364275 -0.069780 0.928674
-0.219728 -0.116291 0.968605
-0.188042 -0.041652 0.981277
-0.219728 -0.116291 0.968605
-0.364275 -0.069780 0.928674
-0.361061 -0.189396 0.913107
-0.562434 -0.824809 0.057944
-0.758554 -0.649445 0.053071
-0.563326 -0.825906 0.023313
-0.758554 -0.649445 0.053071
-0.755974 -0.654293 0.020097
-0.563326 -0.825906 0.023313
0.858113 0.513456 0.002343
0.690750 0.722963 0.013765
0.859541 0.510733 0.018477
0.690750 0.722963 0.013765
0.858113 0.513456 0.002343
0.680164 0.733060 -0.000345
0.965234 0.261387 -0.001013
0.858113 0.513456 0.002343
0.859541 0.510733 0.018477
0.965234 0.261387 -0.001013
0.859541 0.510733 0.018477
0.963821 0.266339 0.010616
0.963821 0.266339 0.010616
0.861105 0.507209 0.035170
0.962951 0.268703 0.022890
0.861105 0.507209 0.035170
0.963821 0.266339 0.010616
0.859541 0.510733 0.018477
0.690750 0.722963 0.013765
0.699094 0.714366 0.030793
0.859541 0.510733 0.018477
0.859541 0.510733 0.018477
0.699094 0.714366 0.030793
0.861105 0.507209 0.035170
0.999935 -0.010518 -0.004362
0.965234 0.261387 -0.001013
0.963821 0.266339 0.010616
0.999935 -0.010518 -0.004362
0.963821 0.266339 0.010616
0.999885 -0.015064 0.001854
0.999885 -0.015064 0.001854
0.962951 0.268703 0.022890
0.999682 -0.019619 0.015819
0.962951 0.268703 0.022890
0.999885 -0.015064 0.001854
0.963821 0.266339 0.010616
0.999994 0.000046 0.003572
0.964346 0.264644 0.000610
0.965234 0.261387 -0.001013
0.999994 0.000046 0.003572
0.965234 0.261387 -0.001013
0.999935 -0.010518 -0.004362
0.964346 0.264644 0.000610
0.858113 0.513456 0.002343
0.965234 0.261387 -0.001013
0.858113 0.513456 0.002343
0.964346 0.264644 0.000610
0.856137 0.516749 0.000231
0.962020 0.272970 -0.002113
0.856137 0.516749 0.000231
0.964346 0.264644 0.000610
0.856137 0.516749 0.000231
0.962020 0.272970 -0.002113
0.853752 0.520666 -0.003786
0.962020 0.272970 -0.002113
0.964346 0.264644 0.000610
0.999948 0.010176 -0.001183
0.999948 0.010176 -0.001183
0.964346 0.264644 0.000610
0.999994 0.000046 0.003572
0.959632 0.281249 0.002248
0.853752 0.520666 -0.003786
0.962020 0.272970 -0.002113
0.853752 0.520666 -0.003786
0.959632 0.281249 0.002248
0.851606 0.524180 0.001785
0.959632 0.281249 0.002248
0.962020 0.272970 -0.002113
0.999877 0.015515 0.002392
0.999877 0.015515 0.002392
0.962020 0.272970 -0.002113
0.999948 0.010176 -0.001183
0.959497 -0.281716 -0.001045
0.999935 -0.010518 -0.004362
0.999885 -0.015064 0.001854
0.959497 -0.281716 -0.001045
0.999885 -0.015064 0.001854
0.955172 -0.296039 0.002662
0.955172 -0.296039 0.002662
0.999682 -0.019619 0.015819
0.952098 -0.305270 0.017917
0.999682 -0.019619 0.015819
0.955172 -0.296039 0.002662
0.999885 -0.015064 0.001854
0.963597 -0.267274 0.006814
0.999994 0.000046 0.003572
0.999935 -0.010518 -0.004362
0.963597 -0.267274 0.006814
0.999935 -0.010518 -0.004362
0.959497 -0.281716 -0.001045
0.999948 0.010176 -0.001183
0.999994 0.000046 0.003572
0.966315 -0.257355 -0.001690
0.966315 -0.257355 -0.001690
0.999994 0.000046 0.003572
0.963597 -0.267274 0.006814
0.999877 0.015515 0.002392
0.999948 0.010176 -0.001183
0.968021 -0.250868 0.001036
0.968021 -0.250868 0.001036
0.999948 0.010176 -0.001183
0.966315 -0.257355 -0.001690
0.999799 0.019450 0.004878
0.999877 0.015515 0.002392
0.968574 -0.248721 0.001763
0.968574 -0.248721 0.001763
0.999877 0.015515 0.002392
0.968021 -0.250868 0.001036
0.999799 0.019450 0.004878
0.959632 0.281249 0.002248
0.999877 0.015515 0.002392
0.959632 0.281249 0.002248
0.999799 0.019450 0.004878
0.957628 0.287970 0.004680
0.999665 0.024184 -0.009209
0.957628 0.287970 0.004680
0.999799 0.019450 0.004878
0.957628 0.287970 0.004680
0.999665 0.024184 -0.009209
0.958364 0.285506 -0.005081
0.999665 0.024184 -0.009209
0.999799 0.019450 0.004878
0.970938 -0.239267 -0.005490
0.970938 -0.239267 -0.005490
0.999799 0.019450 0.004878
0.968574 -0.248721 0.001763
0.845771 -0.533529 0.004302
0.959497 -0.281716 -0.001045
0.955172 -0.296039 0.002662
0.845771 -0.533529 0.004302
0.955172 -0.296039 0.002662
0.838144 -0.545388 0.008209
0.838144 -0.545388 0.008209
0.952098 -0.305270 0.017917
0.832176 -0.554351 0.013334
0.952098 -0.305270 0.017917
0.838144 -0.545388 0.008209
0.955172 -0.296039 0.002662
0.848478 -0.529220 0.003393
0.963597 -0.267274 0.006814
0.959497 -0.281716 -0.001045
0.848478 -0.529220 0.003393
0.959497 -0.281716 -0.001045
0.845771 -0.533529 0.004302
0.966315 -0.257355 -0.001690
0.963597 -0.267274 0.006814
0.852427 -0.522847 -0.000520
0.852427 -0.522847 -0.000520
0.963597 -0.267274 0.006814
0.848478 -0.529220 0.003393
0.968021 -0.250868 0.001036
0.966315 -0.257355 -0.001690
0.859695 -0.510808 0.000468
0.859695 -0.510808 0.000468
0.966315 -0.257355 -0.001690
0.852427 -0.522847 -0.000520
0.968574 -0.248721 0.001763
0.968021 -0.250868 0.001036
0.863873 -0.503705 -0.002231
0.863873 -0.503705 -0.002231
0.968021 -0.250868 0.001036
0.859695 -0.510808 0.000468
0.970938 -0.239267 -0.005490
0.968574 -0.248721 0.001763
0.868797 -0.495169 -0.000773
0.868797 -0.495169 -0.000773
0.968574 -0.248721 0.001763
0.863873 -0.503705 -0.002231
0.974827 -0.222957 0.001600
0.970938 -0.239267 -0.005490
0.875643 -0.482951 0.002722
0.875643 -0.482951 0.002722
0.970938 -0.239267 -0.005490
0.868797 -0.495169 -0.000773
0.974827 -0.222957 0.001600
0.999665 0.024184 -0.009209
0.970938 -0.239267 -0.005490
0.999665 0.024184 -0.009209
0.974827 -0.222957 0.001600
0.999553 0.029908 0.000388
0.974301 -0.224949 -0.011671
0.999553 0.029908 0.000388
0.974827 -0.222957 0.001600
0.999553 0.029908 0.000388
0.974301 -0.224949 -0.011671
0.999514 0.031076 0.002670
0.974301 -0.224949 -0.011671
0.974827 -0.222957 0.001600
0.882780 -0.469412 -0.018755
0.882780 -0.469412 -0.018755
0.974827 -0.222957 0.001600
0.875643 -0.482951 0.002722
0.661789 -0.749679 0.004043
0.845771 -0.533529 0.004302
0.838144 -0.545388 0.008209
0.661789 -0.749679 0.004043
0.838144 -0.545388 0.008209
0.655333 -0.755248 0.011804
0.655333 -0.755248 0.011804
0.832176 -0.554351 0.013334
0.649233 -0.760533 0.009259
0.832176 -0.554351 0.013334
0.655333 -0.755248 0.011804
0.838144 -0.545388 0.008209
0.848478 -0.529220 0.003393
0.845771 -0.533529 0.004302
0.666255 -0.745721 -0.002029
0.666255 -0.745721 -0.002029
0.845771 -0.533529 0.004302
0.661789 -0.749679 0.004043
0.852427 -0.522847 -0.000520
0.848478 -0.529220 0.003393
0.674516 -0.738257 0.002179
0.674516 -0.738257 0.002179
0.848478 -0.529220 0.003393
0.666255 -0.745721 -0.002029
0.859695 -0.510808 0.000468
0.852427 -0.522847 -0.000520
0.682997 -0.730422 -0.000232
0.682997 -0.730422 -0.000232
0.852427 -0.522847 -0.000520
0.674516 -0.738257 0.002179
0.863873 -0.503705 -0.002231
0.859695 -0.510808 0.000468
0.690208 -0.723603 -0.003546
0.690208 -0.723603 -0.003546
0.859695 -0.510808 0.000468
0.682997 -0.730422 -0.000232
0.868797 -0.495169 -0.000773
0.863873 -0.503705 -0.002231
0.701327 -0.712837 0.001771
0.701327 -0.712837 0.001771
0.863873 -0.503705 -0.002231
0.690208 -0.723603 -0.003546
0.875643 -0.482951 0.002722
0.868797 -0.495169 -0.000773
0.712662 -0.701499 0.003570
0.712662 -0.701499 0.003570
0.868797 -0.495169 -0.000773
0.701327 -0.712837 0.001771
0.882780 -0.469412 -0.018755
0.875643 -0.482951 0.002722
0.722469 -0.691263 -0.013921
0.722469 -0.691263 -0.013921
0.875643 -0.482951 0.002722
0.712662 -0.701499 0.003570
0.421652 -0.906757 0.001293
0.661789 -0.749679 0.004043
0.655333 -0.755248 0.011804
0.421652 -0.906757 0.001293
0.655333 -0.755248 0.011804
0.414234 -0.910101 0.011279
0.414234 -0.910101 0.011279
0.649233 -0.760533 0.009259
0.408432 -0.912742 0.009221
0.649233 -0.760533 0.009259
0.414234 -0.910101 0.011279
0.655333 -0.755248 0.011804
0.666255 -0.745721 -0.002029
0.661789 -0.749679 0.004043
0.433210 -0.901292 -0.001396
0.433210 -0.901292 -0.001396
0.661789 -0.749679 0.004043
0.421652 -0.906757 0.001293
0.674516 -0.738257 0.002179
0.666255 -0.745721 -0.002029
0.448620 -0.893709 0.004953
0.448620 -0.893709 0.004953
0.666255 -0.745721 -0.002029
0.433210 -0.901292 -0.001396
0.682997 -0.730422 -0.000232
0.674516 -0.738257 0.002179
0.458652 -0.888611 -0.002839
0.458652 -0.888611 -0.002839
0.674516 -0.738257 0.002179
0.448620 -0.893709 0.004953
0.690208 -0.723603 -0.003546
0.682997 -0.730422 -0.000232
0.465307 -0.885141 -0.003933
0.465307 -0.885141 -0.003933
0.682997 -0.730422 -0.000232
0.458652 -0.888611 -0.002839
0.701327 -0.712837 0.001771
0.690208 -0.723603 -0.003546
0.476791 -0.879009 0.003701
0.476791 -0.879009 0.003701
0.690208 -0.723603 -0.003546
0.465307 -0.885141 -0.003933
0.144432 -0.989514 0.000783
0.421652 -0.906757 0.001293
0.414234 -0.910101 0.011279
0.144432 -0.989514 0.000783
0.414234 -0.910101 0.011279
0.134208 -0.990902 0.010077
0.134208 -0.990902 0.010077
0.408432 -0.912742 0.009221
0.126689 -0.991910 0.007958
0.408432 -0.912742 0.009221
0.134208 -0.990902 0.010077
0.414234 -0.910101 0.011279
0.153935 -0.988081 -0.000365
0.433210 -0.901292 -0.001396
0.421652 -0.906757 0.001293
0.153935 -0.988081 -0.000365
0.421652 -0.906757 0.001293
0.144432 -0.989514 0.000783
0.448620 -0.893709 0.004953
0.433210 -0.901292 -0.001396
0.164401 -0.986372 0.006571
0.164401 -0.986372 0.006571
0.433210 -0.901292 -0.001396
0.153935 -0.988081 -0.000365
0.458652 -0.888611 -0.002839
0.448620 -0.893709 0.004953
0.181204 -0.983442 -0.002620
0.181204 -0.983442 -0.002620
0.448620 -0.893709 0.004953
0.164401 -0.986372 0.006571
-0.147088 -0.989122 0.001488
0.144432 -0.989514 0.000783
0.134208 -0.990902 0.010077
-0.147088 -0.989122 0.001488
0.134208 -0.990902 0.010077
-0.157865 -0.987394 0.011484
-0.157865 -0.987394 0.011484
0.126689 -0.991910 0.007958
-0.166327 -0.986044 0.007238
0.126689 -0.991910 0.007958
-0.157865 -0.987394 0.011484
0.134208 -0.990902 0.010077
0.886827 -0.460565 -0.037659
0.882780 -0.469412 -0.018755
0.724012 -0.689254 -0.027140
0.724012 -0.689254 -0.027140
0.882780 -0.469412 -0.018755
0.722469 -0.691263 -0.013921
0.886827 -0.460565 -0.037659
0.974301 -0.224949 -0.011671
0.882780 -0.469412 -0.018755
0.974301 -0.224949 -0.011671
0.886827 -0.460565 -0.037659
0.972799 -0.229397 -0.032236
0.712662 -0.701499 0.003570
0.701327 -0.712837 0.001771
0.489535 -0.871979 0.002750
0.489535 -0.871979 0.002750
0.701327 -0.712837 0.001771
0.476791 -0.879009 0.003701
0.722469 -0.691263 -0.013921
0.712662 -0.701499 0.003570
0.497411 -0.867361 -0.016376
0.497411 -0.867361 -0.016376
0.712662 -0.701499 0.003570
0.489535 -0.871979 0.002750
0.724012 -0.689254 -0.027140
0.722469 -0.691263 -0.013921
0.502721 -0.863922 -0.030172
0.502721 -0.863922 -0.030172
0.722469 -0.691263 -0.013921
0.497411 -0.867361 -0.016376
0.465307 -0.885141 -0.003933
0.458652 -0.888611 -0.002839
0.196439 -0.980505 -0.004655
0.196439 -0.980505 -0.004655
0.458652 -0.888611 -0.002839
0.181204 -0.983442 -0.002620
0.476791 -0.879009 0.003701
0.465307 -0.885141 -0.003933
0.204839 -0.978795 0.000753
0.204839 -0.978795 0.000753
0.465307 -0.885141 -0.003933
0.196439 -0.980505 -0.004655
0.489535 -0.871979 0.002750
0.476791 -0.879009 0.003701
0.214939 -0.976627 0.000990
0.214939 -0.976627 0.000990
0.476791 -0.879009 0.003701
0.204839 -0.978795 0.000753
0.238570 -0.970950 -0.018442
0.497411 -0.867361 -0.016376
0.489535 -0.871979 0.002750
0.238570 -0.970950 -0.018442
0.489535 -0.871979 0.002750
0.214939 -0.976627 0.000990
0.262928 -0.964127 -0.036445
0.502721 -0.863922 -0.030172
0.497411 -0.867361 -0.016376
0.262928 -0.964127 -0.036445
0.497411 -0.867361 -0.016376
0.238570 -0.970950 -0.018442
-0.139544 -0.990211 -0.003060
0.153935 -0.988081 -0.000365
0.144432 -0.989514 0.000783
-0.139544 -0.990211 -0.003060
0.144432 -0.989514 0.000783
-0.147088 -0.989122 0.001488
-0.132150 -0.991207 0.006667
0.164401 -0.986372 0.006571
0.153935 -0.988081 -0.000365
-0.132150 -0.991207 0.006667
0.153935 -0.988081 -0.000365
-0.139544 -0.990211 -0.003060
0.181204 -0.983442 -0.002620
0.164401 -0.986372 0.006571
-0.119482 -0.992836 0.000129
-0.119482 -0.992836 0.000129
0.164401 -0.986372 0.006571
-0.132150 -0.991207 0.006667
0.196439 -0.980505 -0.004655
0.181204 -0.983442 -0.002620
-0.103189 -0.994657 -0.003197
-0.103189 -0.994657 -0.003197
0.181204 -0.983442 -0.002620
-0.119482 -0.992836 0.000129
0.204839 -0.978795 0.000753
0.196439 -0.980505 -0.004655
-0.088756 -0.996046 -0.003822
-0.088756 -0.996046 -0.003822
0.196439 -0.980505 -0.004655
-0.103189 -0.994657 -0.003197
-0.074344 -0.997233 0.000238
0.214939 -0.976627 0.000990
0.204839 -0.978795 0.000753
-0.074344 -0.997233 0.000238
0.204839 -0.978795 0.000753
-0.088756 -0.996046 -0.003822
-0.045123 -0.998941 -0.008978
0.238570 -0.970950 -0.018442
0.214939 -0.976627 0.000990
-0.045123 -0.998941 -0.008978
0.214939 -0.976627 0.000990
-0.074344 -0.997233 0.000238
-0.016078 -0.999522 -0.026413
0.262928 -0.964127 -0.036445
0.238570 -0.970950 -0.018442
-0.016078 -0.999522 -0.026413
0.238570 -0.970950 -0.018442
-0.045123 -0.998941 -0.008978
-0.437672 -0.899022 0.014284
-0.166327 -0.986044 0.007238
-0.444848 -0.895556 0.009497
-0.166327 -0.986044 0.007238
-0.437672 -0.899022 0.014284
-0.157865 -0.987394 0.011484
-0.428987 -0.903309 0.001577
-0.147088 -0.989122 0.001488
-0.157865 -0.987394 0.011484
-0.428987 -0.903309 0.001577
-0.157865 -0.987394 0.011484
-0.437672 -0.899022 0.014284
-0.421507 -0.906809 -0.005344
-0.139544 -0.990211 -0.003060
-0.147088 -0.989122 0.001488
-0.421507 -0.906809 -0.005344
-0.147088 -0.989122 0.001488
-0.428987 -0.903309 0.001577
-0.132150 -0.991207 0.006667
-0.139544 -0.990211 -0.003060
-0.412374 -0.910992 0.006421
-0.412374 -0.910992 0.006421
-0.139544 -0.990211 -0.003060
-0.421507 -0.906809 -0.005344
-0.119482 -0.992836 0.000129
-0.132150 -0.991207 0.006667
-0.403307 -0.915065 0.000502
-0.403307 -0.915065 0.000502
-0.132150 -0.991207 0.006667
-0.412374 -0.910992 0.006421
-0.103189 -0.994657 -0.003197
-0.119482 -0.992836 0.000129
-0.394114 -0.919060 -0.001298
-0.394114 -0.919060 -0.001298
-0.119482 -0.992836 0.000129
-0.403307 -0.915065 0.000502
-0.088756 -0.996046 -0.003822
-0.103189 -0.994657 -0.003197
-0.381159 -0.924502 -0.003772
-0.381159 -0.924502 -0.003772
-0.103189 -0.994657 -0.003197
-0.394114 -0.919060 -0.001298
-0.366714 -0.930333 -0.001358
-0.074344 -0.997233 0.000238
-0.088756 -0.996046 -0.003822
-0.366714 -0.930333 -0.001358
-0.088756 -0.996046 -0.003822
-0.381159 -0.924502 -0.003772
-0.354405 -0.935077 -0.005260
-0.045123 -0.998941 -0.008978
-0.074344 -0.997233 0.000238
-0.354405 -0.935077 -0.005260
-0.074344 -0.997233 0.000238
-0.366714 -0.930333 -0.001358
-0.334392 -0.942235 -0.019392
-0.016078 -0.999522 -0.026413
-0.045123 -0.998941 -0.008978
-0.334392 -0.942235 -0.019392
-0.045123 -0.998941 -0.008978
-0.354405 -0.935077 -0.005260
-0.403307 -0.915065 0.000502
-0.412374 -0.910992 0.006421
-0.655809 -0.754926 -0.000846
-0.655809 -0.754926 -0.000846
-0.412374 -0.910992 0.006421
-0.660739 -0.750598 0.005119
-0.660739 -0.750598 0.005119
-0.421507 -0.906809 -0.005344
-0.667771 -0.744351 -0.004867
-0.421507 -0.906809 -0.005344
-0.660739 -0.750598 0.005119
-0.412374 -0.910992 0.006421
-0.394114 -0.919060 -0.001298
-0.403307 -0.915065 0.000502
-0.649174 -0.760640 -0.000835
-0.649174 -0.760640 -0.000835
-0.403307 -0.915065 0.000502
-0.655809 -0.754926 -0.000846
-0.381159 -0.924502 -0.003772
-0.394114 -0.919060 -0.001298
-0.639824 -0.768521 -0.000902
-0.639824 -0.768521 -0.000902
-0.394114 -0.919060 -0.001298
-0.649174 -0.760640 -0.000835
-0.366714 -0.930333 -0.001358
-0.381159 -0.924502 -0.003772
-0.630208 -0.776420 -0.003145
-0.630208 -0.776420 -0.003145
-0.381159 -0.924502 -0.003772
-0.639824 -0.768521 -0.000902
-0.629345 -0.777008 -0.013521
-0.354405 -0.935077 -0.005260
-0.366714 -0.930333 -0.001358
-0.629345 -0.777008 -0.013521
-0.366714 -0.930333 -0.001358
-0.630208 -0.776420 -0.003145
-0.630706 -0.775525 -0.027787
-0.334392 -0.942235 -0.019392
-0.354405 -0.935077 -0.005260
-0.630706 -0.775525 -0.027787
-0.354405 -0.935077 -0.005260
-0.629345 -0.777008 -0.013521
-0.630208 -0.776420 -0.003145
-0.639824 -0.768521 -0.000902
-0.833729 -0.552166 -0.002997
-0.833729 -0.552166 -0.002997
-0.639824 -0.768521 -0.000902
-0.837873 -0.545865 0.001031
-0.837873 -0.545865 0.001031
-0.649174 -0.760640 -0.000835
-0.843221 -0.537567 0.000272
-0.649174 -0.760640 -0.000835
-0.837873 -0.545865 0.001031
-0.639824 -0.768521 -0.000902
-0.629345 -0.777008 -0.013521
-0.630208 -0.776420 -0.003145
-0.833029 -0.552882 -0.019574
-0.833029 -0.552882 -0.019574
-0.630208 -0.776420 -0.003145
-0.833729 -0.552166 -0.002997
-0.630706 -0.775525 -0.027787
-0.833029 -0.552882 -0.019574
-0.836716 -0.546364 -0.037307
-0.833029 -0.552882 -0.019574
-0.630706 -0.775525 -0.027787
-0.629345 -0.777008 -0.013521
-0.959547 -0.281049 -0.016769
-0.833729 -0.552166 -0.002997
-0.962126 -0.272601 -0.001262
-0.833729 -0.552166 -0.002997
-0.959547 -0.281049 -0.016769
-0.833029 -0.552882 -0.019574
-0.836716 -0.546364 -0.037307
-0.959547 -0.281049 -0.016769
-0.957296 -0.286655 -0.037598
-0.959547 -0.281049 -0.016769
-0.836716 -0.546364 -0.037307
-0.833029 -0.552882 -0.019574
0.207242 0.978232 -0.010677
-0.068733 0.997634 0.001428
0.208691 0.977982 0.000603
-0.068733 0.997634 0.001428
0.207242 0.978232 -0.010677
-0.073289 0.997248 -0.011167
-0.341410 0.939913 0.001584
-0.073289 0.997248 -0.011167
-0.341540 0.939752 -0.014722
-0.073289 0.997248 -0.011167
-0.341410 0.939913 0.001584
-0.068733 0.997634 0.001428
-0.340886 0.939337 -0.037969
-0.073289 0.997248 -0.011167
-0.081464 0.996324 -0.026507
-0.073289 0.997248 -0.011167
-0.340886 0.939337 -0.037969
-0.341540 0.939752 -0.014722
0.198770 0.979661 -0.027476
-0.081464 0.996324 -0.026507
-0.073289 0.997248 -0.011167
0.198770 0.979661 -0.027476
-0.073289 0.997248 -0.011167
0.207242 0.978232 -0.010677
0.208691 0.977982 0.000603
0.205785 0.978589 -0.004076
0.459534 0.888160 -0.000445
0.459534 0.888160 -0.000445
0.205785 0.978589 -0.004076
0.455890 0.890002 -0.007774
0.455396 0.890289 0.000502
0.455890 0.890002 -0.007774
0.205785 0.978589 -0.004076
0.205785 0.978589 -0.004076
0.205162 0.978727 -0.001718
0.455396 0.890289 0.000502
-0.068928 0.997615 -0.003548
0.205162 0.978727 -0.001718
0.205785 0.978589 -0.004076
0.205162 0.978727 -0.001718
-0.068928 0.997615 -0.003548
-0.068735 0.997633 -0.001914
-0.068733 0.997634 0.001428
0.205785 0.978589 -0.004076
0.208691 0.977982 0.000603
0.205785 0.978589 -0.004076
-0.068733 0.997634 0.001428
-0.068928 0.997615 -0.003548
0.207242 0.978232 -0.010677
0.459534 0.888160 -0.000445
0.460850 0.887377 -0.013367
0.459534 0.888160 -0.000445
0.207242 0.978232 -0.010677
0.208691 0.977982 0.000603
0.461529 0.886142 -0.041748
0.198770 0.979661 -0.027476
0.207242 0.978232 -0.010677
0.461529 0.886142 -0.041748
0.207242 0.978232 -0.010677
0.460850 0.887377 -0.013367
0.459257 0.888303 -0.000770
0.205364 0.978657 0.007532
0.456346 0.889784 0.005773
0.205364 0.978657 0.007532
0.459257 0.888303 -0.000770
0.204448 0.978877 -0.000264
0.459257 0.888303 -0.000770
0.456346 0.889784 0.005773
0.682361 0.731015 0.001006
0.682361 0.731015 0.001006
0.456346 0.889784 0.005773
0.680965 0.732315 -0.000759
0.676891 0.736081 0.002096
0.680965 0.732315 -0.000759
0.456346 0.889784 0.005773
0.456346 0.889784 0.005773
0.453168 0.891419 0.003338
0.676891 0.736081 0.002096
0.205364 0.978657 0.007532
0.453168 0.891419 0.003338
0.456346 0.889784 0.005773
0.453168 0.891419 0.003338
0.205364 0.978657 0.007532
0.214055 0.976821 -0.000086
0.455396 0.890289 0.000502
0.682361 0.731015 0.001006
0.678649 0.734459 0.002256
0.682361 0.731015 0.001006
0.455396 0.890289 0.000502
0.459257 0.888303 -0.000770
0.205162 0.978727 -0.001718
0.459257 0.888303 -0.000770
0.455396 0.890289 0.000502
0.459257 0.888303 -0.000770
0.205162 0.978727 -0.001718
0.204448 0.978877 -0.000264
0.455890 0.890002 -0.007774
0.455396 0.890289 0.000502
0.673209 0.739415 -0.007453
0.673209 0.739415 -0.007453
0.455396 0.890289 0.000502
0.678649 0.734459 0.002256
0.459534 0.888160 -0.000445
0.455890 0.890002 -0.007774
0.667771 0.744367 -0.000224
0.667771 0.744367 -0.000224
0.455890 0.890002 -0.007774
0.673209 0.739415 -0.007453
0.460850 0.887377 -0.013367
0.667771 0.744367 -0.000224
0.665640 0.746175 -0.012090
0.667771 0.744367 -0.000224
0.460850 0.887377 -0.013367
0.459534 0.888160 -0.000445
0.461529 0.886142 -0.041748
0.460850 0.887377 -0.013367
0.668472 0.742803 -0.037271
0.668472 0.742803 -0.037271
0.460850 0.887377 -0.013367
0.665640 0.746175 -0.012090
0.463888 0.885818 0.011573
0.699094 0.714366 0.030793
0.690750 0.722963 0.013765
0.699094 0.714366 0.030793
0.463888 0.885818 0.011573
0.463794 0.885464 0.029139
0.680164 0.733060 -0.000345
0.463888 0.885818 0.011573
0.690750 0.722963 0.013765
0.463888 0.885818 0.011573
0.680164 0.733060 -0.000345
0.459494 0.888157 -0.006554
0.676891 0.736081 0.002096
0.680164 0.733060 -0.000345
0.856137 0.516749 0.000231
0.856137 0.516749 0.000231
0.680164 0.733060 -0.000345
0.858113 0.513456 0.002343
0.453168 0.891419 0.003338
0.680164 0.733060 -0.000345
0.676891 0.736081 0.002096
0.680164 0.733060 -0.000345
0.453168 0.891419 0.003338
0.459494 0.888157 -0.006554
0.680965 0.732315 -0.000759
0.676891 0.736081 0.002096
0.853752 0.520666 -0.003786
0.853752 0.520666 -0.003786
0.676891 0.736081 0.002096
0.856137 0.516749 0.000231
0.682361 0.731015 0.001006
0.680965 0.732315 -0.000759
0.851606 0.524180 0.001785
0.851606 0.524180 0.001785
0.680965 0.732315 -0.000759
0.853752 0.520666 -0.003786
0.678649 0.734459 0.002256
0.682361 0.731015 0.001006
0.849634 0.527363 0.003305
0.849634 0.527363 0.003305
0.682361 0.731015 0.001006
0.851606 0.524180 0.001785
0.673209 0.739415 -0.007453
0.678649 0.734459 0.002256
0.846440 0.532476 -0.002851
0.846440 0.532476 -0.002851
0.678649 0.734459 0.002256
0.849634 0.527363 0.003305
0.667771 0.744367 -0.000224
0.846440 0.532476 -0.002851
0.844028 0.536298 0.001193
0.846440 0.532476 -0.002851
0.667771 0.744367 -0.000224
0.673209 0.739415 -0.007453
0.665640 0.746175 -0.012090
0.667771 0.744367 -0.000224
0.841662 0.539965 -0.006542
0.841662 0.539965 -0.006542
0.667771 0.744367 -0.000224
0.844028 0.536298 0.001193
0.668472 0.742803 -0.037271
0.841662 0.539965 -0.006542
0.842111 0.538968 -0.019026
0.841662 0.539965 -0.006542
0.668472 0.742803 -0.037271
0.665640 0.746175 -0.012090
0.849634 0.527363 0.003305
0.851606 0.524180 0.001785
0.957628 0.287970 0.004680
0.957628 0.287970 0.004680
0.851606 0.524180 0.001785
0.959632 0.281249 0.002248
0.846440 0.532476 -0.002851
0.849634 0.527363 0.003305
0.958364 0.285506 -0.005081
0.958364 0.285506 -0.005081
0.849634 0.527363 0.003305
0.957628 0.287970 0.004680
0.844028 0.536298 0.001193
0.846440 0.532476 -0.002851
0.960219 0.279249 0.000727
0.960219 0.279249 0.000727
0.846440 0.532476 -0.002851
0.958364 0.285506 -0.005081
0.841662 0.539965 -0.006542
0.844028 0.536298 0.001193
0.958190 0.286127 0.002041
0.958190 0.286127 0.002041
0.844028 0.536298 0.001193
0.960219 0.279249 0.000727
0.842111 0.538968 -0.019026
0.958190 0.286127 0.002041
0.955603 0.294583 -0.006679
0.958190 0.286127 0.002041
0.842111 0.538968 -0.019026
0.841662 0.539965 -0.006542
0.960219 0.279249 0.000727
0.958364 0.285506 -0.005081
0.999553 0.029908 0.000388
0.999553 0.029908 0.000388
0.958364 0.285506 -0.005081
0.999665 0.024184 -0.009209
0.999514 0.031076 0.002670
0.958190 0.286127 0.002041
0.960219 0.279249 0.000727
0.999514 0.031076 0.002670
0.960219 0.279249 0.000727
0.999553 0.029908 0.000388
0.999332 0.034516 -0.011984
0.955603 0.294583 -0.006679
0.958190 0.286127 0.002041
0.999332 0.034516 -0.011984
0.958190 0.286127 0.002041
0.999514 0.031076 0.002670
0.972799 -0.229397 -0.032236
0.999332 0.034516 -0.011984
0.999514 0.031076 0.002670
0.972799 -0.229397 -0.032236
0.999514 0.031076 0.002670
0.974301 -0.224949 -0.011671
-0.999345 0.011592 -0.034296
-0.957296 -0.286655 -0.037598
-0.959547 -0.281049 -0.016769
-0.999345 0.011592 -0.034296
-0.959547 -0.281049 -0.016769
-0.999708 0.019742 -0.013924
-0.999708 0.019742 -0.013924
-0.962126 -0.272601 -0.001262
-0.999659 0.026117 -0.000339
-0.962126 -0.272601 -0.001262
-0.999708 0.019742 -0.013924
-0.959547 -0.281049 -0.016769
-0.942319 0.334717 0.000451
-0.998996 0.044705 -0.002793
-0.942034 0.335479 -0.005016
-0.998996 0.044705 -0.002793
-0.942319 0.334717 0.000451
-0.999128 0.041737 0.001326
-0.964306 -0.264788 0.001230
-0.966026 -0.258441 -0.001569
-0.999128 0.041737 0.001326
-0.999128 0.041737 0.001326
-0.966026 -0.258441 -0.001569
-0.998996 0.044705 -0.002793
-0.999397 0.034719 -0.000267
-0.964306 -0.264788 0.001230
-0.999128 0.041737 0.001326
-0.964306 -0.264788 0.001230
-0.999397 0.034719 -0.000267
-0.963104 -0.269130 -0.000216
-0.999397 0.034719 -0.000267
-0.999128 0.041737 0.001326
-0.943870 0.330303 0.003104
-0.943870 0.330303 0.003104
-0.999128 0.041737 0.001326
-0.942319 0.334717 0.000451
-0.946972 0.321315 0.000252
-0.999659 0.026117 -0.000339
-0.999397 0.034719 -0.000267
-0.946972 0.321315 0.000252
-0.999397 0.034719 -0.000267
-0.943870 0.330303 0.003104
-0.999659 0.026117 -0.000339
-0.963104 -0.269130 -0.000216
-0.999397 0.034719 -0.000267
-0.963104 -0.269130 -0.000216
-0.999659 0.026117 -0.000339
-0.962126 -0.272601 -0.001262
-0.949084 0.314732 -0.013534
-0.999708 0.019742 -0.013924
-0.999659 0.026117 -0.000339
-0.949084 0.314732 -0.013534
-0.999659 0.026117 -0.000339
-0.946972 0.321315 0.000252
-0.950000 0.310897 -0.029033
-0.999345 0.011592 -0.034296
-0.999708 0.019742 -0.013924
-0.950000 0.310897 -0.029033
-0.999708 0.019742 -0.013924
-0.949084 0.314732 -0.013534
-0.797818 0.602895 0.002183
-0.935980 0.351974 0.007506
-0.798479 0.601997 0.005478
-0.935980 0.351974 0.007506
-0.797818 0.602895 0.002183
-0.937479 0.348005 0.005048
-0.997804 0.065936 0.006301
-0.937479 0.348005 0.005048
-0.998441 0.055621 0.004690
-0.937479 0.348005 0.005048
-0.997804 0.065936 0.006301
-0.935980 0.351974 0.007506
-0.940093 0.340916 -0.000862
-0.998441 0.055621 0.004690
-0.937479 0.348005 0.005048
-0.998441 0.055621 0.004690
-0.940093 0.340916 -0.000862
-0.998867 0.047548 -0.002179
-0.940093 0.340916 -0.000862
-0.937479 0.348005 0.005048
-0.801933 0.597404 0.003409
-0.801933 0.597404 0.003409
-0.937479 0.348005 0.005048
-0.797818 0.602895 0.002183
-0.942034 0.335479 -0.005016
-0.940093 0.340916 -0.000862
-0.807714 0.589558 -0.004465
-0.807714 0.589558 -0.004465
-0.940093 0.340916 -0.000862
-0.801933 0.597404 0.003409
-0.942034 0.335479 -0.005016
-0.998867 0.047548 -0.002179
-0.940093 0.340916 -0.000862
-0.998867 0.047548 -0.002179
-0.942034 0.335479 -0.005016
-0.998996 0.044705 -0.002793
-0.942319 0.334717 0.000451
-0.942034 0.335479 -0.005016
-0.809037 0.587754 -0.001839
-0.809037 0.587754 -0.001839
-0.942034 0.335479 -0.005016
-0.807714 0.589558 -0.004465
-0.943870 0.330303 0.003104
-0.942319 0.334717 0.000451
-0.806720 0.590928 0.002631
-0.806720 0.590928 0.002631
-0.942319 0.334717 0.000451
-0.809037 0.587754 -0.001839
-0.946972 0.321315 0.000252
-0.943870 0.330303 0.003104
-0.805796 0.592192 0.001378
-0.805796 0.592192 0.001378
-0.943870 0.330303 0.003104
-0.806720 0.590928 0.002631
-0.806970 0.590448 -0.013092
-0.949084 0.314732 -0.013534
-0.946972 0.321315 0.000252
-0.806970 0.590448 -0.013092
-0.946972 0.321315 0.000252
-0.805796 0.592192 0.001378
-0.810008 0.585789 -0.027162
-0.950000 0.310897 -0.029033
-0.949084 0.314732 -0.013534
-0.810008 0.585789 -0.027162
-0.949084 0.314732 -0.013534
-0.806970 0.590448 -0.013092
-0.798479 0.601997 0.005478
-0.799510 0.600618 0.006401
-0.594739 0.803906 0.004452
-0.594739 0.803906 0.004452
-0.799510 0.600618 0.006401
-0.589337 0.807885 0.001894
-0.589337 0.807885 0.001894
-0.799510 0.600618 0.006401
-0.585724 0.810346 -0.016292
-0.799510 0.600618 0.006401
-0.798922 0.601428 -0.002768
-0.585724 0.810346 -0.016292
-0.934431 0.355912 0.012893
-0.933218 0.358826 0.018668
-0.799510 0.600618 0.006401
-0.799510 0.600618 0.006401
-0.933218 0.358826 0.018668
-0.798922 0.601428 -0.002768
-0.798479 0.601997 0.005478
-0.934431 0.355912 0.012893
-0.799510 0.600618 0.006401
-0.934431 0.355912 0.012893
-0.798479 0.601997 0.005478
-0.935980 0.351974 0.007506
-0.797818 0.602895 0.002183
-0.594739 0.803906 0.004452
-0.596514 0.802602 -0.000893
-0.594739 0.803906 0.004452
-0.797818 0.602895 0.002183
-0.798479 0.601997 0.005478
-0.801933 0.597404 0.003409
-0.797818 0.602895 0.002183
-0.593781 0.804616 0.004196
-0.593781 0.804616 0.004196
-0.797818 0.602895 0.002183
-0.596514 0.802602 -0.000893
-0.807714 0.589558 -0.004465
-0.801933 0.597404 0.003409
-0.594585 0.804030 -0.001979
-0.594585 0.804030 -0.001979
-0.801933 0.597404 0.003409
-0.593781 0.804616 0.004196
-0.809037 0.587754 -0.001839
-0.807714 0.589558 -0.004465
-0.599595 0.800301 -0.002185
-0.599595 0.800301 -0.002185
-0.807714 0.589558 -0.004465
-0.594585 0.804030 -0.001979
-0.806720 0.590928 0.002631
-0.809037 0.587754 -0.001839
-0.598507 0.801113 -0.002548
-0.598507 0.801113 -0.002548
-0.809037 0.587754 -0.001839
-0.599595 0.800301 -0.002185
-0.805796 0.592192 0.001378
-0.806720 0.590928 0.002631
-0.594410 0.804161 0.001435
-0.594410 0.804161 0.001435
-0.806720 0.590928 0.002631
-0.598507 0.801113 -0.002548
-0.806970 0.590448 -0.013092
-0.594410 0.804161 0.001435
-0.590228 0.807105 -0.014556
-0.594410 0.804161 0.001435
-0.806970 0.590448 -0.013092
-0.805796 0.592192 0.001378
-0.810008 0.585789 -0.027162
-0.590228 0.807105 -0.014556
-0.583726 0.811150 -0.036053
-0.590228 0.807105 -0.014556
-0.810008 0.585789 -0.027162
-0.806970 0.590448 -0.013092
-0.599595 0.800301 -0.002185
-0.337924 0.941173 0.000031
-0.340233 0.940340 -0.001226
-0.337924 0.941173 0.000031
-0.599595 0.800301 -0.002185
-0.594585 0.804030 -0.001979
-0.337905 0.941180 0.000804
-0.337924 0.941173 0.000031
-0.594585 0.804030 -0.001979
-0.594585 0.804030 -0.001979
-0.593781 0.804616 0.004196
-0.337905 0.941180 0.000804
-0.598507 0.801113 -0.002548
-0.340233 0.940340 -0.001226
-0.341493 0.939871 -0.004918
-0.340233 0.940340 -0.001226
-0.598507 0.801113 -0.002548
-0.599595 0.800301 -0.002185
-0.594410 0.804161 0.001435
-0.341493 0.939871 -0.004918
-0.341410 0.939913 0.001584
-0.341493 0.939871 -0.004918
-0.594410 0.804161 0.001435
-0.598507 0.801113 -0.002548
-0.341540 0.939752 -0.014722
-0.590228 0.807105 -0.014556
-0.594410 0.804161 0.001435
-0.341540 0.939752 -0.014722
-0.594410 0.804161 0.001435
-0.341410 0.939913 0.001584
-0.583726 0.811150 -0.036053
-0.341540 0.939752 -0.014722
-0.340886 0.939337 -0.037969
-0.341540 0.939752 -0.014722
-0.583726 0.811150 -0.036053
-0.590228 0.807105 -0.014556
-0.068928 0.997615 -0.003548
-0.068733 0.997634 0.001428
-0.341410 0.939913 0.001584
-0.341410 0.939913 0.001584
-0.341493 0.939871 -0.004918
-0.068928 0.997615 -0.003548
-0.338151 0.941073 0.005984
-0.594739 0.803906 0.004452
-0.589337 0.807885 0.001894
-0.338151 0.941073 0.005984
-0.589337 0.807885 0.001894
-0.329603 0.944090 0.007544
-0.329603 0.944090 0.007544
-0.585724 0.810346 -0.016292
-0.322102 0.946683 -0.006439
-0.585724 0.810346 -0.016292
-0.329603 0.944090 0.007544
-0.589337 0.807885 0.001894
-0.596514 0.802602 -0.000893
-0.338151 0.941073 0.005984
-0.340816 0.940125 -0.003009
-0.338151 0.941073 0.005984
-0.596514 0.802602 -0.000893
-0.594739 0.803906 0.004452
-0.593781 0.804616 0.004196
-0.340816 0.940125 -0.003009
-0.337905 0.941180 0.000804
-0.340816 0.940125 -0.003009
-0.593781 0.804616 0.004196
-0.596514 0.802602 -0.000893
-0.057128 0.998366 0.001298
-0.338151 0.941073 0.005984
-0.329603 0.944090 0.007544
-0.057128 0.998366 0.001298
-0.329603 0.944090 0.007544
-0.055976 0.998262 0.018415
-0.055976 0.998262 0.018415
-0.322102 0.946683 -0.006439
-0.047760 0.998616 0.022008
-0.322102 0.946683 -0.006439
-0.055976 0.998262 0.018415
-0.329603 0.944090 0.007544
-0.054341 0.998516 -0.003418
-0.340816 0.940125 -0.003009
-0.338151 0.941073 0.005984
-0.054341 0.998516 -0.003418
-0.338151 0.941073 0.005984
-0.057128 0.998366 0.001298
-0.337905 0.941180 0.000804
-0.054341 0.998516 -0.003418
-0.062619 0.998034 0.002736
-0.054341 0.998516 -0.003418
-0.337905 0.941180 0.000804
-0.340816 0.940125 -0.003009
-0.337924 0.941173 0.000031
-0.062619 0.998034 0.002736
-0.069417 0.997587 0.000976
-0.062619 0.998034 0.002736
-0.337924 0.941173 0.000031
-0.337905 0.941180 0.000804
-0.340233 0.940340 -0.001226
-0.337924 0.941173 0.000031
-0.068735 0.997633 -0.001914
-0.068735 0.997633 -0.001914
-0.337924 0.941173 0.000031
-0.069417 0.997587 0.000976
-0.341493 0.939871 -0.004918
-0.068735 0.997633 -0.001914
-0.068928 0.997615 -0.003548
-0.068735 0.997633 -0.001914
-0.341493 0.939871 -0.004918
-0.340233 0.940340 -0.001226
0.216546 0.976250 -0.006655
-0.057128 0.998366 0.001298
-0.055976 0.998262 0.018415
0.216546 0.976250 -0.006655
-0.055976 0.998262 0.018415
0.210217 0.977463 0.019349
0.210217 0.977463 0.019349
-0.047760 0.998616 0.022008
0.207166 0.977607 0.036981
-0.047760 0.998616 0.022008
0.210217 0.977463 0.019349
-0.055976 0.998262 0.018415
0.214055 0.976821 -0.000086
-0.054341 0.998516 -0.003418
-0.057128 0.998366 0.001298
0.214055 0.976821 -0.000086
-0.057128 0.998366 0.001298
0.216546 0.976250 -0.006655
-0.062619 0.998034 0.002736
0.214055 0.976821 -0.000086
0.205364 0.978657 0.007532
0.214055 0.976821 -0.000086
-0.062619 0.998034 0.002736
-0.054341 0.998516 -0.003418
-0.069417 0.997587 0.000976
0.205364 0.978657 0.007532
0.204448 0.978877 -0.000264
0.205364 0.978657 0.007532
-0.069417 0.997587 0.000976
-0.062619 0.998034 0.002736
-0.068735 0.997633 -0.001914
0.204448 0.978877 -0.000264
0.205162 0.978727 -0.001718
0.204448 0.978877 -0.000264
-0.068735 0.997633 -0.001914
-0.069417 0.997587 0.000976
0.459494 0.888157 -0.006554
0.216546 0.976250 -0.006655
0.210217 0.977463 0.019349
0.459494 0.888157 -0.006554
0.210217 0.977463 0.019349
0.463888 0.885818 0.011573
0.463888 0.885818 0.011573
0.207166 0.977607 0.036981
0.463794 0.885464 0.029139
0.207166 0.977607 0.036981
0.463888 0.885818 0.011573
0.210217 0.977463 0.019349
0.214055 0.976821 -0.000086
0.459494 0.888157 -0.006554
0.453168 0.891419 0.003338
0.459494 0.888157 -0.006554
0.214055 0.976821 -0.000086
0.216546 0.976250 -0.006655
0.907787 -0.419431 0.000403
0.911306 -0.411729 0.001123
0.991049 -0.133497 0.000404
0.991049 -0.133497 0.000404
0.911306 -0.411729 0.001123
0.992108 -0.125337 0.003568
0.989585 -0.143784 -0.006887
0.907787 -0.419431 0.000403
0.991049 -0.133497 0.000404
0.907787 -0.419431 0.000403
0.989585 -0.143784 -0.006887
0.903856 -0.427837 0.000188
0.988883 0.147799 -0.016285
0.989585 -0.143784 -0.006887
0.991049 -0.133497 0.000404
0.988883 0.147799 -0.016285
0.991049 -0.133497 0.000404
0.987499 0.157623 -0.000894
0.987499 0.157623 -0.000894
0.992108 -0.125337 0.003568
0.986024 0.166506 0.005709
0.992108 -0.125337 0.003568
0.987499 0.157623 -0.000894
0.991049 -0.133497 0.000404
0.986024 0.166506 0.005709
0.992836 -0.119469 -0.001937
0.985129 0.171817 0.000397
0.992836 -0.119469 -0.001937
0.986024 0.166506 0.005709
0.992108 -0.125337 0.003568
0.911306 -0.411729 0.001123
0.915066 -0.403299 -0.002196
0.992108 -0.125337 0.003568
0.992108 -0.125337 0.003568
0.915066 -0.403299 -0.002196
0.992836 -0.119469 -0.001937
0.750508 -0.660861 0.000159
0.756184 -0.654359 -0.000105
0.907787 -0.419431 0.000403
0.907787 -0.419431 0.000403
0.756184 -0.654359 -0.000105
0.911306 -0.411729 0.001123
0.903856 -0.427837 0.000188
0.750508 -0.660861 0.000159
0.907787 -0.419431 0.000403
0.750508 -0.660861 0.000159
0.903856 -0.427837 0.000188
0.744270 -0.667879 0.000595
0.756184 -0.654359 -0.000105
0.761494 -0.648170 -0.001254
0.911306 -0.411729 0.001123
0.911306 -0.411729 0.001123
0.761494 -0.648170 -0.001254
0.915066 -0.403299 -0.002196
0.992836 -0.119469 -0.001937
0.919658 -0.392716 -0.002016
0.993252 -0.115957 -0.002183
0.919658 -0.392716 -0.002016
0.992836 -0.119469 -0.001937
0.915066 -0.403299 -0.002196
0.761494 -0.648170 -0.001254
0.766958 -0.641697 -0.000337
0.915066 -0.403299 -0.002196
0.915066 -0.403299 -0.002196
0.766958 -0.641697 -0.000337
0.919658 -0.392716 -0.002016
0.532181 -0.846630 -0.000863
0.539621 -0.841908 -0.000300
0.750508 -0.660861 0.000159
0.750508 -0.660861 0.000159
0.539621 -0.841908 -0.000300
0.756184 -0.654359 -0.000105
0.744270 -0.667879 0.000595
0.532181 -0.846630 -0.000863
0.750508 -0.660861 0.000159
0.532181 -0.846630 -0.000863
0.744270 -0.667879 0.000595
0.525772 -0.850619 0.003261
0.539621 -0.841908 -0.000300
0.547892 -0.836549 -0.000949
0.756184 -0.654359 -0.000105
0.756184 -0.654359 -0.000105
0.547892 -0.836549 -0.000949
0.761494 -0.648170 -0.001254
0.547892 -0.836549 -0.000949
0.554387 -0.832259 -0.000320
0.761494 -0.648170 -0.001254
0.761494 -0.648170 -0.001254
0.554387 -0.832259 -0.000320
0.766958 -0.641697 -0.000337
0.561405 -0.827536 0.003005
0.766958 -0.641697 -0.000337
0.554387 -0.832259 -0.000320
0.766958 -0.641697 -0.000337
0.561405 -0.827536 0.003005
0.771670 -0.636021 0.001783
0.919658 -0.392716 -0.002016
0.771670 -0.636021 0.001783
0.922974 -0.384851 0.003023
0.771670 -0.636021 0.001783
0.919658 -0.392716 -0.002016
0.766958 -0.641697 -0.000337
0.922974 -0.384851 0.003023
0.776856 -0.629678 0.000878
0.924826 -0.380385 0.002020
0.776856 -0.629678 0.000878
0.922974 -0.384851 0.003023
0.771670 -0.636021 0.001783
0.567903 -0.823095 0.000272
0.771670 -0.636021 0.001783
0.561405 -0.827536 0.003005
0.771670 -0.636021 0.001783
0.567903 -0.823095 0.000272
0.776856 -0.629678 0.000878
0.277847 -0.960621 -0.003029
0.284668 -0.958626 0.000109
0.532181 -0.846630 -0.000863
0.532181 -0.846630 -0.000863
0.284668 -0.958626 0.000109
0.539621 -0.841908 -0.000300
0.525772 -0.850619 0.003261
0.277847 -0.960621 -0.003029
0.532181 -0.846630 -0.000863
0.277847 -0.960621 -0.003029
0.525772 -0.850619 0.003261
0.271541 -0.962424 0.002304
0.284668 -0.958626 0.000109
0.293751 -0.955881 0.001129
0.539621 -0.841908 -0.000300
0.539621 -0.841908 -0.000300
0.293751 -0.955881 0.001129
0.547892 -0.836549 -0.000949
0.293751 -0.955881 0.001129
0.303943 -0.952690 0.000014
0.547892 -0.836549 -0.000949
0.547892 -0.836549 -0.000949
0.303943 -0.952690 0.000014
0.554387 -0.832259 -0.000320
0.303943 -0.952690 0.000014
0.310355 -0.950614 0.003411
0.554387 -0.832259 -0.000320
0.554387 -0.832259 -0.000320
0.310355 -0.950614 0.003411
0.561405 -0.827536 0.003005
0.310355 -0.950614 0.003411
0.316021 -0.948752 -0.000343
0.561405 -0.827536 0.003005
0.561405 -0.827536 0.003005
0.316021 -0.948752 -0.000343
0.567903 -0.823095 0.000272
0.316021 -0.948752 -0.000343
0.323205 -0.946327 -0.001771
0.567903 -0.823095 0.000272
0.567903 -0.823095 0.000272
0.323205 -0.946327 -0.001771
0.573067 -0.819504 -0.002624
0.776856 -0.629678 0.000878
0.573067 -0.819504 -0.002624
0.781739 -0.623600 -0.002708
0.573067 -0.819504 -0.002624
0.776856 -0.629678 0.000878
0.567903 -0.823095 0.000272
0.781739 -0.623600 -0.002708
0.576606 -0.817008 -0.004805
0.785666 -0.618625 -0.005559
0.576606 -0.817008 -0.004805
0.781739 -0.623600 -0.002708
0.573067 -0.819504 -0.002624
0.329177 -0.944264 -0.002711
0.573067 -0.819504 -0.002624
0.323205 -0.946327 -0.001771
0.573067 -0.819504 -0.002624
0.329177 -0.944264 -0.002711
0.576606 -0.817008 -0.004805
0.009865 -0.999950 -0.001504
0.018338 -0.999832 -0.000552
0.277847 -0.960621 -0.003029
0.277847 -0.960621 -0.003029
0.018338 -0.999832 -0.000552
0.284668 -0.958626 0.000109
0.271541 -0.962424 0.002304
0.009865 -0.999950 -0.001504
0.277847 -0.960621 -0.003029
0.009865 -0.999950 -0.001504
0.271541 -0.962424 0.002304
-0.000183 -0.999998 0.001857
0.018338 -0.999832 -0.000552
0.019266 -0.999814 -0.000822
0.284668 -0.958626 0.000109
0.284668 -0.958626 0.000109
0.019266 -0.999814 -0.000822
0.293751 -0.955881 0.001129
0.019266 -0.999814 -0.000822
0.022995 -0.999735 0.000897
0.293751 -0.955881 0.001129
0.293751 -0.955881 0.001129
0.022995 -0.999735 0.000897
0.303943 -0.952690 0.000014
0.022995 -0.999735 0.000897
0.032788 -0.999451 0.004749
0.303943 -0.952690 0.000014
0.303943 -0.952690 0.000014
0.032788 -0.999451 0.004749
0.310355 -0.950614 0.003411
0.032788 -0.999451 0.004749
0.041778 -0.999127 -0.000556
0.310355 -0.950614 0.003411
0.310355 -0.950614 0.003411
0.041778 -0.999127 -0.000556
0.316021 -0.948752 -0.000343
0.041778 -0.999127 -0.000556
0.047450 -0.998872 -0.001969
0.316021 -0.948752 -0.000343
0.316021 -0.948752 -0.000343
0.047450 -0.998872 -0.001969
0.323205 -0.946327 -0.001771
0.047450 -0.998872 -0.001969
0.054005 -0.998540 -0.000687
0.323205 -0.946327 -0.001771
0.323205 -0.946327 -0.001771
0.054005 -0.998540 -0.000687
0.329177 -0.944264 -0.002711
-0.259165 -0.965832 0.001301
-0.253016 -0.967460 -0.002218
0.009865 -0.999950 -0.001504
0.009865 -0.999950 -0.001504
-0.253016 -0.967460 -0.002218
0.018338 -0.999832 -0.000552
-0.000183 -0.999998 0.001857
-0.259165 -0.965832 0.001301
0.009865 -0.999950 -0.001504
-0.259165 -0.965832 0.001301
-0.000183 -0.999998 0.001857
-0.265081 -0.964226 -0.000394
-0.253016 -0.967460 -0.002218
-0.251336 -0.967875 -0.006914
0.018338 -0.999832 -0.000552
0.018338 -0.999832 -0.000552
-0.251336 -0.967875 -0.006914
0.019266 -0.999814 -0.000822
-0.251336 -0.967875 -0.006914
-0.246123 -0.969233 0.003318
0.019266 -0.999814 -0.000822
0.019266 -0.999814 -0.000822
-0.246123 -0.969233 0.003318
0.022995 -0.999735 0.000897
-0.246123 -0.969233 0.003318
-0.238917 -0.971018 0.006502
0.022995 -0.999735 0.000897
0.022995 -0.999735 0.000897
-0.238917 -0.971018 0.006502
0.032788 -0.999451 0.004749
-0.238917 -0.971018 0.006502
-0.233132 -0.972445 0.000540
0.032788 -0.999451 0.004749
0.032788 -0.999451 0.004749
-0.233132 -0.972445 0.000540
0.041778 -0.999127 -0.000556
-0.509515 -0.860461 0.000772
-0.506526 -0.862213 -0.004436
-0.259165 -0.965832 0.001301
-0.259165 -0.965832 0.001301
-0.506526 -0.862213 -0.004436
-0.253016 -0.967460 -0.002218
-0.265081 -0.964226 -0.000394
-0.509515 -0.860461 0.000772
-0.259165 -0.965832 0.001301
-0.509515 -0.860461 0.000772
-0.265081 -0.964226 -0.000394
-0.514126 -0.857703 -0.004518
-0.506526 -0.862213 -0.004436
-0.500217 -0.865874 -0.006794
-0.253016 -0.967460 -0.002218
-0.253016 -0.967460 -0.002218
-0.500217 -0.865874 -0.006794
-0.251336 -0.967875 -0.006914
-0.500217 -0.865874 -0.006794
-0.491849 -0.870662 0.005728
-0.251336 -0.967875 -0.006914
-0.251336 -0.967875 -0.006914
-0.491849 -0.870662 0.005728
-0.246123 -0.969233 0.003318
-0.491849 -0.870662 0.005728
-0.492570 -0.870272 0.001067
-0.246123 -0.969233 0.003318
-0.246123 -0.969233 0.003318
-0.492570 -0.870272 0.001067
-0.238917 -0.971018 0.006502
-0.721491 -0.692421 0.001767
-0.717759 -0.696266 -0.006059
-0.509515 -0.860461 0.000772
-0.509515 -0.860461 0.000772
-0.717759 -0.696266 -0.006059
-0.506526 -0.862213 -0.004436
-0.514126 -0.857703 -0.004518
-0.721491 -0.692421 0.001767
-0.509515 -0.860461 0.000772
-0.721491 -0.692421 0.001767
-0.514126 -0.857703 -0.004518
-0.725365 -0.688360 0.002337
-0.717759 -0.696266 -0.006059
-0.712702 -0.701464 -0.001988
-0.506526 -0.862213 -0.004436
-0.506526 -0.862213 -0.004436
-0.712702 -0.701464 -0.001988
-0.500217 -0.865874 -0.006794
0.901370 0.433046 -0.001853
0.986024 0.166506 0.005709
0.896057 0.443932 0.002587
0.986024 0.166506 0.005709
0.901370 0.433046 -0.001853
0.987499 0.157623 -0.000894
0.904968 0.425337 -0.011042
0.988883 0.147799 -0.016285
0.987499 0.157623 -0.000894
0.904968 0.425337 -0.011042
0.987499 0.157623 -0.000894
0.901370 0.433046 -0.001853
0.896057 0.443932 0.002587
0.985129 0.171817 0.000397
0.890736 0.454517 0.001754
0.985129 0.171817 0.000397
0.896057 0.443932 0.002587
0.986024 0.166506 0.005709
0.890736 0.454517 0.001754
0.984280 0.176618 -0.000170
0.887735 0.460354 0.000926
0.984280 0.176618 -0.000170
0.890736 0.454517 0.001754
0.985129 0.171817 0.000397
0.992836 -0.119469 -0.001937
0.993252 -0.115957 -0.002183
0.985129 0.171817 0.000397
0.985129 0.171817 0.000397
0.993252 -0.115957 -0.002183
0.984280 0.176618 -0.000170
0.887735 0.460354 0.000926
0.983007 0.183566 -0.000873
0.884853 0.465869 0.000942
0.983007 0.183566 -0.000873
0.887735 0.460354 0.000926
0.984280 0.176618 -0.000170
0.993252 -0.115957 -0.002183
0.994309 -0.106524 0.001468
0.984280 0.176618 -0.000170
0.984280 0.176618 -0.000170
0.994309 -0.106524 0.001468
0.983007 0.183566 -0.000873
0.919658 -0.392716 -0.002016
0.922974 -0.384851 0.003023
0.993252 -0.115957 -0.002183
0.993252 -0.115957 -0.002183
0.922974 -0.384851 0.003023
0.994309 -0.106524 0.001468
0.922974 -0.384851 0.003023
0.924826 -0.380385 0.002020
0.994309 -0.106524 0.001468
0.994309 -0.106524 0.001468
0.924826 -0.380385 0.002020
0.995326 -0.096455 0.004758
0.983007 0.183566 -0.000873
0.995326 -0.096455 0.004758
0.980877 0.194611 0.002657
0.995326 -0.096455 0.004758
0.983007 0.183566 -0.000873
0.994309 -0.106524 0.001468
0.927935 -0.372715 -0.004411
0.995326 -0.096455 0.004758
0.924826 -0.380385 0.002020
0.995326 -0.096455 0.004758
0.927935 -0.372715 -0.004411
0.995944 -0.089678 -0.007293
0.980877 0.194611 0.002657
0.995944 -0.089678 -0.007293
0.978505 0.206053 -0.008370
0.995944 -0.089678 -0.007293
0.980877 0.194611 0.002657
0.995326 -0.096455 0.004758
0.927935 -0.372715 -0.004411
0.930351 -0.366564 -0.008863
0.995944 -0.089678 -0.007293
0.995944 -0.089678 -0.007293
0.930351 -0.366564 -0.008863
0.996503 -0.081228 -0.019583
0.978505 0.206053 -0.008370
0.996503 -0.081228 -0.019583
0.976669 0.213904 -0.019041
0.996503 -0.081228 -0.019583
0.978505 0.206053 -0.008370
0.995944 -0.089678 -0.007293
0.776856 -0.629678 0.000878
0.781739 -0.623600 -0.002708
0.924826 -0.380385 0.002020
0.924826 -0.380385 0.002020
0.781739 -0.623600 -0.002708
0.927935 -0.372715 -0.004411
0.785666 -0.618625 -0.005559
0.927935 -0.372715 -0.004411
0.781739 -0.623600 -0.002708
0.927935 -0.372715 -0.004411
0.785666 -0.618625 -0.005559
0.930351 -0.366564 -0.008863
-0.976590 -0.215111 0.000408
-0.882362 -0.470571 0.000216
-0.976641 -0.214726 -0.008032
-0.882362 -0.470571 0.000216
-0.976590 -0.215111 0.000408
-0.880035 -0.474897 -0.003351
-0.882877 -0.469595 0.002932
-0.976641 -0.214726 -0.008032
-0.882362 -0.470571 0.000216
-0.976641 -0.214726 -0.008032
-0.882877 -0.469595 0.002932
-0.976375 -0.215612 -0.014220
-0.725365 -0.688360 0.002337
-0.882877 -0.469595 0.002932
-0.882362 -0.470571 0.000216
-0.725365 -0.688360 0.002337
-0.882362 -0.470571 0.000216
-0.721491 -0.692421 0.001767
-0.721491 -0.692421 0.001767
-0.880035 -0.474897 -0.003351
-0.717759 -0.696266 -0.006059
-0.880035 -0.474897 -0.003351
-0.721491 -0.692421 0.001767
-0.882362 -0.470571 0.000216
-0.976590 -0.215111 0.000408
-0.975079 -0.221828 0.003674
-0.880035 -0.474897 -0.003351
-0.880035 -0.474897 -0.003351
-0.975079 -0.221828 0.003674
-0.875670 -0.482908 0.001201
-0.717759 -0.696266 -0.006059
-0.875670 -0.482908 0.001201
-0.712702 -0.701464 -0.001988
-0.875670 -0.482908 0.001201
-0.717759 -0.696266 -0.006059
-0.880035 -0.474897 -0.003351
-0.712702 -0.701464 -0.001988
-0.873176 -0.487402 0.001622
-0.709400 -0.704793 0.004179
-0.873176 -0.487402 0.001622
-0.712702 -0.701464 -0.001988
-0.875670 -0.482908 0.001201
-0.975079 -0.221828 0.003674
-0.973128 -0.230249 0.002535
-0.875670 -0.482908 0.001201
-0.875670 -0.482908 0.001201
-0.973128 -0.230249 0.002535
-0.873176 -0.487402 0.001622
-0.709400 -0.704793 0.004179
-0.870487 -0.492140 -0.007154
-0.709319 -0.704862 -0.006009
-0.870487 -0.492140 -0.007154
-0.709400 -0.704793 0.004179
-0.873176 -0.487402 0.001622
-0.973128 -0.230249 0.002535
-0.971374 -0.237491 -0.005477
-0.873176 -0.487402 0.001622
-0.873176 -0.487402 0.001622
-0.971374 -0.237491 -0.005477
-0.870487 -0.492140 -0.007154
-0.709319 -0.704862 -0.006009
-0.868588 -0.495530 -0.002259
-0.708311 -0.705899 0.001530
-0.868588 -0.495530 -0.002259
-0.709319 -0.704862 -0.006009
-0.870487 -0.492140 -0.007154
-0.971374 -0.237491 -0.005477
-0.970311 -0.241821 -0.004441
-0.870487 -0.492140 -0.007154
-0.870487 -0.492140 -0.007154
-0.970311 -0.241821 -0.004441
-0.868588 -0.495530 -0.002259
-0.708311 -0.705899 0.001530
-0.867241 -0.497823 0.008114
-0.705644 -0.708537 0.006439
-0.867241 -0.497823 0.008114
-0.708311 -0.705899 0.001530
-0.868588 -0.495530 -0.002259
-0.970311 -0.241821 -0.004441
-0.969714 -0.244189 0.005178
-0.868588 -0.495530 -0.002259
-0.868588 -0.495530 -0.002259
-0.969714 -0.244189 0.005178
-0.867241 -0.497823 0.008114
-0.705644 -0.708537 0.006439
-0.864908 -0.501837 0.009660
-0.702949 -0.711239 -0.001199
-0.864908 -0.501837 0.009660
-0.705644 -0.708537 0.006439
-0.867241 -0.497823 0.008114
-0.969714 -0.244189 0.005178
-0.968651 -0.248299 0.007960
-0.867241 -0.497823 0.008114
-0.867241 -0.497823 0.008114
-0.968651 -0.248299 0.007960
-0.864908 -0.501837 0.009660
-0.976375 -0.215612 -0.014220
-0.998120 0.059346 -0.015296
-0.976641 -0.214726 -0.008032
-0.998120 0.059346 -0.015296
-0.976375 -0.215612 -0.014220
-0.997623 0.060099 -0.033701
-0.998120 0.059346 -0.015296
-0.998386 0.056756 0.001875
-0.976641 -0.214726 -0.008032
-0.976641 -0.214726 -0.008032
-0.998386 0.056756 0.001875
-0.976590 -0.215111 0.000408
-0.998386 0.056756 0.001875
-0.998608 0.052508 0.005027
-0.976590 -0.215111 0.000408
-0.976590 -0.215111 0.000408
-0.998608 0.052508 0.005027
-0.975079 -0.221828 0.003674
-0.998608 0.052508 0.005027
-0.998850 0.047716 0.004602
-0.975079 -0.221828 0.003674
-0.975079 -0.221828 0.003674
-0.998850 0.047716 0.004602
-0.973128 -0.230249 0.002535
-0.998850 0.047716 0.004602
-0.999131 0.041561 -0.003100
-0.973128 -0.230249 0.002535
-0.973128 -0.230249 0.002535
-0.999131 0.041561 -0.003100
-0.971374 -0.237491 -0.005477
-0.999131 0.041561 -0.003100
-0.999398 0.034479 -0.003948
-0.971374 -0.237491 -0.005477
-0.971374 -0.237491 -0.005477
-0.999398 0.034479 -0.003948
-0.970311 -0.241821 -0.004441
-0.999398 0.034479 -0.003948
-0.999405 0.034020 -0.005715
-0.970311 -0.241821 -0.004441
-0.970311 -0.241821 -0.004441
-0.999405 0.034020 -0.005715
-0.969714 -0.244189 0.005178
-0.999405 0.034020 -0.005715
-0.999292 0.036324 -0.009782
-0.969714 -0.244189 0.005178
-0.969714 -0.244189 0.005178
-0.999292 0.036324 -0.009782
-0.968651 -0.248299 0.007960
-0.945427 0.325819 0.003197
-0.946060 0.323977 0.002911
-0.998386 0.056756 0.001875
-0.998386 0.056756 0.001875
-0.946060 0.323977 0.002911
-0.998608 0.052508 0.005027
-0.998120 0.059346 -0.015296
-0.945427 0.325819 0.003197
-0.998386 0.056756 0.001875
-0.945427 0.325819 0.003197
-0.998120 0.059346 -0.015296
-0.942054 0.335305 -0.010233
-0.946060 0.323977 0.002911
-0.946658 0.322199 0.005164
-0.998608 0.052508 0.005027
-0.998608 0.052508 0.005027
-0.946658 0.322199 0.005164
-0.998850 0.047716 0.004602
-0.946658 0.322199 0.005164
-0.948013 0.318227 -0.001522
-0.998850 0.047716 0.004602
-0.998850 0.047716 0.004602
-0.948013 0.318227 -0.001522
-0.999131 0.041561 -0.003100
-0.948013 0.318227 -0.001522
-0.949839 0.312730 -0.002266
-0.999131 0.041561 -0.003100
-0.999131 0.041561 -0.003100
-0.949839 0.312730 -0.002266
-0.999398 0.034479 -0.003948
-0.949839 0.312730 -0.002266
-0.951538 0.307182 -0.014668
-0.999398 0.034479 -0.003948
-0.999398 0.034479 -0.003948
-0.951538 0.307182 -0.014668
-0.999405 0.034020 -0.005715
-0.951538 0.307182 -0.014668
-0.952248 0.304395 -0.023836
-0.999405 0.034020 -0.005715
-0.999405 0.034020 -0.005715
-0.952248 0.304395 -0.023836
-0.999292 0.036324 -0.009782
-0.942054 0.335305 -0.010233
-0.815274 0.579075 0.000637
-0.945427 0.325819 0.003197
-0.815274 0.579075 0.000637
-0.942054 0.335305 -0.010233
-0.813372 0.581744 -0.000488
-0.815274 0.579075 0.000637
-0.813224 0.581947 -0.001980
-0.945427 0.325819 0.003197
-0.945427 0.325819 0.003197
-0.813224 0.581947 -0.001980
-0.946060 0.323977 0.002911
-0.813224 0.581947 -0.001980
-0.815880 0.578162 0.008292
-0.946060 0.323977 0.002911
-0.946060 0.323977 0.002911
-0.815880 0.578162 0.008292
-0.946658 0.322199 0.005164
-0.815880 0.578162 0.008292
-0.821192 0.570649 -0.001709
-0.946658 0.322199 0.005164
-0.946658 0.322199 0.005164
-0.821192 0.570649 -0.001709
-0.948013 0.318227 -0.001522
-0.821192 0.570649 -0.001709
-0.824662 0.565625 0.000696
-0.948013 0.318227 -0.001522
-0.948013 0.318227 -0.001522
-0.824662 0.565625 0.000696
-0.949839 0.312730 -0.002266
-0.824662 0.565625 0.000696
-0.829976 0.557630 -0.013734
-0.949839 0.312730 -0.002266
-0.949839 0.312730 -0.002266
-0.829976 0.557630 -0.013734
-0.951538 0.307182 -0.014668
-0.829976 0.557630 -0.013734
-0.832973 0.552453 -0.030848
-0.951538 0.307182 -0.014668
-0.951538 0.307182 -0.014668
-0.832973 0.552453 -0.030848
-0.952248 0.304395 -0.023836
-0.815274 0.579075 0.000637
-0.619920 0.784650 -0.004835
-0.813224 0.581947 -0.001980
-0.619920 0.784650 -0.004835
-0.815274 0.579075 0.000637
-0.619370 0.785071 -0.006551
-0.619920 0.784650 -0.004835
-0.623185 0.781984 0.011930
-0.813224 0.581947 -0.001980
-0.813224 0.581947 -0.001980
-0.623185 0.781984 0.011930
-0.815880 0.578162 0.008292
-0.623185 0.781984 0.011930
-0.629215 0.777232 0.000265
-0.815880 0.578162 0.008292
-0.815880 0.578162 0.008292
-0.629215 0.777232 0.000265
-0.821192 0.570649 -0.001709
-0.629215 0.777232 0.000265
-0.634358 0.773039 0.001098
-0.821192 0.570649 -0.001709
-0.821192 0.570649 -0.001709
-0.634358 0.773039 0.001098
-0.824662 0.565625 0.000696
-0.634358 0.773039 0.001098
-0.636796 0.770946 -0.011511
-0.824662 0.565625 0.000696
-0.824662 0.565625 0.000696
-0.636796 0.770946 -0.011511
-0.829976 0.557630 -0.013734
-0.636796 0.770946 -0.011511
-0.639193 0.768359 -0.032517
-0.829976 0.557630 -0.013734
-0.829976 0.557630 -0.013734
-0.639193 0.768359 -0.032517
-0.832973 0.552453 -0.030848
-0.381781 0.924195 0.010296
-0.383477 0.923549 0.001491
-0.623185 0.781984 0.011930
-0.623185 0.781984 0.011930
-0.383477 0.923549 0.001491
-0.629215 0.777232 0.000265
-0.619920 0.784650 -0.004835
-0.381781 0.924195 0.010296
-0.623185 0.781984 0.011930
-0.381781 0.924195 0.010296
-0.619920 0.784650 -0.004835
-0.377487 0.926013 -0.001686
-0.383477 0.923549 0.001491
-0.385902 0.922538 -0.001957
-0.629215 0.777232 0.000265
-0.629215 0.777232 0.000265
-0.385902 0.922538 -0.001957
-0.634358 0.773039 0.001098
-0.385902 0.922538 -0.001957
-0.389652 0.920886 -0.011809
-0.634358 0.773039 0.001098
-0.634358 0.773039 0.001098
-0.389652 0.920886 -0.011809
-0.636796 0.770946 -0.011511
-0.389652 0.920886 -0.011809
-0.392766 0.919300 -0.024933
-0.636796 0.770946 -0.011511
-0.636796 0.770946 -0.011511
-0.392766 0.919300 -0.024933
-0.639193 0.768359 -0.032517
-0.377487 0.926013 -0.001686
-0.096702 0.995298 0.005610
-0.381781 0.924195 0.010296
-0.096702 0.995298 0.005610
-0.377487 0.926013 -0.001686
-0.092985 0.995664 0.002671
-0.096702 0.995298 0.005610
-0.098402 0.995147 -0.000179
-0.381781 0.924195 0.010296
-0.381781 0.924195 0.010296
-0.098402 0.995147 -0.000179
-0.383477 0.923549 0.001491
-0.098402 0.995147 -0.000179
-0.106373 0.994326 -0.000787
-0.383477 0.923549 0.001491
-0.383477 0.923549 0.001491
-0.106373 0.994326 -0.000787
-0.385902 0.922538 -0.001957
-0.106373 0.994326 -0.000787
-0.115332 0.993259 -0.011645
-0.385902 0.922538 -0.001957
-0.385902 0.922538 -0.001957
-0.115332 0.993259 -0.011645
-0.389652 0.920886 -0.011809
-0.115332 0.993259 -0.011645
-0.119177 0.992636 -0.021696
-0.389652 0.920886 -0.011809
-0.389652 0.920886 -0.011809
-0.119177 0.992636 -0.021696
-0.392766 0.919300 -0.024933
0.196709 0.980461 0.001032
0.186786 0.982396 0.003031
-0.098402 0.995147 -0.000179
-0.098402 0.995147 -0.000179
0.186786 0.982396 0.003031
-0.106373 0.994326 -0.000787
-0.096702 0.995298 0.005610
0.196709 0.980461 0.001032
-0.098402 0.995147 -0.000179
0.196709 0.980461 0.001032
-0.096702 0.995298 0.005610
0.201279 0.979534 -0.000083
0.186786 0.982396 0.003031
0.179883 0.983608 -0.012514
-0.106373 0.994326 -0.000787
-0.106373 0.994326 -0.000787
0.179883 0.983608 -0.012514
-0.115332 0.993259 -0.011645
0.179883 0.983608 -0.012514
0.177028 0.983983 -0.020957
-0.115332 0.993259 -0.011645
-0.115332 0.993259 -0.011645
0.177028 0.983983 -0.020957
-0.119177 0.992636 -0.021696
0.464405 0.885623 -0.000358
0.462492 0.886519 -0.013601
0.186786 0.982396 0.003031
0.186786 0.982396 0.003031
0.462492 0.886519 -0.013601
0.179883 0.983608 -0.012514
0.196709 0.980461 0.001032
0.464405 0.885623 -0.000358
0.186786 0.982396 0.003031
0.464405 0.885623 -0.000358
0.196709 0.980461 0.001032
0.467610 0.883929 0.003205
0.462492 0.886519 -0.013601
0.460288 0.887719 -0.009413
0.179883 0.983608 -0.012514
0.179883 0.983608 -0.012514
0.460288 0.887719 -0.009413
0.177028 0.983983 -0.020957
0.467610 0.883929 0.003205
0.700245 0.713872 -0.006551
0.464405 0.885623 -0.000358
0.700245 0.713872 -0.006551
0.467610 0.883929 0.003205
0.704209 0.709987 0.002860
0.700245 0.713872 -0.006551
0.696537 0.717409 -0.012641
0.464405 0.885623 -0.000358
0.464405 0.885623 -0.000358
0.696537 0.717409 -0.012641
0.462492 0.886519 -0.013601
0.696537 0.717409 -0.012641
0.693385 0.720567 0.000725
0.462492 0.886519 -0.013601
0.462492 0.886519 -0.013601
0.693385 0.720567 0.000725
0.460288 0.887719 -0.009413
0.874581 0.484777 -0.009964
0.870838 0.491547 -0.004660
0.696537 0.717409 -0.012641
0.696537 0.717409 -0.012641
0.870838 0.491547 -0.004660
0.693385 0.720567 0.000725
0.700245 0.713872 -0.006551
0.874581 0.484777 -0.009964
0.696537 0.717409 -0.012641
0.874581 0.484777 -0.009964
0.700245 0.713872 -0.006551
0.880803 0.473460 -0.004699
-0.997623 0.060099 -0.033701
-0.942054 0.335305 -0.010233
-0.998120 0.059346 -0.015296
-0.942054 0.335305 -0.010233
-0.997623 0.060099 -0.033701
-0.938869 0.342414 -0.035745
-0.938869 0.342414 -0.035745
-0.813372 0.581744 -0.000488
-0.942054 0.335305 -0.010233
-0.813372 0.581744 -0.000488
-0.938869 0.342414 -0.035745
-0.810295 0.585555 -0.023420
-0.619904 0.784675 0.001822
-0.815274 0.579075 0.000637
-0.813372 0.581744 -0.000488
-0.815274 0.579075 0.000637
-0.619904 0.784675 0.001822
-0.619370 0.785071 -0.006551
-0.810295 0.585555 -0.023420
-0.619904 0.784675 0.001822
-0.813372 0.581744 -0.000488
-0.619904 0.784675 0.001822
-0.810295 0.585555 -0.023420
-0.618430 0.785792 -0.008664
-0.366129 0.930564 -0.000405
-0.369316 0.929251 -0.009951
-0.619904 0.784675 0.001822
-0.619904 0.784675 0.001822
-0.369316 0.929251 -0.009951
-0.619370 0.785071 -0.006551
-0.618430 0.785792 -0.008664
-0.366129 0.930564 -0.000405
-0.619904 0.784675 0.001822
-0.366129 0.930564 -0.000405
-0.618430 0.785792 -0.008664
-0.363215 0.931700 0.003199
-0.369316 0.929251 -0.009951
-0.619920 0.784650 -0.004835
-0.619370 0.785071 -0.006551
-0.619920 0.784650 -0.004835
-0.369316 0.929251 -0.009951
-0.377487 0.926013 -0.001686
-0.083701 0.996476 -0.005408
-0.366129 0.930564 -0.000405
-0.074198 0.997241 -0.002195
-0.366129 0.930564 -0.000405
-0.083701 0.996476 -0.005408
-0.369316 0.929251 -0.009951
-0.363215 0.931700 0.003199
-0.074198 0.997241 -0.002195
-0.366129 0.930564 -0.000405
-0.074198 0.997241 -0.002195
-0.363215 0.931700 0.003199
-0.069129 0.997608 -0.000210
-0.092985 0.995664 0.002671
-0.369316 0.929251 -0.009951
-0.083701 0.996476 -0.005408
-0.369316 0.929251 -0.009951
-0.092985 0.995664 0.002671
-0.377487 0.926013 -0.001686
0.217896 0.975969 -0.002243
0.208408 0.978040 0.001853
-0.074198 0.997241 -0.002195
-0.074198 0.997241 -0.002195
0.208408 0.978040 0.001853
-0.083701 0.996476 -0.005408
-0.069129 0.997608 -0.000210
0.217896 0.975969 -0.002243
-0.074198 0.997241 -0.002195
0.217896 0.975969 -0.002243
-0.069129 0.997608 -0.000210
0.223682 0.974589 -0.011936
0.208408 0.978040 0.001853
0.202100 0.979362 0.002457
-0.083701 0.996476 -0.005408
-0.083701 0.996476 -0.005408
0.202100 0.979362 0.002457
-0.092985 0.995664 0.002671
0.202100 0.979362 0.002457
0.201279 0.979534 -0.000083
-0.092985 0.995664 0.002671
-0.092985 0.995664 0.002671
0.201279 0.979534 -0.000083
-0.096702 0.995298 0.005610
0.489570 0.871962 -0.001846
0.487045 0.873376 0.001169
0.217896 0.975969 -0.002243
0.217896 0.975969 -0.002243
0.487045 0.873376 0.001169
0.208408 0.978040 0.001853
0.223682 0.974589 -0.011936
0.489570 0.871962 -0.001846
0.217896 0.975969 -0.002243
0.489570 0.871962 -0.001846
0.223682 0.974589 -0.011936
0.494631 0.869059 -0.008751
0.487045 0.873376 0.001169
0.483260 0.875475 0.001857
0.208408 0.978040 0.001853
0.208408 0.978040 0.001853
0.483260 0.875475 0.001857
0.202100 0.979362 0.002457
0.483260 0.875475 0.001857
0.475125 0.879916 -0.002099
0.202100 0.979362 0.002457
0.202100 0.979362 0.002457
0.475125 0.879916 -0.002099
0.201279 0.979534 -0.000083
0.475125 0.879916 -0.002099
0.467610 0.883929 0.003205
0.201279 0.979534 -0.000083
0.201279 0.979534 -0.000083
0.467610 0.883929 0.003205
0.196709 0.980461 0.001032
0.728783 0.684743 -0.001576
0.721905 0.691989 -0.001873
0.489570 0.871962 -0.001846
0.489570 0.871962 -0.001846
0.721905 0.691989 -0.001873
0.487045 0.873376 0.001169
0.494631 0.869059 -0.008751
0.728783 0.684743 -0.001576
0.489570 0.871962 -0.001846
0.728783 0.684743 -0.001576
0.494631 0.869059 -0.008751
0.733349 0.679849 -0.001974
0.721905 0.691989 -0.001873
0.716042 0.698053 0.002439
0.487045 0.873376 0.001169
0.487045 0.873376 0.001169
0.716042 0.698053 0.002439
0.483260 0.875475 0.001857
0.716042 0.698053 0.002439
0.709952 0.704250 0.000231
0.483260 0.875475 0.001857
0.483260 0.875475 0.001857
0.709952 0.704250 0.000231
0.475125 0.879916 -0.002099
0.709952 0.704250 0.000231
0.704209 0.709987 0.002860
0.475125 0.879916 -0.002099
0.475125 0.879916 -0.002099
0.704209 0.709987 0.002860
0.467610 0.883929 0.003205
0.901370 0.433046 -0.001853
0.896057 0.443932 0.002587
0.728783 0.684743 -0.001576
0.728783 0.684743 -0.001576
0.896057 0.443932 0.002587
0.721905 0.691989 -0.001873
0.733349 0.679849 -0.001974
0.901370 0.433046 -0.001853
0.728783 0.684743 -0.001576
0.901370 0.433046 -0.001853
0.733349 0.679849 -0.001974
0.904968 0.425337 -0.011042
0.896057 0.443932 0.002587
0.890736 0.454517 0.001754
0.721905 0.691989 -0.001873
0.721905 0.691989 -0.001873
0.890736 0.454517 0.001754
0.716042 0.698053 0.002439
0.890736 0.454517 0.001754
0.887735 0.460354 0.000926
0.716042 0.698053 0.002439
0.716042 0.698053 0.002439
0.887735 0.460354 0.000926
0.709952 0.704250 0.000231
0.887735 0.460354 0.000926
0.884853 0.465869 0.000942
0.709952 0.704250 0.000231
0.709952 0.704250 0.000231
0.884853 0.465869 0.000942
0.704209 0.709987 0.002860
0.884853 0.465869 0.000942
0.880803 0.473460 -0.004699
0.704209 0.709987 0.002860
0.704209 0.709987 0.002860
0.880803 0.473460 -0.004699
0.700245 0.713872 -0.006551
0.983007 0.183566 -0.000873
0.980877 0.194611 0.002657
0.884853 0.465869 0.000942
0.884853 0.465869 0.000942
0.980877 0.194611 0.002657
0.880803 0.473460 -0.004699
0.980877 0.194611 0.002657
0.978505 0.206053 -0.008370
0.880803 0.473460 -0.004699
0.880803 0.473460 -0.004699
0.978505 0.206053 -0.008370
0.874581 0.484777 -0.009964
0.978505 0.206053 -0.008370
0.976669 0.213904 -0.019041
0.874581 0.484777 -0.009964
0.874581 0.484777 -0.009964
0.976669 0.213904 -0.019041
0.870838 0.491547 -0.004660
-0.015020 0.464533 0.885428
-0.165551 0.481379 0.860736
-0.023974 0.222186 0.974710
-0.165551 0.481379 0.860736
-0.106965 0.241374 0.964519
-0.023974 0.222186 0.974710
-0.197151 0.257563 0.945935
-0.165551 0.481379 0.860736
-0.319933 0.450487 0.833489
-0.165551 0.481379 0.860736
-0.197151 0.257563 0.945935
-0.106965 0.241374 0.964519
-0.165551 0.481379 0.860736
-0.468022 0.666057 0.580795
-0.319933 0.450487 0.833489
-0.468022 0.666057 0.580795
-0.165551 0.481379 0.860736
-0.252634 0.750546 0.610620
-0.252634 0.750546 0.610620
-0.015020 0.464533 0.885428
-0.012215 0.769321 0.638745
-0.015020 0.464533 0.885428
-0.252634 0.750546 0.610620
-0.165551 0.481379 0.860736
-0.012215 0.769321 0.638745
-0.014225 0.947576 0.319213
-0.252634 0.750546 0.610620
-0.252634 0.750546 0.610620
-0.014225 0.947576 0.319213
-0.301098 0.901653 0.310421
-0.301098 0.901653 0.310421
-0.468022 0.666057 0.580795
-0.252634 0.750546 0.610620
-0.468022 0.666057 0.580795
-0.301098 0.901653 0.310421
-0.554151 0.777951 0.296156
-0.014225 0.947576 0.319213
-0.020456 0.993586 0.111216
-0.301098 0.901653 0.310421
-0.301098 0.901653 0.310421
-0.020456 0.993586 0.111216
-0.315665 0.943140 0.104128
-0.554151 0.777951 0.296156
-0.315665 0.943140 0.104128
-0.579273 0.808880 0.100781
-0.315665 0.943140 0.104128
-0.554151 0.777951 0.296156
-0.301098 0.901653 0.310421
-0.020456 0.993586 0.111216
-0.027227 0.998795 0.040836
-0.315665 0.943140 0.104128
-0.315665 0.943140 0.104128
-0.027227 0.998795 0.040836
-0.321001 0.946258 0.039428
-0.579273 0.808880 0.100781
-0.321001 0.946258 0.039428
-0.582785 0.811868 0.035088
-0.321001 0.946258 0.039428
-0.579273 0.808880 0.100781
-0.315665 0.943140 0.104128
0.220569 0.726179 0.651163
-0.014225 0.947576 0.319213
-0.012215 0.769321 0.638745
-0.014225 0.947576 0.319213
0.220569 0.726179 0.651163
0.267727 0.907372 0.324035
0.220569 0.726179 0.651163
-0.012215 0.769321 0.638745
0.129430 0.425824 0.895501
-0.012215 0.769321 0.638745
-0.015020 0.464533 0.885428
0.129430 0.425824 0.895501
0.267727 0.907372 0.324035
0.276664 0.954358 0.112504
-0.014225 0.947576 0.319213
-0.014225 0.947576 0.319213
0.276664 0.954358 0.112504
-0.020456 0.993586 0.111216
0.276664 0.954358 0.112504
0.272696 0.961203 0.041544
-0.020456 0.993586 0.111216
-0.020456 0.993586 0.111216
0.272696 0.961203 0.041544
-0.027227 0.998795 0.040836
0.525863 0.787029 0.322574
0.276664 0.954358 0.112504
0.267727 0.907372 0.324035
0.276664 0.954358 0.112504
0.525863 0.787029 0.322574
0.551408 0.828484 0.097792
0.428712 0.622695 0.654566
0.267727 0.907372 0.324035
0.220569 0.726179 0.651163
0.267727 0.907372 0.324035
0.428712 0.622695 0.654566
0.525863 0.787029 0.322574
0.551171 0.833710 0.033753
0.276664 0.954358 0.112504
0.551408 0.828484 0.097792
0.276664 0.954358 0.112504
0.551171 0.833710 0.033753
0.272696 0.961203 0.041544
0.617756 0.455729 0.640850
0.525863 0.787029 0.322574
0.428712 0.622695 0.654566
0.525863 0.787029 0.322574
0.617756 0.455729 0.640850
0.753922 0.576848 0.314401
0.753922 0.576848 0.314401
0.551408 0.828484 0.097792
0.525863 0.787029 0.322574
0.551408 0.828484 0.097792
0.753922 0.576848 0.314401
0.784243 0.614704 0.084273
0.779598 0.625930 0.020932
0.551408 0.828484 0.097792
0.784243 0.614704 0.084273
0.551408 0.828484 0.097792
0.779598 0.625930 0.020932
0.551171 0.833710 0.033753
0.937151 0.348096 0.024046
0.784243 0.614704 0.084273
0.939500 0.331234 0.087309
0.784243 0.614704 0.084273
0.937151 0.348096 0.024046
0.779598 0.625930 0.020932
0.753922 0.576848 0.314401
0.939500 0.331234 0.087309
0.784243 0.614704 0.084273
0.939500 0.331234 0.087309
0.753922 0.576848 0.314401
0.903695 0.303280 0.302251
-0.321758 0.022753 0.946548
-0.188042 -0.041652 0.981277
-0.155796 0.011655 0.987721
-0.188042 -0.041652 0.981277
-0.321758 0.022753 0.946548
-0.364275 -0.069780 0.928674
-0.155796 0.011655 0.987721
-0.094617 -0.044064 0.994538
-0.065938 -0.000275 0.997824
-0.094617 -0.044064 0.994538
-0.155796 0.011655 0.987721
-0.188042 -0.041652 0.981277
-0.094617 -0.044064 0.994538
-0.219728 -0.116291 0.968605
-0.162877 -0.133970 0.977509
-0.219728 -0.116291 0.968605
-0.094617 -0.044064 0.994538
-0.188042 -0.041652 0.981277
-0.272388 0.103737 0.956579
-0.155796 0.011655 0.987721
-0.127086 0.061569 0.989979
-0.155796 0.011655 0.987721
-0.272388 0.103737 0.956579
-0.321758 0.022753 0.946548
-0.127086 0.061569 0.989979
-0.065938 -0.000275 0.997824
-0.048731 0.034654 0.998211
-0.065938 -0.000275 0.997824
-0.127086 0.061569 0.989979
-0.155796 0.011655 0.987721
-0.228094 0.184162 0.956064
-0.127086 0.061569 0.989979
-0.109995 0.124073 0.986158
-0.127086 0.061569 0.989979
-0.228094 0.184162 0.956064
-0.272388 0.103737 0.956579
-0.197151 0.257563 0.945935
-0.109995 0.124073 0.986158
-0.106965 0.241374 0.964519
-0.109995 0.124073 0.986158
-0.197151 0.257563 0.945935
-0.228094 0.184162 0.956064
-0.065938 -0.000275 0.997824
-0.049408 -0.049561 0.997548
-0.023018 -0.008280 0.999701
-0.049408 -0.049561 0.997548
-0.065938 -0.000275 0.997824
-0.094617 -0.044064 0.994538
-0.109334 -0.137953 0.984386
-0.049408 -0.049561 0.997548
-0.094617 -0.044064 0.994538
-0.109334 -0.137953 0.984386
-0.094617 -0.044064 0.994538
-0.162877 -0.133970 0.977509
-0.023018 -0.008280 0.999701
-0.020278 -0.057871 0.998118
-0.001198 -0.011643 0.999932
-0.020278 -0.057871 0.998118
-0.023018 -0.008280 0.999701
-0.049408 -0.049561 0.997548
-0.055517 -0.140813 0.988478
-0.020278 -0.057871 0.998118
-0.049408 -0.049561 0.997548
-0.049408 -0.049561 0.997548
-0.109334 -0.137953 0.984386
-0.055517 -0.140813 0.988478
-0.014324 -0.145227 0.989295
0.002900 -0.070408 0.997514
-0.020278 -0.057871 0.998118
-0.020278 -0.057871 0.998118
-0.055517 -0.140813 0.988478
-0.014324 -0.145227 0.989295
-0.529678 0.190870 0.826445
-0.321758 0.022753 0.946548
-0.272388 0.103737 0.956579
-0.321758 0.022753 0.946548
-0.529678 0.190870 0.826445
-0.594689 0.043354 0.802786
-0.434539 0.335560 0.835808
-0.272388 0.103737 0.956579
-0.228094 0.184162 0.956064
-0.272388 0.103737 0.956579
-0.434539 0.335560 0.835808
-0.529678 0.190870 0.826445
-0.529678 0.190870 0.826445
-0.434539 0.335560 0.835808
-0.651492 0.509228 0.562357
-0.529678 0.190870 0.826445
-0.651492 0.509228 0.562357
-0.781714 0.295317 0.549282
-0.197151 0.257563 0.945935
-0.434539 0.335560 0.835808
-0.228094 0.184162 0.956064
-0.434539 0.335560 0.835808
-0.197151 0.257563 0.945935
-0.319933 0.450487 0.833489
-0.319933 0.450487 0.833489
-0.651492 0.509228 0.562357
-0.434539 0.335560 0.835808
-0.651492 0.509228 0.562357
-0.319933 0.450487 0.833489
-0.468022 0.666057 0.580795
-0.468022 0.666057 0.580795
-0.554151 0.777951 0.296156
-0.651492 0.509228 0.562357
-0.651492 0.509228 0.562357
-0.554151 0.777951 0.296156
-0.755653 0.593339 0.277377
0.000000 0.000000 -1.000000
0.000531 0.001161 -0.999999
0.000233 0.000811 -1.000000
0.000000 0.000000 -1.000000
0.000233 0.000811 -1.000000
0.000000 0.000000 -1.000000
0.000000 0.000000 -1.000000
0.000081 0.000305 -1.000000
0.000000 0.000000 -1.000000
0.000081 0.000305 -1.000000
0.000000 0.000000 -1.000000
0.000233 0.000811 -1.000000
0.000461 0.001603 -0.999999
0.000081 0.000305 -1.000000
0.000233 0.000811 -1.000000
0.000081 0.000305 -1.000000
0.000461 0.001603 -0.999999
0.000120 0.000452 -1.000000
0.000531 0.001161 -0.999999
0.000461 0.001603 -0.999999
0.000233 0.000811 -1.000000
0.000461 0.001603 -0.999999
0.000531 0.001161 -0.999999
0.001028 0.002189 -0.999997
0.000511 0.001239 -0.999999
0.001028 0.002189 -0.999997
0.000531 0.001161 -0.999999
0.001028 0.002189 -0.999997
0.000511 0.001239 -0.999999
0.000948 0.002313 -0.999997
0.000000 0.000000 -1.000000
0.000511 0.001239 -0.999999
0.000531 0.001161 -0.999999
0.000000 0.000000 -1.000000
0.000531 0.001161 -0.999999
0.000000 0.000000 -1.000000
-0.000000 -0.000000 -1.000000
-0.000001 -0.000000 -1.000000
-0.000000 0.000000 -1.000000
-0.000000 0.000000 -1.000000
-0.000001 -0.000000 -1.000000
-0.000000 0.000001 -1.000000
0.000000 0.000000 -1.000000
-0.000000 0.000000 -1.000000
0.000000 0.000000 -1.000000
-0.000000 0.000000 -1.000000
0.000000 0.000000 -1.000000
-0.000000 -0.000000 -1.000000
0.000000 0.000000 -1.000000
-0.000001 0.000001 -1.000000
-0.000001 0.000000 -1.000000
-0.000001 0.000001 -1.000000
0.000000 0.000000 -1.000000
-0.000000 0.000000 -1.000000
-0.000000 0.000001 -1.000000
-0.000001 0.000001 -1.000000
-0.000000 0.000000 -1.000000
-0.000001 0.000001 -1.000000
-0.000000 0.000001 -1.000000
-0.000001 0.000001 -1.000000
-0.000011 0.000037 -1.000000
-0.000001 -0.000000 -1.000000
-0.000000 -0.000000 -1.000000
-0.000001 -0.000000 -1.000000
-0.000011 0.000037 -1.000000
-0.000001 -0.000000 -1.000000
-0.000019 0.000071 -1.000000
-0.000000 -0.000000 -1.000000
0.000000 0.000000 -1.000000
-0.000000 -0.000000 -1.000000
-0.000019 0.000071 -1.000000
-0.000011 0.000037 -1.000000
-0.000019 0.000071 -1.000000
0.000005 0.000523 -1.000000
-0.000011 0.000037 -1.000000
0.000005 0.000523 -1.000000
-0.000019 0.000071 -1.000000
0.000147 0.000815 -1.000000
0.000005 0.000523 -1.000000
-0.000001 -0.000000 -1.000000
-0.000011 0.000037 -1.000000
-0.000001 -0.000000 -1.000000
0.000005 0.000523 -1.000000
-0.000077 0.000133 -1.000000
-0.000139 0.001505 -0.999999
-0.000077 0.000133 -1.000000
0.000005 0.000523 -1.000000
-0.000077 0.000133 -1.000000
-0.000139 0.001505 -0.999999
-0.000186 0.001438 -0.999999
-0.000001 -0.000000 -1.000000
-0.000077 0.000133 -1.000000
-0.000000 -0.000000 -1.000000
-0.000077 0.000133 -1.000000
0.000000 0.000000 -1.000000
-0.000000 -0.000000 -1.000000
-0.000186 0.001438 -0.999999
0.000000 0.000000 -1.000000
-0.000077 0.000133 -1.000000
0.000000 0.000000 -1.000000
-0.000186 0.001438 -0.999999
0.000135 0.001346 -0.999999
-0.000200 0.002596 -0.999997
0.000135 0.001346 -0.999999
-0.000186 0.001438 -0.999999
0.000135 0.001346 -0.999999
-0.000200 0.002596 -0.999997
0.000297 0.002520 -0.999997
-0.000139 0.001505 -0.999999
-0.000200 0.002596 -0.999997
-0.000186 0.001438 -0.999999
-0.000200 0.002596 -0.999997
-0.000139 0.001505 -0.999999
-0.000075 0.002044 -0.999998
0.000297 0.002520 -0.999997
0.000511 0.001239 -0.999999
0.000135 0.001346 -0.999999
0.000511 0.001239 -0.999999
0.000297 0.002520 -0.999997
0.000948 0.002313 -0.999997
0.000000 0.000000 -1.000000
0.000135 0.001346 -0.999999
0.000000 0.000000 -1.000000
0.000135 0.001346 -0.999999
0.000511 0.001239 -0.999999
0.000000 0.000000 -1.000000
0.000000 0.000000 -1.000000
0.000000 0.000000 -1.000000
0.000000 0.000000 -1.000000
0.000000 0.000000 -1.000000
0.000000 0.000000 -1.000000
0.000000 0.000000 -1.000000
0.000000 0.000000 -1.000000
0.000000 0.000000 -1.000000
0.000000 0.000000 -1.000000
0.000000 0.000000 -1.000000
0.000000 0.000000 -1.000000
0.000000 0.000000 -1.000000
0.000000 0.000000 -1.000000
0.000000 0.000000 -1.000000
0.000000 0.000000 -1.000000
0.000000 0.000000 -1.000000
0.000000 0.000000 -1.000000
0.000000 0.000000 -1.000000
0.000000 0.000000 -1.000000
0.000000 0.000000 -1.000000
-0.000000 -0.000000 -1.000000
0.000000 0.000000 -1.000000
0.000000 0.000000 -1.000000
0.000000 0.000000 -1.000000
0.000000 0.000000 -1.000000
0.000003 -0.000010 -1.000000
0.000000 0.000000 -1.000000
0.000003 -0.000010 -1.000000
0.000000 0.000000 -1.000000
0.000000 0.000000 -1.000000
0.000003 -0.000010 -1.000000
0.000000 0.000000 -1.000000
0.000041 -0.000477 -1.000000
0.000000 0.000000 -1.000000
0.000000 0.000000 -1.000000
0.000041 -0.000477 -1.000000
0.000000 0.000000 -1.000000
0.000000 0.000000 -1.000000
-0.000000 -0.000000 -1.000000
0.000000 0.000000 -1.000000
0.000000 0.000000 -1.000000
0.000000 0.000000 -1.000000
-0.000000 -0.000000 -1.000000
-0.000000 -0.000000 -1.000000
-0.000001 -0.000000 -1.000000
-0.000000 -0.000000 -1.000000
-0.000000 -0.000000 -1.000000
0.000000 0.000000 -1.000000
-0.000001 -0.000000 -1.000000
-0.000001 -0.000000 -1.000000
-0.000001 -0.000000 -1.000000
-0.000001 -0.000000 -1.000000
-0.000001 -0.000000 -1.000000
-0.000000 -0.000000 -1.000000
0.000000 0.000000 -1.000000
0.000080 -0.000253 -1.000000
0.000014 -0.000027 -1.000000
0.000080 -0.000253 -1.000000
0.000000 0.000000 -1.000000
0.000003 -0.000010 -1.000000
0.000080 -0.000253 -1.000000
0.000003 -0.000010 -1.000000
0.000335 -0.001384 -0.999999
0.000003 -0.000010 -1.000000
0.000041 -0.000477 -1.000000
0.000335 -0.001384 -0.999999
-0.000000 -0.000000 -1.000000
0.000014 -0.000027 -1.000000
-0.000001 0.000000 -1.000000
0.000014 -0.000027 -1.000000
-0.000000 -0.000000 -1.000000
0.000000 0.000000 -1.000000
0.000014 -0.000027 -1.000000
0.000260 -0.001696 -0.999999
0.000039 -0.001188 -0.999999
0.000260 -0.001696 -0.999999
0.000014 -0.000027 -1.000000
0.000080 -0.000253 -1.000000
0.000260 -0.001696 -0.999999
0.000080 -0.000253 -1.000000
0.000692 -0.002302 -0.999997
0.000080 -0.000253 -1.000000
0.000335 -0.001384 -0.999999
0.000692 -0.002302 -0.999997
-0.000001 0.000000 -1.000000
0.000039 -0.001188 -0.999999
0.000103 -0.000652 -1.000000
0.000039 -0.001188 -0.999999
-0.000001 0.000000 -1.000000
0.000014 -0.000027 -1.000000
-0.000001 0.000001 -1.000000
-0.000000 -0.000000 -1.000000
-0.000001 0.000000 -1.000000
-0.000000 -0.000000 -1.000000
-0.000001 0.000001 -1.000000
-0.000001 -0.000000 -1.000000
0.000057 -0.000177 -1.000000
-0.000001 0.000001 -1.000000
-0.000001 0.000000 -1.000000
0.000057 -0.000177 -1.000000
-0.000001 0.000000 -1.000000
0.000103 -0.000652 -1.000000
-0.000000 0.000001 -1.000000
-0.000001 -0.000000 -1.000000
-0.000001 0.000001 -1.000000
-0.000001 -0.000000 -1.000000
-0.000000 0.000001 -1.000000
-0.000001 -0.000000 -1.000000
-0.000001 0.000001 -1.000000
-0.000000 0.000001 -1.000000
-0.000001 0.000001 -1.000000
-0.000001 0.000001 -1.000000
0.000057 -0.000177 -1.000000
-0.000001 0.000001 -1.000000
-0.233132 -0.972445 0.000540
-0.225358 -0.974274 -0.002173
0.041778 -0.999127 -0.000556
0.041778 -0.999127 -0.000556
-0.225358 -0.974274 -0.002173
0.047450 -0.998872 -0.001969
-0.225358 -0.974274 -0.002173
-0.220908 -0.975280 -0.005397
0.047450 -0.998872 -0.001969
0.047450 -0.998872 -0.001969
-0.220908 -0.975280 -0.005397
0.054005 -0.998540 -0.000687
-0.492570 -0.870272 0.001067
-0.492554 -0.870278 0.002494
-0.238917 -0.971018 0.006502
-0.238917 -0.971018 0.006502
-0.492554 -0.870278 0.002494
-0.233132 -0.972445 0.000540
-0.492554 -0.870278 0.002494
-0.484963 -0.874533 0.001954
-0.233132 -0.972445 0.000540
-0.233132 -0.972445 0.000540
-0.484963 -0.874533 0.001954
-0.225358 -0.974274 -0.002173
-0.484963 -0.874533 0.001954
-0.477249 -0.878720 -0.009152
-0.225358 -0.974274 -0.002173
-0.225358 -0.974274 -0.002173
-0.477249 -0.878720 -0.009152
-0.220908 -0.975280 -0.005397
-0.712702 -0.701464 -0.001988
-0.709400 -0.704793 0.004179
-0.500217 -0.865874 -0.006794
-0.500217 -0.865874 -0.006794
-0.709400 -0.704793 0.004179
-0.491849 -0.870662 0.005728
-0.709400 -0.704793 0.004179
-0.709319 -0.704862 -0.006009
-0.491849 -0.870662 0.005728
-0.491849 -0.870662 0.005728
-0.709319 -0.704862 -0.006009
-0.492570 -0.870272 0.001067
-0.709319 -0.704862 -0.006009
-0.708311 -0.705899 0.001530
-0.492570 -0.870272 0.001067
-0.492570 -0.870272 0.001067
-0.708311 -0.705899 0.001530
-0.492554 -0.870278 0.002494
-0.708311 -0.705899 0.001530
-0.705644 -0.708537 0.006439
-0.492554 -0.870278 0.002494
-0.492554 -0.870278 0.002494
-0.705644 -0.708537 0.006439
-0.484963 -0.874533 0.001954
-0.705644 -0.708537 0.006439
-0.702949 -0.711239 -0.001199
-0.484963 -0.874533 0.001954
-0.484963 -0.874533 0.001954
-0.702949 -0.711239 -0.001199
-0.477249 -0.878720 -0.009152
-0.675715 -0.737161 0.001705
-0.428987 -0.903309 0.001577
-0.437672 -0.899022 0.014284
-0.675715 -0.737161 0.001705
-0.437672 -0.899022 0.014284
-0.681187 -0.731954 0.015108
-0.681187 -0.731954 0.015108
-0.444848 -0.895556 0.009497
-0.685609 -0.727869 0.012123
-0.444848 -0.895556 0.009497
-0.681187 -0.731954 0.015108
-0.437672 -0.899022 0.014284
-0.421507 -0.906809 -0.005344
-0.428987 -0.903309 0.001577
-0.667771 -0.744351 -0.004867
-0.667771 -0.744351 -0.004867
-0.428987 -0.903309 0.001577
-0.675715 -0.737161 0.001705
-0.861741 -0.507339 0.002990
-0.675715 -0.737161 0.001705
-0.681187 -0.731954 0.015108
-0.861741 -0.507339 0.002990
-0.681187 -0.731954 0.015108
-0.865149 -0.501358 0.012550
-0.865149 -0.501358 0.012550
-0.685609 -0.727869 0.012123
-0.867276 -0.497671 0.012447
-0.685609 -0.727869 0.012123
-0.865149 -0.501358 0.012550
-0.681187 -0.731954 0.015108
-0.667771 -0.744351 -0.004867
-0.675715 -0.737161 0.001705
-0.855353 -0.518041 -0.002403
-0.855353 -0.518041 -0.002403
-0.675715 -0.737161 0.001705
-0.861741 -0.507339 0.002990
-0.660739 -0.750598 0.005119
-0.667771 -0.744351 -0.004867
-0.851059 -0.525065 0.002142
-0.851059 -0.525065 0.002142
-0.667771 -0.744351 -0.004867
-0.855353 -0.518041 -0.002403
-0.655809 -0.754926 -0.000846
-0.660739 -0.750598 0.005119
-0.848245 -0.529602 -0.001699
-0.848245 -0.529602 -0.001699
-0.660739 -0.750598 0.005119
-0.851059 -0.525065 0.002142
-0.649174 -0.760640 -0.000835
-0.655809 -0.754926 -0.000846
-0.843221 -0.537567 0.000272
-0.843221 -0.537567 0.000272
-0.655809 -0.754926 -0.000846
-0.848245 -0.529602 -0.001699
-0.972808 -0.231570 0.004554
-0.861741 -0.507339 0.002990
-0.865149 -0.501358 0.012550
-0.972808 -0.231570 0.004554
-0.865149 -0.501358 0.012550
-0.974403 -0.224605 0.009511
-0.974403 -0.224605 0.009511
-0.867276 -0.497671 0.012447
-0.975564 -0.219220 0.014730
-0.867276 -0.497671 0.012447
-0.974403 -0.224605 0.009511
-0.865149 -0.501358 0.012550
-0.969805 -0.243878 0.001266
-0.855353 -0.518041 -0.002403
-0.861741 -0.507339 0.002990
-0.969805 -0.243878 0.001266
-0.861741 -0.507339 0.002990
-0.972808 -0.231570 0.004554
-0.851059 -0.525065 0.002142
-0.855353 -0.518041 -0.002403
-0.967533 -0.252744 -0.000738
-0.967533 -0.252744 -0.000738
-0.855353 -0.518041 -0.002403
-0.969805 -0.243878 0.001266
-0.848245 -0.529602 -0.001699
-0.851059 -0.525065 0.002142
-0.966026 -0.258441 -0.001569
-0.966026 -0.258441 -0.001569
-0.851059 -0.525065 0.002142
-0.967533 -0.252744 -0.000738
-0.843221 -0.537567 0.000272
-0.848245 -0.529602 -0.001699
-0.964306 -0.264788 0.001230
-0.964306 -0.264788 0.001230
-0.848245 -0.529602 -0.001699
-0.966026 -0.258441 -0.001569
-0.837873 -0.545865 0.001031
-0.843221 -0.537567 0.000272
-0.963104 -0.269130 -0.000216
-0.963104 -0.269130 -0.000216
-0.843221 -0.537567 0.000272
-0.964306 -0.264788 0.001230
-0.833729 -0.552166 -0.002997
-0.837873 -0.545865 0.001031
-0.962126 -0.272601 -0.001262
-0.962126 -0.272601 -0.001262
-0.837873 -0.545865 0.001031
-0.963104 -0.269130 -0.000216
-0.997804 0.065936 0.006301
-0.972808 -0.231570 0.004554
-0.974403 -0.224605 0.009511
-0.997804 0.065936 0.006301
-0.974403 -0.224605 0.009511
-0.996942 0.077289 0.011564
-0.996942 0.077289 0.011564
-0.975564 -0.219220 0.014730
-0.995947 0.087022 0.022711
-0.975564 -0.219220 0.014730
-0.996942 0.077289 0.011564
-0.974403 -0.224605 0.009511
-0.998441 0.055621 0.004690
-0.969805 -0.243878 0.001266
-0.972808 -0.231570 0.004554
-0.998441 0.055621 0.004690
-0.972808 -0.231570 0.004554
-0.997804 0.065936 0.006301
-0.998867 0.047548 -0.002179
-0.967533 -0.252744 -0.000738
-0.969805 -0.243878 0.001266
-0.998867 0.047548 -0.002179
-0.969805 -0.243878 0.001266
-0.998441 0.055621 0.004690
-0.966026 -0.258441 -0.001569
-0.967533 -0.252744 -0.000738
-0.998996 0.044705 -0.002793
-0.998996 0.044705 -0.002793
-0.967533 -0.252744 -0.000738
-0.998867 0.047548 -0.002179
-0.935980 0.351974 0.007506
-0.997804 0.065936 0.006301
-0.996942 0.077289 0.011564
-0.935980 0.351974 0.007506
-0.996942 0.077289 0.011564
-0.934431 0.355912 0.012893
-0.934431 0.355912 0.012893
-0.995947 0.087022 0.022711
-0.933218 0.358826 0.018668
-0.995947 0.087022 0.022711
-0.934431 0.355912 0.012893
-0.996942 0.077289 0.011564
-0.000139 0.001505 -0.999999
0.000147 0.000815 -1.000000
-0.000075 0.002044 -0.999998
0.000147 0.000815 -1.000000
-0.000139 0.001505 -0.999999
0.000005 0.000523 -1.000000
-0.015020 0.464533 0.885428
0.051527 0.195982 0.979253
0.129430 0.425824 0.895501
0.051527 0.195982 0.979253
-0.015020 0.464533 0.885428
-0.023974 0.222186 0.974710
0.123591 0.167120 0.978160
0.129430 0.425824 0.895501
0.051527 0.195982 0.979253
0.129430 0.425824 0.895501
0.123591 0.167120 0.978160
0.264515 0.369510 0.890783
0.264515 0.369510 0.890783
0.220569 0.726179 0.651163
0.129430 0.425824 0.895501
0.220569 0.726179 0.651163
0.264515 0.369510 0.890783
0.428712 0.622695 0.654566
0.188226 0.132426 0.973157
0.264515 0.369510 0.890783
0.123591 0.167120 0.978160
0.264515 0.369510 0.890783
0.188226 0.132426 0.973157
0.391597 0.282755 0.875615
0.617756 0.455729 0.640850
0.264515 0.369510 0.890783
0.391597 0.282755 0.875615
0.264515 0.369510 0.890783
0.617756 0.455729 0.640850
0.428712 0.622695 0.654566
0.498887 0.154883 0.852715
0.188226 0.132426 0.973157
0.261021 0.056373 0.963686
0.188226 0.132426 0.973157
0.498887 0.154883 0.852715
0.391597 0.282755 0.875615
0.755405 0.246792 0.607006
0.391597 0.282755 0.875615
0.498887 0.154883 0.852715
0.391597 0.282755 0.875615
0.755405 0.246792 0.607006
0.617756 0.455729 0.640850
0.903695 0.303280 0.302251
0.617756 0.455729 0.640850
0.755405 0.246792 0.607006
0.617756 0.455729 0.640850
0.903695 0.303280 0.302251
0.753922 0.576848 0.314401
0.261021 0.056373 0.963686
0.298905 -0.040637 0.953417
0.535613 -0.008661 0.844419
0.261021 0.056373 0.963686
0.535613 -0.008661 0.844419
0.498887 0.154883 0.852715
0.498887 0.154883 0.852715
0.535613 -0.008661 0.844419
0.816906 0.012901 0.576626
0.498887 0.154883 0.852715
0.816906 0.012901 0.576626
0.755405 0.246792 0.607006
0.816906 0.012901 0.576626
0.957489 0.023630 0.287499
0.755405 0.246792 0.607006
0.755405 0.246792 0.607006
0.957489 0.023630 0.287499
0.903695 0.303280 0.302251
0.994891 0.035706 0.094431
0.903695 0.303280 0.302251
0.957489 0.023630 0.287499
0.903695 0.303280 0.302251
0.994891 0.035706 0.094431
0.939500 0.331234 0.087309
0.998182 0.050553 0.032830
0.939500 0.331234 0.087309
0.994891 0.035706 0.094431
0.939500 0.331234 0.087309
0.998182 0.050553 0.032830
0.937151 0.348096 0.024046
0.257646 -0.966239 0.000974
-0.002989 -0.999995 0.000730
0.268656 -0.963236 0.000922
-0.002989 -0.999995 0.000730
0.257646 -0.966239 0.000974
-0.013519 -0.999908 0.000663
0.511727 -0.859148 -0.000144
0.257646 -0.966239 0.000974
0.268656 -0.963236 0.000922
0.511727 -0.859148 -0.000144
0.268656 -0.963236 0.000922
0.522533 -0.852619 -0.000188
0.000000 0.000000 -1.000000
0.000000 0.000000 -1.000000
0.000000 0.000000 -1.000000
0.000000 0.000000 -1.000000
0.000000 0.000000 -1.000000
0.000000 0.000000 -1.000000
0.000000 0.000000 -1.000000
0.000000 0.000000 -1.000000
0.000000 0.000000 -1.000000
0.000000 0.000000 -1.000000
0.000000 0.000000 -1.000000
0.000000 0.000000 -1.000000
-0.013519 -0.999908 0.000663
-0.272347 -0.962199 -0.000818
-0.002989 -0.999995 0.000730
-0.272347 -0.962199 -0.000818
-0.013519 -0.999908 0.000663
-0.281382 -0.959596 -0.000864
0.000000 0.000000 -1.000000
0.000000 0.000000 -1.000000
0.000000 0.000000 -1.000000
0.000000 0.000000 -1.000000
0.000000 0.000000 -1.000000
0.000000 0.000000 -1.000000
-0.281382 -0.959596 -0.000864
-0.519140 -0.854683 0.003162
-0.272347 -0.962199 -0.000818
-0.519140 -0.854683 0.003162
-0.281382 -0.959596 -0.000864
-0.526550 -0.850137 0.003472
0.000000 0.000000 -1.000000
0.000000 0.000000 -1.000000
0.000000 0.000000 -1.000000
0.000000 0.000000 -1.000000
0.000000 0.000000 -1.000000
0.000000 0.000000 -1.000000
-0.526550 -0.850137 0.003472
-0.725903 -0.687756 0.007562
-0.519140 -0.854683 0.003162
-0.725903 -0.687756 0.007562
-0.526550 -0.850137 0.003472
-0.732535 -0.680688 0.007519
0.000000 0.000000 -1.000000
0.000000 0.000000 -1.000000
0.000000 0.000000 -1.000000
0.000000 0.000000 -1.000000
0.000000 0.000000 -1.000000
0.000000 0.000000 -1.000000
-0.732535 -0.680688 0.007519
-0.883586 -0.468268 0.001156
-0.725903 -0.687756 0.007562
-0.883586 -0.468268 0.001156
-0.732535 -0.680688 0.007519
-0.887575 -0.460663 0.000786
-0.003428 -0.002118 -0.999992
0.000000 0.000000 -1.000000
0.000000 0.000000 -1.000000
-0.003428 -0.002118 -0.999992
0.000000 0.000000 -1.000000
-0.003873 -0.002393 -0.999990
0.000000 0.000000 -1.000000
0.000000 0.000000 -1.000000
0.000000 0.000000 -1.000000
0.000000 0.000000 -1.000000
0.000000 0.000000 -1.000000
0.000000 0.000000 -1.000000
0.985066 -0.171468 0.015634
0.901854 -0.431895 0.011211
0.987974 -0.153833 0.015611
0.901854 -0.431895 0.011211
0.985066 -0.171468 0.015634
0.894119 -0.447703 0.010620
0.992199 0.124072 0.012130
0.985066 -0.171468 0.015634
0.987974 -0.153833 0.015611
0.992199 0.124072 0.012130
0.987974 -0.153833 0.015611
0.989943 0.140980 0.011730
0.000000 0.000000 -1.000000
0.000000 0.000000 -1.000000
0.000000 0.000000 -1.000000
0.000000 0.000000 -1.000000
0.000000 0.000000 -1.000000
0.000000 0.000000 -1.000000
0.000000 0.000000 -1.000000
0.000000 0.000000 -1.000000
0.000000 0.000000 -1.000000
0.000000 0.000000 -1.000000
0.000000 0.000000 -1.000000
0.000000 0.000000 -1.000000
0.894119 -0.447703 0.010620
0.740684 -0.671848 0.002843
0.901854 -0.431895 0.011211
0.740684 -0.671848 0.002843
0.894119 -0.447703 0.010620
0.731279 -0.682074 0.002523
0.731279 -0.682074 0.002523
0.522533 -0.852619 -0.000188
0.740684 -0.671848 0.002843
0.522533 -0.852619 -0.000188
0.731279 -0.682074 0.002523
0.511727 -0.859148 -0.000144
0.000000 0.000000 -1.000000
0.000000 0.000000 -1.000000
0.000000 0.000000 -1.000000
0.000000 0.000000 -1.000000
0.000000 0.000000 -1.000000
0.000000 0.000000 -1.000000
0.000000 0.000000 -1.000000
0.000000 0.000000 -1.000000
0.000000 0.000000 -1.000000
0.000000 0.000000 -1.000000
0.000000 0.000000 -1.000000
0.000000 0.000000 -1.000000
0.000000 0.000000 -1.000000
0.000081 0.000305 -1.000000
0.000120 0.000452 -1.000000
0.000081 0.000305 -1.000000
0.000000 0.000000 -1.000000
0.000000 0.000000 -1.000000
0.000041 -0.000477 -1.000000
0.000000 0.000000 -1.000000
0.000066 -0.000809 -1.000000
0.000000 0.000000 -1.000000
0.000041 -0.000477 -1.000000
0.000000 0.000000 -1.000000
0.000041 -0.000477 -1.000000
0.000066 -0.000809 -1.000000
0.000498 -0.002243 -0.999997
0.000041 -0.000477 -1.000000
0.000498 -0.002243 -0.999997
0.000335 -0.001384 -0.999999
0.000498 -0.002243 -0.999997
0.000692 -0.002302 -0.999997
0.000335 -0.001384 -0.999999
0.000692 -0.002302 -0.999997
0.000498 -0.002243 -0.999997
0.000913 -0.003023 -0.999995
-0.328139 -0.944602 -0.007158
-0.552463 -0.833533 -0.002745
-0.321999 -0.946712 -0.007333
-0.552463 -0.833533 -0.002745
-0.328139 -0.944602 -0.007158
-0.563958 -0.825799 -0.002627
-0.078781 -0.996877 -0.005502
-0.328139 -0.944602 -0.007158
-0.321999 -0.946712 -0.007333
-0.078781 -0.996877 -0.005502
-0.321999 -0.946712 -0.007333
-0.069574 -0.997564 -0.005131
-0.009396 -0.031124 -0.999471
-0.001342 -0.013759 -0.999905
-0.010850 -0.032327 -0.999418
-0.001342 -0.013759 -0.999905
-0.009396 -0.031124 -0.999471
-0.001134 -0.011634 -0.999932
-0.021362 -0.033559 -0.999208
-0.010850 -0.032327 -0.999418
-0.021650 -0.033210 -0.999214
-0.010850 -0.032327 -0.999418
-0.021362 -0.033559 -0.999208
-0.009396 -0.031124 -0.999471
-0.563958 -0.825799 -0.002627
-0.752354 -0.658747 0.003965
-0.552463 -0.833533 -0.002745
-0.752354 -0.658747 0.003965
-0.563958 -0.825799 -0.002627
-0.757235 -0.653128 0.004294
-0.021650 -0.033210 -0.999214
-0.023734 -0.020294 -0.999512
-0.021362 -0.033559 -0.999208
-0.023734 -0.020294 -0.999512
-0.021650 -0.033210 -0.999214
-0.023657 -0.019867 -0.999523
-0.757235 -0.653128 0.004294
-0.896518 -0.442999 0.002592
-0.752354 -0.658747 0.003965
-0.896518 -0.442999 0.002592
-0.757235 -0.653128 0.004294
-0.900374 -0.435112 0.002107
-0.012302 -0.005967 -0.999907
-0.023734 -0.020294 -0.999512
-0.023657 -0.019867 -0.999523
-0.012302 -0.005967 -0.999907
-0.023657 -0.019867 -0.999523
-0.011528 -0.005543 -0.999918
-0.900374 -0.435112 0.002107
-0.981967 -0.188029 -0.019655
-0.896518 -0.442999 0.002592
-0.981967 -0.188029 -0.019655
-0.900374 -0.435112 0.002107
-0.983563 -0.179383 -0.020622
-0.000891 -0.000097 -1.000000
-0.012302 -0.005967 -0.999907
-0.011528 -0.005543 -0.999918
-0.011528 -0.005543 -0.999918
-0.000863 -0.000094 -1.000000
-0.000891 -0.000097 -1.000000
-0.983563 -0.179383 -0.020622
-0.995926 0.086207 -0.026445
-0.981967 -0.188029 -0.019655
-0.995926 0.086207 -0.026445
-0.983563 -0.179383 -0.020622
-0.995676 0.089106 -0.026258
0.000000 0.000000 -1.000000
-0.000891 -0.000097 -1.000000
-0.000863 -0.000094 -1.000000
-0.000863 -0.000094 -1.000000
0.000000 0.000000 -1.000000
0.000000 0.000000 -1.000000
0.000321 -0.002858 -0.999996
0.000039 -0.001188 -0.999999
0.000260 -0.001696 -0.999999
0.000039 -0.001188 -0.999999
0.000321 -0.002858 -0.999996
0.000051 -0.002217 -0.999998
0.000321 -0.002858 -0.999996
0.000692 -0.002302 -0.999997
0.000913 -0.003023 -0.999995
0.000692 -0.002302 -0.999997
0.000321 -0.002858 -0.999996
0.000260 -0.001696 -0.999999
0.000195 -0.001267 -0.999999
0.000103 -0.000652 -1.000000
0.000039 -0.001188 -0.999999
0.000195 -0.001267 -0.999999
0.000039 -0.001188 -0.999999
0.000051 -0.002217 -0.999998
0.000117 -0.000369 -1.000000
0.000057 -0.000177 -1.000000
0.000103 -0.000652 -1.000000
0.000117 -0.000369 -1.000000
0.000103 -0.000652 -1.000000
0.000195 -0.001267 -0.999999
-0.000002 0.000000 -1.000000
-0.000001 0.000001 -1.000000
0.000057 -0.000177 -1.000000
0.000057 -0.000177 -1.000000
0.000117 -0.000369 -1.000000
-0.000002 0.000000 -1.000000
-0.000002 0.000000 -1.000000
-0.000001 0.000001 -1.000000
-0.000001 0.000001 -1.000000
-0.000001 0.000001 -1.000000
-0.000002 0.000000 -1.000000
-0.000001 0.000000 -1.000000
-0.003873 -0.002393 -0.999990
-0.009352 -0.002226 -0.999954
-0.003428 -0.002118 -0.999992
-0.009352 -0.002226 -0.999954
-0.003873 -0.002393 -0.999990
-0.009474 -0.002093 -0.999953
0.000000 0.000000 1.000000
0.000000 0.000000 1.000000
0.000000 0.000000 1.000000
0.000000 0.000000 1.000000
0.000000 0.000000 1.000000
0.000000 0.000000 1.000000
0.000000 0.000000 1.000000
0.000000 0.000000 1.000000
0.000000 0.000000 1.000000
0.000000 0.000000 1.000000
0.000000 0.000000 1.000000
0.000000 0.000000 1.000000
0.000000 0.000000 1.000000
0.000000 0.000000 1.000000
0.000000 0.000000 1.000000
0.000000 0.000000 1.000000
0.000000 0.000000 1.000000
0.000000 0.000000 1.000000
0.000000 0.000000 1.000000
0.000000 0.000000 1.000000
0.000000 0.000000 1.000000
0.000000 0.000000 1.000000
0.000000 0.000000 1.000000
0.000000 0.000000 1.000000
0.000000 0.000000 1.000000
0.000000 0.000000 1.000000
0.000000 0.000000 1.000000
0.000000 0.000000 1.000000
0.000000 0.000000 1.000000
0.000000 0.000000 1.000000
0.000000 0.000000 1.000000
0.000000 0.000000 1.000000
0.000000 0.000000 1.000000
0.000000 0.000000 1.000000
0.000000 0.000000 1.000000
0.000000 0.000000 1.000000
0.000000 0.000000 1.000000
0.000000 0.000000 1.000000
0.000000 0.000000 1.000000
0.000000 0.000000 1.000000
0.000000 0.000000 1.000000
0.000000 0.000000 1.000000
0.000000 0.000000 1.000000
0.000000 0.000000 1.000000
0.000000 0.000000 1.000000
0.000000 0.000000 1.000000
0.000000 0.000000 1.000000
0.000000 0.000000 1.000000
0.000000 0.000000 -1.000000
0.000000 0.000000 -1.000000
0.000000 0.000000 -1.000000
0.000000 0.000000 -1.000000
0.000000 0.000000 -1.000000
0.000000 0.000000 -1.000000
0.000000 0.000000 -1.000000
0.000000 0.000000 -1.000000
0.000000 0.000000 -1.000000
0.000000 0.000000 -1.000000
0.000000 0.000000 -1.000000
0.000000 0.000000 -1.000000
0.000000 0.000000 -1.000000
0.000000 0.000000 -1.000000
0.000000 0.000000 -1.000000
0.000000 0.000000 -1.000000
0.000000 0.000000 -1.000000
0.000000 0.000000 -1.000000
0.000000 0.000000 -1.000000
0.000000 0.000000 -1.000000
0.000000 0.000000 -1.000000
0.000000 0.000000 -1.000000
0.000000 0.000000 -1.000000
0.000000 0.000000 -1.000000
0.000000 0.000000 -1.000000
0.000000 0.000000 -1.000000
0.000000 0.000000 -1.000000
0.000000 0.000000 -1.000000
0.000000 0.000000 -1.000000
0.000000 0.000000 -1.000000
0.000000 0.000000 -1.000000
-0.001134 -0.011634 -0.999932
0.000000 0.000000 -1.000000
-0.001134 -0.011634 -0.999932
0.000000 0.000000 -1.000000
-0.001342 -0.013759 -0.999905
0.969735 -0.244153 0.001963
0.856529 -0.515997 0.010196
0.864106 -0.503206 0.010168
0.969735 -0.244153 0.001963
0.864106 -0.503206 0.010168
0.973439 -0.228945 0.001108
0.000000 0.000000 1.000000
0.000000 0.000000 1.000000
0.000000 0.000000 1.000000
0.000000 0.000000 1.000000
0.000000 0.000000 1.000000
0.000000 0.000000 1.000000
0.000000 0.000000 1.000000
0.000000 0.000000 1.000000
0.000000 0.000000 1.000000
0.000000 0.000000 1.000000
0.000000 0.000000 1.000000
0.000000 0.000000 1.000000
0.973439 -0.228945 0.001108
0.998473 0.054952 -0.005576
0.969735 -0.244153 0.001963
0.998473 0.054952 -0.005576
0.973439 -0.228945 0.001108
0.997383 0.072096 -0.005422
0.856529 -0.515997 0.010196
0.675456 -0.737382 0.005270
0.686316 -0.727281 0.005777
0.856529 -0.515997 0.010196
0.686316 -0.727281 0.005777
0.864106 -0.503206 0.010168
0.000000 0.000000 1.000000
0.000000 0.000000 1.000000
0.000000 0.000000 1.000000
0.000000 0.000000 1.000000
0.000000 0.000000 1.000000
0.000000 0.000000 1.000000
0.675456 -0.737382 0.005270
0.446039 -0.895013 0.001293
0.457261 -0.889332 0.001232
0.675456 -0.737382 0.005270
0.457261 -0.889332 0.001232
0.686316 -0.727281 0.005777
0.000000 0.000000 1.000000
0.000000 0.000000 1.000000
0.000000 0.000000 1.000000
0.000000 0.000000 1.000000
0.000000 0.000000 1.000000
0.000000 0.000000 1.000000
-0.009474 -0.002093 -0.999953
-0.021131 0.003328 -0.999771
-0.009352 -0.002226 -0.999954
-0.021131 0.003328 -0.999771
-0.009474 -0.002093 -0.999953
-0.022014 0.003617 -0.999751
-0.022014 0.003617 -0.999751
-0.027878 0.009952 -0.999562
-0.021131 0.003328 -0.999771
-0.027878 0.009952 -0.999562
-0.022014 0.003617 -0.999751
-0.027693 0.010111 -0.999565
-0.027693 0.010111 -0.999565
-0.012269 0.006780 -0.999902
-0.027878 0.009952 -0.999562
-0.012269 0.006780 -0.999902
-0.027693 0.010111 -0.999565
-0.011640 0.006432 -0.999912
-0.011640 0.006432 -0.999912
0.000000 0.000000 -1.000000
-0.012269 0.006780 -0.999902
0.000000 0.000000 -1.000000
-0.011640 0.006432 -0.999912
0.000000 0.000000 -1.000000
0.000000 0.000000 -1.000000
0.000000 0.000000 -1.000000
0.000000 0.000000 -1.000000
0.000000 0.000000 -1.000000
0.000000 0.000000 -1.000000
0.000000 0.000000 -1.000000
0.000000 0.000000 -1.000000
0.000000 0.000000 -1.000000
0.000000 0.000000 -1.000000
0.000000 0.000000 -1.000000
0.000000 0.000000 -1.000000
0.000000 0.000000 -1.000000
0.000000 0.000000 -1.000000
0.000000 0.000000 -1.000000
0.000000 0.000000 -1.000000
0.000000 0.000000 -1.000000
0.000000 0.000000 -1.000000
0.000000 0.000000 -1.000000
0.000000 0.000000 -1.000000
0.000000 0.000000 -1.000000
0.000000 0.000000 -1.000000
0.000000 0.000000 -1.000000
0.000000 0.000000 -1.000000
0.000000 0.000000 -1.000000
0.000000 0.000000 -1.000000
0.000000 0.000000 -1.000000
0.000000 0.000000 -1.000000
0.000000 0.000000 -1.000000
0.000000 0.000000 -1.000000
0.000000 0.000000 -1.000000
0.000000 0.000000 -1.000000
0.000000 0.000000 -1.000000
0.000000 0.000000 -1.000000
0.000000 0.000000 -1.000000
0.000000 0.000000 -1.000000
0.000000 0.000000 -1.000000
0.000000 0.000000 -1.000000
0.000000 0.000000 -1.000000
0.000000 0.000000 -1.000000
0.000000 0.000000 -1.000000
0.000000 0.000000 -1.000000
0.000000 0.000000 -1.000000
0.000000 0.000000 -1.000000
0.000000 0.000000 -1.000000
0.000000 0.000000 -1.000000
0.000000 0.000000 -1.000000
0.000000 0.000000 -1.000000
0.000000 0.000000 -1.000000
-0.995676 0.089106 -0.026258
-0.933665 0.358037 -0.008946
-0.995926 0.086207 -0.026445
-0.933665 0.358037 -0.008946
-0.995676 0.089106 -0.026258
-0.932308 0.361559 -0.008718
-0.932308 0.361559 -0.008718
-0.794387 0.607412 -0.000077
-0.933665 0.358037 -0.008946
-0.794387 0.607412 -0.000077
-0.932308 0.361559 -0.008718
-0.791537 0.611121 -0.000076
0.000000 0.000000 -1.000000
0.000000 0.000000 -1.000000
0.000000 0.000000 -1.000000
0.000000 0.000000 -1.000000
0.000000 0.000000 -1.000000
0.000000 0.000000 -1.000000
-0.791537 0.611121 -0.000076
-0.588667 0.808375 -0.000036
-0.794387 0.607412 -0.000077
-0.588667 0.808375 -0.000036
-0.791537 0.611121 -0.000076
-0.584159 0.811639 -0.000036
0.000000 0.000000 -1.000000
0.000000 0.000000 -1.000000
0.000000 0.000000 -1.000000
0.000000 0.000000 -1.000000
0.000000 0.000000 -1.000000
0.000000 0.000000 -1.000000
-0.584159 0.811639 -0.000036
-0.330031 0.943970 -0.000102
-0.588667 0.808375 -0.000036
-0.330031 0.943970 -0.000102
-0.584159 0.811639 -0.000036
-0.324014 0.946052 -0.000105
0.000000 0.000000 -1.000000
0.000000 0.000000 -1.000000
0.000000 0.000000 -1.000000
0.000000 0.000000 -1.000000
0.000000 0.000000 -1.000000
0.000000 0.000000 -1.000000
-0.324014 0.946052 -0.000105
-0.038302 0.999266 -0.000195
-0.330031 0.943970 -0.000102
-0.038302 0.999266 -0.000195
-0.324014 0.946052 -0.000105
-0.031269 0.999511 -0.000196
0.000000 0.000000 -1.000000
0.000000 0.000000 -1.000000
0.000000 0.000000 -1.000000
0.000000 0.000000 -1.000000
0.000000 0.000000 -1.000000
0.000000 0.000000 -1.000000
-0.031269 0.999511 -0.000196
0.261250 0.965271 -0.000536
-0.038302 0.999266 -0.000195
0.261250 0.965271 -0.000536
-0.031269 0.999511 -0.000196
0.269366 0.963038 -0.000553
0.000000 0.000000 -1.000000
0.000000 0.000000 -1.000000
0.000000 0.000000 -1.000000
0.000000 0.000000 -1.000000
0.000000 0.000000 -1.000000
0.000000 0.000000 -1.000000
0.269366 0.963038 -0.000553
0.541830 0.840488 0.000181
0.261250 0.965271 -0.000536
0.541830 0.840488 0.000181
0.269366 0.963038 -0.000553
0.550067 0.835120 0.000249
0.000000 0.000000 -1.000000
0.000000 0.000000 -1.000000
0.000000 0.000000 -1.000000
0.000000 0.000000 -1.000000
0.000000 0.000000 -1.000000
0.000000 0.000000 -1.000000
0.550067 0.835120 0.000249
0.773698 0.633551 0.001931
0.541830 0.840488 0.000181
0.773698 0.633551 0.001931
0.550067 0.835120 0.000249
0.781380 0.624052 0.001981
0.000000 0.000000 -1.000000
0.000000 0.000000 -1.000000
0.000000 0.000000 -1.000000
0.000000 0.000000 -1.000000
0.000000 0.000000 -1.000000
0.000000 0.000000 -1.000000
0.781380 0.624052 0.001981
0.930494 0.366306 -0.000627
0.773698 0.633551 0.001931
0.930494 0.366306 -0.000627
0.781380 0.624052 0.001981
0.935321 0.353798 -0.000918
0.000000 0.000000 -1.000000
0.000000 0.000000 -1.000000
0.000000 0.000000 -1.000000
0.000000 0.000000 -1.000000
0.000000 0.000000 -1.000000
0.000000 0.000000 -1.000000
0.935321 0.353798 -0.000918
0.997383 0.072096 -0.005422
0.930494 0.366306 -0.000627
0.997383 0.072096 -0.005422
0.935321 0.353798 -0.000918
0.998473 0.054952 -0.005576
0.000000 0.000000 -1.000000
0.000000 0.000000 -1.000000
0.000000 0.000000 -1.000000
0.000000 0.000000 -1.000000
0.000000 0.000000 -1.000000
0.000000 0.000000 -1.000000
0.012914 -0.010808 -0.999858
0.008385 -0.011925 -0.999894
0.013153 -0.010674 -0.999857
0.008385 -0.011925 -0.999894
0.012914 -0.010808 -0.999858
0.008291 -0.011843 -0.999896
0.013153 -0.010674 -0.999857
0.016214 -0.005533 -0.999853
0.016259 -0.005866 -0.999851
0.013153 -0.010674 -0.999857
0.016259 -0.005866 -0.999851
0.012914 -0.010808 -0.999858
0.008291 -0.011843 -0.999896
0.004200 -0.012583 -0.999912
0.008385 -0.011925 -0.999894
0.004200 -0.012583 -0.999912
0.008291 -0.011843 -0.999896
0.004045 -0.012662 -0.999912
0.004045 -0.012662 -0.999912
0.000141 -0.012724 -0.999919
0.004200 -0.012583 -0.999912
0.000141 -0.012724 -0.999919
0.004045 -0.012662 -0.999912
0.000152 -0.012743 -0.999919
0.000152 -0.012743 -0.999919
-0.001839 -0.010698 -0.999941
0.000141 -0.012724 -0.999919
-0.001839 -0.010698 -0.999941
0.000152 -0.012743 -0.999919
-0.001913 -0.010661 -0.999941
-0.005023 -0.008607 -0.999950
-0.001913 -0.010661 -0.999941
-0.005142 -0.008516 -0.999950
-0.001913 -0.010661 -0.999941
-0.005023 -0.008607 -0.999950
-0.001839 -0.010698 -0.999941
-0.006570 -0.005889 -0.999961
-0.005142 -0.008516 -0.999950
-0.006548 -0.005841 -0.999962
-0.005142 -0.008516 -0.999950
-0.006570 -0.005889 -0.999961
-0.005023 -0.008607 -0.999950
-0.006548 -0.005841 -0.999962
-0.005431 -0.003441 -0.999979
-0.006570 -0.005889 -0.999961
-0.005431 -0.003441 -0.999979
-0.006548 -0.005841 -0.999962
-0.005402 -0.003379 -0.999980
0.000000 0.000000 1.000000
0.000000 0.000000 1.000000
0.000000 0.000000 1.000000
0.000000 0.000000 1.000000
0.000000 0.000000 1.000000
0.000000 0.000000 1.000000
0.000000 0.000000 1.000000
0.000000 0.000000 1.000000
0.000000 0.000000 1.000000
0.000000 0.000000 1.000000
0.000000 0.000000 1.000000
0.000000 0.000000 1.000000
0.000000 0.000000 1.000000
0.000000 0.000000 1.000000
0.000000 0.000000 1.000000
0.000000 0.000000 1.000000
0.000000 0.000000 1.000000
0.000000 0.000000 1.000000
0.000000 0.000000 1.000000
0.000000 0.000000 1.000000
0.000000 0.000000 1.000000
0.000000 0.000000 1.000000
0.000000 0.000000 1.000000
0.000000 0.000000 1.000000
0.000000 0.000000 1.000000
0.000000 0.000000 1.000000
0.000000 0.000000 1.000000
0.000000 0.000000 1.000000
0.000000 0.000000 1.000000
0.000000 0.000000 1.000000
0.000000 0.000000 1.000000
0.000000 0.000000 1.000000
0.000000 0.000000 1.000000
0.000000 0.000000 1.000000
0.000000 0.000000 1.000000
0.000000 0.000000 1.000000
0.000000 0.000000 1.000000
0.000000 0.000000 1.000000
0.000000 0.000000 1.000000
0.000000 0.000000 1.000000
0.000000 0.000000 1.000000
0.000000 0.000000 1.000000
0.000000 0.000000 1.000000
0.000000 0.000000 1.000000
0.000000 0.000000 1.000000
0.000000 0.000000 1.000000
0.000000 0.000000 1.000000
0.000000 0.000000 1.000000
0.000000 0.000000 1.000000
0.000000 0.000000 1.000000
0.000000 0.000000 1.000000
0.000000 0.000000 1.000000
0.000000 0.000000 1.000000
0.000000 0.000000 1.000000
0.000000 0.000000 1.000000
0.000000 0.000000 1.000000
0.000000 0.000000 1.000000
0.000000 0.000000 1.000000
0.000000 0.000000 1.000000
0.000000 0.000000 1.000000
0.000000 0.000000 1.000000
0.000000 0.000000 1.000000
0.000000 0.000000 1.000000
0.000000 0.000000 1.000000
0.000000 0.000000 1.000000
0.000000 0.000000 1.000000
0.000000 0.000000 1.000000
0.000000 0.000000 1.000000
0.000000 0.000000 1.000000
0.000000 0.000000 1.000000
0.000000 0.000000 1.000000
0.000000 0.000000 1.000000
0.000000 0.000000 1.000000
0.000000 0.000000 1.000000
0.000000 0.000000 1.000000
0.000000 0.000000 1.000000
0.000000 0.000000 1.000000
0.000000 0.000000 1.000000
0.000000 0.000000 1.000000
0.000000 0.000000 1.000000
0.000000 0.000000 1.000000
0.000000 0.000000 1.000000
0.000000 0.000000 1.000000
0.000000 0.000000 1.000000
-0.887575 -0.460663 0.000786
-0.979214 -0.202760 -0.005345
-0.977358 -0.211527 -0.005323
-0.887575 -0.460663 0.000786
-0.977358 -0.211527 -0.005323
-0.883586 -0.468268 0.001156
-0.979214 -0.202760 -0.005345
-0.997337 0.072798 -0.004498
-0.997844 0.065473 -0.004556
-0.979214 -0.202760 -0.005345
-0.997844 0.065473 -0.004556
-0.977358 -0.211527 -0.005323
-0.997337 0.072798 -0.004498
-0.939869 0.341520 -0.003083
-0.942222 0.334975 -0.003098
-0.997337 0.072798 -0.004498
-0.942222 0.334975 -0.003098
-0.997844 0.065473 -0.004556
-0.939869 0.341520 -0.003083
-0.809065 0.587718 -0.001114
-0.812703 0.582677 -0.001184
-0.939869 0.341520 -0.003083
-0.812703 0.582677 -0.001184
-0.942222 0.334975 -0.003098
-0.809065 0.587718 -0.001114
-0.606704 0.794928 0.000654
-0.611767 0.791038 0.000648
-0.809065 0.587718 -0.001114
-0.611767 0.791038 0.000648
-0.812703 0.582677 -0.001184
-0.606704 0.794928 0.000654
-0.352400 0.935849 0.000995
-0.358702 0.933452 0.000986
-0.606704 0.794928 0.000654
-0.358702 0.933452 0.000986
-0.611767 0.791038 0.000648
-0.352400 0.935849 0.000995
-0.064183 0.997938 0.001086
-0.071984 0.997405 0.001091
-0.352400 0.935849 0.000995
-0.071984 0.997405 0.001091
-0.358702 0.933452 0.000986
-0.064183 0.997938 0.001086
0.232512 0.972593 0.001004
0.224261 0.974529 0.001003
-0.064183 0.997938 0.001086
0.224261 0.974529 0.001003
-0.071984 0.997405 0.001091
0.232512 0.972593 0.001004
0.510974 0.859595 0.000866
0.502653 0.864488 0.000875
0.232512 0.972593 0.001004
0.502653 0.864488 0.000875
0.224261 0.974529 0.001003
0.510974 0.859595 0.000866
0.744290 0.667856 0.000597
0.736965 0.675931 0.000606
0.510974 0.859595 0.000866
0.736965 0.675931 0.000606
0.502653 0.864488 0.000875
0.744290 0.667856 0.000597
0.910148 0.414258 0.004619
0.904791 0.425835 0.004287
0.744290 0.667856 0.000597
0.904791 0.425835 0.004287
0.736965 0.675931 0.000606
0.910148 0.414258 0.004619
0.992199 0.124072 0.012130
0.989943 0.140980 0.011730
0.910148 0.414258 0.004619
0.989943 0.140980 0.011730
0.904791 0.425835 0.004287
-0.002858 -0.000953 -0.999996
-0.005431 -0.003441 -0.999979
-0.005402 -0.003379 -0.999980
-0.005402 -0.003379 -0.999980
-0.002787 -0.000912 -0.999996
-0.002858 -0.000953 -0.999996
0.000609 -0.000232 -1.000000
-0.002858 -0.000953 -0.999996
-0.002787 -0.000912 -0.999996
-0.002787 -0.000912 -0.999996
0.000690 -0.000261 -1.000000
0.000609 -0.000232 -1.000000
0.000690 -0.000261 -1.000000
0.000623 -0.000329 -1.000000
0.000727 -0.000359 -1.000000
0.000690 -0.000261 -1.000000
0.000727 -0.000359 -1.000000
0.000609 -0.000232 -1.000000
0.000623 -0.000329 -1.000000
-0.002827 0.002023 -0.999994
-0.002643 0.001851 -0.999995
0.000623 -0.000329 -1.000000
-0.002643 0.001851 -0.999995
0.000727 -0.000359 -1.000000
-0.006097 0.008721 -0.999943
-0.002827 0.002023 -0.999994
-0.006249 0.009265 -0.999938
-0.002827 0.002023 -0.999994
-0.006097 0.008721 -0.999943
-0.002643 0.001851 -0.999995
-0.007194 0.017971 -0.999813
-0.006249 0.009265 -0.999938
-0.007143 0.018425 -0.999805
-0.006249 0.009265 -0.999938
-0.007194 0.017971 -0.999813
-0.006097 0.008721 -0.999943
-0.007143 0.018425 -0.999805
-0.003059 0.021873 -0.999756
-0.007194 0.017971 -0.999813
-0.003059 0.021873 -0.999756
-0.007143 0.018425 -0.999805
-0.002605 0.021832 -0.999758
0.001636 0.015532 -0.999878
-0.003059 0.021873 -0.999756
-0.002605 0.021832 -0.999758
-0.002605 0.021832 -0.999758
0.001706 0.014848 -0.999888
0.001636 0.015532 -0.999878
0.000800 0.004051 -0.999991
0.001636 0.015532 -0.999878
0.001706 0.014848 -0.999888
0.001706 0.014848 -0.999888
0.000627 0.003491 -0.999994
0.000800 0.004051 -0.999991
0.000892 0.000710 -0.999999
0.000800 0.004051 -0.999991
0.000627 0.003491 -0.999994
0.000627 0.003491 -0.999994
0.001100 0.000953 -0.999999
0.000892 0.000710 -0.999999
0.001100 0.000953 -0.999999
0.008443 0.004143 -0.999956
0.007942 0.004040 -0.999960
0.001100 0.000953 -0.999999
0.007942 0.004040 -0.999960
0.000892 0.000710 -0.999999
0.015479 0.003497 -0.999874
0.008443 0.004143 -0.999956
0.015620 0.003376 -0.999872
0.008443 0.004143 -0.999956
0.015479 0.003497 -0.999874
0.007942 0.004040 -0.999960
0.016725 -0.000427 -0.999860
0.015620 0.003376 -0.999872
0.016664 -0.000581 -0.999861
0.015620 0.003376 -0.999872
0.016725 -0.000427 -0.999860
0.015479 0.003497 -0.999874
-0.031864 -0.026024 0.999153
-0.015818 -0.023772 0.999592
-0.016410 -0.024034 0.999576
-0.016410 -0.024034 0.999576
-0.032350 -0.025755 0.999145
-0.031864 -0.026024 0.999153
-0.002742 -0.009927 0.999947
-0.015818 -0.023772 0.999592
-0.002515 -0.009105 0.999955
-0.015818 -0.023772 0.999592
-0.002742 -0.009927 0.999947
-0.016410 -0.024034 0.999576
-0.037360 -0.018302 0.999134
-0.031864 -0.026024 0.999153
-0.032350 -0.025755 0.999145
-0.037360 -0.018302 0.999134
-0.032350 -0.025755 0.999145
-0.037361 -0.018201 0.999136
-0.031125 -0.007005 0.999491
-0.037360 -0.018302 0.999134
-0.037361 -0.018201 0.999136
-0.031125 -0.007005 0.999491
-0.037361 -0.018201 0.999136
-0.031006 -0.006883 0.999495
-0.016488 0.001586 0.999863
-0.031006 -0.006883 0.999495
-0.016195 0.001658 0.999868
-0.031006 -0.006883 0.999495
-0.016488 0.001586 0.999863
-0.031125 -0.007005 0.999491
-0.004071 0.001882 0.999990
-0.016195 0.001658 0.999868
-0.003927 0.001816 0.999991
-0.016195 0.001658 0.999868
-0.004071 0.001882 0.999990
-0.016488 0.001586 0.999863
0.000000 0.000000 1.000000
-0.003927 0.001816 0.999991
0.000000 0.000000 1.000000
-0.003927 0.001816 0.999991
0.000000 0.000000 1.000000
-0.004071 0.001882 0.999990
0.000000 0.000000 1.000000
0.000000 0.000000 1.000000
0.000000 0.000000 1.000000
0.000000 0.000000 1.000000
0.000000 0.000000 1.000000
0.000000 0.000000 1.000000
0.000000 0.000000 1.000000
0.000000 0.000000 1.000000
0.000000 0.000000 1.000000
0.000000 0.000000 1.000000
0.000000 0.000000 1.000000
0.000000 0.000000 1.000000
-0.002515 -0.009105 0.999955
0.000000 0.000000 1.000000
-0.002742 -0.009927 0.999947
0.000000 0.000000 1.000000
-0.002515 -0.009105 0.999955
0.000000 0.000000 1.000000
0.000000 0.000000 1.000000
0.000000 0.000000 1.000000
0.000000 0.000000 1.000000
0.000000 0.000000 1.000000
0.000000 0.000000 1.000000
0.000000 0.000000 1.000000
0.000000 0.000000 1.000000
0.000000 0.000000 1.000000
0.000000 0.000000 1.000000
0.000000 0.000000 1.000000
0.000000 0.000000 1.000000
0.000000 0.000000 1.000000
0.000000 0.000000 1.000000
0.000000 0.000000 1.000000
0.000000 0.000000 1.000000
0.000000 0.000000 1.000000
0.000000 0.000000 1.000000
0.000000 0.000000 1.000000
0.000000 0.000000 1.000000
0.000000 0.000000 1.000000
0.000000 0.000000 1.000000
0.000000 0.000000 1.000000
0.000000 0.000000 1.000000
0.000000 0.000000 1.000000
0.000000 0.000000 1.000000
0.000000 0.000000 1.000000
0.000000 0.000000 1.000000
0.000000 0.000000 1.000000
0.000000 0.000000 1.000000
0.000000 0.000000 1.000000
0.000000 0.000000 1.000000
0.000000 0.000000 1.000000
0.000000 0.000000 1.000000
0.000000 0.000000 1.000000
0.000000 0.000000 1.000000
0.000000 0.000000 1.000000
0.000000 0.000000 1.000000
0.000000 0.000000 1.000000
0.000000 0.000000 1.000000
0.000000 0.000000 1.000000
0.000000 0.000000 1.000000
0.000000 0.000000 1.000000
0.000000 0.000000 1.000000
0.000000 0.000000 1.000000
0.000000 0.000000 1.000000
0.000000 0.000000 1.000000
0.000000 0.000000 1.000000
0.000000 0.000000 1.000000
0.446039 -0.895013 0.001293
0.198786 -0.980042 0.001012
0.457261 -0.889332 0.001232
0.198786 -0.980042 0.001012
0.446039 -0.895013 0.001293
0.187821 -0.982203 0.000935
0.187821 -0.982203 0.000935
-0.069574 -0.997564 -0.005131
0.198786 -0.980042 0.001012
-0.069574 -0.997564 -0.005131
0.187821 -0.982203 0.000935
-0.078781 -0.996877 -0.005502
0.016664 -0.000581 -0.999861
0.016214 -0.005533 -0.999853
0.016725 -0.000427 -0.999860
0.016214 -0.005533 -0.999853
0.016664 -0.000581 -0.999861
0.016259 -0.005866 -0.999851
0.616222 0.297542 -0.729205
0.480997 0.411936 -0.773919
0.528414 0.441625 -0.725084
0.480997 0.411936 -0.773919
0.616222 0.297542 -0.729205
0.549044 0.282168 -0.786722
0.480997 0.411936 -0.773919
0.549044 0.282168 -0.786722
0.441240 0.389914 -0.808254
0.549044 0.282168 -0.786722
0.475928 0.284157 -0.832314
0.441240 0.389914 -0.808254
0.585983 0.121643 -0.801141
0.475928 0.284157 -0.832314
0.549044 0.282168 -0.786722
0.475928 0.284157 -0.832314
0.585983 0.121643 -0.801141
0.506063 0.138168 -0.851357
0.549044 0.282168 -0.786722
0.664302 0.130086 -0.736057
0.585983 0.121643 -0.801141
0.664302 0.130086 -0.736057
0.549044 0.282168 -0.786722
0.616222 0.297542 -0.729205
0.666220 -0.045937 -0.744339
0.589425 -0.038063 -0.806926
0.585983 0.121643 -0.801141
0.666220 -0.045937 -0.744339
0.585983 0.121643 -0.801141
0.664302 0.130086 -0.736057
0.589425 -0.038063 -0.806926
0.506063 0.138168 -0.851357
0.585983 0.121643 -0.801141
0.506063 0.138168 -0.851357
0.589425 -0.038063 -0.806926
0.495147 -0.029004 -0.868325
0.628033 -0.224569 -0.745079
0.548792 -0.219058 -0.806747
0.589425 -0.038063 -0.806926
0.589425 -0.038063 -0.806926
0.666220 -0.045937 -0.744339
0.628033 -0.224569 -0.745079
0.495147 -0.029004 -0.868325
0.548792 -0.219058 -0.806747
0.430764 -0.223269 -0.874410
0.548792 -0.219058 -0.806747
0.495147 -0.029004 -0.868325
0.589425 -0.038063 -0.806926
0.430764 -0.223269 -0.874410
0.466902 -0.378830 -0.799056
0.350506 -0.377720 -0.857014
0.466902 -0.378830 -0.799056
0.430764 -0.223269 -0.874410
0.548792 -0.219058 -0.806747
0.466902 -0.378830 -0.799056
0.548792 -0.219058 -0.806747
0.548448 -0.387632 -0.740909
0.548792 -0.219058 -0.806747
0.628033 -0.224569 -0.745079
0.548448 -0.387632 -0.740909
0.350506 -0.377720 -0.857014
0.380655 -0.492775 -0.782480
0.255040 -0.500770 -0.827154
0.380655 -0.492775 -0.782480
0.350506 -0.377720 -0.857014
0.466902 -0.378830 -0.799056
0.380655 -0.492775 -0.782480
0.466902 -0.378830 -0.799056
0.440388 -0.521881 -0.730547
0.466902 -0.378830 -0.799056
0.548448 -0.387632 -0.740909
0.440388 -0.521881 -0.730547
0.255040 -0.500770 -0.827154
0.298465 -0.580245 -0.757783
0.163939 -0.602627 -0.781002
0.298465 -0.580245 -0.757783
0.255040 -0.500770 -0.827154
0.380655 -0.492775 -0.782480
0.440388 -0.521881 -0.730547
0.298465 -0.580245 -0.757783
0.380655 -0.492775 -0.782480
0.298465 -0.580245 -0.757783
0.440388 -0.521881 -0.730547
0.309301 -0.622909 -0.718553
0.723806 -0.047724 -0.688351
0.666220 -0.045937 -0.744339
0.664302 0.130086 -0.736057
0.723806 -0.047724 -0.688351
0.664302 0.130086 -0.736057
0.715201 0.142391 -0.684260
0.715201 0.142391 -0.684260
0.616222 0.297542 -0.729205
0.663319 0.315015 -0.678803
0.616222 0.297542 -0.729205
0.715201 0.142391 -0.684260
0.664302 0.130086 -0.736057
0.628033 -0.224569 -0.745079
0.666220 -0.045937 -0.744339
0.687717 -0.241062 -0.684788
0.666220 -0.045937 -0.744339
0.723806 -0.047724 -0.688351
0.687717 -0.241062 -0.684788
0.548448 -0.387632 -0.740909
0.628033 -0.224569 -0.745079
0.608822 -0.411350 -0.678327
0.628033 -0.224569 -0.745079
0.687717 -0.241062 -0.684788
0.608822 -0.411350 -0.678327
0.608822 -0.411350 -0.678327
0.482727 -0.558198 -0.674826
0.548448 -0.387632 -0.740909
0.548448 -0.387632 -0.740909
0.482727 -0.558198 -0.674826
0.440388 -0.521881 -0.730547
0.482727 -0.558198 -0.674826
0.324557 -0.664615 -0.673015
0.440388 -0.521881 -0.730547
0.440388 -0.521881 -0.730547
0.324557 -0.664615 -0.673015
0.309301 -0.622909 -0.718553
0.146201 -0.723035 -0.675164
0.309301 -0.622909 -0.718553
0.324557 -0.664615 -0.673015
0.309301 -0.622909 -0.718553
0.146201 -0.723035 -0.675164
0.143838 -0.673023 -0.725501
0.143838 -0.673023 -0.725501
0.298465 -0.580245 -0.757783
0.309301 -0.622909 -0.718553
0.298465 -0.580245 -0.757783
0.143838 -0.673023 -0.725501
0.163939 -0.602627 -0.781002
0.767653 0.152164 -0.622540
0.663319 0.315015 -0.678803
0.707464 0.339723 -0.619745
0.663319 0.315015 -0.678803
0.767653 0.152164 -0.622540
0.715201 0.142391 -0.684260
0.781630 -0.053094 -0.621478
0.715201 0.142391 -0.684260
0.767653 0.152164 -0.622540
0.715201 0.142391 -0.684260
0.781630 -0.053094 -0.621478
0.723806 -0.047724 -0.688351
0.781630 -0.053094 -0.621478
0.687717 -0.241062 -0.684788
0.723806 -0.047724 -0.688351
0.687717 -0.241062 -0.684788
0.781630 -0.053094 -0.621478
0.741104 -0.256089 -0.620631
0.608822 -0.411350 -0.678327
0.741104 -0.256089 -0.620631
0.651479 -0.436402 -0.620587
0.741104 -0.256089 -0.620631
0.608822 -0.411350 -0.678327
0.687717 -0.241062 -0.684788
0.651479 -0.436402 -0.620587
0.518860 -0.588841 -0.619719
0.608822 -0.411350 -0.678327
0.608822 -0.411350 -0.678327
0.518860 -0.588841 -0.619719
0.482727 -0.558198 -0.674826
0.518860 -0.588841 -0.619719
0.347491 -0.700225 -0.623646
0.482727 -0.558198 -0.674826
0.482727 -0.558198 -0.674826
0.347491 -0.700225 -0.623646
0.324557 -0.664615 -0.673015
0.147500 -0.766271 -0.625357
0.324557 -0.664615 -0.673015
0.347491 -0.700225 -0.623646
0.324557 -0.664615 -0.673015
0.147500 -0.766271 -0.625357
0.146201 -0.723035 -0.675164
0.830606 -0.054444 -0.554193
0.741104 -0.256089 -0.620631
0.781630 -0.053094 -0.621478
0.741104 -0.256089 -0.620631
0.830606 -0.054444 -0.554193
0.786694 -0.263714 -0.558183
0.830606 -0.054444 -0.554193
0.767653 0.152164 -0.622540
0.816698 0.158733 -0.554804
0.767653 0.152164 -0.622540
0.830606 -0.054444 -0.554193
0.781630 -0.053094 -0.621478
0.651479 -0.436402 -0.620587
0.786694 -0.263714 -0.558183
0.689167 -0.458342 -0.561223
0.786694 -0.263714 -0.558183
0.651479 -0.436402 -0.620587
0.741104 -0.256089 -0.620631
0.518860 -0.588841 -0.619719
0.689167 -0.458342 -0.561223
0.549856 -0.617313 -0.562657
0.689167 -0.458342 -0.561223
0.518860 -0.588841 -0.619719
0.651479 -0.436402 -0.620587
0.549856 -0.617313 -0.562657
0.368911 -0.738048 -0.564969
0.518860 -0.588841 -0.619719
0.518860 -0.588841 -0.619719
0.368911 -0.738048 -0.564969
0.347491 -0.700225 -0.623646
0.153023 -0.810961 -0.564735
0.347491 -0.700225 -0.623646
0.368911 -0.738048 -0.564969
0.347491 -0.700225 -0.623646
0.153023 -0.810961 -0.564735
0.147500 -0.766271 -0.625357
0.864652 -0.050895 -0.499786
0.816698 0.158733 -0.554804
0.850915 0.163884 -0.499085
0.816698 0.158733 -0.554804
0.864652 -0.050895 -0.499786
0.830606 -0.054444 -0.554193
0.864652 -0.050895 -0.499786
0.786694 -0.263714 -0.558183
0.830606 -0.054444 -0.554193
0.786694 -0.263714 -0.558183
0.864652 -0.050895 -0.499786
0.820767 -0.270171 -0.503338
0.689167 -0.458342 -0.561223
0.820767 -0.270171 -0.503338
0.720739 -0.477090 -0.502912
0.820767 -0.270171 -0.503338
0.689167 -0.458342 -0.561223
0.786694 -0.263714 -0.558183
0.549856 -0.617313 -0.562657
0.720739 -0.477090 -0.502912
0.577289 -0.643056 -0.503206
0.720739 -0.477090 -0.502912
0.549856 -0.617313 -0.562657
0.689167 -0.458342 -0.561223
0.385526 -0.771737 -0.505758
0.549856 -0.617313 -0.562657
0.577289 -0.643056 -0.503206
0.549856 -0.617313 -0.562657
0.385526 -0.771737 -0.505758
0.368911 -0.738048 -0.564969
0.160381 -0.848176 -0.504852
0.368911 -0.738048 -0.564969
0.385526 -0.771737 -0.505758
0.368911 -0.738048 -0.564969
0.160381 -0.848176 -0.504852
0.153023 -0.810961 -0.564735
0.892811 -0.049248 -0.447731
0.850303 -0.278335 -0.446671
0.820767 -0.270171 -0.503338
0.892811 -0.049248 -0.447731
0.820767 -0.270171 -0.503338
0.864652 -0.050895 -0.499786
0.850303 -0.278335 -0.446671
0.720739 -0.477090 -0.502912
0.820767 -0.270171 -0.503338
0.720739 -0.477090 -0.502912
0.850303 -0.278335 -0.446671
0.747392 -0.492941 -0.445438
0.577289 -0.643056 -0.503206
0.747392 -0.492941 -0.445438
0.599123 -0.665336 -0.445398
0.747392 -0.492941 -0.445438
0.577289 -0.643056 -0.503206
0.720739 -0.477090 -0.502912
0.401095 -0.799636 -0.446883
0.577289 -0.643056 -0.503206
0.599123 -0.665336 -0.445398
0.577289 -0.643056 -0.503206
0.401095 -0.799636 -0.446883
0.385526 -0.771737 -0.505758
0.167928 -0.877930 -0.448374
0.385526 -0.771737 -0.505758
0.401095 -0.799636 -0.446883
0.385526 -0.771737 -0.505758
0.167928 -0.877930 -0.448374
0.160381 -0.848176 -0.504852
0.599123 -0.665336 -0.445398
0.771648 -0.503425 -0.388744
0.615690 -0.684447 -0.390460
0.771648 -0.503425 -0.388744
0.599123 -0.665336 -0.445398
0.747392 -0.492941 -0.445438
0.876375 -0.286404 -0.387221
0.771648 -0.503425 -0.388744
0.747392 -0.492941 -0.445438
0.876375 -0.286404 -0.387221
0.747392 -0.492941 -0.445438
0.850303 -0.278335 -0.446671
0.414095 -0.822545 -0.389801
0.599123 -0.665336 -0.445398
0.615690 -0.684447 -0.390460
0.599123 -0.665336 -0.445398
0.414095 -0.822545 -0.389801
0.401095 -0.799636 -0.446883
0.175789 -0.903533 -0.390802
0.401095 -0.799636 -0.446883
0.414095 -0.822545 -0.389801
0.401095 -0.799636 -0.446883
0.175789 -0.903533 -0.390802
0.167928 -0.877930 -0.448374
0.902897 -0.291215 -0.316182
0.796736 -0.513061 -0.319345
0.771648 -0.503425 -0.388744
0.902897 -0.291215 -0.316182
0.771648 -0.503425 -0.388744
0.876375 -0.286404 -0.387221
0.615690 -0.684447 -0.390460
0.796736 -0.513061 -0.319345
0.634387 -0.703237 -0.320952
0.796736 -0.513061 -0.319345
0.615690 -0.684447 -0.390460
0.771648 -0.503425 -0.388744
0.427480 -0.845051 -0.321170
0.615690 -0.684447 -0.390460
0.634387 -0.703237 -0.320952
0.615690 -0.684447 -0.390460
0.427480 -0.845051 -0.321170
0.414095 -0.822545 -0.389801
0.184159 -0.928325 -0.322952
0.414095 -0.822545 -0.389801
0.427480 -0.845051 -0.321170
0.414095 -0.822545 -0.389801
0.184159 -0.928325 -0.322952
0.175789 -0.903533 -0.390802
0.439418 -0.868079 -0.230977
0.634387 -0.703237 -0.320952
0.652699 -0.721006 -0.232669
0.634387 -0.703237 -0.320952
0.439418 -0.868079 -0.230977
0.427480 -0.845051 -0.321170
0.820598 -0.522657 -0.231190
0.652699 -0.721006 -0.232669
0.634387 -0.703237 -0.320952
0.820598 -0.522657 -0.231190
0.634387 -0.703237 -0.320952
0.796736 -0.513061 -0.319345
0.193087 -0.953416 -0.231765
0.427480 -0.845051 -0.321170
0.439418 -0.868079 -0.230977
0.427480 -0.845051 -0.321170
0.193087 -0.953416 -0.231765
0.184159 -0.928325 -0.322952
0.838024 -0.530456 -0.127797
0.667982 -0.733457 -0.125860
0.652699 -0.721006 -0.232669
0.838024 -0.530456 -0.127797
0.652699 -0.721006 -0.232669
0.820598 -0.522657 -0.231190
0.449504 -0.884269 -0.126548
0.652699 -0.721006 -0.232669
0.667982 -0.733457 -0.125860
0.652699 -0.721006 -0.232669
0.449504 -0.884269 -0.126548
0.439418 -0.868079 -0.230977
0.199826 -0.971722 -0.125801
0.439418 -0.868079 -0.230977
0.449504 -0.884269 -0.126548
0.439418 -0.868079 -0.230977
0.199826 -0.971722 -0.125801
0.193087 -0.953416 -0.231765
0.456326 -0.887084 -0.069634
0.667982 -0.733457 -0.125860
0.674240 -0.735676 -0.064662
0.667982 -0.733457 -0.125860
0.456326 -0.887084 -0.069634
0.449504 -0.884269 -0.126548
0.203092 -0.976503 -0.072085
0.449504 -0.884269 -0.126548
0.456326 -0.887084 -0.069634
0.449504 -0.884269 -0.126548
0.203092 -0.976503 -0.072085
0.199826 -0.971722 -0.125801
-0.578655 -0.206115 -0.789098
-0.548556 -0.384123 -0.742655
-0.636765 -0.230406 -0.735828
-0.548556 -0.384123 -0.742655
-0.578655 -0.206115 -0.789098
-0.493653 -0.333600 -0.803130
-0.493653 -0.333600 -0.803130
-0.349192 -0.463322 -0.814492
-0.395797 -0.531743 -0.748728
-0.493653 -0.333600 -0.803130
-0.395797 -0.531743 -0.748728
-0.548556 -0.384123 -0.742655
-0.466452 -0.286775 -0.836769
-0.349192 -0.463322 -0.814492
-0.493653 -0.333600 -0.803130
-0.349192 -0.463322 -0.814492
-0.466452 -0.286775 -0.836769
-0.316298 -0.405342 -0.857702
-0.493653 -0.333600 -0.803130
-0.535658 -0.194221 -0.821796
-0.466452 -0.286775 -0.836769
-0.535658 -0.194221 -0.821796
-0.493653 -0.333600 -0.803130
-0.578655 -0.206115 -0.789098
-0.636765 -0.230406 -0.735828
-0.674522 -0.060956 -0.735734
-0.578655 -0.206115 -0.789098
-0.578655 -0.206115 -0.789098
-0.674522 -0.060956 -0.735734
-0.605286 -0.053756 -0.794191
-0.535658 -0.194221 -0.821796
-0.605286 -0.053756 -0.794191
-0.536228 -0.063500 -0.841681
-0.605286 -0.053756 -0.794191
-0.535658 -0.194221 -0.821796
-0.578655 -0.206115 -0.789098
-0.636765 -0.230406 -0.735828
-0.548556 -0.384123 -0.742655
-0.689655 -0.255829 -0.677442
-0.548556 -0.384123 -0.742655
-0.593294 -0.432902 -0.678674
-0.689655 -0.255829 -0.677442
-0.395797 -0.531743 -0.748728
-0.593294 -0.432902 -0.678674
-0.548556 -0.384123 -0.742655
-0.593294 -0.432902 -0.678674
-0.395797 -0.531743 -0.748728
-0.437884 -0.588272 -0.679848
-0.689655 -0.255829 -0.677442
-0.735297 -0.067577 -0.674367
-0.636765 -0.230406 -0.735828
-0.636765 -0.230406 -0.735828
-0.735297 -0.067577 -0.674367
-0.674522 -0.060956 -0.735734
-0.625756 -0.471131 -0.621663
-0.733979 -0.278360 -0.619508
-0.593294 -0.432902 -0.678674
-0.593294 -0.432902 -0.678674
-0.733979 -0.278360 -0.619508
-0.689655 -0.255829 -0.677442
-0.437884 -0.588272 -0.679848
-0.625756 -0.471131 -0.621663
-0.593294 -0.432902 -0.678674
-0.625756 -0.471131 -0.621663
-0.437884 -0.588272 -0.679848
-0.467605 -0.627032 -0.623039
-0.783013 -0.076200 -0.617321
-0.689655 -0.255829 -0.677442
-0.733979 -0.278360 -0.619508
-0.689655 -0.255829 -0.677442
-0.783013 -0.076200 -0.617321
-0.735297 -0.067577 -0.674367
-0.467605 -0.627032 -0.623039
-0.655368 -0.502034 -0.564318
-0.625756 -0.471131 -0.621663
-0.655368 -0.502034 -0.564318
-0.467605 -0.627032 -0.623039
-0.492703 -0.661244 -0.565686
-0.655368 -0.502034 -0.564318
-0.771176 -0.298501 -0.562303
-0.625756 -0.471131 -0.621663
-0.625756 -0.471131 -0.621663
-0.771176 -0.298501 -0.562303
-0.733979 -0.278360 -0.619508
-0.823606 -0.086302 -0.560558
-0.733979 -0.278360 -0.619508
-0.771176 -0.298501 -0.562303
-0.733979 -0.278360 -0.619508
-0.823606 -0.086302 -0.560558
-0.783013 -0.076200 -0.617321
-0.514482 -0.692658 -0.505503
-0.682568 -0.529244 -0.503986
-0.655368 -0.502034 -0.564318
-0.655368 -0.502034 -0.564318
-0.492703 -0.661244 -0.565686
-0.514482 -0.692658 -0.505503
-0.803256 -0.318717 -0.503189
-0.655368 -0.502034 -0.564318
-0.682568 -0.529244 -0.503986
-0.655368 -0.502034 -0.564318
-0.803256 -0.318717 -0.503189
-0.771176 -0.298501 -0.562303
-0.859328 -0.095540 -0.502421
-0.771176 -0.298501 -0.562303
-0.803256 -0.318717 -0.503189
-0.771176 -0.298501 -0.562303
-0.859328 -0.095540 -0.502421
-0.823606 -0.086302 -0.560558
-0.889183 -0.106220 -0.445051
-0.803256 -0.318717 -0.503189
-0.829815 -0.336628 -0.445072
-0.803256 -0.318717 -0.503189
-0.889183 -0.106220 -0.445051
-0.859328 -0.095540 -0.502421
-0.829815 -0.336628 -0.445072
-0.682568 -0.529244 -0.503986
-0.704241 -0.551350 -0.447278
-0.682568 -0.529244 -0.503986
-0.829815 -0.336628 -0.445072
-0.803256 -0.318717 -0.503189
-0.913763 -0.116266 -0.389256
-0.829815 -0.336628 -0.445072
-0.851125 -0.351987 -0.389475
-0.829815 -0.336628 -0.445072
-0.913763 -0.116266 -0.389256
-0.889183 -0.106220 -0.445051
-0.851125 -0.351987 -0.389475
-0.704241 -0.551350 -0.447278
-0.722473 -0.570937 -0.389955
-0.704241 -0.551350 -0.447278
-0.851125 -0.351987 -0.389475
-0.829815 -0.336628 -0.445072
-0.871909 -0.367961 -0.323079
-0.722473 -0.570937 -0.389955
-0.739793 -0.590635 -0.322266
-0.722473 -0.570937 -0.389955
-0.871909 -0.367961 -0.323079
-0.851125 -0.351987 -0.389475
-0.939009 -0.123701 -0.320874
-0.851125 -0.351987 -0.389475
-0.871909 -0.367961 -0.323079
-0.851125 -0.351987 -0.389475
-0.939009 -0.123701 -0.320874
-0.913763 -0.116266 -0.389256
-0.892948 -0.383634 -0.235518
-0.739793 -0.590635 -0.322266
-0.756805 -0.609445 -0.236267
-0.739793 -0.590635 -0.322266
-0.892948 -0.383634 -0.235518
-0.871909 -0.367961 -0.323079
-0.964127 -0.129981 -0.231440
-0.871909 -0.367961 -0.323079
-0.892948 -0.383634 -0.235518
-0.871909 -0.367961 -0.323079
-0.964127 -0.129981 -0.231440
-0.939009 -0.123701 -0.320874
-0.057289 -0.730995 -0.679974
0.143838 -0.673023 -0.725501
0.146201 -0.723035 -0.675164
0.143838 -0.673023 -0.725501
-0.057289 -0.730995 -0.679974
-0.044497 -0.669316 -0.741644
-0.063635 -0.778210 -0.624771
0.146201 -0.723035 -0.675164
0.147500 -0.766271 -0.625357
0.146201 -0.723035 -0.675164
-0.063635 -0.778210 -0.624771
-0.057289 -0.730995 -0.679974
-0.064943 -0.821059 -0.567138
0.147500 -0.766271 -0.625357
0.153023 -0.810961 -0.564735
0.147500 -0.766271 -0.625357
-0.064943 -0.821059 -0.567138
-0.063635 -0.778210 -0.624771
-0.064653 -0.860300 -0.505671
0.153023 -0.810961 -0.564735
0.160381 -0.848176 -0.504852
0.153023 -0.810961 -0.564735
-0.064653 -0.860300 -0.505671
-0.064943 -0.821059 -0.567138
-0.064653 -0.860300 -0.505671
-0.289789 -0.769160 -0.569574
-0.064943 -0.821059 -0.567138
-0.289789 -0.769160 -0.569574
-0.064653 -0.860300 -0.505671
-0.301798 -0.806567 -0.508299
-0.289789 -0.769160 -0.569574
-0.274726 -0.730005 -0.625794
-0.064943 -0.821059 -0.567138
-0.064943 -0.821059 -0.567138
-0.274726 -0.730005 -0.625794
-0.063635 -0.778210 -0.624771
-0.064987 -0.891048 -0.449232
0.160381 -0.848176 -0.504852
0.167928 -0.877930 -0.448374
0.160381 -0.848176 -0.504852
-0.064987 -0.891048 -0.449232
-0.064653 -0.860300 -0.505671
-0.064987 -0.891048 -0.449232
-0.301798 -0.806567 -0.508299
-0.064653 -0.860300 -0.505671
-0.301798 -0.806567 -0.508299
-0.064987 -0.891048 -0.449232
-0.310259 -0.837347 -0.450099
-0.067558 -0.918771 -0.388967
0.167928 -0.877930 -0.448374
0.175789 -0.903533 -0.390802
0.167928 -0.877930 -0.448374
-0.067558 -0.918771 -0.388967
-0.064987 -0.891048 -0.449232
-0.067558 -0.918771 -0.388967
-0.310259 -0.837347 -0.450099
-0.064987 -0.891048 -0.449232
-0.310259 -0.837347 -0.450099
-0.067558 -0.918771 -0.388967
-0.316529 -0.865655 -0.387879
-0.316529 -0.865655 -0.387879
-0.530878 -0.719335 -0.448024
-0.310259 -0.837347 -0.450099
-0.530878 -0.719335 -0.448024
-0.316529 -0.865655 -0.387879
-0.543117 -0.744360 -0.388525
-0.530878 -0.719335 -0.448024
-0.514482 -0.692658 -0.505503
-0.310259 -0.837347 -0.450099
-0.310259 -0.837347 -0.450099
-0.514482 -0.692658 -0.505503
-0.301798 -0.806567 -0.508299
-0.070829 -0.944140 -0.321843
0.175789 -0.903533 -0.390802
0.184159 -0.928325 -0.322952
0.175789 -0.903533 -0.390802
-0.070829 -0.944140 -0.321843
-0.067558 -0.918771 -0.388967
-0.070829 -0.944140 -0.321843
-0.316529 -0.865655 -0.387879
-0.067558 -0.918771 -0.388967
-0.316529 -0.865655 -0.387879
-0.070829 -0.944140 -0.321843
-0.323950 -0.890418 -0.319707
-0.323950 -0.890418 -0.319707
-0.543117 -0.744360 -0.388525
-0.316529 -0.865655 -0.387879
-0.543117 -0.744360 -0.388525
-0.323950 -0.890418 -0.319707
-0.553917 -0.768587 -0.320077
-0.722473 -0.570937 -0.389955
-0.704241 -0.551350 -0.447278
-0.543117 -0.744360 -0.388525
-0.543117 -0.744360 -0.388525
-0.704241 -0.551350 -0.447278
-0.530878 -0.719335 -0.448024
-0.722473 -0.570937 -0.389955
-0.553917 -0.768587 -0.320077
-0.739793 -0.590635 -0.322266
-0.553917 -0.768587 -0.320077
-0.722473 -0.570937 -0.389955
-0.543117 -0.744360 -0.388525
-0.071598 -0.969360 -0.234979
0.184159 -0.928325 -0.322952
0.193087 -0.953416 -0.231765
0.184159 -0.928325 -0.322952
-0.071598 -0.969360 -0.234979
-0.070829 -0.944140 -0.321843
-0.071598 -0.969360 -0.234979
-0.323950 -0.890418 -0.319707
-0.070829 -0.944140 -0.321843
-0.323950 -0.890418 -0.319707
-0.071598 -0.969360 -0.234979
-0.329780 -0.914151 -0.235741
-0.329780 -0.914151 -0.235741
-0.553917 -0.768587 -0.320077
-0.323950 -0.890418 -0.319707
-0.553917 -0.768587 -0.320077
-0.329780 -0.914151 -0.235741
-0.563806 -0.791503 -0.235893
-0.563806 -0.791503 -0.235893
-0.739793 -0.590635 -0.322266
-0.553917 -0.768587 -0.320077
-0.739793 -0.590635 -0.322266
-0.563806 -0.791503 -0.235893
-0.756805 -0.609445 -0.236267
-0.067931 -0.989538 -0.127281
0.193087 -0.953416 -0.231765
0.199826 -0.971722 -0.125801
0.193087 -0.953416 -0.231765
-0.067931 -0.989538 -0.127281
-0.071598 -0.969360 -0.234979
-0.067931 -0.989538 -0.127281
-0.329780 -0.914151 -0.235741
-0.071598 -0.969360 -0.234979
-0.329780 -0.914151 -0.235741
-0.067931 -0.989538 -0.127281
-0.332739 -0.933895 -0.130860
-0.332739 -0.933895 -0.130860
-0.563806 -0.791503 -0.235893
-0.329780 -0.914151 -0.235741
-0.563806 -0.791503 -0.235893
-0.332739 -0.933895 -0.130860
-0.572519 -0.809732 -0.128669
-0.572519 -0.809732 -0.128669
-0.756805 -0.609445 -0.236267
-0.563806 -0.791503 -0.235893
-0.756805 -0.609445 -0.236267
-0.572519 -0.809732 -0.128669
-0.768841 -0.626705 -0.126985
-0.909360 -0.396212 -0.126808
-0.756805 -0.609445 -0.236267
-0.768841 -0.626705 -0.126985
-0.756805 -0.609445 -0.236267
-0.909360 -0.396212 -0.126808
-0.892948 -0.383634 -0.235518
-0.062598 -0.995512 -0.070973
0.199826 -0.971722 -0.125801
0.203092 -0.976503 -0.072085
0.199826 -0.971722 -0.125801
-0.062598 -0.995512 -0.070973
-0.067931 -0.989538 -0.127281
-0.330630 -0.940885 -0.073612
-0.067931 -0.989538 -0.127281
-0.062598 -0.995512 -0.070973
-0.067931 -0.989538 -0.127281
-0.330630 -0.940885 -0.073612
-0.332739 -0.933895 -0.130860
-0.330630 -0.940885 -0.073612
-0.572519 -0.809732 -0.128669
-0.332739 -0.933895 -0.130860
-0.572519 -0.809732 -0.128669
-0.330630 -0.940885 -0.073612
-0.575429 -0.815040 -0.067761
-0.575429 -0.815040 -0.067761
-0.768841 -0.626705 -0.126985
-0.572519 -0.809732 -0.128669
-0.768841 -0.626705 -0.126985
-0.575429 -0.815040 -0.067761
-0.770530 -0.634057 -0.065240
-0.913529 -0.401449 -0.065598
-0.768841 -0.626705 -0.126985
-0.770530 -0.634057 -0.065240
-0.768841 -0.626705 -0.126985
-0.913529 -0.401449 -0.065598
-0.909360 -0.396212 -0.126808
0.843524 -0.532311 -0.071494
0.674240 -0.735676 -0.064662
0.667982 -0.733457 -0.125860
0.843524 -0.532311 -0.071494
0.667982 -0.733457 -0.125860
0.838024 -0.530456 -0.127797
0.946518 -0.296463 -0.127329
0.820598 -0.522657 -0.231190
0.927374 -0.295022 -0.230087
0.820598 -0.522657 -0.231190
0.946518 -0.296463 -0.127329
0.838024 -0.530456 -0.127797
0.953283 -0.293832 -0.070103
0.843524 -0.532311 -0.071494
0.838024 -0.530456 -0.127797
0.953283 -0.293832 -0.070103
0.838024 -0.530456 -0.127797
0.946518 -0.296463 -0.127329
0.991128 -0.043299 -0.125660
0.927374 -0.295022 -0.230087
0.972030 -0.045865 -0.230333
0.927374 -0.295022 -0.230087
0.991128 -0.043299 -0.125660
0.946518 -0.296463 -0.127329
0.953283 -0.293832 -0.070103
0.991128 -0.043299 -0.125660
0.997141 -0.040313 -0.063913
0.991128 -0.043299 -0.125660
0.953283 -0.293832 -0.070103
0.946518 -0.296463 -0.127329
0.968220 0.215153 -0.127511
0.991128 -0.043299 -0.125660
0.951032 0.208003 -0.228634
0.991128 -0.043299 -0.125660
0.972030 -0.045865 -0.230333
0.951032 0.208003 -0.228634
0.997141 -0.040313 -0.063913
0.968220 0.215153 -0.127511
0.973060 0.219518 -0.070466
0.968220 0.215153 -0.127511
0.997141 -0.040313 -0.063913
0.991128 -0.043299 -0.125660
0.881685 0.454512 -0.126687
0.968220 0.215153 -0.127511
0.868283 0.441347 -0.226490
0.968220 0.215153 -0.127511
0.951032 0.208003 -0.228634
0.868283 0.441347 -0.226490
0.973060 0.219518 -0.070466
0.881685 0.454512 -0.126687
0.883190 0.463216 -0.073529
0.881685 0.454512 -0.126687
0.973060 0.219518 -0.070466
0.968220 0.215153 -0.127511
0.741301 0.659926 -0.122353
0.881685 0.454512 -0.126687
0.731057 0.643530 -0.226771
0.881685 0.454512 -0.126687
0.868283 0.441347 -0.226490
0.731057 0.643530 -0.226771
0.883190 0.463216 -0.073529
0.741301 0.659926 -0.122353
0.740722 0.668189 -0.069674
0.741301 0.659926 -0.122353
0.883190 0.463216 -0.073529
0.881685 0.454512 -0.126687
0.552999 0.823853 -0.124334
0.731057 0.643530 -0.226771
0.545720 0.806809 -0.226381
0.731057 0.643530 -0.226771
0.552999 0.823853 -0.124334
0.741301 0.659926 -0.122353
0.553725 0.829439 -0.073614
0.740722 0.668189 -0.069674
0.741301 0.659926 -0.122353
0.553725 0.829439 -0.073614
0.741301 0.659926 -0.122353
0.552999 0.823853 -0.124334
0.329207 0.935414 -0.128930
0.545720 0.806809 -0.226381
0.328663 0.917372 -0.224521
0.545720 0.806809 -0.226381
0.329207 0.935414 -0.128930
0.552999 0.823853 -0.124334
0.325244 0.942382 -0.078315
0.553725 0.829439 -0.073614
0.552999 0.823853 -0.124334
0.325244 0.942382 -0.078315
0.552999 0.823853 -0.124334
0.329207 0.935414 -0.128930
0.089589 0.988030 -0.125583
0.328663 0.917372 -0.224521
0.095112 0.969548 -0.225677
0.328663 0.917372 -0.224521
0.089589 0.988030 -0.125583
0.329207 0.935414 -0.128930
0.325244 0.942382 -0.078315
0.089589 0.988030 -0.125583
0.082430 0.994175 -0.069429
0.089589 0.988030 -0.125583
0.325244 0.942382 -0.078315
0.329207 0.935414 -0.128930
-0.154550 0.980258 -0.123323
0.089589 0.988030 -0.125583
-0.147418 0.962047 -0.229639
0.089589 0.988030 -0.125583
0.095112 0.969548 -0.225677
-0.147418 0.962047 -0.229639
0.082430 0.994175 -0.069429
-0.154550 0.980258 -0.123323
-0.158643 0.985488 -0.060375
-0.154550 0.980258 -0.123323
0.082430 0.994175 -0.069429
0.089589 0.988030 -0.125583
-0.395042 0.909861 -0.126868
-0.154550 0.980258 -0.123323
-0.383722 0.893765 -0.232252
-0.154550 0.980258 -0.123323
-0.147418 0.962047 -0.229639
-0.383722 0.893765 -0.232252
-0.158643 0.985488 -0.060375
-0.395042 0.909861 -0.126868
-0.400747 0.913999 -0.063313
-0.395042 0.909861 -0.126868
-0.158643 0.985488 -0.060375
-0.154550 0.980258 -0.123323
0.927374 -0.295022 -0.230087
0.796736 -0.513061 -0.319345
0.902897 -0.291215 -0.316182
0.796736 -0.513061 -0.319345
0.927374 -0.295022 -0.230087
0.820598 -0.522657 -0.231190
0.972030 -0.045865 -0.230333
0.902897 -0.291215 -0.316182
0.947804 -0.048593 -0.315131
0.902897 -0.291215 -0.316182
0.972030 -0.045865 -0.230333
0.927374 -0.295022 -0.230087
0.951032 0.208003 -0.228634
0.972030 -0.045865 -0.230333
0.929187 0.196533 -0.313029
0.972030 -0.045865 -0.230333
0.947804 -0.048593 -0.315131
0.929187 0.196533 -0.313029
0.868283 0.441347 -0.226490
0.951032 0.208003 -0.228634
0.849407 0.426461 -0.310867
0.951032 0.208003 -0.228634
0.929187 0.196533 -0.313029
0.849407 0.426461 -0.310867
0.731057 0.643530 -0.226771
0.868283 0.441347 -0.226490
0.714998 0.625329 -0.312637
0.868283 0.441347 -0.226490
0.849407 0.426461 -0.310867
0.714998 0.625329 -0.312637
0.545720 0.806809 -0.226381
0.714998 0.625329 -0.312637
0.538224 0.782535 -0.312976
0.714998 0.625329 -0.312637
0.545720 0.806809 -0.226381
0.731057 0.643530 -0.226771
0.328663 0.917372 -0.224521
0.538224 0.782535 -0.312976
0.326193 0.892858 -0.310489
0.538224 0.782535 -0.312976
0.328663 0.917372 -0.224521
0.545720 0.806809 -0.226381
0.095112 0.969548 -0.225677
0.326193 0.892858 -0.310489
0.095929 0.944927 -0.312906
0.326193 0.892858 -0.310489
0.095112 0.969548 -0.225677
0.328663 0.917372 -0.224521
-0.147418 0.962047 -0.229639
0.095112 0.969548 -0.225677
-0.138663 0.938353 -0.316647
0.095112 0.969548 -0.225677
0.095929 0.944927 -0.312906
-0.138663 0.938353 -0.316647
0.947804 -0.048593 -0.315131
0.876375 -0.286404 -0.387221
0.919332 -0.050110 -0.390279
0.876375 -0.286404 -0.387221
0.947804 -0.048593 -0.315131
0.902897 -0.291215 -0.316182
0.929187 0.196533 -0.313029
0.947804 -0.048593 -0.315131
0.902815 0.183003 -0.389146
0.947804 -0.048593 -0.315131
0.919332 -0.050110 -0.390279
0.902815 0.183003 -0.389146
0.849407 0.426461 -0.310867
0.929187 0.196533 -0.313029
0.826605 0.408969 -0.386611
0.929187 0.196533 -0.313029
0.902815 0.183003 -0.389146
0.826605 0.408969 -0.386611
0.714998 0.625329 -0.312637
0.849407 0.426461 -0.310867
0.695213 0.605714 -0.387026
0.849407 0.426461 -0.310867
0.826605 0.408969 -0.386611
0.695213 0.605714 -0.387026
0.695213 0.605714 -0.387026
0.538224 0.782535 -0.312976
0.714998 0.625329 -0.312637
0.538224 0.782535 -0.312976
0.695213 0.605714 -0.387026
0.528675 0.755532 -0.386877
0.326193 0.892858 -0.310489
0.528675 0.755532 -0.386877
0.322812 0.864188 -0.385968
0.528675 0.755532 -0.386877
0.326193 0.892858 -0.310489
0.538224 0.782535 -0.312976
0.095929 0.944927 -0.312906
0.322812 0.864188 -0.385968
0.095044 0.917213 -0.386894
0.322812 0.864188 -0.385968
0.095929 0.944927 -0.312906
0.326193 0.892858 -0.310489
-0.138663 0.938353 -0.316647
0.095929 0.944927 -0.312906
-0.129007 0.912535 -0.388120
0.095929 0.944927 -0.312906
0.095044 0.917213 -0.386894
-0.129007 0.912535 -0.388120
0.919332 -0.050110 -0.390279
0.850303 -0.278335 -0.446671
0.892811 -0.049248 -0.447731
0.850303 -0.278335 -0.446671
0.919332 -0.050110 -0.390279
0.876375 -0.286404 -0.387221
0.902815 0.183003 -0.389146
0.919332 -0.050110 -0.390279
0.877408 0.171342 -0.448104
0.919332 -0.050110 -0.390279
0.892811 -0.049248 -0.447731
0.877408 0.171342 -0.448104
0.826605 0.408969 -0.386611
0.902815 0.183003 -0.389146
0.802170 0.393450 -0.449133
0.902815 0.183003 -0.389146
0.877408 0.171342 -0.448104
0.802170 0.393450 -0.449133
0.695213 0.605714 -0.387026
0.826605 0.408969 -0.386611
0.674960 0.585548 -0.448957
0.826605 0.408969 -0.386611
0.802170 0.393450 -0.449133
0.674960 0.585548 -0.448957
0.674960 0.585548 -0.448957
0.528675 0.755532 -0.386877
0.695213 0.605714 -0.387026
0.528675 0.755532 -0.386877
0.674960 0.585548 -0.448957
0.517726 0.728680 -0.448314
0.322812 0.864188 -0.385968
0.517726 0.728680 -0.448314
0.319269 0.835783 -0.446691
0.517726 0.728680 -0.448314
0.322812 0.864188 -0.385968
0.528675 0.755532 -0.386877
0.095044 0.917213 -0.386894
0.319269 0.835783 -0.446691
0.096697 0.891097 -0.443391
0.319269 0.835783 -0.446691
0.095044 0.917213 -0.386894
0.322812 0.864188 -0.385968
0.877408 0.171342 -0.448104
0.892811 -0.049248 -0.447731
0.850915 0.163884 -0.499085
0.892811 -0.049248 -0.447731
0.864652 -0.050895 -0.499786
0.850915 0.163884 -0.499085
0.802170 0.393450 -0.449133
0.877408 0.171342 -0.448104
0.778149 0.378787 -0.501004
0.877408 0.171342 -0.448104
0.850915 0.163884 -0.499085
0.778149 0.378787 -0.501004
0.674960 0.585548 -0.448957
0.802170 0.393450 -0.449133
0.657289 0.564994 -0.498751
0.802170 0.393450 -0.449133
0.778149 0.378787 -0.501004
0.657289 0.564994 -0.498751
0.657289 0.564994 -0.498751
0.517726 0.728680 -0.448314
0.674960 0.585548 -0.448957
0.517726 0.728680 -0.448314
0.657289 0.564994 -0.498751
0.505367 0.704475 -0.498317
0.319269 0.835783 -0.446691
0.505367 0.704475 -0.498317
0.315403 0.806963 -0.499332
0.505367 0.704475 -0.498317
0.319269 0.835783 -0.446691
0.517726 0.728680 -0.448314
0.096697 0.891097 -0.443391
0.315403 0.806963 -0.499332
0.099552 0.861827 -0.497337
0.315403 0.806963 -0.499332
0.096697 0.891097 -0.443391
0.319269 0.835783 -0.446691
0.778149 0.378787 -0.501004
0.850915 0.163884 -0.499085
0.747257 0.361969 -0.557302
0.850915 0.163884 -0.499085
0.816698 0.158733 -0.554804
0.747257 0.361969 -0.557302
0.657289 0.564994 -0.498751
0.778149 0.378787 -0.501004
0.631607 0.539175 -0.557103
0.778149 0.378787 -0.501004
0.747257 0.361969 -0.557302
0.631607 0.539175 -0.557103
0.631607 0.539175 -0.557103
0.505367 0.704475 -0.498317
0.657289 0.564994 -0.498751
0.505367 0.704475 -0.498317
0.631607 0.539175 -0.557103
0.483956 0.674108 -0.558002
0.483956 0.674108 -0.558002
0.315403 0.806963 -0.499332
0.505367 0.704475 -0.498317
0.315403 0.806963 -0.499332
0.483956 0.674108 -0.558002
0.307462 0.770307 -0.558654
0.099552 0.861827 -0.497337
0.307462 0.770307 -0.558654
0.101116 0.824788 -0.556327
0.307462 0.770307 -0.558654
0.099552 0.861827 -0.497337
0.315403 0.806963 -0.499332
0.747257 0.361969 -0.557302
0.816698 0.158733 -0.554804
0.707464 0.339723 -0.619745
0.816698 0.158733 -0.554804
0.767653 0.152164 -0.622540
0.707464 0.339723 -0.619745
0.631607 0.539175 -0.557103
0.747257 0.361969 -0.557302
0.600190 0.511026 -0.615325
0.747257 0.361969 -0.557302
0.707464 0.339723 -0.619745
0.600190 0.511026 -0.615325
0.600190 0.511026 -0.615325
0.483956 0.674108 -0.558002
0.631607 0.539175 -0.557103
0.483956 0.674108 -0.558002
0.600190 0.511026 -0.615325
0.458854 0.642300 -0.613925
0.458854 0.642300 -0.613925
0.307462 0.770307 -0.558654
0.483956 0.674108 -0.558002
0.307462 0.770307 -0.558654
0.458854 0.642300 -0.613925
0.294225 0.729760 -0.617157
0.600190 0.511026 -0.615325
0.707464 0.339723 -0.619745
0.566588 0.477160 -0.671786
0.707464 0.339723 -0.619745
0.663319 0.315015 -0.678803
0.566588 0.477160 -0.671786
0.458854 0.642300 -0.613925
0.600190 0.511026 -0.615325
0.432209 0.607720 -0.666237
0.600190 0.511026 -0.615325
0.566588 0.477160 -0.671786
0.432209 0.607720 -0.666237
0.432209 0.607720 -0.666237
0.294225 0.729760 -0.617157
0.458854 0.642300 -0.613925
0.294225 0.729760 -0.617157
0.432209 0.607720 -0.666237
0.274479 0.691856 -0.667830
0.566588 0.477160 -0.671786
0.663319 0.315015 -0.678803
0.528414 0.441625 -0.725084
0.663319 0.315015 -0.678803
0.616222 0.297542 -0.729205
0.528414 0.441625 -0.725084
0.432209 0.607720 -0.666237
0.566588 0.477160 -0.671786
0.399891 0.561980 -0.724062
0.566588 0.477160 -0.671786
0.528414 0.441625 -0.725084
0.399891 0.561980 -0.724062
0.274479 0.691856 -0.667830
0.399891 0.561980 -0.724062
0.247682 0.644719 -0.723181
0.399891 0.561980 -0.724062
0.274479 0.691856 -0.667830
0.432209 0.607720 -0.666237
0.399891 0.561980 -0.724062
0.480997 0.411936 -0.773919
0.364458 0.509025 -0.779784
0.480997 0.411936 -0.773919
0.399891 0.561980 -0.724062
0.528414 0.441625 -0.725084
0.364458 0.509025 -0.779784
0.441240 0.389914 -0.808254
0.341963 0.452876 -0.823386
0.441240 0.389914 -0.808254
0.364458 0.509025 -0.779784
0.480997 0.411936 -0.773919
0.815616 0.125677 0.564780
0.518467 0.223498 0.825373
0.751097 0.333067 0.570017
0.518467 0.223498 0.825373
0.815616 0.125677 0.564780
0.555904 0.079334 0.827452
0.419613 0.181133 0.889447
0.555904 0.079334 0.827452
0.428984 0.060508 0.901283
0.555904 0.079334 0.827452
0.419613 0.181133 0.889447
0.518467 0.223498 0.825373
0.557004 -0.057534 0.828514
0.428984 0.060508 0.901283
0.555904 0.079334 0.827452
0.428984 0.060508 0.901283
0.557004 -0.057534 0.828514
0.441426 -0.048266 0.895999
0.557004 -0.057534 0.828514
0.555904 0.079334 0.827452
0.818396 -0.082715 0.568671
0.818396 -0.082715 0.568671
0.555904 0.079334 0.827452
0.815616 0.125677 0.564780
0.923365 0.153102 0.352077
0.932356 -0.089677 0.350244
0.815616 0.125677 0.564780
0.818396 -0.082715 0.568671
0.815616 0.125677 0.564780
0.932356 -0.089677 0.350244
0.852943 0.389516 0.347513
0.815616 0.125677 0.564780
0.751097 0.333067 0.570017
0.815616 0.125677 0.564780
0.852943 0.389516 0.347513
0.923365 0.153102 0.352077
0.852943 0.389516 0.347513
0.719514 0.606050 0.339120
0.715241 0.607697 0.345158
0.852943 0.389516 0.347513
0.715241 0.607697 0.345158
0.852689 0.395007 0.341893
0.751097 0.333067 0.570017
0.719514 0.606050 0.339120
0.852943 0.389516 0.347513
0.719514 0.606050 0.339120
0.751097 0.333067 0.570017
0.632181 0.525829 0.569079
0.852689 0.395007 0.341893
0.923365 0.153102 0.352077
0.852943 0.389516 0.347513
0.923365 0.153102 0.352077
0.852689 0.395007 0.341893
0.927211 0.160876 0.338230
0.927211 0.160876 0.338230
0.937028 -0.082719 0.339317
0.923365 0.153102 0.352077
0.932356 -0.089677 0.350244
0.923365 0.153102 0.352077
0.937028 -0.082719 0.339317
0.524732 0.777642 0.346308
0.711386 0.610850 0.347551
0.715241 0.607697 0.345158
0.711386 0.610850 0.347551
0.524732 0.777642 0.346308
0.521276 0.779365 0.347650
0.530100 0.777551 0.338244
0.715241 0.607697 0.345158
0.719514 0.606050 0.339120
0.715241 0.607697 0.345158
0.530100 0.777551 0.338244
0.524732 0.777642 0.346308
0.711386 0.610850 0.347551
0.852689 0.395007 0.341893
0.715241 0.607697 0.345158
0.852689 0.395007 0.341893
0.711386 0.610850 0.347551
0.848596 0.401861 0.344082
0.848596 0.401861 0.344082
0.927211 0.160876 0.338230
0.852689 0.395007 0.341893
0.927211 0.160876 0.338230
0.848596 0.401861 0.344082
0.924843 0.167900 0.341284
0.924843 0.167900 0.341284
0.936553 -0.078082 0.341718
0.927211 0.160876 0.338230
0.937028 -0.082719 0.339317
0.927211 0.160876 0.338230
0.936553 -0.078082 0.341718
0.848596 0.401861 0.344082
0.707773 0.614016 0.349344
0.844945 0.406925 0.347103
0.707773 0.614016 0.349344
0.848596 0.401861 0.344082
0.711386 0.610850 0.347551
0.521276 0.779365 0.347650
0.707773 0.614016 0.349344
0.711386 0.610850 0.347551
0.707773 0.614016 0.349344
0.521276 0.779365 0.347650
0.517453 0.780692 0.350375
0.924843 0.167900 0.341284
0.844945 0.406925 0.347103
0.921601 0.174166 0.346869
0.844945 0.406925 0.347103
0.924843 0.167900 0.341284
0.848596 0.401861 0.344082
0.936553 -0.078082 0.341718
0.924843 0.167900 0.341284
0.935742 -0.071682 0.345323
0.924843 0.167900 0.341284
0.921601 0.174166 0.346869
0.935742 -0.071682 0.345323
0.293144 0.890427 0.348148
0.504004 0.779595 0.371768
0.517453 0.780692 0.350375
0.504004 0.779595 0.371768
0.293144 0.890427 0.348148
0.292965 0.879085 0.376005
0.294376 0.890594 0.346677
0.517453 0.780692 0.350375
0.521276 0.779365 0.347650
0.517453 0.780692 0.350375
0.294376 0.890594 0.346677
0.293144 0.890427 0.348148
0.707773 0.614016 0.349344
0.517453 0.780692 0.350375
0.699990 0.612771 0.366778
0.517453 0.780692 0.350375
0.504004 0.779595 0.371768
0.699990 0.612771 0.366778
0.844945 0.406925 0.347103
0.699990 0.612771 0.366778
0.836652 0.400108 0.374068
0.699990 0.612771 0.366778
0.844945 0.406925 0.347103
0.707773 0.614016 0.349344
0.921601 0.174166 0.346869
0.836652 0.400108 0.374068
0.907777 0.182299 0.377768
0.836652 0.400108 0.374068
0.921601 0.174166 0.346869
0.844945 0.406925 0.347103
0.935742 -0.071682 0.345323
0.921601 0.174166 0.346869
0.925313 -0.064471 0.373684
0.921601 0.174166 0.346869
0.907777 0.182299 0.377768
0.925313 -0.064471 0.373684
0.699990 0.612771 0.366778
0.504004 0.779595 0.371768
0.611236 0.533036 0.585033
0.504004 0.779595 0.371768
0.429947 0.681149 0.592606
0.611236 0.533036 0.585033
0.292965 0.879085 0.376005
0.429947 0.681149 0.592606
0.504004 0.779595 0.371768
0.429947 0.681149 0.592606
0.292965 0.879085 0.376005
0.255879 0.760051 0.597368
0.611236 0.533036 0.585033
0.836652 0.400108 0.374068
0.699990 0.612771 0.366778
0.836652 0.400108 0.374068
0.611236 0.533036 0.585033
0.731639 0.345487 0.587659
0.907777 0.182299 0.377768
0.731639 0.345487 0.587659
0.785388 0.169262 0.595413
0.731639 0.345487 0.587659
0.907777 0.182299 0.377768
0.836652 0.400108 0.374068
0.925313 -0.064471 0.373684
0.785388 0.169262 0.595413
0.802741 -0.054138 0.593865
0.785388 0.169262 0.595413
0.925313 -0.064471 0.373684
0.907777 0.182299 0.377768
0.255879 0.760051 0.597368
0.037008 0.548658 0.835227
0.176216 0.523738 0.833454
0.037008 0.548658 0.835227
0.255879 0.760051 0.597368
0.050724 0.803894 0.592606
0.048268 0.930546 0.362980
0.255879 0.760051 0.597368
0.292965 0.879085 0.376005
0.255879 0.760051 0.597368
0.048268 0.930546 0.362980
0.050724 0.803894 0.592606
0.176216 0.523738 0.833454
0.429947 0.681149 0.592606
0.255879 0.760051 0.597368
0.429947 0.681149 0.592606
0.176216 0.523738 0.833454
0.296223 0.472563 0.830022
0.296223 0.472563 0.830022
0.425529 0.375695 0.823273
0.429947 0.681149 0.592606
0.429947 0.681149 0.592606
0.425529 0.375695 0.823273
0.611236 0.533036 0.585033
0.731639 0.345487 0.587659
0.425529 0.375695 0.823273
0.521352 0.251804 0.815345
0.425529 0.375695 0.823273
0.731639 0.345487 0.587659
0.611236 0.533036 0.585033
0.785388 0.169262 0.595413
0.731639 0.345487 0.587659
0.557242 0.118102 0.821908
0.731639 0.345487 0.587659
0.521352 0.251804 0.815345
0.557242 0.118102 0.821908
0.554172 -0.041499 0.831367
0.802741 -0.054138 0.593865
0.785388 0.169262 0.595413
0.554172 -0.041499 0.831367
0.785388 0.169262 0.595413
0.557242 0.118102 0.821908
0.145435 0.428831 0.891602
0.296223 0.472563 0.830022
0.176216 0.523738 0.833454
0.296223 0.472563 0.830022
0.145435 0.428831 0.891602
0.245923 0.392381 0.886318
0.176216 0.523738 0.833454
0.033989 0.459660 0.887444
0.145435 0.428831 0.891602
0.033989 0.459660 0.887444
0.176216 0.523738 0.833454
0.037008 0.548658 0.835227
0.245923 0.392381 0.886318
0.358172 0.331235 0.872924
0.296223 0.472563 0.830022
0.296223 0.472563 0.830022
0.358172 0.331235 0.872924
0.425529 0.375695 0.823273
0.521352 0.251804 0.815345
0.425529 0.375695 0.823273
0.438651 0.221833 0.870848
0.425529 0.375695 0.823273
0.358172 0.331235 0.872924
0.438651 0.221833 0.870848
0.557242 0.118102 0.821908
0.521352 0.251804 0.815345
0.470846 0.091728 0.877434
0.521352 0.251804 0.815345
0.438651 0.221833 0.870848
0.470846 0.091728 0.877434
0.458934 -0.039841 0.887577
0.554172 -0.041499 0.831367
0.557242 0.118102 0.821908
0.458934 -0.039841 0.887577
0.557242 0.118102 0.821908
0.470846 0.091728 0.877434
0.177653 -0.370427 -0.911714
0.255040 -0.500770 -0.827154
0.064472 -0.511379 -0.856933
0.255040 -0.500770 -0.827154
0.177653 -0.370427 -0.911714
0.350506 -0.377720 -0.857014
0.064472 -0.511379 -0.856933
0.163939 -0.602627 -0.781002
-0.012489 -0.597368 -0.801870
0.163939 -0.602627 -0.781002
0.064472 -0.511379 -0.856933
0.255040 -0.500770 -0.827154
0.267605 -0.211556 -0.940017
0.350506 -0.377720 -0.857014
0.177653 -0.370427 -0.911714
0.350506 -0.377720 -0.857014
0.267605 -0.211556 -0.940017
0.430764 -0.223269 -0.874410
0.338098 -0.008905 -0.941069
0.430764 -0.223269 -0.874410
0.267605 -0.211556 -0.940017
0.430764 -0.223269 -0.874410
0.338098 -0.008905 -0.941069
0.495147 -0.029004 -0.868325
0.338098 -0.008905 -0.941069
0.506063 0.138168 -0.851357
0.495147 -0.029004 -0.868325
0.506063 0.138168 -0.851357
0.338098 -0.008905 -0.941069
0.368220 0.204195 -0.907038
0.368220 0.204195 -0.907038
0.475928 0.284157 -0.832314
0.506063 0.138168 -0.851357
0.475928 0.284157 -0.832314
0.368220 0.204195 -0.907038
0.352811 0.348367 -0.868426
0.352811 0.348367 -0.868426
0.441240 0.389914 -0.808254
0.475928 0.284157 -0.832314
0.441240 0.389914 -0.808254
0.352811 0.348367 -0.868426
0.341963 0.452876 -0.823386
-0.027797 -0.355994 -0.934075
0.064472 -0.511379 -0.856933
-0.128069 -0.486165 -0.864432
0.064472 -0.511379 -0.856933
-0.027797 -0.355994 -0.934075
0.177653 -0.370427 -0.911714
-0.128069 -0.486165 -0.864432
-0.012489 -0.597368 -0.801870
-0.181877 -0.555260 -0.811546
-0.012489 -0.597368 -0.801870
-0.128069 -0.486165 -0.864432
0.064472 -0.511379 -0.856933
0.074915 -0.165272 -0.983399
0.177653 -0.370427 -0.911714
-0.027797 -0.355994 -0.934075
0.177653 -0.370427 -0.911714
0.074915 -0.165272 -0.983399
0.267605 -0.211556 -0.940017
0.135871 0.068071 -0.988385
0.267605 -0.211556 -0.940017
0.074915 -0.165272 -0.983399
0.267605 -0.211556 -0.940017
0.135871 0.068071 -0.988385
0.338098 -0.008905 -0.941069
0.135871 0.068071 -0.988385
0.368220 0.204195 -0.907038
0.338098 -0.008905 -0.941069
0.368220 0.204195 -0.907038
0.135871 0.068071 -0.988385
0.171295 0.286122 -0.942758
-0.316298 -0.405342 -0.857702
-0.181877 -0.555260 -0.811546
-0.349192 -0.463322 -0.814492
-0.181877 -0.555260 -0.811546
-0.316298 -0.405342 -0.857702
-0.128069 -0.486165 -0.864432
-0.272428 -0.272351 -0.922826
-0.128069 -0.486165 -0.864432
-0.316298 -0.405342 -0.857702
-0.128069 -0.486165 -0.864432
-0.272428 -0.272351 -0.922826
-0.027797 -0.355994 -0.934075
-0.204263 -0.057105 -0.977249
-0.027797 -0.355994 -0.934075
-0.272428 -0.272351 -0.922826
-0.027797 -0.355994 -0.934075
-0.204263 -0.057105 -0.977249
0.074915 -0.165272 -0.983399
-0.420015 0.049604 -0.906160
-0.117936 0.173646 -0.977721
-0.204263 -0.057105 -0.977249
-0.117936 0.173646 -0.977721
-0.420015 0.049604 -0.906160
-0.339883 0.230920 -0.911677
-0.229502 0.387427 -0.892877
-0.117936 0.173646 -0.977721
-0.339883 0.230920 -0.911677
-0.117936 0.173646 -0.977721
-0.229502 0.387427 -0.892877
-0.031380 0.352147 -0.935418
-0.365183 0.402104 -0.839615
-0.339883 0.230920 -0.911677
-0.453662 0.257169 -0.853262
-0.339883 0.230920 -0.911677
-0.365183 0.402104 -0.839615
-0.229502 0.387427 -0.892877
-0.339883 0.230920 -0.911677
-0.507542 0.097097 -0.856138
-0.453662 0.257169 -0.853262
-0.507542 0.097097 -0.856138
-0.339883 0.230920 -0.911677
-0.420015 0.049604 -0.906160
-0.457962 -0.139741 -0.877920
-0.204263 -0.057105 -0.977249
-0.272428 -0.272351 -0.922826
-0.204263 -0.057105 -0.977249
-0.457962 -0.139741 -0.877920
-0.420015 0.049604 -0.906160
-0.420015 0.049604 -0.906160
-0.536228 -0.063500 -0.841681
-0.507542 0.097097 -0.856138
-0.536228 -0.063500 -0.841681
-0.420015 0.049604 -0.906160
-0.457962 -0.139741 -0.877920
-0.535658 -0.194221 -0.821796
-0.536228 -0.063500 -0.841681
-0.457962 -0.139741 -0.877920
-0.457962 -0.139741 -0.877920
-0.466452 -0.286775 -0.836769
-0.535658 -0.194221 -0.821796
-0.466452 -0.286775 -0.836769
-0.272428 -0.272351 -0.922826
-0.316298 -0.405342 -0.857702
-0.272428 -0.272351 -0.922826
-0.466452 -0.286775 -0.836769
-0.457962 -0.139741 -0.877920
-0.065249 0.631745 -0.772425
-0.206655 0.611550 -0.763741
-0.070931 0.691041 -0.719327
-0.206655 0.611550 -0.763741
-0.229162 0.657149 -0.718081
-0.070931 0.691041 -0.719327
-0.229162 0.657149 -0.718081
-0.325767 0.538782 -0.776911
-0.373422 0.578835 -0.724918
-0.325767 0.538782 -0.776911
-0.229162 0.657149 -0.718081
-0.206655 0.611550 -0.763741
-0.187175 0.573009 -0.797889
-0.325767 0.538782 -0.776911
-0.206655 0.611550 -0.763741
-0.325767 0.538782 -0.776911
-0.187175 0.573009 -0.797889
-0.262613 0.508172 -0.820241
-0.187175 0.573009 -0.797889
-0.065249 0.631745 -0.772425
-0.074638 0.574258 -0.815265
-0.065249 0.631745 -0.772425
-0.187175 0.573009 -0.797889
-0.206655 0.611550 -0.763741
-0.078218 0.739177 -0.668953
-0.229162 0.657149 -0.718081
-0.253037 0.699681 -0.668146
-0.229162 0.657149 -0.718081
-0.078218 0.739177 -0.668953
-0.070931 0.691041 -0.719327
-0.253037 0.699681 -0.668146
-0.373422 0.578835 -0.724918
-0.417776 0.616241 -0.667615
-0.373422 0.578835 -0.724918
-0.253037 0.699681 -0.668146
-0.229162 0.657149 -0.718081
-0.090484 0.785384 -0.612360
-0.253037 0.699681 -0.668146
-0.274614 0.741721 -0.611913
-0.253037 0.699681 -0.668146
-0.090484 0.785384 -0.612360
-0.078218 0.739177 -0.668953
-0.274614 0.741721 -0.611913
-0.417776 0.616241 -0.667615
-0.453517 0.646556 -0.613422
-0.417776 0.616241 -0.667615
-0.274614 0.741721 -0.611913
-0.253037 0.699681 -0.668146
-0.102668 0.826534 -0.553444
-0.274614 0.741721 -0.611913
-0.292907 0.779212 -0.554106
-0.274614 0.741721 -0.611913
-0.102668 0.826534 -0.553444
-0.090484 0.785384 -0.612360
-0.292907 0.779212 -0.554106
-0.453517 0.646556 -0.613422
-0.482439 0.676111 -0.556890
-0.453517 0.646556 -0.613422
-0.292907 0.779212 -0.554106
-0.274614 0.741721 -0.611913
-0.111575 0.860609 -0.496894
-0.292907 0.779212 -0.554106
-0.312428 0.809545 -0.497016
-0.292907 0.779212 -0.554106
-0.111575 0.860609 -0.496894
-0.102668 0.826534 -0.553444
-0.312428 0.809545 -0.497016
-0.482439 0.676111 -0.556890
-0.508326 0.702494 -0.498104
-0.482439 0.676111 -0.556890
-0.312428 0.809545 -0.497016
-0.292907 0.779212 -0.554106
-0.119952 0.888894 -0.442129
-0.312428 0.809545 -0.497016
-0.330044 0.833716 -0.442707
-0.312428 0.809545 -0.497016
-0.119952 0.888894 -0.442129
-0.111575 0.860609 -0.496894
-0.330044 0.833716 -0.442707
-0.508326 0.702494 -0.498104
-0.530280 0.722073 -0.444313
-0.508326 0.702494 -0.498104
-0.330044 0.833716 -0.442707
-0.312428 0.809545 -0.497016
-0.129007 0.912535 -0.388120
-0.330044 0.833716 -0.442707
-0.347312 0.854469 -0.386338
-0.330044 0.833716 -0.442707
-0.129007 0.912535 -0.388120
-0.119952 0.888894 -0.442129
-0.347312 0.854469 -0.386338
-0.530280 0.722073 -0.444313
-0.554047 0.738926 -0.383433
-0.530280 0.722073 -0.444313
-0.347312 0.854469 -0.386338
-0.330044 0.833716 -0.442707
-0.138663 0.938353 -0.316647
-0.347312 0.854469 -0.386338
-0.366915 0.875255 -0.315123
-0.347312 0.854469 -0.386338
-0.138663 0.938353 -0.316647
-0.129007 0.912535 -0.388120
-0.366915 0.875255 -0.315123
-0.554047 0.738926 -0.383433
-0.576922 0.754360 -0.313213
-0.554047 0.738926 -0.383433
-0.366915 0.875255 -0.315123
-0.347312 0.854469 -0.386338
-0.147418 0.962047 -0.229639
-0.366915 0.875255 -0.315123
-0.383722 0.893765 -0.232252
-0.366915 0.875255 -0.315123
-0.147418 0.962047 -0.229639
-0.138663 0.938353 -0.316647
-0.383722 0.893765 -0.232252
-0.576922 0.754360 -0.313213
-0.595646 0.768320 -0.234287
-0.576922 0.754360 -0.313213
-0.383722 0.893765 -0.232252
-0.366915 0.875255 -0.315123
-0.395042 0.909861 -0.126868
-0.595646 0.768320 -0.234287
-0.611838 0.780641 -0.127493
-0.595646 0.768320 -0.234287
-0.395042 0.909861 -0.126868
-0.383722 0.893765 -0.232252
-0.400747 0.913999 -0.063313
-0.611838 0.780641 -0.127493
-0.621067 0.781151 -0.063863
-0.611838 0.780641 -0.127493
-0.400747 0.913999 -0.063313
-0.395042 0.909861 -0.126868
-0.453517 0.646556 -0.613422
-0.560816 0.486259 -0.670103
-0.603859 0.511380 -0.611429
-0.560816 0.486259 -0.670103
-0.453517 0.646556 -0.613422
-0.417776 0.616241 -0.667615
-0.373422 0.578835 -0.724918
-0.509512 0.451922 -0.732232
-0.417776 0.616241 -0.667615
-0.560816 0.486259 -0.670103
-0.417776 0.616241 -0.667615
-0.509512 0.451922 -0.732232
-0.482439 0.676111 -0.556890
-0.603859 0.511380 -0.611429
-0.640870 0.529524 -0.555778
-0.603859 0.511380 -0.611429
-0.482439 0.676111 -0.556890
-0.453517 0.646556 -0.613422
-0.508326 0.702494 -0.498104
-0.640870 0.529524 -0.555778
-0.672025 0.546472 -0.499751
-0.640870 0.529524 -0.555778
-0.508326 0.702494 -0.498104
-0.482439 0.676111 -0.556890
-0.530280 0.722073 -0.444313
-0.672025 0.546472 -0.499751
-0.698811 0.560202 -0.444788
-0.672025 0.546472 -0.499751
-0.530280 0.722073 -0.444313
-0.508326 0.702494 -0.498104
-0.554047 0.738926 -0.383433
-0.698811 0.560202 -0.444788
-0.725158 0.572329 -0.382865
-0.698811 0.560202 -0.444788
-0.554047 0.738926 -0.383433
-0.530280 0.722073 -0.444313
-0.576922 0.754360 -0.313213
-0.725158 0.572329 -0.382865
-0.748223 0.583894 -0.315010
-0.725158 0.572329 -0.382865
-0.576922 0.754360 -0.313213
-0.554047 0.738926 -0.383433
-0.595646 0.768320 -0.234287
-0.748223 0.583894 -0.315010
-0.769767 0.593123 -0.235932
-0.748223 0.583894 -0.315010
-0.595646 0.768320 -0.234287
-0.576922 0.754360 -0.313213
-0.789499 0.600858 -0.125146
-0.611838 0.780641 -0.127493
-0.595646 0.768320 -0.234287
-0.789499 0.600858 -0.125146
-0.595646 0.768320 -0.234287
-0.769767 0.593123 -0.235932
-0.797895 0.599825 -0.059774
-0.621067 0.781151 -0.063863
-0.611838 0.780641 -0.127493
-0.797895 0.599825 -0.059774
-0.611838 0.780641 -0.127493
-0.789499 0.600858 -0.125146
-0.786741 0.362355 -0.499738
-0.672025 0.546472 -0.499751
-0.640870 0.529524 -0.555778
-0.640870 0.529524 -0.555778
-0.751604 0.354967 -0.555958
-0.786741 0.362355 -0.499738
-0.603859 0.511380 -0.611429
-0.751604 0.354967 -0.555958
-0.640870 0.529524 -0.555778
-0.751604 0.354967 -0.555958
-0.603859 0.511380 -0.611429
-0.712179 0.342120 -0.612989
-0.816695 0.367105 -0.445246
-0.698811 0.560202 -0.444788
-0.672025 0.546472 -0.499751
-0.816695 0.367105 -0.445246
-0.672025 0.546472 -0.499751
-0.786741 0.362355 -0.499738
-0.844563 0.371764 -0.385363
-0.725158 0.572329 -0.382865
-0.698811 0.560202 -0.444788
-0.844563 0.371764 -0.385363
-0.698811 0.560202 -0.444788
-0.816695 0.367105 -0.445246
-0.871683 0.374394 -0.316224
-0.748223 0.583894 -0.315010
-0.725158 0.572329 -0.382865
-0.871683 0.374394 -0.316224
-0.725158 0.572329 -0.382865
-0.844563 0.371764 -0.385363
-0.897975 0.373851 -0.232112
-0.769767 0.593123 -0.235932
-0.748223 0.583894 -0.315010
-0.897975 0.373851 -0.232112
-0.748223 0.583894 -0.315010
-0.871683 0.374394 -0.316224
-0.918153 0.375514 -0.126428
-0.789499 0.600858 -0.125146
-0.769767 0.593123 -0.235932
-0.918153 0.375514 -0.126428
-0.769767 0.593123 -0.235932
-0.897975 0.373851 -0.232112
-0.924604 0.374696 -0.068631
-0.797895 0.599825 -0.059774
-0.789499 0.600858 -0.125146
-0.924604 0.374696 -0.068631
-0.789499 0.600858 -0.125146
-0.918153 0.375514 -0.126428
-0.884041 0.137770 -0.446643
-0.786741 0.362355 -0.499738
-0.854098 0.139944 -0.500931
-0.786741 0.362355 -0.499738
-0.884041 0.137770 -0.446643
-0.816695 0.367105 -0.445246
-0.911794 0.133516 -0.388335
-0.844563 0.371764 -0.385363
-0.816695 0.367105 -0.445246
-0.911794 0.133516 -0.388335
-0.816695 0.367105 -0.445246
-0.884041 0.137770 -0.446643
-0.939448 0.130759 -0.316763
-0.871683 0.374394 -0.316224
-0.844563 0.371764 -0.385363
-0.939448 0.130759 -0.316763
-0.844563 0.371764 -0.385363
-0.911794 0.133516 -0.388335
-0.965315 0.127987 -0.227565
-0.897975 0.373851 -0.232112
-0.871683 0.374394 -0.316224
-0.965315 0.127987 -0.227565
-0.871683 0.374394 -0.316224
-0.939448 0.130759 -0.316763
-0.984016 0.124543 -0.127289
-0.918153 0.375514 -0.126428
-0.897975 0.373851 -0.232112
-0.984016 0.124543 -0.127289
-0.897975 0.373851 -0.232112
-0.965315 0.127987 -0.227565
-0.924604 0.374696 -0.068631
-0.984016 0.124543 -0.127289
-0.989937 0.119451 -0.075871
-0.984016 0.124543 -0.127289
-0.924604 0.374696 -0.068631
-0.918153 0.375514 -0.126428
-0.939009 -0.123701 -0.320874
-0.939448 0.130759 -0.316763
-0.913763 -0.116266 -0.389256
-0.939448 0.130759 -0.316763
-0.911794 0.133516 -0.388335
-0.913763 -0.116266 -0.389256
-0.965315 0.127987 -0.227565
-0.939009 -0.123701 -0.320874
-0.964127 -0.129981 -0.231440
-0.939009 -0.123701 -0.320874
-0.965315 0.127987 -0.227565
-0.939448 0.130759 -0.316763
-0.984016 0.124543 -0.127289
-0.964127 -0.129981 -0.231440
-0.982558 -0.136742 -0.126016
-0.964127 -0.129981 -0.231440
-0.984016 0.124543 -0.127289
-0.965315 0.127987 -0.227565
-0.989937 0.119451 -0.075871
-0.982558 -0.136742 -0.126016
-0.987521 -0.141847 -0.068424
-0.982558 -0.136742 -0.126016
-0.989937 0.119451 -0.075871
-0.984016 0.124543 -0.127289
0.171295 0.286122 -0.942758
0.352811 0.348367 -0.868426
0.368220 0.204195 -0.907038
0.352811 0.348367 -0.868426
0.171295 0.286122 -0.942758
0.191698 0.417633 -0.888164
0.191698 0.417633 -0.888164
0.341963 0.452876 -0.823386
0.352811 0.348367 -0.868426
0.341963 0.452876 -0.823386
0.191698 0.417633 -0.888164
0.207507 0.517881 -0.829904
0.030597 0.463534 -0.885551
0.171295 0.286122 -0.942758
-0.031380 0.352147 -0.935418
0.171295 0.286122 -0.942758
0.030597 0.463534 -0.885551
0.191698 0.417633 -0.888164
0.030597 0.463534 -0.885551
0.207507 0.517881 -0.829904
0.191698 0.417633 -0.888164
0.207507 0.517881 -0.829904
0.030597 0.463534 -0.885551
0.077055 0.557786 -0.826400
-0.140263 0.491956 -0.859247
-0.031380 0.352147 -0.935418
-0.229502 0.387427 -0.892877
-0.031380 0.352147 -0.935418
-0.140263 0.491956 -0.859247
0.030597 0.463534 -0.885551
-0.074638 0.574258 -0.815265
0.030597 0.463534 -0.885551
-0.140263 0.491956 -0.859247
0.030597 0.463534 -0.885551
-0.074638 0.574258 -0.815265
0.077055 0.557786 -0.826400
-0.187175 0.573009 -0.797889
-0.140263 0.491956 -0.859247
-0.262613 0.508172 -0.820241
-0.140263 0.491956 -0.859247
-0.187175 0.573009 -0.797889
-0.074638 0.574258 -0.815265
-0.262613 0.508172 -0.820241
-0.229502 0.387427 -0.892877
-0.365183 0.402104 -0.839615
-0.229502 0.387427 -0.892877
-0.262613 0.508172 -0.820241
-0.140263 0.491956 -0.859247
-0.031380 0.352147 -0.935418
0.135871 0.068071 -0.988385
-0.117936 0.173646 -0.977721
0.135871 0.068071 -0.988385
-0.031380 0.352147 -0.935418
0.171295 0.286122 -0.942758
-0.117936 0.173646 -0.977721
0.074915 -0.165272 -0.983399
-0.204263 -0.057105 -0.977249
0.074915 -0.165272 -0.983399
-0.117936 0.173646 -0.977721
0.135871 0.068071 -0.988385
0.247682 0.644719 -0.723181
0.364458 0.509025 -0.779784
0.222348 0.585560 -0.779539
0.364458 0.509025 -0.779784
0.247682 0.644719 -0.723181
0.399891 0.561980 -0.724062
0.222348 0.585560 -0.779539
0.341963 0.452876 -0.823386
0.207507 0.517881 -0.829904
0.341963 0.452876 -0.823386
0.222348 0.585560 -0.779539
0.364458 0.509025 -0.779784
0.095460 0.622509 -0.776769
0.247682 0.644719 -0.723181
0.222348 0.585560 -0.779539
0.247682 0.644719 -0.723181
0.095460 0.622509 -0.776769
0.100938 0.684992 -0.721525
0.222348 0.585560 -0.779539
0.077055 0.557786 -0.826400
0.095460 0.622509 -0.776769
0.077055 0.557786 -0.826400
0.222348 0.585560 -0.779539
0.207507 0.517881 -0.829904
0.102483 0.735519 -0.669708
0.274479 0.691856 -0.667830
0.247682 0.644719 -0.723181
0.102483 0.735519 -0.669708
0.247682 0.644719 -0.723181
0.100938 0.684992 -0.721525
0.102596 0.780081 -0.617210
0.294225 0.729760 -0.617157
0.274479 0.691856 -0.667830
0.102596 0.780081 -0.617210
0.274479 0.691856 -0.667830
0.102483 0.735519 -0.669708
0.101116 0.824788 -0.556327
0.307462 0.770307 -0.558654
0.294225 0.729760 -0.617157
0.101116 0.824788 -0.556327
0.294225 0.729760 -0.617157
0.102596 0.780081 -0.617210
-0.065249 0.631745 -0.772425
0.100938 0.684992 -0.721525
0.095460 0.622509 -0.776769
0.100938 0.684992 -0.721525
-0.065249 0.631745 -0.772425
-0.070931 0.691041 -0.719327
0.095460 0.622509 -0.776769
-0.074638 0.574258 -0.815265
-0.065249 0.631745 -0.772425
-0.074638 0.574258 -0.815265
0.095460 0.622509 -0.776769
0.077055 0.557786 -0.826400
0.102483 0.735519 -0.669708
-0.070931 0.691041 -0.719327
-0.078218 0.739177 -0.668953
-0.070931 0.691041 -0.719327
0.102483 0.735519 -0.669708
0.100938 0.684992 -0.721525
0.102596 0.780081 -0.617210
-0.078218 0.739177 -0.668953
-0.090484 0.785384 -0.612360
-0.078218 0.739177 -0.668953
0.102596 0.780081 -0.617210
0.102483 0.735519 -0.669708
0.101116 0.824788 -0.556327
-0.090484 0.785384 -0.612360
-0.102668 0.826534 -0.553444
-0.090484 0.785384 -0.612360
0.101116 0.824788 -0.556327
0.102596 0.780081 -0.617210
0.099552 0.861827 -0.497337
-0.102668 0.826534 -0.553444
-0.111575 0.860609 -0.496894
-0.102668 0.826534 -0.553444
0.099552 0.861827 -0.497337
0.101116 0.824788 -0.556327
0.096697 0.891097 -0.443391
-0.111575 0.860609 -0.496894
-0.119952 0.888894 -0.442129
-0.111575 0.860609 -0.496894
0.096697 0.891097 -0.443391
0.099552 0.861827 -0.497337
0.095044 0.917213 -0.386894
-0.119952 0.888894 -0.442129
-0.129007 0.912535 -0.388120
-0.119952 0.888894 -0.442129
0.095044 0.917213 -0.386894
0.096697 0.891097 -0.443391
-0.373422 0.578835 -0.724918
-0.450658 0.421611 -0.786862
-0.509512 0.451922 -0.732232
-0.450658 0.421611 -0.786862
-0.373422 0.578835 -0.724918
-0.325767 0.538782 -0.776911
-0.450658 0.421611 -0.786862
-0.325767 0.538782 -0.776911
-0.365183 0.402104 -0.839615
-0.325767 0.538782 -0.776911
-0.262613 0.508172 -0.820241
-0.365183 0.402104 -0.839615
-0.509512 0.451922 -0.732232
-0.535025 0.289961 -0.793518
-0.601806 0.310143 -0.735963
-0.535025 0.289961 -0.793518
-0.509512 0.451922 -0.732232
-0.450658 0.421611 -0.786862
-0.535025 0.289961 -0.793518
-0.450658 0.421611 -0.786862
-0.453662 0.257169 -0.853262
-0.450658 0.421611 -0.786862
-0.365183 0.402104 -0.839615
-0.453662 0.257169 -0.853262
-0.560816 0.486259 -0.670103
-0.601806 0.310143 -0.735963
-0.663070 0.326436 -0.673630
-0.601806 0.310143 -0.735963
-0.560816 0.486259 -0.670103
-0.509512 0.451922 -0.732232
-0.712179 0.342120 -0.612989
-0.603859 0.511380 -0.611429
-0.560816 0.486259 -0.670103
-0.560816 0.486259 -0.670103
-0.663070 0.326436 -0.673630
-0.712179 0.342120 -0.612989
-0.601806 0.310143 -0.735963
-0.588402 0.126435 -0.798622
-0.661610 0.137775 -0.737082
-0.588402 0.126435 -0.798622
-0.601806 0.310143 -0.735963
-0.535025 0.289961 -0.793518
-0.588402 0.126435 -0.798622
-0.535025 0.289961 -0.793518
-0.507542 0.097097 -0.856138
-0.535025 0.289961 -0.793518
-0.453662 0.257169 -0.853262
-0.507542 0.097097 -0.856138
-0.663070 0.326436 -0.673630
-0.661610 0.137775 -0.737082
-0.725803 0.137888 -0.673942
-0.661610 0.137775 -0.737082
-0.663070 0.326436 -0.673630
-0.601806 0.310143 -0.735963
-0.775267 0.136751 -0.616653
-0.712179 0.342120 -0.612989
-0.663070 0.326436 -0.673630
-0.775267 0.136751 -0.616653
-0.663070 0.326436 -0.673630
-0.725803 0.137888 -0.673942
-0.817108 0.139107 -0.559449
-0.751604 0.354967 -0.555958
-0.712179 0.342120 -0.612989
-0.817108 0.139107 -0.559449
-0.712179 0.342120 -0.612989
-0.775267 0.136751 -0.616653
-0.854098 0.139944 -0.500931
-0.786741 0.362355 -0.499738
-0.751604 0.354967 -0.555958
-0.854098 0.139944 -0.500931
-0.751604 0.354967 -0.555958
-0.817108 0.139107 -0.559449
-0.605286 -0.053756 -0.794191
-0.661610 0.137775 -0.737082
-0.588402 0.126435 -0.798622
-0.661610 0.137775 -0.737082
-0.605286 -0.053756 -0.794191
-0.674522 -0.060956 -0.735734
-0.536228 -0.063500 -0.841681
-0.605286 -0.053756 -0.794191
-0.588402 0.126435 -0.798622
-0.588402 0.126435 -0.798622
-0.507542 0.097097 -0.856138
-0.536228 -0.063500 -0.841681
-0.735297 -0.067577 -0.674367
-0.725803 0.137888 -0.673942
-0.661610 0.137775 -0.737082
-0.735297 -0.067577 -0.674367
-0.661610 0.137775 -0.737082
-0.674522 -0.060956 -0.735734
-0.775267 0.136751 -0.616653
-0.735297 -0.067577 -0.674367
-0.783013 -0.076200 -0.617321
-0.735297 -0.067577 -0.674367
-0.775267 0.136751 -0.616653
-0.725803 0.137888 -0.673942
-0.817108 0.139107 -0.559449
-0.783013 -0.076200 -0.617321
-0.823606 -0.086302 -0.560558
-0.783013 -0.076200 -0.617321
-0.817108 0.139107 -0.559449
-0.775267 0.136751 -0.616653
-0.854098 0.139944 -0.500931
-0.823606 -0.086302 -0.560558
-0.859328 -0.095540 -0.502421
-0.823606 -0.086302 -0.560558
-0.854098 0.139944 -0.500931
-0.817108 0.139107 -0.559449
-0.884041 0.137770 -0.446643
-0.859328 -0.095540 -0.502421
-0.889183 -0.106220 -0.445051
-0.859328 -0.095540 -0.502421
-0.884041 0.137770 -0.446643
-0.854098 0.139944 -0.500931
-0.911794 0.133516 -0.388335
-0.889183 -0.106220 -0.445051
-0.913763 -0.116266 -0.389256
-0.889183 -0.106220 -0.445051
-0.911794 0.133516 -0.388335
-0.884041 0.137770 -0.446643
-0.982558 -0.136742 -0.126016
-0.892948 -0.383634 -0.235518
-0.909360 -0.396212 -0.126808
-0.892948 -0.383634 -0.235518
-0.982558 -0.136742 -0.126016
-0.964127 -0.129981 -0.231440
-0.987521 -0.141847 -0.068424
-0.909360 -0.396212 -0.126808
-0.913529 -0.401449 -0.065598
-0.909360 -0.396212 -0.126808
-0.987521 -0.141847 -0.068424
-0.982558 -0.136742 -0.126016
-0.000001 0.000000 1.000000
-0.000001 0.000000 1.000000
-0.000001 0.000000 1.000000
-0.000001 0.000000 1.000000
-0.000001 0.000000 1.000000
-0.000001 0.000000 1.000000
-0.000000 -0.000000 1.000000
-0.000001 0.000000 1.000000
-0.000001 0.000000 1.000000
-0.000000 -0.000000 1.000000
-0.000001 0.000000 1.000000
-0.000000 -0.000000 1.000000
-0.000000 -0.000000 1.000000
-0.000001 0.000000 1.000000
0.000000 0.000000 1.000000
-0.000001 0.000000 1.000000
-0.000001 0.000000 1.000000
0.000000 0.000000 1.000000
-0.000001 0.000000 1.000000
-0.000001 0.000000 1.000000
-0.000001 0.000000 1.000000
-0.000001 0.000000 1.000000
-0.000001 0.000000 1.000000
-0.000001 0.000000 1.000000
-0.000001 0.000000 1.000000
-0.000001 0.000000 1.000000
-0.000001 0.000000 1.000000
-0.000001 0.000000 1.000000
-0.000001 0.000000 1.000000
-0.000001 -0.000000 1.000000
-0.000001 0.000000 1.000000
-0.000001 0.000000 1.000000
-0.000001 0.000000 1.000000
-0.000001 0.000000 1.000000
-0.000000 -0.000000 1.000000
-0.000001 0.000000 1.000000
-0.000000 0.000000 1.000000
-0.000001 -0.000000 1.000000
-0.000001 0.000000 1.000000
-0.000001 -0.000000 1.000000
-0.000000 0.000000 1.000000
-0.000000 -0.000000 1.000000
-0.000001 0.000001 1.000000
-0.000000 0.000000 1.000000
-0.000001 0.000000 1.000000
-0.000001 0.000000 1.000000
-0.000001 0.000000 1.000000
-0.000001 0.000001 1.000000
-0.000000 -0.000000 1.000000
-0.000000 0.000000 1.000000
-0.000001 -0.000000 1.000000
-0.000001 -0.000000 1.000000
-0.000000 0.000000 1.000000
-0.000001 0.000000 1.000000
-0.000000 -0.000000 1.000000
-0.000000 -0.000000 1.000000
-0.000001 -0.000000 1.000000
-0.000000 -0.000000 1.000000
-0.000000 -0.000000 1.000000
-0.000001 -0.000000 1.000000
0.764491 -0.543572 0.346528
0.601118 -0.717941 0.351024
0.652054 -0.481751 0.585441
0.517511 -0.635412 0.573091
0.652054 -0.481751 0.585441
0.601118 -0.717941 0.351024
0.759602 -0.287652 0.583319
0.764491 -0.543572 0.346528
0.652054 -0.481751 0.585441
0.764491 -0.543572 0.346528
0.759602 -0.287652 0.583319
0.878277 -0.329903 0.346112
0.440680 -0.337235 0.831910
0.518249 -0.197258 0.832170
0.652054 -0.481751 0.585441
0.759602 -0.287652 0.583319
0.652054 -0.481751 0.585441
0.518249 -0.197258 0.832170
0.440680 -0.337235 0.831910
0.517511 -0.635412 0.573091
0.345242 -0.435963 0.831110
0.517511 -0.635412 0.573091
0.440680 -0.337235 0.831910
0.652054 -0.481751 0.585441
0.932356 -0.089677 0.350244
0.882179 -0.322587 0.343072
0.878277 -0.329903 0.346112
0.882179 -0.322587 0.343072
0.932356 -0.089677 0.350244
0.937028 -0.082719 0.339317
0.818396 -0.082715 0.568671
0.878277 -0.329903 0.346112
0.759602 -0.287652 0.583319
0.878277 -0.329903 0.346112
0.818396 -0.082715 0.568671
0.932356 -0.089677 0.350244
0.882179 -0.322587 0.343072
0.769388 -0.537679 0.344880
0.878277 -0.329903 0.346112
0.764491 -0.543572 0.346528
0.878277 -0.329903 0.346112
0.769388 -0.537679 0.344880
0.601118 -0.717941 0.351024
0.764491 -0.543572 0.346528
0.607953 -0.714721 0.345784
0.764491 -0.543572 0.346528
0.769388 -0.537679 0.344880
0.607953 -0.714721 0.345784
0.345305 -0.742989 0.573352
0.517511 -0.635412 0.573091
0.601118 -0.717941 0.351024
0.345305 -0.742989 0.573352
0.601118 -0.717941 0.351024
0.402229 -0.846745 0.348187
0.607953 -0.714721 0.345784
0.402229 -0.846745 0.348187
0.601118 -0.717941 0.351024
0.402229 -0.846745 0.348187
0.607953 -0.714721 0.345784
0.411599 -0.842951 0.346439
0.937028 -0.082719 0.339317
0.884270 -0.316388 0.343460
0.882179 -0.322587 0.343072
0.884270 -0.316388 0.343460
0.937028 -0.082719 0.339317
0.936553 -0.078082 0.341718
0.769388 -0.537679 0.344880
0.882179 -0.322587 0.343072
0.773352 -0.532020 0.344791
0.882179 -0.322587 0.343072
0.884270 -0.316388 0.343460
0.773352 -0.532020 0.344791
0.607953 -0.714721 0.345784
0.769388 -0.537679 0.344880
0.613094 -0.709887 0.346664
0.769388 -0.537679 0.344880
0.773352 -0.532020 0.344791
0.613094 -0.709887 0.346664
0.411599 -0.842951 0.346439
0.613094 -0.709887 0.346664
0.417484 -0.839255 0.348365
0.613094 -0.709887 0.346664
0.411599 -0.842951 0.346439
0.607953 -0.714721 0.345784
0.936553 -0.078082 0.341718
0.885759 -0.310437 0.345052
0.884270 -0.316388 0.343460
0.885759 -0.310437 0.345052
0.936553 -0.078082 0.341718
0.935742 -0.071682 0.345323
0.773352 -0.532020 0.344791
0.884270 -0.316388 0.343460
0.776157 -0.527550 0.345357
0.884270 -0.316388 0.343460
0.885759 -0.310437 0.345052
0.776157 -0.527550 0.345357
0.613094 -0.709887 0.346664
0.773352 -0.532020 0.344791
0.618095 -0.705951 0.345821
0.773352 -0.532020 0.344791
0.776157 -0.527550 0.345357
0.618095 -0.705951 0.345821
0.417484 -0.839255 0.348365
0.618095 -0.705951 0.345821
0.421864 -0.837290 0.347816
0.618095 -0.705951 0.345821
0.417484 -0.839255 0.348365
0.613094 -0.709887 0.346664
0.193257 -0.916966 0.349035
0.421864 -0.837290 0.347816
0.200216 -0.914677 0.351111
0.421864 -0.837290 0.347816
0.193257 -0.916966 0.349035
0.417484 -0.839255 0.348365
0.185201 -0.919259 0.347367
0.411599 -0.842951 0.346439
0.417484 -0.839255 0.348365
0.185201 -0.919259 0.347367
0.417484 -0.839255 0.348365
0.193257 -0.916966 0.349035
0.776157 -0.527550 0.345357
0.885759 -0.310437 0.345052
0.763948 -0.516846 0.386334
0.885759 -0.310437 0.345052
0.872919 -0.306812 0.379313
0.763948 -0.516846 0.386334
0.935742 -0.071682 0.345323
0.872919 -0.306812 0.379313
0.885759 -0.310437 0.345052
0.872919 -0.306812 0.379313
0.935742 -0.071682 0.345323
0.925313 -0.064471 0.373684
0.618095 -0.705951 0.345821
0.776157 -0.527550 0.345357
0.613902 -0.689213 0.384849
0.776157 -0.527550 0.345357
0.763948 -0.516846 0.386334
0.613902 -0.689213 0.384849
0.421864 -0.837290 0.347816
0.613902 -0.689213 0.384849
0.427776 -0.822697 0.374402
0.613902 -0.689213 0.384849
0.421864 -0.837290 0.347816
0.618095 -0.705951 0.345821
0.200216 -0.914677 0.351111
0.427776 -0.822697 0.374402
0.198835 -0.906284 0.372979
0.427776 -0.822697 0.374402
0.200216 -0.914677 0.351111
0.421864 -0.837290 0.347816
0.763948 -0.516846 0.386334
0.872919 -0.306812 0.379313
0.665953 -0.451865 0.593570
0.872919 -0.306812 0.379313
0.754808 -0.269474 0.598038
0.665953 -0.451865 0.593570
0.925313 -0.064471 0.373684
0.754808 -0.269474 0.598038
0.872919 -0.306812 0.379313
0.754808 -0.269474 0.598038
0.925313 -0.064471 0.373684
0.802741 -0.054138 0.593865
0.541538 -0.599139 0.589719
0.613902 -0.689213 0.384849
0.763948 -0.516846 0.386334
0.763948 -0.516846 0.386334
0.665953 -0.451865 0.593570
0.541538 -0.599139 0.589719
0.541538 -0.599139 0.589719
0.427776 -0.822697 0.374402
0.613902 -0.689213 0.384849
0.427776 -0.822697 0.374402
0.541538 -0.599139 0.589719
0.388815 -0.712747 0.583793
0.198835 -0.906284 0.372979
0.388815 -0.712747 0.583793
0.170995 -0.796008 0.580631
0.388815 -0.712747 0.583793
0.198835 -0.906284 0.372979
0.427776 -0.822697 0.374402
-0.024737 -0.925635 0.377607
0.198835 -0.906284 0.372979
-0.023232 -0.813055 0.581723
0.198835 -0.906284 0.372979
0.170995 -0.796008 0.580631
-0.023232 -0.813055 0.581723
0.200216 -0.914677 0.351111
-0.024737 -0.925635 0.377607
-0.033484 -0.936821 0.348204
-0.024737 -0.925635 0.377607
0.200216 -0.914677 0.351111
0.198835 -0.906284 0.372979
0.754808 -0.269474 0.598038
0.554172 -0.041499 0.831367
0.525421 -0.186335 0.830188
0.554172 -0.041499 0.831367
0.754808 -0.269474 0.598038
0.802741 -0.054138 0.593865
0.754808 -0.269474 0.598038
0.479959 -0.315305 0.818671
0.665953 -0.451865 0.593570
0.479959 -0.315305 0.818671
0.754808 -0.269474 0.598038
0.525421 -0.186335 0.830188
0.397876 -0.433715 0.808447
0.665953 -0.451865 0.593570
0.479959 -0.315305 0.818671
0.665953 -0.451865 0.593570
0.397876 -0.433715 0.808447
0.541538 -0.599139 0.589719
0.280310 -0.512845 0.811428
0.541538 -0.599139 0.589719
0.397876 -0.433715 0.808447
0.541538 -0.599139 0.589719
0.280310 -0.512845 0.811428
0.388815 -0.712747 0.583793
0.280310 -0.512845 0.811428
0.123644 -0.563391 0.816886
0.388815 -0.712747 0.583793
0.388815 -0.712747 0.583793
0.123644 -0.563391 0.816886
0.170995 -0.796008 0.580631
-0.023232 -0.813055 0.581723
0.123644 -0.563391 0.816886
-0.023005 -0.580224 0.814132
0.123644 -0.563391 0.816886
-0.023232 -0.813055 0.581723
0.170995 -0.796008 0.580631
-0.024737 -0.925635 0.377607
-0.198104 -0.784186 0.588053
-0.248341 -0.894420 0.371941
-0.198104 -0.784186 0.588053
-0.024737 -0.925635 0.377607
-0.023232 -0.813055 0.581723
-0.198104 -0.784186 0.588053
-0.023232 -0.813055 0.581723
-0.142958 -0.549099 0.823440
-0.023232 -0.813055 0.581723
-0.023005 -0.580224 0.814132
-0.142958 -0.549099 0.823440
0.525421 -0.186335 0.830188
0.458934 -0.039841 0.887577
0.427680 -0.148564 0.891638
0.458934 -0.039841 0.887577
0.525421 -0.186335 0.830188
0.554172 -0.041499 0.831367
0.525421 -0.186335 0.830188
0.394913 -0.245023 0.885442
0.479959 -0.315305 0.818671
0.394913 -0.245023 0.885442
0.525421 -0.186335 0.830188
0.427680 -0.148564 0.891638
0.334445 -0.354711 0.873113
0.479959 -0.315305 0.818671
0.394913 -0.245023 0.885442
0.479959 -0.315305 0.818671
0.334445 -0.354711 0.873113
0.397876 -0.433715 0.808447
0.230786 -0.433979 0.870862
0.397876 -0.433715 0.808447
0.334445 -0.354711 0.873113
0.397876 -0.433715 0.808447
0.230786 -0.433979 0.870862
0.280310 -0.512845 0.811428
0.230786 -0.433979 0.870862
0.111079 -0.471181 0.875014
0.280310 -0.512845 0.811428
0.280310 -0.512845 0.811428
0.111079 -0.471181 0.875014
0.123644 -0.563391 0.816886
-0.023005 -0.580224 0.814132
0.123644 -0.563391 0.816886
-0.026195 -0.473167 0.880583
0.123644 -0.563391 0.816886
0.111079 -0.471181 0.875014
-0.026195 -0.473167 0.880583
-0.142958 -0.549099 0.823440
-0.026195 -0.473167 0.880583
-0.131367 -0.451526 0.882534
-0.026195 -0.473167 0.880583
-0.142958 -0.549099 0.823440
-0.023005 -0.580224 0.814132
-0.813177 -0.194426 0.548581
-0.485658 -0.256626 0.835631
-0.738430 -0.396780 0.545240
-0.485658 -0.256626 0.835631
-0.813177 -0.194426 0.548581
-0.533142 -0.127622 0.836345
-0.385130 -0.090353 0.918429
-0.342781 -0.179720 0.922064
-0.533142 -0.127622 0.836345
-0.485658 -0.256626 0.835631
-0.533142 -0.127622 0.836345
-0.342781 -0.179720 0.922064
-0.385130 -0.090353 0.918429
-0.544374 0.028508 0.838358
-0.379483 0.019703 0.924989
-0.544374 0.028508 0.838358
-0.385130 -0.090353 0.918429
-0.533142 -0.127622 0.836345
-0.837043 0.030689 0.546275
-0.533142 -0.127622 0.836345
-0.813177 -0.194426 0.548581
-0.533142 -0.127622 0.836345
-0.837043 0.030689 0.546275
-0.544374 0.028508 0.838358
-0.910094 -0.218939 0.351843
-0.937015 0.020080 0.348711
-0.813177 -0.194426 0.548581
-0.837043 0.030689 0.546275
-0.813177 -0.194426 0.548581
-0.937015 0.020080 0.348711
-0.813177 -0.194426 0.548581
-0.738430 -0.396780 0.545240
-0.822092 -0.448794 0.350356
-0.813177 -0.194426 0.548581
-0.822092 -0.448794 0.350356
-0.910094 -0.218939 0.351843
-0.738430 -0.396780 0.545240
-0.411195 -0.357675 0.838443
-0.609329 -0.553733 0.567537
-0.411195 -0.357675 0.838443
-0.738430 -0.396780 0.545240
-0.485658 -0.256626 0.835631
-0.342781 -0.179720 0.922064
-0.312725 -0.271850 0.910110
-0.485658 -0.256626 0.835631
-0.411195 -0.357675 0.838443
-0.485658 -0.256626 0.835631
-0.312725 -0.271850 0.910110
-0.738430 -0.396780 0.545240
-0.609329 -0.553733 0.567537
-0.682564 -0.644203 0.345122
-0.738430 -0.396780 0.545240
-0.682564 -0.644203 0.345122
-0.822092 -0.448794 0.350356
-0.682564 -0.644203 0.345122
-0.679859 -0.644626 0.349640
-0.822092 -0.448794 0.350356
-0.822092 -0.448794 0.350356
-0.679859 -0.644626 0.349640
-0.818279 -0.450225 0.357376
-0.818279 -0.450225 0.357376
-0.910094 -0.218939 0.351843
-0.822092 -0.448794 0.350356
-0.910094 -0.218939 0.351843
-0.818279 -0.450225 0.357376
-0.907488 -0.227101 0.353400
-0.820297 -0.456525 0.344526
-0.907488 -0.227101 0.353400
-0.818279 -0.450225 0.357376
-0.907488 -0.227101 0.353400
-0.820297 -0.456525 0.344526
-0.909435 -0.236381 0.342129
-0.679859 -0.644626 0.349640
-0.679334 -0.647388 0.345535
-0.818279 -0.450225 0.357376
-0.818279 -0.450225 0.357376
-0.679334 -0.647388 0.345535
-0.820297 -0.456525 0.344526
-0.609329 -0.553733 0.567537
-0.298829 -0.458027 0.837205
-0.439451 -0.682847 0.583612
-0.298829 -0.458027 0.837205
-0.609329 -0.553733 0.567537
-0.411195 -0.357675 0.838443
-0.312725 -0.271850 0.910110
-0.250678 -0.380318 0.890235
-0.411195 -0.357675 0.838443
-0.411195 -0.357675 0.838443
-0.250678 -0.380318 0.890235
-0.298829 -0.458027 0.837205
-0.439451 -0.682847 0.583612
-0.682564 -0.644203 0.345122
-0.609329 -0.553733 0.567537
-0.682564 -0.644203 0.345122
-0.439451 -0.682847 0.583612
-0.501109 -0.794038 0.344084
-0.501109 -0.794038 0.344084
-0.679859 -0.644626 0.349640
-0.682564 -0.644203 0.345122
-0.679859 -0.644626 0.349640
-0.501109 -0.794038 0.344084
-0.494819 -0.797185 0.345905
-0.494819 -0.797185 0.345905
-0.679334 -0.647388 0.345535
-0.679859 -0.644626 0.349640
-0.679334 -0.647388 0.345535
-0.494819 -0.797185 0.345905
-0.489903 -0.800218 0.345900
-0.489903 -0.800218 0.345900
-0.673984 -0.654679 0.342258
-0.679334 -0.647388 0.345535
-0.673984 -0.654679 0.342258
-0.489903 -0.800218 0.345900
-0.485721 -0.802496 0.346518
-0.820297 -0.456525 0.344526
-0.673984 -0.654679 0.342258
-0.820075 -0.463590 0.335502
-0.673984 -0.654679 0.342258
-0.820297 -0.456525 0.344526
-0.679334 -0.647388 0.345535
-0.820075 -0.463590 0.335502
-0.661603 -0.653710 0.367348
-0.805787 -0.466717 0.364531
-0.661603 -0.653710 0.367348
-0.820075 -0.463590 0.335502
-0.673984 -0.654679 0.342258
-0.485721 -0.802496 0.346518
-0.661603 -0.653710 0.367348
-0.673984 -0.654679 0.342258
-0.661603 -0.653710 0.367348
-0.485721 -0.802496 0.346518
-0.479126 -0.798091 0.365361
-0.439451 -0.682847 0.583612
-0.181621 -0.519689 0.834828
-0.256826 -0.765154 0.590406
-0.181621 -0.519689 0.834828
-0.439451 -0.682847 0.583612
-0.298829 -0.458027 0.837205
-0.250678 -0.380318 0.890235
-0.156995 -0.444974 0.881675
-0.298829 -0.458027 0.837205
-0.298829 -0.458027 0.837205
-0.156995 -0.444974 0.881675
-0.181621 -0.519689 0.834828
-0.256826 -0.765154 0.590406
-0.501109 -0.794038 0.344084
-0.439451 -0.682847 0.583612
-0.501109 -0.794038 0.344084
-0.256826 -0.765154 0.590406
-0.285261 -0.893718 0.346258
-0.285261 -0.893718 0.346258
-0.494819 -0.797185 0.345905
-0.501109 -0.794038 0.344084
-0.494819 -0.797185 0.345905
-0.285261 -0.893718 0.346258
-0.277185 -0.895883 0.347219
-0.277185 -0.895883 0.347219
-0.489903 -0.800218 0.345900
-0.494819 -0.797185 0.345905
-0.489903 -0.800218 0.345900
-0.277185 -0.895883 0.347219
-0.271297 -0.898588 0.344872
-0.271297 -0.898588 0.344872
-0.485721 -0.802496 0.346518
-0.489903 -0.800218 0.345900
-0.485721 -0.802496 0.346518
-0.271297 -0.898588 0.344872
-0.266137 -0.900116 0.344908
-0.266137 -0.900116 0.344908
-0.479126 -0.798091 0.365361
-0.485721 -0.802496 0.346518
-0.479126 -0.798091 0.365361
-0.266137 -0.900116 0.344908
-0.248341 -0.894420 0.371941
-0.248341 -0.894420 0.371941
-0.412484 -0.698252 0.585065
-0.479126 -0.798091 0.365361
-0.412484 -0.698252 0.585065
-0.248341 -0.894420 0.371941
-0.198104 -0.784186 0.588053
-0.661603 -0.653710 0.367348
-0.479126 -0.798091 0.365361
-0.575511 -0.572016 0.584453
-0.479126 -0.798091 0.365361
-0.412484 -0.698252 0.585065
-0.575511 -0.572016 0.584453
-0.575511 -0.572016 0.584453
-0.277179 -0.492602 0.824933
-0.405486 -0.409107 0.817443
-0.277179 -0.492602 0.824933
-0.575511 -0.572016 0.584453
-0.412484 -0.698252 0.585065
-0.277179 -0.492602 0.824933
-0.412484 -0.698252 0.585065
-0.142958 -0.549099 0.823440
-0.412484 -0.698252 0.585065
-0.198104 -0.784186 0.588053
-0.142958 -0.549099 0.823440
-0.044400 -0.544028 0.837892
-0.256826 -0.765154 0.590406
-0.181621 -0.519689 0.834828
-0.256826 -0.765154 0.590406
-0.044400 -0.544028 0.837892
-0.055909 -0.800823 0.596286
-0.041614 -0.480552 0.875978
-0.181621 -0.519689 0.834828
-0.156995 -0.444974 0.881675
-0.181621 -0.519689 0.834828
-0.041614 -0.480552 0.875978
-0.044400 -0.544028 0.837892
-0.055909 -0.800823 0.596286
-0.285261 -0.893718 0.346258
-0.256826 -0.765154 0.590406
-0.285261 -0.893718 0.346258
-0.055909 -0.800823 0.596286
-0.057052 -0.937403 0.343543
-0.057052 -0.937403 0.343543
-0.277185 -0.895883 0.347219
-0.285261 -0.893718 0.346258
-0.277185 -0.895883 0.347219
-0.057052 -0.937403 0.343543
-0.052169 -0.936030 0.348033
-0.052169 -0.936030 0.348033
-0.271297 -0.898588 0.344872
-0.277185 -0.895883 0.347219
-0.271297 -0.898588 0.344872
-0.052169 -0.936030 0.348033
-0.044348 -0.937246 0.345836
-0.044348 -0.937246 0.345836
-0.266137 -0.900116 0.344908
-0.271297 -0.898588 0.344872
-0.266137 -0.900116 0.344908
-0.044348 -0.937246 0.345836
-0.033484 -0.936821 0.348204
-0.033484 -0.936821 0.348204
-0.248341 -0.894420 0.371941
-0.266137 -0.900116 0.344908
-0.248341 -0.894420 0.371941
-0.033484 -0.936821 0.348204
-0.024737 -0.925635 0.377607
-0.227415 -0.422507 0.877366
-0.277179 -0.492602 0.824933
-0.142958 -0.549099 0.823440
-0.142958 -0.549099 0.823440
-0.131367 -0.451526 0.882534
-0.227415 -0.422507 0.877366
0.102669 -0.537572 0.836944
-0.055909 -0.800823 0.596286
-0.044400 -0.544028 0.837892
-0.055909 -0.800823 0.596286
0.102669 -0.537572 0.836944
0.150612 -0.795233 0.587299
0.084383 -0.465017 0.881271
-0.044400 -0.544028 0.837892
-0.041614 -0.480552 0.875978
-0.044400 -0.544028 0.837892
0.084383 -0.465017 0.881271
0.102669 -0.537572 0.836944
0.150612 -0.795233 0.587299
-0.057052 -0.937403 0.343543
-0.055909 -0.800823 0.596286
-0.057052 -0.937403 0.343543
0.150612 -0.795233 0.587299
0.177356 -0.923067 0.341310
0.177356 -0.923067 0.341310
-0.052169 -0.936030 0.348033
-0.057052 -0.937403 0.343543
-0.052169 -0.936030 0.348033
0.177356 -0.923067 0.341310
0.185201 -0.919259 0.347367
0.185201 -0.919259 0.347367
-0.044348 -0.937246 0.345836
-0.052169 -0.936030 0.348033
-0.044348 -0.937246 0.345836
0.185201 -0.919259 0.347367
0.193257 -0.916966 0.349035
0.193257 -0.916966 0.349035
-0.033484 -0.936821 0.348204
-0.044348 -0.937246 0.345836
-0.033484 -0.936821 0.348204
0.193257 -0.916966 0.349035
0.200216 -0.914677 0.351111
0.231294 -0.503070 0.832720
0.150612 -0.795233 0.587299
0.102669 -0.537572 0.836944
0.150612 -0.795233 0.587299
0.231294 -0.503070 0.832720
0.345305 -0.742989 0.573352
0.184459 -0.407159 0.894537
0.102669 -0.537572 0.836944
0.084383 -0.465017 0.881271
0.102669 -0.537572 0.836944
0.184459 -0.407159 0.894537
0.231294 -0.503070 0.832720
0.402229 -0.846745 0.348187
0.150612 -0.795233 0.587299
0.345305 -0.742989 0.573352
0.150612 -0.795233 0.587299
0.402229 -0.846745 0.348187
0.177356 -0.923067 0.341310
0.411599 -0.842951 0.346439
0.177356 -0.923067 0.341310
0.402229 -0.846745 0.348187
0.177356 -0.923067 0.341310
0.411599 -0.842951 0.346439
0.185201 -0.919259 0.347367
0.345242 -0.435963 0.831110
0.345305 -0.742989 0.573352
0.231294 -0.503070 0.832720
0.345305 -0.742989 0.573352
0.345242 -0.435963 0.831110
0.517511 -0.635412 0.573091
0.345242 -0.435963 0.831110
0.231294 -0.503070 0.832720
0.273418 -0.348205 0.896658
0.273418 -0.348205 0.896658
0.231294 -0.503070 0.832720
0.184459 -0.407159 0.894537
0.440680 -0.337235 0.831910
0.345242 -0.435963 0.831110
0.370225 -0.285549 0.883965
0.345242 -0.435963 0.831110
0.273418 -0.348205 0.896658
0.370225 -0.285549 0.883965
0.370225 -0.285549 0.883965
0.441025 -0.173157 0.880633
0.440680 -0.337235 0.831910
0.518249 -0.197258 0.832170
0.440680 -0.337235 0.831910
0.441025 -0.173157 0.880633
-0.837043 0.030689 0.546275
-0.809897 0.237312 0.536423
-0.544374 0.028508 0.838358
-0.520782 0.154891 0.839521
-0.544374 0.028508 0.838358
-0.809897 0.237312 0.536423
-0.379483 0.019703 0.924989
-0.520782 0.154891 0.839521
-0.347120 0.104810 0.931946
-0.520782 0.154891 0.839521
-0.379483 0.019703 0.924989
-0.544374 0.028508 0.838358
-0.937015 0.020080 0.348711
-0.900506 0.262205 0.346896
-0.837043 0.030689 0.546275
-0.809897 0.237312 0.536423
-0.837043 0.030689 0.546275
-0.900506 0.262205 0.346896
-0.907488 -0.227101 0.353400
-0.937015 0.020080 0.348711
-0.910094 -0.218939 0.351843
-0.937015 0.020080 0.348711
-0.907488 -0.227101 0.353400
-0.938091 0.014527 0.346085
-0.938091 0.014527 0.346085
-0.901084 0.260185 0.346918
-0.937015 0.020080 0.348711
-0.900506 0.262205 0.346896
-0.937015 0.020080 0.348711
-0.901084 0.260185 0.346918
-0.909435 -0.236381 0.342129
-0.938091 0.014527 0.346085
-0.907488 -0.227101 0.353400
-0.938091 0.014527 0.346085
-0.909435 -0.236381 0.342129
-0.939571 0.010478 0.342194
-0.939571 0.010478 0.342194
-0.902731 0.259408 0.343197
-0.938091 0.014527 0.346085
-0.901084 0.260185 0.346918
-0.938091 0.014527 0.346085
-0.902731 0.259408 0.343197
-0.801921 0.485446 0.348233
-0.901084 0.260185 0.346918
-0.804243 0.484119 0.344705
-0.901084 0.260185 0.346918
-0.902731 0.259408 0.343197
-0.804243 0.484119 0.344705
-0.900506 0.262205 0.346896
-0.801921 0.485446 0.348233
-0.800836 0.490206 0.344036
-0.801921 0.485446 0.348233
-0.900506 0.262205 0.346896
-0.901084 0.260185 0.346918
-0.909435 -0.236381 0.342129
-0.820075 -0.463590 0.335502
-0.910434 -0.237287 0.338830
-0.820075 -0.463590 0.335502
-0.909435 -0.236381 0.342129
-0.820297 -0.456525 0.344526
-0.939571 0.010478 0.342194
-0.910434 -0.237287 0.338830
-0.938902 0.007868 0.344096
-0.910434 -0.237287 0.338830
-0.939571 0.010478 0.342194
-0.909435 -0.236381 0.342129
-0.902731 0.259408 0.343197
-0.939571 0.010478 0.342194
-0.902861 0.257066 0.344614
-0.939571 0.010478 0.342194
-0.938902 0.007868 0.344096
-0.902861 0.257066 0.344614
-0.804243 0.484119 0.344705
-0.902731 0.259408 0.343197
-0.803430 0.483897 0.346907
-0.902731 0.259408 0.343197
-0.902861 0.257066 0.344614
-0.803430 0.483897 0.346907
-0.910434 -0.237287 0.338830
-0.805787 -0.466717 0.364531
-0.903233 -0.238603 0.356705
-0.805787 -0.466717 0.364531
-0.910434 -0.237287 0.338830
-0.820075 -0.463590 0.335502
-0.938902 0.007868 0.344096
-0.903233 -0.238603 0.356705
-0.933185 0.009392 0.359273
-0.903233 -0.238603 0.356705
-0.938902 0.007868 0.344096
-0.910434 -0.237287 0.338830
-0.902861 0.257066 0.344614
-0.938902 0.007868 0.344096
-0.890365 0.260215 0.373548
-0.938902 0.007868 0.344096
-0.933185 0.009392 0.359273
-0.890365 0.260215 0.373548
-0.803430 0.483897 0.346907
-0.902861 0.257066 0.344614
-0.790765 0.477819 0.382597
-0.902861 0.257066 0.344614
-0.890365 0.260215 0.373548
-0.790765 0.477819 0.382597
-0.575511 -0.572016 0.584453
-0.805787 -0.466717 0.364531
-0.661603 -0.653710 0.367348
-0.805787 -0.466717 0.364531
-0.575511 -0.572016 0.584453
-0.699236 -0.414397 0.582532
-0.903233 -0.238603 0.356705
-0.699236 -0.414397 0.582532
-0.786349 -0.216103 0.578753
-0.699236 -0.414397 0.582532
-0.903233 -0.238603 0.356705
-0.805787 -0.466717 0.364531
-0.933185 0.009392 0.359273
-0.786349 -0.216103 0.578753
-0.812838 0.011894 0.582368
-0.786349 -0.216103 0.578753
-0.933185 0.009392 0.359273
-0.903233 -0.238603 0.356705
-0.890365 0.260215 0.373548
-0.933185 0.009392 0.359273
-0.772657 0.232675 0.590647
-0.933185 0.009392 0.359273
-0.812838 0.011894 0.582368
-0.772657 0.232675 0.590647
-0.790765 0.477819 0.382597
-0.890365 0.260215 0.373548
-0.688589 0.414163 0.595243
-0.890365 0.260215 0.373548
-0.772657 0.232675 0.590647
-0.688589 0.414163 0.595243
-0.575511 -0.572016 0.584453
-0.495421 -0.295205 0.816953
-0.699236 -0.414397 0.582532
-0.495421 -0.295205 0.816953
-0.575511 -0.572016 0.584453
-0.405486 -0.409107 0.817443
-0.549257 -0.154063 0.821329
-0.699236 -0.414397 0.582532
-0.495421 -0.295205 0.816953
-0.699236 -0.414397 0.582532
-0.549257 -0.154063 0.821329
-0.786349 -0.216103 0.578753
-0.563497 0.009441 0.826064
-0.786349 -0.216103 0.578753
-0.549257 -0.154063 0.821329
-0.786349 -0.216103 0.578753
-0.563497 0.009441 0.826064
-0.812838 0.011894 0.582368
-0.563497 0.009441 0.826064
-0.772657 0.232675 0.590647
-0.812838 0.011894 0.582368
-0.772657 0.232675 0.590647
-0.563497 0.009441 0.826064
-0.538097 0.161447 0.827277
-0.688589 0.414163 0.595243
-0.538097 0.161447 0.827277
-0.487048 0.286715 0.824972
-0.538097 0.161447 0.827277
-0.688589 0.414163 0.595243
-0.772657 0.232675 0.590647
-0.551154 0.584209 0.595759
-0.688589 0.414163 0.595243
-0.397854 0.415536 0.817950
-0.688589 0.414163 0.595243
-0.487048 0.286715 0.824972
-0.397854 0.415536 0.817950
-0.790765 0.477819 0.382597
-0.551154 0.584209 0.595759
-0.635652 0.669180 0.384896
-0.551154 0.584209 0.595759
-0.790765 0.477819 0.382597
-0.688589 0.414163 0.595243
-0.405486 -0.409107 0.817443
-0.227415 -0.422507 0.877366
-0.344228 -0.354624 0.869338
-0.227415 -0.422507 0.877366
-0.405486 -0.409107 0.817443
-0.277179 -0.492602 0.824933
-0.405486 -0.409107 0.817443
-0.424827 -0.255827 0.868375
-0.495421 -0.295205 0.816953
-0.424827 -0.255827 0.868375
-0.405486 -0.409107 0.817443
-0.344228 -0.354624 0.869338
-0.472682 -0.135559 0.870744
-0.495421 -0.295205 0.816953
-0.424827 -0.255827 0.868375
-0.495421 -0.295205 0.816953
-0.472682 -0.135559 0.870744
-0.549257 -0.154063 0.821329
-0.476743 0.011797 0.878964
-0.549257 -0.154063 0.821329
-0.472682 -0.135559 0.870744
-0.549257 -0.154063 0.821329
-0.476743 0.011797 0.878964
-0.563497 0.009441 0.826064
-0.476743 0.011797 0.878964
-0.538097 0.161447 0.827277
-0.563497 0.009441 0.826064
-0.538097 0.161447 0.827277
-0.476743 0.011797 0.878964
-0.439795 0.134062 0.888036
-0.487048 0.286715 0.824972
-0.439795 0.134062 0.888036
-0.400712 0.232155 0.886304
-0.439795 0.134062 0.888036
-0.487048 0.286715 0.824972
-0.538097 0.161447 0.827277
-0.397854 0.415536 0.817950
-0.487048 0.286715 0.824972
-0.340711 0.340578 0.876312
-0.487048 0.286715 0.824972
-0.400712 0.232155 0.886304
-0.340711 0.340578 0.876312
-0.347120 0.104810 0.931946
-0.465880 0.283898 0.838068
-0.322997 0.199474 0.925140
-0.465880 0.283898 0.838068
-0.347120 0.104810 0.931946
-0.520782 0.154891 0.839521
-0.809897 0.237312 0.536423
-0.718282 0.438778 0.539949
-0.520782 0.154891 0.839521
-0.465880 0.283898 0.838068
-0.520782 0.154891 0.839521
-0.718282 0.438778 0.539949
-0.718282 0.438778 0.539949
-0.575000 0.605596 0.550118
-0.465880 0.283898 0.838068
-0.384036 0.401668 0.831372
-0.465880 0.283898 0.838068
-0.575000 0.605596 0.550118
-0.322997 0.199474 0.925140
-0.384036 0.401668 0.831372
-0.284898 0.301294 0.909975
-0.384036 0.401668 0.831372
-0.322997 0.199474 0.925140
-0.465880 0.283898 0.838068
-0.277693 0.496468 0.822439
-0.384036 0.401668 0.831372
-0.392847 0.718992 0.573342
-0.384036 0.401668 0.831372
-0.575000 0.605596 0.550118
-0.392847 0.718992 0.573342
-0.284898 0.301294 0.909975
-0.277693 0.496468 0.822439
-0.227879 0.417480 0.879649
-0.277693 0.496468 0.822439
-0.284898 0.301294 0.909975
-0.384036 0.401668 0.831372
-0.113784 0.562773 0.818743
-0.277693 0.496468 0.822439
-0.168207 0.795046 0.582760
-0.168207 0.795046 0.582760
-0.277693 0.496468 0.822439
-0.392847 0.718992 0.573342
-0.113784 0.562773 0.818743
-0.227879 0.417480 0.879649
-0.277693 0.496468 0.822439
-0.227879 0.417480 0.879649
-0.113784 0.562773 0.818743
-0.098000 0.486854 0.867969
0.056638 0.827834 0.558106
-0.113784 0.562773 0.818743
-0.168207 0.795046 0.582760
-0.113784 0.562773 0.818743
0.056638 0.827834 0.558106
0.046695 0.575530 0.816446
0.046695 0.575530 0.816446
-0.098000 0.486854 0.867969
-0.113784 0.562773 0.818743
-0.098000 0.486854 0.867969
0.046695 0.575530 0.816446
0.035815 0.456074 0.889221
0.056638 0.827834 0.558106
0.268326 0.793597 0.546081
0.046695 0.575530 0.816446
0.183006 0.542247 0.820047
0.046695 0.575530 0.816446
0.268326 0.793597 0.546081
0.183006 0.542247 0.820047
0.035815 0.456074 0.889221
0.046695 0.575530 0.816446
0.035815 0.456074 0.889221
0.183006 0.542247 0.820047
0.143293 0.417906 0.897119
0.465924 0.684846 0.560268
0.183006 0.542247 0.820047
0.268326 0.793597 0.546081
0.183006 0.542247 0.820047
0.465924 0.684846 0.560268
0.317797 0.469952 0.823499
0.143293 0.417906 0.897119
0.317797 0.469952 0.823499
0.263612 0.384658 0.884617
0.317797 0.469952 0.823499
0.143293 0.417906 0.897119
0.183006 0.542247 0.820047
0.465924 0.684846 0.560268
0.632181 0.525829 0.569079
0.317797 0.469952 0.823499
0.435888 0.357053 0.826145
0.317797 0.469952 0.823499
0.632181 0.525829 0.569079
0.263612 0.384658 0.884617
0.435888 0.357053 0.826145
0.365364 0.299355 0.881417
0.435888 0.357053 0.826145
0.263612 0.384658 0.884617
0.317797 0.469952 0.823499
0.632181 0.525829 0.569079
0.751097 0.333067 0.570017
0.435888 0.357053 0.826145
0.518467 0.223498 0.825373
0.435888 0.357053 0.826145
0.751097 0.333067 0.570017
0.365364 0.299355 0.881417
0.518467 0.223498 0.825373
0.419613 0.181133 0.889447
0.518467 0.223498 0.825373
0.365364 0.299355 0.881417
0.435888 0.357053 0.826145
-0.800836 0.490206 0.344036
-0.643141 0.684417 0.343427
-0.718282 0.438778 0.539949
-0.575000 0.605596 0.550118
-0.718282 0.438778 0.539949
-0.643141 0.684417 0.343427
-0.809897 0.237312 0.536423
-0.800836 0.490206 0.344036
-0.718282 0.438778 0.539949
-0.800836 0.490206 0.344036
-0.809897 0.237312 0.536423
-0.900506 0.262205 0.346896
-0.643141 0.684417 0.343427
-0.392847 0.718992 0.573342
-0.575000 0.605596 0.550118
-0.392847 0.718992 0.573342
-0.643141 0.684417 0.343427
-0.437338 0.828858 0.348898
-0.437338 0.828858 0.348898
-0.168207 0.795046 0.582760
-0.392847 0.718992 0.573342
-0.168207 0.795046 0.582760
-0.437338 0.828858 0.348898
-0.201279 0.913811 0.352754
-0.201279 0.913811 0.352754
0.050357 0.934924 0.351256
-0.168207 0.795046 0.582760
0.056638 0.827834 0.558106
-0.168207 0.795046 0.582760
0.050357 0.934924 0.351256
0.050357 0.934924 0.351256
0.300764 0.889124 0.344964
0.056638 0.827834 0.558106
0.268326 0.793597 0.546081
0.056638 0.827834 0.558106
0.300764 0.889124 0.344964
0.300764 0.889124 0.344964
0.530100 0.777551 0.338244
0.268326 0.793597 0.546081
0.465924 0.684846 0.560268
0.268326 0.793597 0.546081
0.530100 0.777551 0.338244
0.530100 0.777551 0.338244
0.719514 0.606050 0.339120
0.465924 0.684846 0.560268
0.632181 0.525829 0.569079
0.465924 0.684846 0.560268
0.719514 0.606050 0.339120
-0.643141 0.684417 0.343427
-0.800836 0.490206 0.344036
-0.643998 0.682614 0.345404
-0.800836 0.490206 0.344036
-0.801921 0.485446 0.348233
-0.643998 0.682614 0.345404
-0.643998 0.682614 0.345404
-0.437338 0.828858 0.348898
-0.643141 0.684417 0.343427
-0.437338 0.828858 0.348898
-0.643998 0.682614 0.345404
-0.438413 0.830261 0.344181
-0.438413 0.830261 0.344181
-0.201279 0.913811 0.352754
-0.437338 0.828858 0.348898
-0.201279 0.913811 0.352754
-0.438413 0.830261 0.344181
-0.202947 0.916377 0.345060
-0.202947 0.916377 0.345060
0.050357 0.934924 0.351256
-0.201279 0.913811 0.352754
0.050357 0.934924 0.351256
-0.202947 0.916377 0.345060
0.047456 0.936966 0.346184
0.047456 0.936966 0.346184
0.296592 0.889896 0.346582
0.050357 0.934924 0.351256
0.300764 0.889124 0.344964
0.050357 0.934924 0.351256
0.296592 0.889896 0.346582
0.296592 0.889896 0.346582
0.524732 0.777642 0.346308
0.300764 0.889124 0.344964
0.530100 0.777551 0.338244
0.300764 0.889124 0.344964
0.524732 0.777642 0.346308
-0.438413 0.830261 0.344181
-0.644703 0.681492 0.346304
-0.438126 0.829067 0.347411
-0.644703 0.681492 0.346304
-0.438413 0.830261 0.344181
-0.643998 0.682614 0.345404
-0.801921 0.485446 0.348233
-0.644703 0.681492 0.346304
-0.643998 0.682614 0.345404
-0.644703 0.681492 0.346304
-0.801921 0.485446 0.348233
-0.804243 0.484119 0.344705
-0.438126 0.829067 0.347411
-0.202947 0.916377 0.345060
-0.438413 0.830261 0.344181
-0.202947 0.916377 0.345060
-0.438126 0.829067 0.347411
-0.204505 0.915051 0.347648
-0.204505 0.915051 0.347648
0.047456 0.936966 0.346184
-0.202947 0.916377 0.345060
0.047456 0.936966 0.346184
-0.204505 0.915051 0.347648
0.044919 0.937070 0.346239
0.044919 0.937070 0.346239
0.294376 0.890594 0.346677
0.047456 0.936966 0.346184
0.296592 0.889896 0.346582
0.047456 0.936966 0.346184
0.294376 0.890594 0.346677
0.524732 0.777642 0.346308
0.296592 0.889896 0.346582
0.521276 0.779365 0.347650
0.296592 0.889896 0.346582
0.294376 0.890594 0.346677
0.521276 0.779365 0.347650
-0.804243 0.484119 0.344705
-0.644854 0.679978 0.348988
-0.644703 0.681492 0.346304
-0.644854 0.679978 0.348988
-0.804243 0.484119 0.344705
-0.803430 0.483897 0.346907
-0.438126 0.829067 0.347411
-0.644854 0.679978 0.348988
-0.438071 0.829249 0.347045
-0.644854 0.679978 0.348988
-0.438126 0.829067 0.347411
-0.644703 0.681492 0.346304
-0.204505 0.915051 0.347648
-0.438071 0.829249 0.347045
-0.207162 0.915330 0.345334
-0.438071 0.829249 0.347045
-0.204505 0.915051 0.347648
-0.438126 0.829067 0.347411
0.044919 0.937070 0.346239
-0.207162 0.915330 0.345334
0.042478 0.937636 0.345013
-0.207162 0.915330 0.345334
0.044919 0.937070 0.346239
-0.204505 0.915051 0.347648
0.294376 0.890594 0.346677
0.044919 0.937070 0.346239
0.293144 0.890427 0.348148
0.044919 0.937070 0.346239
0.042478 0.937636 0.345013
0.293144 0.890427 0.348148
-0.207162 0.915330 0.345334
-0.439975 0.815625 0.375736
-0.213693 0.907666 0.361216
-0.439975 0.815625 0.375736
-0.207162 0.915330 0.345334
-0.438071 0.829249 0.347045
-0.644854 0.679978 0.348988
-0.635652 0.669180 0.384896
-0.438071 0.829249 0.347045
-0.438071 0.829249 0.347045
-0.635652 0.669180 0.384896
-0.439975 0.815625 0.375736
0.042478 0.937636 0.345013
-0.213693 0.907666 0.361216
0.048268 0.930546 0.362980
-0.213693 0.907666 0.361216
0.042478 0.937636 0.345013
-0.207162 0.915330 0.345334
0.293144 0.890427 0.348148
0.042478 0.937636 0.345013
0.292965 0.879085 0.376005
0.042478 0.937636 0.345013
0.048268 0.930546 0.362980
0.292965 0.879085 0.376005
-0.635652 0.669180 0.384896
-0.551154 0.584209 0.595759
-0.439975 0.815625 0.375736
-0.439975 0.815625 0.375736
-0.551154 0.584209 0.595759
-0.392140 0.704530 0.591493
-0.213693 0.907666 0.361216
-0.392140 0.704530 0.591493
-0.195163 0.786720 0.585648
-0.392140 0.704530 0.591493
-0.213693 0.907666 0.361216
-0.439975 0.815625 0.375736
0.048268 0.930546 0.362980
-0.195163 0.786720 0.585648
0.050724 0.803894 0.592606
-0.195163 0.786720 0.585648
0.048268 0.930546 0.362980
-0.213693 0.907666 0.361216
-0.133408 0.543380 0.828819
-0.392140 0.704530 0.591493
-0.279308 0.506447 0.815781
-0.392140 0.704530 0.591493
-0.133408 0.543380 0.828819
-0.195163 0.786720 0.585648
0.050724 0.803894 0.592606
-0.133408 0.543380 0.828819
0.037008 0.548658 0.835227
-0.133408 0.543380 0.828819
0.050724 0.803894 0.592606
-0.195163 0.786720 0.585648
0.033989 0.459660 0.887444
-0.133408 0.543380 0.828819
-0.104454 0.464080 0.879613
-0.133408 0.543380 0.828819
0.033989 0.459660 0.887444
0.037008 0.548658 0.835227
-0.644854 0.679978 0.348988
-0.803430 0.483897 0.346907
-0.635652 0.669180 0.384896
-0.803430 0.483897 0.346907
-0.790765 0.477819 0.382597
-0.635652 0.669180 0.384896
-0.392140 0.704530 0.591493
-0.397854 0.415536 0.817950
-0.279308 0.506447 0.815781
-0.397854 0.415536 0.817950
-0.392140 0.704530 0.591493
-0.551154 0.584209 0.595759
-0.231344 0.427573 0.873877
-0.279308 0.506447 0.815781
-0.397854 0.415536 0.817950
-0.231344 0.427573 0.873877
-0.397854 0.415536 0.817950
-0.340711 0.340578 0.876312
-0.279308 0.506447 0.815781
-0.104454 0.464080 0.879613
-0.133408 0.543380 0.828819
-0.104454 0.464080 0.879613
-0.279308 0.506447 0.815781
-0.231344 0.427573 0.873877
-0.000000 -0.000000 1.000000
-0.000001 -0.000000 1.000000
-0.000000 -0.000000 1.000000
-0.000001 -0.000000 1.000000
-0.000000 -0.000000 1.000000
-0.000001 -0.000000 1.000000
-0.000000 -0.000000 1.000000
-0.000000 0.000000 1.000000
-0.000000 0.000000 1.000000
-0.000000 0.000000 1.000000
-0.000000 -0.000000 1.000000
-0.000000 -0.000000 1.000000
-0.000000 0.000000 1.000000
-0.000001 0.000001 1.000000
-0.000001 0.000001 1.000000
-0.000001 0.000001 1.000000
-0.000000 0.000000 1.000000
-0.000000 0.000000 1.000000
0.000000 -0.000000 1.000000
-0.000001 -0.000000 1.000000
-0.000001 -0.000000 1.000000
-0.000001 -0.000000 1.000000
0.000000 -0.000000 1.000000
-0.000000 -0.000000 1.000000
-0.000001 -0.000000 1.000000
-0.000000 -0.000000 1.000000
-0.000001 0.000000 1.000000
-0.000000 -0.000000 1.000000
-0.000001 -0.000000 1.000000
-0.000001 0.000000 1.000000
0.000000 -0.000000 1.000000
-0.000001 -0.000000 1.000000
-0.000000 -0.000000 1.000000
-0.000001 -0.000000 1.000000
0.000000 -0.000000 1.000000
0.000000 -0.000000 1.000000
0.000000 -0.000000 1.000000
0.000000 -0.000000 1.000000
-0.000000 -0.000000 1.000000
0.000000 -0.000000 1.000000
0.000000 -0.000000 1.000000
0.000000 -0.000000 1.000000
-0.000001 -0.000000 1.000000
-0.000001 -0.000000 1.000000
-0.000000 -0.000000 1.000000
-0.000001 -0.000000 1.000000
-0.000001 0.000000 1.000000
-0.000000 -0.000000 1.000000
-0.000001 -0.000000 1.000000
-0.000001 -0.000000 1.000000
-0.000001 -0.000000 1.000000
-0.000001 -0.000000 1.000000
-0.000001 -0.000000 1.000000
-0.000001 -0.000000 1.000000
-0.000001 0.000000 1.000000
-0.000000 0.000000 1.000000
-0.000001 0.000000 1.000000
-0.000000 0.000000 1.000000
-0.000001 0.000000 1.000000
-0.000001 0.000000 1.000000
-0.000001 0.000000 1.000000
0.000000 0.000000 1.000000
0.000000 0.000000 1.000000
0.000000 0.000000 1.000000
-0.000001 0.000000 1.000000
-0.000000 0.000000 1.000000
-0.000000 0.000000 1.000000
0.000000 0.000000 1.000000
-0.000000 0.000000 1.000000
0.000000 0.000000 1.000000
-0.000000 0.000000 1.000000
0.000000 0.000000 1.000000
-0.000001 0.000000 1.000000
-0.000000 0.000000 1.000000
-0.000000 0.000000 1.000000
-0.000000 0.000000 1.000000
-0.000001 0.000000 1.000000
-0.000001 0.000000 1.000000
-0.000000 0.000000 1.000000
-0.000001 0.000000 1.000000
-0.000001 0.000000 1.000000
-0.000001 0.000000 1.000000
-0.000000 0.000000 1.000000
-0.000001 0.000000 1.000000
-0.000001 0.000000 1.000000
-0.000001 0.000000 1.000000
-0.000001 0.000000 1.000000
-0.000001 0.000000 1.000000
-0.000001 0.000000 1.000000
-0.000001 0.000001 1.000000
-0.000001 0.000000 1.000000
-0.000001 0.000000 1.000000
-0.000001 0.000000 1.000000
-0.000001 0.000000 1.000000
-0.000001 0.000000 1.000000
-0.000001 0.000000 1.000000
-0.000001 0.000000 1.000000
0.000000 0.000000 1.000000
0.000000 0.000000 1.000000
0.000000 0.000000 1.000000
-0.000001 0.000000 1.000000
-0.000001 0.000000 1.000000
-0.000000 0.000000 1.000000
-0.000001 0.000000 1.000000
-0.000001 0.000000 1.000000
-0.000001 0.000000 1.000000
-0.000000 0.000000 1.000000
-0.000000 0.000000 1.000000
-0.000000 0.000000 1.000000
-0.000001 0.000000 1.000000
-0.000001 0.000000 1.000000
-0.000001 0.000000 1.000000
-0.000000 0.000000 1.000000
-0.000000 0.000000 1.000000
-0.000001 0.000000 1.000000
-0.000000 0.000000 1.000000
-0.000001 0.000000 1.000000
-0.000000 0.000000 1.000000
-0.000001 0.000000 1.000000
-0.000000 0.000000 1.000000
-0.000001 0.000000 1.000000
-0.000001 0.000000 1.000000
-0.000001 0.000001 1.000000
-0.000001 0.000000 1.000000
-0.000001 0.000001 1.000000
-0.000001 0.000000 1.000000
-0.000001 0.000000 1.000000
-0.000001 0.000001 1.000000
-0.000000 0.000001 1.000000
-0.000001 0.000001 1.000000
-0.000001 0.000000 1.000000
-0.000001 0.000001 1.000000
-0.000000 0.000001 1.000000
-0.000001 0.000001 1.000000
-0.000001 0.000001 1.000000
-0.000001 0.000001 1.000000
-0.000000 0.000001 1.000000
-0.000001 0.000001 1.000000
-0.000001 0.000000 1.000000
-0.000000 0.000001 1.000000
-0.000001 0.000001 1.000000
-0.000000 0.000001 1.000000
-0.000001 0.000000 1.000000
-0.000000 0.000000 1.000000
-0.000001 -0.000000 1.000000
-0.000001 0.000000 1.000000
-0.000001 0.000000 1.000000
-0.000001 0.000000 1.000000
-0.000001 -0.000000 1.000000
-0.000001 0.000000 1.000000
-0.000001 -0.000000 1.000000
-0.000000 0.000000 1.000000
-0.000001 0.000000 1.000000
-0.000000 0.000000 1.000000
-0.000001 -0.000000 1.000000
-0.000000 -0.000000 1.000000
-0.000000 -0.000001 1.000000
-0.000001 -0.000000 1.000000
-0.000000 -0.000000 1.000000
-0.000001 -0.000000 1.000000
-0.000000 -0.000001 1.000000
-0.000000 -0.000000 1.000000
-0.000000 -0.000000 1.000000
-0.000001 0.000000 1.000000
-0.000001 -0.000000 1.000000
-0.000001 0.000000 1.000000
-0.000000 -0.000000 1.000000
-0.000001 -0.000000 1.000000
-0.000000 0.000000 1.000000
-0.000001 0.000000 1.000000
-0.000000 0.000000 1.000000
-0.000001 0.000000 1.000000
-0.000000 0.000000 1.000000
-0.000001 0.000000 1.000000
-0.000001 0.000000 1.000000
-0.000001 0.000000 1.000000
-0.000001 0.000000 1.000000
-0.000001 0.000000 1.000000
-0.000001 0.000000 1.000000
-0.000000 0.000000 1.000000
-0.000001 -0.000000 1.000000
-0.000001 0.000000 1.000000
-0.000001 0.000000 1.000000
-0.000001 0.000000 1.000000
-0.000001 -0.000000 1.000000
-0.000001 0.000000 1.000000
-0.000001 0.000000 1.000000
-0.000000 0.000000 1.000000
-0.000000 -0.000000 1.000000
-0.000000 0.000000 1.000000
-0.000001 0.000000 1.000000
-0.000001 0.000000 1.000000
-0.000000 0.000000 1.000000
-0.000001 0.000000 1.000000
-0.000000 0.000000 1.000000
-0.000001 0.000000 1.000000
-0.000001 0.000000 1.000000
-0.000000 0.000000 1.000000
-0.000001 -0.000000 1.000000
-0.000001 0.000000 1.000000
-0.000001 0.000000 1.000000
-0.000001 0.000000 1.000000
-0.000001 -0.000000 1.000000
-0.000001 -0.000000 1.000000
-0.000000 0.000000 1.000000
0.000000 0.000000 1.000000
-0.000001 0.000000 1.000000
0.000000 0.000000 1.000000
-0.000000 0.000000 1.000000
-0.000000 0.000000 1.000000
0.000000 0.000000 1.000000
0.000000 0.000001 1.000000
-0.000001 0.000000 1.000000
-0.000001 0.000000 1.000000
0.000000 0.000001 1.000000
-0.000001 0.000001 1.000000
-0.000000 0.000000 1.000000
-0.000000 0.000001 1.000000
0.000000 0.000000 1.000000
-0.000000 0.000001 1.000000
-0.000000 0.000000 1.000000
-0.000001 0.000000 1.000000
0.000000 0.000000 1.000000
-0.000000 0.000001 1.000000
-0.000000 0.000001 1.000000
0.000000 0.000000 1.000000
-0.000000 0.000001 1.000000
0.000000 0.000001 1.000000
-0.000000 0.000001 1.000000
-0.000001 0.000001 1.000000
-0.000001 0.000001 1.000000
-0.000001 0.000001 1.000000
-0.000000 0.000001 1.000000
-0.000000 0.000001 1.000000
-0.000000 0.000000 1.000000
-0.000000 0.000000 1.000000
-0.000000 0.000000 1.000000
-0.000000 0.000000 1.000000
-0.000000 0.000000 1.000000
-0.000000 0.000000 1.000000
-0.000000 0.000000 1.000000
-0.000000 0.000000 1.000000
-0.000000 0.000000 1.000000
-0.000000 0.000000 1.000000
-0.000000 0.000000 1.000000
-0.000001 0.000000 1.000000
-0.000001 -0.000000 1.000000
0.000000 -0.000000 1.000000
-0.000001 -0.000000 1.000000
0.000000 -0.000000 1.000000
-0.000000 -0.000000 1.000000
-0.000001 -0.000000 1.000000
0.000000 -0.000000 1.000000
-0.000000 -0.000000 1.000000
0.000000 -0.000000 1.000000
-0.000000 -0.000000 1.000000
0.000000 -0.000000 1.000000
-0.000000 -0.000001 1.000000
0.000000 -0.000000 1.000000
0.000000 -0.000000 1.000000
0.000000 -0.000000 1.000000
0.000000 -0.000000 1.000000
0.000000 -0.000000 1.000000
0.000000 -0.000000 1.000000
0.143838 -0.673023 -0.725501
-0.012489 -0.597368 -0.801870
0.163939 -0.602627 -0.781002
-0.012489 -0.597368 -0.801870
0.143838 -0.673023 -0.725501
-0.044497 -0.669316 -0.741644
-0.181877 -0.555260 -0.811546
-0.044497 -0.669316 -0.741644
-0.222603 -0.625548 -0.747755
-0.044497 -0.669316 -0.741644
-0.181877 -0.555260 -0.811546
-0.012489 -0.597368 -0.801870
-0.349192 -0.463322 -0.814492
-0.222603 -0.625548 -0.747755
-0.395797 -0.531743 -0.748728
-0.222603 -0.625548 -0.747755
-0.349192 -0.463322 -0.814492
-0.181877 -0.555260 -0.811546
-0.057289 -0.730995 -0.679974
-0.222603 -0.625548 -0.747755
-0.044497 -0.669316 -0.741644
-0.222603 -0.625548 -0.747755
-0.057289 -0.730995 -0.679974
-0.254527 -0.686454 -0.681173
-0.395797 -0.531743 -0.748728
-0.254527 -0.686454 -0.681173
-0.437884 -0.588272 -0.679848
-0.254527 -0.686454 -0.681173
-0.395797 -0.531743 -0.748728
-0.222603 -0.625548 -0.747755
-0.063635 -0.778210 -0.624771
-0.254527 -0.686454 -0.681173
-0.057289 -0.730995 -0.679974
-0.254527 -0.686454 -0.681173
-0.063635 -0.778210 -0.624771
-0.274726 -0.730005 -0.625794
-0.437884 -0.588272 -0.679848
-0.274726 -0.730005 -0.625794
-0.467605 -0.627032 -0.623039
-0.274726 -0.730005 -0.625794
-0.437884 -0.588272 -0.679848
-0.254527 -0.686454 -0.681173
-0.467605 -0.627032 -0.623039
-0.289789 -0.769160 -0.569574
-0.492703 -0.661244 -0.565686
-0.289789 -0.769160 -0.569574
-0.467605 -0.627032 -0.623039
-0.274726 -0.730005 -0.625794
-0.492703 -0.661244 -0.565686
-0.301798 -0.806567 -0.508299
-0.514482 -0.692658 -0.505503
-0.301798 -0.806567 -0.508299
-0.492703 -0.661244 -0.565686
-0.289789 -0.769160 -0.569574
-0.682568 -0.529244 -0.503986
-0.530878 -0.719335 -0.448024
-0.704241 -0.551350 -0.447278
-0.530878 -0.719335 -0.448024
-0.682568 -0.529244 -0.503986
-0.514482 -0.692658 -0.505503
0.518249 -0.197258 0.832170
0.557004 -0.057534 0.828514
0.759602 -0.287652 0.583319
0.759602 -0.287652 0.583319
0.557004 -0.057534 0.828514
0.818396 -0.082715 0.568671
0.518249 -0.197258 0.832170
0.441426 -0.048266 0.895999
0.557004 -0.057534 0.828514
0.441426 -0.048266 0.895999
0.518249 -0.197258 0.832170
0.441025 -0.173157 0.880633
0.000000 0.000000 1.000000
0.000000 0.000000 1.000000
0.000000 0.000000 1.000000
0.000000 0.000000 1.000000
0.000000 0.000000 1.000000
0.000000 0.000000 1.000000
0.000000 0.000000 1.000000
0.000000 0.000000 1.000000
0.000000 0.000000 1.000000
0.000000 0.000000 1.000000
0.000000 0.000000 1.000000
0.000000 0.000000 1.000000
-0.000000 -0.000000 1.000000
0.000000 0.000000 1.000000
-0.000000 -0.000000 1.000000
0.000000 0.000000 1.000000
-0.000000 -0.000000 1.000000
0.000000 0.000000 1.000000
-0.000000 -0.000000 1.000000
-0.000000 -0.000000 1.000000
-0.000000 -0.000000 1.000000
-0.000000 -0.000000 1.000000
-0.000000 -0.000000 1.000000
-0.000000 -0.000000 1.000000
-0.000001 0.000000 1.000000
-0.000000 -0.000000 1.000000
-0.000001 0.000000 1.000000
-0.000000 -0.000000 1.000000
-0.000000 -0.000000 1.000000
-0.000001 0.000000 1.000000
-0.000001 0.000000 1.000000
-0.000001 0.000001 1.000000
-0.000001 0.000000 1.000000
-0.000001 0.000001 1.000000
-0.000001 0.000000 1.000000
-0.000001 0.000001 1.000000
-0.168071 0.985320 -0.029944
-0.400547 0.916191 -0.012481
-0.408112 0.912853 -0.012014
-0.400547 0.916191 -0.012481
-0.168071 0.985320 -0.029944
-0.162882 0.986177 -0.030401
-0.408112 0.912853 -0.012014
-0.618929 0.785285 -0.015973
-0.626001 0.779642 -0.016770
-0.618929 0.785285 -0.015973
-0.408112 0.912853 -0.012014
-0.400547 0.916191 -0.012481
-0.626001 0.779642 -0.016770
-0.798462 0.601362 -0.028684
-0.801709 0.597024 -0.028725
-0.798462 0.601362 -0.028684
-0.626001 0.779642 -0.016770
-0.618929 0.785285 -0.015973
-0.801709 0.597024 -0.028725
-0.925624 0.377975 -0.018853
-0.927694 0.372889 -0.018388
-0.925624 0.377975 -0.018853
-0.801709 0.597024 -0.028725
-0.798462 0.601362 -0.028684
-0.927694 0.372889 -0.018388
-0.992568 0.121179 -0.011122
-0.993237 0.115558 -0.011272
-0.992568 0.121179 -0.011122
-0.927694 0.372889 -0.018388
-0.925624 0.377975 -0.018853
-0.993237 0.115558 -0.011272
-0.989657 -0.142235 -0.018684
-0.988525 -0.149869 -0.018920
-0.989657 -0.142235 -0.018684
-0.993237 0.115558 -0.011272
-0.992568 0.121179 -0.011122
-0.988525 -0.149869 -0.018920
-0.917245 -0.397413 -0.026932
-0.913175 -0.406655 -0.027243
-0.917245 -0.397413 -0.026932
-0.988525 -0.149869 -0.018920
-0.989657 -0.142235 -0.018684
0.955948 -0.293133 -0.015371
0.998962 -0.041672 -0.018412
0.956987 -0.289718 -0.015507
0.999295 -0.032792 -0.018268
0.956987 -0.289718 -0.015507
0.998962 -0.041672 -0.018412
0.846511 -0.532056 -0.018319
0.955948 -0.293133 -0.015371
0.956987 -0.289718 -0.015507
0.955948 -0.293133 -0.015371
0.846511 -0.532056 -0.018319
0.845058 -0.534355 -0.018477
0.678610 -0.734038 -0.026031
0.845058 -0.534355 -0.018477
0.846511 -0.532056 -0.018319
0.845058 -0.534355 -0.018477
0.678610 -0.734038 -0.026031
0.673733 -0.738517 -0.026016
0.462800 -0.886282 -0.017892
0.673733 -0.738517 -0.026016
0.678610 -0.734038 -0.026031
0.673733 -0.738517 -0.026016
0.462800 -0.886282 -0.017892
0.456783 -0.889406 -0.017491
0.207478 -0.978151 -0.013170
0.456783 -0.889406 -0.017491
0.462800 -0.886282 -0.017892
0.456783 -0.889406 -0.017491
0.207478 -0.978151 -0.013170
0.201130 -0.979474 -0.013341
-0.060065 -0.998118 -0.012370
0.201130 -0.979474 -0.013341
0.207478 -0.978151 -0.013170
0.201130 -0.979474 -0.013341
-0.060065 -0.998118 -0.012370
-0.063368 -0.997915 -0.012255
-0.330342 -0.943784 -0.012066
-0.063368 -0.997915 -0.012255
-0.060065 -0.998118 -0.012370
-0.063368 -0.997915 -0.012255
-0.330342 -0.943784 -0.012066
-0.330541 -0.943714 -0.012073
-0.574910 -0.817636 -0.030822
-0.330342 -0.943784 -0.012066
-0.573629 -0.818541 -0.030651
-0.330342 -0.943784 -0.012066
-0.574910 -0.817636 -0.030822
-0.330541 -0.943714 -0.012073
-0.573629 -0.818541 -0.030651
-0.768283 -0.638953 -0.038466
-0.773364 -0.632819 -0.038069
-0.573629 -0.818541 -0.030651
-0.773364 -0.632819 -0.038069
-0.574910 -0.817636 -0.030822
-0.913175 -0.406655 -0.027243
-0.773364 -0.632819 -0.038069
-0.768283 -0.638953 -0.038466
-0.773364 -0.632819 -0.038069
-0.913175 -0.406655 -0.027243
-0.917245 -0.397413 -0.026932
0.998962 -0.041672 -0.018412
0.976105 0.217025 -0.010949
0.999295 -0.032792 -0.018268
0.974309 0.224963 -0.010614
0.999295 -0.032792 -0.018268
0.976105 0.217025 -0.010949
0.976105 0.217025 -0.010949
0.887549 0.460433 -0.016071
0.974309 0.224963 -0.010614
0.883410 0.468299 -0.016844
0.974309 0.224963 -0.010614
0.887549 0.460433 -0.016071
0.887549 0.460433 -0.016071
0.743393 0.668207 -0.029425
0.883410 0.468299 -0.016844
0.736738 0.675531 -0.029572
0.883410 0.468299 -0.016844
0.743393 0.668207 -0.029425
0.743393 0.668207 -0.029425
0.553977 0.832354 -0.017223
0.736738 0.675531 -0.029572
0.548524 0.835973 -0.016456
0.736738 0.675531 -0.029572
0.553977 0.832354 -0.017223
0.553977 0.832354 -0.017223
0.329575 0.944094 -0.008160
0.548524 0.835973 -0.016456
0.322556 0.946512 -0.008507
0.548524 0.835973 -0.016456
0.329575 0.944094 -0.008160
0.329575 0.944094 -0.008160
0.084339 0.996068 -0.027138
0.322556 0.946512 -0.008507
0.075368 0.996760 -0.028098
0.322556 0.946512 -0.008507
0.084339 0.996068 -0.027138
0.084339 0.996068 -0.027138
-0.162882 0.986177 -0.030401
0.075368 0.996760 -0.028098
-0.168071 0.985320 -0.029944
0.075368 0.996760 -0.028098
-0.162882 0.986177 -0.030401
</float_array>
          <technique_common>
            <accessor source="#TidalTurbine_Nacelle-Normal0-array" count="9048" stride="3">
              <param name="X" type="float"/>
              <param name="Y" type="float"/>
              <param name="Z" type="float"/>
            </accessor>
          </technique_common>
        </source>
        <vertices id="TidalTurbine_Nacelle-VERTEX">
          <input semantic="POSITION" source="#TidalTurbine_Nacelle-POSITION"/>
        </vertices>
        <triangles count="3016" material="Yellow">
          <input semantic="VERTEX" offset="0" source="#TidalTurbine_Nacelle-VERTEX"/>
          <input semantic="NORMAL" offset="1" source="#TidalTurbine_Nacelle-Normal0"/>
          <p> 4 0 158 1 3 2 158 3 4 4 0 5 158 6 154 7 153 8 154 9 158 10 0 11 154 12 0 13 155 14 0 15 1 16 155 17 4 18 1 19 0 20 1 21 4 22 5 23 5 24 856 25 1 26 856 27 5 28 857 29 155 30 1 31 866 32 1 33 856 34 866 35 7 36 2 37 6 38 2 39 159 40 6 41 157 42 159 43 2 44 159 45 157 46 156 47 158 48 2 49 3 50 2 51 158 52 157 53 3 54 7 55 8 56 7 57 3 58 2 59 3 60 9 61 4 62 9 63 3 64 8 65 9 66 5 67 4 68 5 69 9 70 10 71 857 72 10 73 858 74 10 75 857 76 5 77 7 78 47 79 42 80 47 81 7 82 6 83 47 84 764 85 765 86 764 87 47 88 6 89 756 90 6 91 159 92 6 93 756 94 764 95 8 96 42 97 11 98 42 99 8 100 7 101 9 102 11 103 12 104 11 105 9 106 8 107 10 108 12 109 13 110 12 111 10 112 9 113 858 114 13 115 859 116 13 117 858 118 10 119 36 120 12 121 11 122 11 123 39 124 36 125 39 126 42 127 43 128 42 129 39 130 11 131 13 132 36 133 14 134 36 135 13 136 12 137 859 138 14 139 860 140 14 141 859 142 13 143 868 144 860 145 14 146 14 147 35 148 868 149 36 150 35 151 14 152 35 153 36 154 37 155 20 156 16 157 15 158 20 159 15 160 19 161 19 162 611 163 612 164 611 165 19 166 15 167 867 168 15 169 597 170 15 171 867 172 611 173 597 174 16 175 598 176 16 177 597 178 15 179 21 180 17 181 16 182 21 183 16 184 20 185 598 186 17 187 599 188 17 189 598 190 16 191 21 192 18 193 17 194 18 195 21 196 46 197 599 198 18 199 600 200 18 201 599 202 17 203 46 204 52 205 18 206 52 207 46 208 51 209 600 210 52 211 601 212 52 213 600 214 18 215 38 216 20 217 19 218 38 219 19 220 22 221 22 222 612 223 613 224 612 225 22 226 19 227 41 228 21 229 20 230 41 231 20 232 38 233 41 234 46 235 21 236 46 237 41 238 45 239 37 240 22 241 35 242 22 243 37 244 38 245 868 246 35 247 22 248 22 249 613 250 868 251 24 252 25 253 23 254 23 255 481 256 24 257 478 258 481 259 23 260 481 261 478 262 477 263 579 264 23 265 580 266 23 267 579 268 478 269 580 270 25 271 582 272 25 273 580 274 23 275 485 276 26 277 24 278 24 279 483 280 485 281 481 282 483 283 24 284 483 285 481 286 480 287 25 288 26 289 27 290 26 291 25 292 24 293 27 294 582 295 25 296 582 297 27 298 585 299 29 300 27 301 26 302 27 303 29 304 30 305 28 306 29 307 26 308 28 309 26 310 485 311 30 312 585 313 27 314 585 315 30 316 588 317 32 318 29 319 28 320 29 321 32 322 33 323 31 324 32 325 28 326 28 327 486 328 31 329 485 330 486 331 28 332 486 333 485 334 484 335 33 336 30 337 29 338 30 339 33 340 34 341 34 342 588 343 30 344 588 345 34 346 592 347 868 348 613 349 31 350 31 351 860 352 868 353 486 354 860 355 31 356 860 357 486 358 859 359 613 360 32 361 31 362 32 363 613 364 612 365 612 366 33 367 32 368 33 369 612 370 611 371 867 372 33 373 611 374 33 375 867 376 34 377 867 378 592 379 34 380 592 381 867 382 597 383 39 384 37 385 36 386 37 387 39 388 40 389 40 390 38 391 37 392 38 393 40 394 41 395 43 396 40 397 39 398 40 399 43 400 44 401 44 402 41 403 40 404 41 405 44 406 45 407 43 408 47 409 48 410 47 411 43 412 42 413 44 414 48 415 49 416 48 417 44 418 43 419 45 420 49 421 50 422 49 423 45 424 44 425 46 426 45 427 51 428 45 429 50 430 51 431 48 432 765 433 766 434 765 435 48 436 47 437 49 438 766 439 767 440 766 441 49 442 48 443 50 444 767 445 768 446 767 447 50 448 49 449 51 450 768 451 769 452 768 453 51 454 50 455 52 456 769 457 770 458 769 459 52 460 51 461 770 462 601 463 52 464 601 465 770 466 777 467 57 468 58 469 53 470 53 471 58 472 54 473 821 474 57 475 53 476 57 477 821 478 822 479 642 480 821 481 53 482 642 483 53 484 137 485 137 486 54 487 138 488 54 489 137 490 53 491 58 492 59 493 54 494 54 495 59 496 55 497 138 498 55 499 139 500 55 501 138 502 54 503 59 504 95 505 55 506 55 507 95 508 56 509 139 510 56 511 140 512 56 513 139 514 55 515 95 516 676 517 56 518 56 519 676 520 675 521 140 522 675 523 635 524 675 525 140 526 56 527 60 528 61 529 57 530 57 531 61 532 58 533 822 534 60 535 57 536 60 537 822 538 823 539 61 540 96 541 58 542 58 543 96 544 59 545 96 546 97 547 59 548 59 549 97 550 95 551 62 552 63 553 60 554 60 555 63 556 61 557 823 558 62 559 60 560 62 561 823 562 824 563 63 564 98 565 61 566 61 567 98 568 96 569 64 570 100 571 62 572 62 573 100 574 63 575 824 576 64 577 62 578 64 579 824 580 825 581 100 582 101 583 63 584 63 585 101 586 98 587 103 588 104 589 64 590 64 591 104 592 100 593 825 594 103 595 64 596 103 597 825 598 826 599 90 600 67 601 65 602 67 603 90 604 66 605 86 606 90 607 65 608 86 609 65 610 87 611 87 612 693 613 692 614 693 615 87 616 65 617 67 618 694 619 65 620 65 621 694 622 693 623 92 624 69 625 66 626 69 627 92 628 68 629 89 630 92 631 66 632 89 633 66 634 90 635 69 636 70 637 66 638 66 639 70 640 67 641 70 642 695 643 67 644 67 645 695 646 694 647 93 648 71 649 68 650 71 651 93 652 94 653 91 654 93 655 68 656 91 657 68 658 92 659 71 660 72 661 68 662 68 663 72 664 69 665 72 666 73 667 69 668 69 669 73 670 70 671 696 672 70 673 73 674 70 675 696 676 695 677 75 678 76 679 71 680 71 681 76 682 72 683 94 684 75 685 71 686 75 687 94 688 74 689 76 690 77 691 72 692 72 693 77 694 73 695 77 696 697 697 73 698 73 699 697 700 696 701 113 702 114 703 74 704 74 705 114 706 75 707 803 708 113 709 74 710 113 711 803 712 636 713 802 714 803 715 74 716 802 717 74 718 94 719 114 720 115 721 75 722 75 723 115 724 76 725 115 726 116 727 76 728 76 729 116 730 77 731 116 732 629 733 77 734 77 735 629 736 697 737 80 738 81 739 78 740 78 741 81 742 79 743 796 744 80 745 78 746 80 747 796 748 797 749 795 750 796 751 78 752 795 753 78 754 107 755 107 756 79 757 108 758 79 759 107 760 78 761 108 762 111 763 109 764 111 765 108 766 79 767 81 768 82 769 79 770 79 771 82 772 111 773 84 774 85 775 80 776 80 777 85 778 81 779 797 780 84 781 80 782 84 783 797 784 798 785 85 786 86 787 81 788 81 789 86 790 82 791 86 792 87 793 82 794 82 795 87 796 83 797 111 798 83 799 112 800 83 801 111 802 82 803 112 804 683 805 682 806 683 807 112 808 83 809 87 810 692 811 83 812 83 813 692 814 683 815 88 816 89 817 84 818 84 819 89 820 85 821 798 822 88 823 84 824 88 825 798 826 799 827 89 828 90 829 85 830 85 831 90 832 86 833 91 834 92 835 88 836 88 837 92 838 89 839 799 840 91 841 88 842 91 843 799 844 800 845 800 846 93 847 91 848 93 849 800 850 801 851 801 852 94 853 93 854 94 855 801 856 802 857 97 858 677 859 95 860 95 861 677 862 676 863 98 864 99 865 96 866 96 867 99 868 97 869 99 870 678 871 97 872 97 873 678 874 677 875 101 876 102 877 98 878 98 879 102 880 99 881 102 882 679 883 99 884 99 885 679 886 678 887 104 888 105 889 100 890 100 891 105 892 101 893 105 894 106 895 101 896 101 897 106 898 102 899 106 900 680 901 102 902 102 903 680 904 679 905 107 906 108 907 103 908 103 909 108 910 104 911 826 912 107 913 103 914 107 915 826 916 795 917 108 918 109 919 104 920 104 921 109 922 105 923 109 924 110 925 105 926 105 927 110 928 106 929 110 930 681 931 106 932 106 933 681 934 680 935 111 936 112 937 109 938 109 939 112 940 110 941 112 942 682 943 110 944 110 945 682 946 681 947 126 948 117 949 113 950 113 951 117 952 114 953 636 954 126 955 113 956 126 957 636 958 637 959 117 960 118 961 114 962 114 963 118 964 115 965 118 966 119 967 115 968 115 969 119 970 116 971 119 972 630 973 116 974 116 975 630 976 629 977 120 978 121 979 117 980 117 981 121 982 118 983 126 984 120 985 117 986 120 987 126 988 127 989 121 990 122 991 118 992 118 993 122 994 119 995 122 996 631 997 119 998 119 999 631 1000 630 1001 127 1002 129 1003 120 1004 129 1005 127 1006 128 1007 129 1008 123 1009 120 1010 120 1011 123 1012 121 1013 123 1014 124 1015 121 1016 121 1017 124 1018 122 1019 124 1020 632 1021 122 1022 122 1023 632 1024 631 1025 129 1026 132 1027 123 1028 132 1029 129 1030 131 1031 132 1032 125 1033 123 1034 123 1035 125 1036 124 1037 125 1038 633 1039 124 1040 124 1041 633 1042 632 1043 136 1044 634 1045 125 1046 125 1047 634 1048 633 1049 132 1050 136 1051 125 1052 136 1053 132 1054 135 1055 637 1056 127 1057 126 1058 127 1059 637 1060 638 1061 638 1062 128 1063 127 1064 128 1065 638 1066 639 1067 130 1068 131 1069 128 1070 128 1071 131 1072 129 1073 639 1074 130 1075 128 1076 130 1077 639 1078 640 1079 133 1080 134 1081 130 1082 130 1083 134 1084 131 1085 640 1086 133 1087 130 1088 133 1089 640 1090 641 1091 134 1092 135 1093 131 1094 131 1095 135 1096 132 1097 137 1098 138 1099 133 1100 133 1101 138 1102 134 1103 641 1104 137 1105 133 1106 137 1107 641 1108 642 1109 138 1110 139 1111 134 1112 134 1113 139 1114 135 1115 139 1116 140 1117 135 1118 135 1119 140 1120 136 1121 140 1122 635 1123 136 1124 136 1125 635 1126 634 1127 496 1128 500 1129 141 1130 500 1131 496 1132 499 1133 496 1134 142 1135 143 1136 142 1137 496 1138 141 1139 142 1140 762 1141 761 1142 762 1143 142 1144 141 1145 500 1146 763 1147 141 1148 141 1149 763 1150 762 1151 143 1152 144 1153 145 1154 144 1155 143 1156 142 1157 144 1158 761 1159 760 1160 761 1161 144 1162 142 1163 492 1164 145 1165 146 1166 145 1167 492 1168 143 1169 495 1170 143 1171 492 1172 143 1173 495 1174 496 1175 148 1176 145 1177 144 1178 148 1179 144 1180 147 1181 760 1182 147 1183 144 1184 147 1185 760 1186 759 1187 149 1188 146 1189 145 1190 149 1191 145 1192 148 1193 150 1194 489 1195 146 1196 150 1197 146 1198 149 1199 491 1200 146 1201 489 1202 146 1203 491 1204 492 1205 152 1206 148 1207 147 1208 152 1209 147 1210 151 1211 151 1212 759 1213 758 1214 759 1215 151 1216 147 1217 153 1218 149 1219 148 1220 153 1221 148 1222 152 1223 154 1224 150 1225 149 1226 149 1227 153 1228 154 1229 150 1230 154 1231 155 1232 150 1233 155 1234 487 1235 489 1236 487 1237 488 1238 487 1239 489 1240 150 1241 157 1242 152 1243 151 1244 157 1245 151 1246 156 1247 156 1248 758 1249 757 1250 758 1251 156 1252 151 1253 158 1254 153 1255 152 1256 152 1257 157 1258 158 1259 487 1260 866 1261 475 1262 866 1263 487 1264 155 1265 159 1266 156 1267 756 1268 156 1269 757 1270 756 1271 253 1272 244 1273 160 1274 244 1275 253 1276 245 1277 162 1278 253 1279 160 1280 162 1281 160 1282 161 1283 161 1284 748 1285 749 1286 748 1287 161 1288 160 1289 244 1290 674 1291 160 1292 160 1293 674 1294 748 1295 166 1296 162 1297 161 1298 166 1299 161 1300 165 1301 165 1302 749 1303 750 1304 749 1305 165 1306 161 1307 167 1308 163 1309 162 1310 167 1311 162 1312 166 1313 163 1314 253 1315 162 1316 253 1317 163 1318 254 1319 164 1320 254 1321 163 1322 254 1323 164 1324 255 1325 164 1326 163 1327 168 1328 168 1329 163 1330 167 1331 261 1332 255 1333 164 1334 255 1335 261 1336 256 1337 261 1338 164 1339 169 1340 169 1341 164 1342 168 1343 172 1344 166 1345 165 1346 172 1347 165 1348 171 1349 171 1350 750 1351 751 1352 750 1353 171 1354 165 1355 173 1356 167 1357 166 1358 173 1359 166 1360 172 1361 168 1362 167 1363 174 1364 174 1365 167 1366 173 1367 169 1368 168 1369 175 1370 175 1371 168 1372 174 1373 170 1374 169 1375 176 1376 176 1377 169 1378 175 1379 170 1380 261 1381 169 1382 261 1383 170 1384 262 1385 266 1386 262 1387 170 1388 262 1389 266 1390 263 1391 266 1392 170 1393 177 1394 177 1395 170 1396 176 1397 180 1398 172 1399 171 1400 180 1401 171 1402 179 1403 179 1404 751 1405 752 1406 751 1407 179 1408 171 1409 181 1410 173 1411 172 1412 181 1413 172 1414 180 1415 174 1416 173 1417 182 1418 182 1419 173 1420 181 1421 175 1422 174 1423 183 1424 183 1425 174 1426 182 1427 176 1428 175 1429 184 1430 184 1431 175 1432 183 1433 177 1434 176 1435 185 1436 185 1437 176 1438 184 1439 178 1440 177 1441 186 1442 186 1443 177 1444 185 1445 178 1446 266 1447 177 1448 266 1449 178 1450 267 1451 269 1452 267 1453 178 1454 267 1455 269 1456 268 1457 269 1458 178 1459 198 1460 198 1461 178 1462 186 1463 188 1464 180 1465 179 1466 188 1467 179 1468 187 1469 187 1470 752 1471 753 1472 752 1473 187 1474 179 1475 181 1476 180 1477 189 1478 189 1479 180 1480 188 1481 182 1482 181 1483 190 1484 190 1485 181 1486 189 1487 183 1488 182 1489 191 1490 191 1491 182 1492 190 1493 184 1494 183 1495 192 1496 192 1497 183 1498 191 1499 185 1500 184 1501 199 1502 199 1503 184 1504 192 1505 186 1506 185 1507 200 1508 200 1509 185 1510 199 1511 198 1512 186 1513 201 1514 201 1515 186 1516 200 1517 194 1518 188 1519 187 1520 194 1521 187 1522 193 1523 193 1524 753 1525 754 1526 753 1527 193 1528 187 1529 189 1530 188 1531 195 1532 195 1533 188 1534 194 1535 190 1536 189 1537 196 1538 196 1539 189 1540 195 1541 191 1542 190 1543 202 1544 202 1545 190 1546 196 1547 192 1548 191 1549 203 1550 203 1551 191 1552 202 1553 199 1554 192 1555 204 1556 204 1557 192 1558 203 1559 207 1560 194 1561 193 1562 207 1563 193 1564 197 1565 197 1566 754 1567 755 1568 754 1569 197 1570 193 1571 208 1572 195 1573 194 1574 208 1575 194 1576 207 1577 196 1578 195 1579 209 1580 209 1581 195 1582 208 1583 202 1584 196 1585 210 1586 210 1587 196 1588 209 1589 216 1590 207 1591 197 1592 216 1593 197 1594 215 1595 215 1596 755 1597 827 1598 755 1599 215 1600 197 1601 684 1602 198 1603 685 1604 685 1605 198 1606 201 1607 684 1608 269 1609 198 1610 269 1611 684 1612 811 1613 200 1614 199 1615 205 1616 205 1617 199 1618 204 1619 201 1620 200 1621 206 1622 206 1623 200 1624 205 1625 685 1626 201 1627 686 1628 686 1629 201 1630 206 1631 203 1632 202 1633 211 1634 211 1635 202 1636 210 1637 204 1638 203 1639 212 1640 212 1641 203 1642 211 1643 205 1644 204 1645 213 1646 213 1647 204 1648 212 1649 214 1650 206 1651 205 1652 214 1653 205 1654 213 1655 687 1656 686 1657 206 1658 687 1659 206 1660 214 1661 217 1662 208 1663 207 1664 217 1665 207 1666 216 1667 218 1668 209 1669 208 1670 218 1671 208 1672 217 1673 210 1674 209 1675 219 1676 219 1677 209 1678 218 1679 211 1680 210 1681 220 1682 220 1683 210 1684 219 1685 212 1686 211 1687 221 1688 221 1689 211 1690 220 1691 222 1692 213 1693 212 1694 222 1695 212 1696 221 1697 223 1698 214 1699 213 1700 223 1701 213 1702 222 1703 688 1704 687 1705 214 1706 688 1707 214 1708 223 1709 546 1710 827 1711 828 1712 827 1713 546 1714 215 1715 547 1716 216 1717 215 1718 547 1719 215 1720 546 1721 548 1722 217 1723 216 1724 548 1725 216 1726 547 1727 218 1728 217 1729 224 1730 224 1731 217 1732 548 1733 219 1734 218 1735 225 1736 225 1737 218 1738 224 1739 220 1740 219 1741 226 1742 226 1743 219 1744 225 1745 221 1746 220 1747 227 1748 227 1749 220 1750 226 1751 228 1752 222 1753 221 1754 228 1755 221 1756 227 1757 229 1758 223 1759 222 1760 229 1761 222 1762 228 1763 689 1764 688 1765 223 1766 689 1767 223 1768 229 1769 225 1770 224 1771 553 1772 553 1773 224 1774 552 1775 552 1776 548 1777 551 1778 548 1779 552 1780 224 1781 226 1782 225 1783 554 1784 554 1785 225 1786 553 1787 227 1788 226 1789 230 1790 230 1791 226 1792 554 1793 228 1794 227 1795 231 1796 231 1797 227 1798 230 1799 232 1800 229 1801 228 1802 232 1803 228 1804 231 1805 690 1806 689 1807 229 1808 690 1809 229 1810 232 1811 231 1812 230 1813 562 1814 562 1815 230 1816 561 1817 561 1818 554 1819 560 1820 554 1821 561 1822 230 1823 232 1824 231 1825 233 1826 233 1827 231 1828 562 1829 690 1830 233 1831 691 1832 233 1833 690 1834 232 1835 270 1836 562 1837 570 1838 562 1839 270 1840 233 1841 691 1842 270 1843 716 1844 270 1845 691 1846 233 1847 237 1848 316 1849 236 1850 316 1851 237 1852 234 1853 296 1854 234 1855 297 1856 234 1857 296 1858 316 1859 721 1860 234 1861 804 1862 234 1863 721 1864 297 1865 805 1866 804 1867 234 1868 805 1869 234 1870 237 1871 236 1872 235 1873 242 1874 242 1875 235 1876 241 1877 240 1878 241 1879 235 1880 235 1881 322 1882 240 1883 315 1884 322 1885 235 1886 322 1887 315 1888 314 1889 316 1890 235 1891 236 1892 235 1893 316 1894 315 1895 237 1896 242 1897 243 1898 242 1899 237 1900 236 1901 806 1902 805 1903 237 1904 806 1905 237 1906 243 1907 239 1908 320 1909 238 1910 320 1911 239 1912 321 1913 239 1914 238 1915 248 1916 248 1917 238 1918 247 1919 246 1920 247 1921 238 1922 238 1923 325 1924 246 1925 320 1926 325 1927 238 1928 325 1929 320 1930 319 1931 240 1932 248 1933 249 1934 248 1935 240 1936 239 1937 322 1938 239 1939 240 1940 239 1941 322 1942 321 1943 241 1944 240 1945 250 1946 250 1947 240 1948 249 1949 242 1950 241 1951 251 1952 251 1953 241 1954 250 1955 243 1956 251 1957 252 1958 251 1959 243 1960 242 1961 806 1962 243 1963 807 1964 807 1965 243 1966 252 1967 323 1968 674 1969 244 1970 674 1971 323 1972 673 1973 245 1974 323 1975 244 1976 323 1977 245 1978 324 1979 246 1980 245 1981 254 1982 254 1983 245 1984 253 1985 325 1986 245 1987 246 1988 245 1989 325 1990 324 1991 247 1992 246 1993 255 1994 255 1995 246 1996 254 1997 248 1998 247 1999 256 2000 256 2001 247 2002 255 2003 249 2004 248 2005 257 2006 257 2007 248 2008 256 2009 250 2010 249 2011 258 2012 258 2013 249 2014 257 2015 251 2016 258 2017 259 2018 258 2019 251 2020 250 2021 252 2022 251 2023 260 2024 260 2025 251 2026 259 2027 807 2028 260 2029 808 2030 260 2031 807 2032 252 2033 257 2034 256 2035 262 2036 262 2037 256 2038 261 2039 258 2040 257 2041 263 2042 263 2043 257 2044 262 2045 259 2046 258 2047 264 2048 264 2049 258 2050 263 2051 260 2052 259 2053 265 2054 265 2055 259 2056 264 2057 808 2058 265 2059 809 2060 265 2061 808 2062 260 2063 264 2064 263 2065 267 2066 267 2067 263 2068 266 2069 268 2070 265 2071 264 2072 268 2073 264 2074 267 2075 810 2076 809 2077 265 2078 810 2079 265 2080 268 2081 811 2082 810 2083 268 2084 811 2085 268 2086 269 2087 717 2088 716 2089 270 2090 717 2091 270 2092 274 2093 274 2094 570 2095 273 2096 570 2097 274 2098 270 2099 278 2100 575 2101 277 2102 575 2103 278 2104 271 2105 568 2106 567 2107 271 2108 271 2109 567 2110 575 2111 272 2112 568 2113 271 2114 568 2115 272 2116 569 2117 272 2118 271 2119 279 2120 279 2121 271 2122 278 2123 280 2124 273 2125 272 2126 280 2127 272 2128 279 2129 273 2130 569 2131 272 2132 569 2133 273 2134 570 2135 281 2136 274 2137 273 2138 281 2139 273 2140 280 2141 718 2142 717 2143 274 2144 718 2145 274 2146 281 2147 284 2148 577 2149 283 2150 577 2151 284 2152 275 2153 572 2154 275 2155 573 2156 275 2157 572 2158 577 2159 276 2160 573 2161 275 2162 573 2163 276 2164 574 2165 276 2166 275 2167 285 2168 285 2169 275 2170 284 2171 277 2172 276 2173 286 2174 286 2175 276 2176 285 2177 277 2178 574 2179 276 2180 574 2181 277 2182 575 2183 278 2184 277 2185 287 2186 287 2187 277 2188 286 2189 279 2190 278 2191 288 2192 288 2193 278 2194 287 2195 280 2196 279 2197 289 2198 289 2199 279 2200 288 2201 290 2202 281 2203 280 2204 290 2205 280 2206 289 2207 719 2208 718 2209 281 2210 719 2211 281 2212 290 2213 283 2214 282 2215 299 2216 299 2217 282 2218 298 2219 298 2220 282 2221 669 2222 282 2223 668 2224 669 2225 576 2226 833 2227 282 2228 282 2229 833 2230 668 2231 283 2232 576 2233 282 2234 576 2235 283 2236 577 2237 284 2238 299 2239 300 2240 299 2241 284 2242 283 2243 285 2244 284 2245 301 2246 301 2247 284 2248 300 2249 286 2250 285 2251 291 2252 291 2253 285 2254 301 2255 287 2256 286 2257 292 2258 292 2259 286 2260 291 2261 288 2262 287 2263 293 2264 293 2265 287 2266 292 2267 289 2268 288 2269 294 2270 294 2271 288 2272 293 2273 290 2274 294 2275 295 2276 294 2277 290 2278 289 2279 719 2280 295 2281 720 2282 295 2283 719 2284 290 2285 292 2286 306 2287 307 2288 306 2289 292 2290 291 2291 305 2292 306 2293 291 2294 291 2295 301 2296 305 2297 293 2298 307 2299 308 2300 307 2301 293 2302 292 2303 294 2304 308 2305 296 2306 308 2307 294 2308 293 2309 297 2310 295 2311 294 2312 297 2313 294 2314 296 2315 720 2316 297 2317 721 2318 297 2319 720 2320 295 2321 315 2322 316 2323 296 2324 296 2325 308 2326 315 2327 303 2328 299 2329 298 2330 303 2331 298 2332 302 2333 302 2334 669 2335 670 2336 669 2337 302 2338 298 2339 300 2340 303 2341 304 2342 303 2343 300 2344 299 2345 301 2346 304 2347 305 2348 304 2349 301 2350 300 2351 310 2352 303 2353 302 2354 310 2355 302 2356 309 2357 309 2358 670 2359 671 2360 670 2361 309 2362 302 2363 311 2364 304 2365 303 2366 311 2367 303 2368 310 2369 305 2370 311 2371 312 2372 311 2373 305 2374 304 2375 306 2376 312 2377 313 2378 312 2379 306 2380 305 2381 307 2382 306 2383 314 2384 314 2385 306 2386 313 2387 308 2388 314 2389 315 2390 314 2391 308 2392 307 2393 318 2394 310 2395 309 2396 318 2397 309 2398 317 2399 317 2400 671 2401 672 2402 671 2403 317 2404 309 2405 319 2406 311 2407 310 2408 319 2409 310 2410 318 2411 312 2412 319 2413 320 2414 319 2415 312 2416 311 2417 313 2418 320 2419 321 2420 320 2421 313 2422 312 2423 314 2424 321 2425 322 2426 321 2427 314 2428 313 2429 324 2430 318 2431 317 2432 324 2433 317 2434 323 2435 323 2436 672 2437 673 2438 672 2439 323 2440 317 2441 319 2442 324 2443 325 2444 324 2445 319 2446 318 2447 328 2448 329 2449 326 2450 326 2451 329 2452 327 2453 839 2454 328 2455 326 2456 328 2457 839 2458 840 2459 838 2460 839 2461 326 2462 838 2463 326 2464 361 2465 361 2466 327 2467 362 2468 327 2469 361 2470 326 2471 362 2472 365 2473 363 2474 365 2475 362 2476 327 2477 329 2478 330 2479 327 2480 327 2481 330 2482 365 2483 331 2484 332 2485 328 2486 328 2487 332 2488 329 2489 840 2490 331 2491 328 2492 331 2493 840 2494 841 2495 332 2496 333 2497 329 2498 329 2499 333 2500 330 2501 365 2502 370 2503 366 2504 370 2505 365 2506 330 2507 333 2508 334 2509 330 2510 330 2511 334 2512 370 2513 336 2514 337 2515 331 2516 331 2517 337 2518 332 2519 841 2520 336 2521 331 2522 336 2523 841 2524 842 2525 337 2526 338 2527 332 2528 332 2529 338 2530 333 2531 338 2532 339 2533 333 2534 333 2535 339 2536 334 2537 340 2538 334 2539 339 2540 334 2541 340 2542 335 2543 370 2544 335 2545 371 2546 335 2547 370 2548 334 2549 371 2550 374 2551 372 2552 374 2553 371 2554 335 2555 341 2556 335 2557 340 2558 335 2559 341 2560 374 2561 343 2562 344 2563 336 2564 336 2565 344 2566 337 2567 842 2568 343 2569 336 2570 343 2571 842 2572 843 2573 344 2574 345 2575 337 2576 337 2577 345 2578 338 2579 345 2580 346 2581 338 2582 338 2583 346 2584 339 2585 346 2586 347 2587 339 2588 339 2589 347 2590 340 2591 347 2592 348 2593 340 2594 340 2595 348 2596 341 2597 348 2598 349 2599 341 2600 341 2601 349 2602 342 2603 374 2604 342 2605 375 2606 342 2607 374 2608 341 2609 375 2610 815 2611 814 2612 815 2613 375 2614 342 2615 816 2616 342 2617 349 2618 342 2619 816 2620 815 2621 350 2622 351 2623 343 2624 343 2625 351 2626 344 2627 843 2628 350 2629 343 2630 350 2631 843 2632 844 2633 351 2634 352 2635 344 2636 344 2637 352 2638 345 2639 352 2640 353 2641 345 2642 345 2643 353 2644 346 2645 353 2646 354 2647 346 2648 346 2649 354 2650 347 2651 354 2652 529 2653 347 2654 347 2655 529 2656 348 2657 529 2658 530 2659 348 2660 348 2661 530 2662 349 2663 530 2664 817 2665 349 2666 349 2667 817 2668 816 2669 355 2670 356 2671 350 2672 350 2673 356 2674 351 2675 844 2676 355 2677 350 2678 355 2679 844 2680 845 2681 356 2682 357 2683 351 2684 351 2685 357 2686 352 2687 357 2688 358 2689 352 2690 352 2691 358 2692 353 2693 358 2694 531 2695 353 2696 353 2697 531 2698 354 2699 531 2700 532 2701 354 2702 354 2703 532 2704 529 2705 359 2706 360 2707 355 2708 355 2709 360 2710 356 2711 845 2712 359 2713 355 2714 359 2715 845 2716 846 2717 360 2718 534 2719 356 2720 356 2721 534 2722 357 2723 534 2724 535 2725 357 2726 357 2727 535 2728 358 2729 535 2730 536 2731 358 2732 358 2733 536 2734 531 2735 539 2736 540 2737 359 2738 359 2739 540 2740 360 2741 846 2742 539 2743 359 2744 539 2745 846 2746 847 2747 540 2748 541 2749 360 2750 360 2751 541 2752 534 2753 453 2754 362 2755 454 2756 362 2757 453 2758 361 2759 656 2760 838 2761 361 2762 656 2763 361 2764 453 2765 454 2766 363 2767 455 2768 363 2769 454 2770 362 2771 455 2772 364 2773 456 2774 364 2775 455 2776 363 2777 365 2778 366 2779 363 2780 363 2781 366 2782 364 2783 456 2784 460 2785 457 2786 460 2787 456 2788 364 2789 366 2790 367 2791 364 2792 364 2793 367 2794 460 2795 370 2796 371 2797 366 2798 366 2799 371 2800 367 2801 371 2802 372 2803 367 2804 367 2805 372 2806 368 2807 460 2808 368 2809 461 2810 368 2811 460 2812 367 2813 373 2814 368 2815 372 2816 368 2817 373 2818 369 2819 461 2820 369 2821 462 2822 369 2823 461 2824 368 2825 373 2826 813 2827 369 2828 369 2829 813 2830 812 2831 462 2832 812 2833 734 2834 812 2835 462 2836 369 2837 374 2838 375 2839 372 2840 372 2841 375 2842 373 2843 814 2844 373 2845 375 2846 373 2847 814 2848 813 2849 384 2850 376 2851 383 2852 376 2853 384 2854 377 2855 628 2856 383 2857 376 2858 383 2859 628 2860 646 2861 847 2862 628 2863 376 2864 847 2865 376 2866 539 2867 539 2868 377 2869 540 2870 377 2871 539 2872 376 2873 384 2874 385 2875 377 2876 377 2877 385 2878 378 2879 540 2880 378 2881 541 2882 378 2883 540 2884 377 2885 541 2886 379 2887 542 2888 379 2889 541 2890 378 2891 385 2892 386 2893 378 2894 378 2895 386 2896 379 2897 542 2898 380 2899 543 2900 380 2901 542 2902 379 2903 386 2904 387 2905 379 2906 379 2907 387 2908 380 2909 543 2910 381 2911 544 2912 381 2913 543 2914 380 2915 387 2916 388 2917 380 2918 380 2919 388 2920 381 2921 544 2922 382 2923 545 2924 382 2925 544 2926 381 2927 388 2928 389 2929 381 2930 381 2931 389 2932 382 2933 545 2934 722 2935 820 2936 722 2937 545 2938 382 2939 389 2940 723 2941 382 2942 382 2943 723 2944 722 2945 646 2946 423 2947 383 2948 423 2949 646 2950 647 2951 423 2952 390 2953 383 2954 383 2955 390 2956 384 2957 390 2958 391 2959 384 2960 384 2961 391 2962 385 2963 391 2964 392 2965 385 2966 385 2967 392 2968 386 2969 392 2970 393 2971 386 2972 386 2973 393 2974 387 2975 393 2976 394 2977 387 2978 387 2979 394 2980 388 2981 394 2982 395 2983 388 2984 388 2985 395 2986 389 2987 395 2988 724 2989 389 2990 389 2991 724 2992 723 2993 396 2994 397 2995 390 2996 390 2997 397 2998 391 2999 423 3000 396 3001 390 3002 396 3003 423 3004 424 3005 397 3006 398 3007 391 3008 391 3009 398 3010 392 3011 398 3012 399 3013 392 3014 392 3015 399 3016 393 3017 399 3018 400 3019 393 3020 393 3021 400 3022 394 3023 400 3024 401 3025 394 3026 394 3027 401 3028 395 3029 401 3030 725 3031 395 3032 395 3033 725 3034 724 3035 424 3036 426 3037 396 3038 426 3039 424 3040 425 3041 426 3042 402 3043 396 3044 396 3045 402 3046 397 3047 402 3048 403 3049 397 3050 397 3051 403 3052 398 3053 403 3054 404 3055 398 3056 398 3057 404 3058 399 3059 404 3060 405 3061 399 3062 399 3063 405 3064 400 3065 405 3066 406 3067 400 3068 400 3069 406 3070 401 3071 406 3072 726 3073 401 3074 401 3075 726 3076 725 3077 426 3078 429 3079 402 3080 429 3081 426 3082 428 3083 429 3084 407 3085 402 3086 402 3087 407 3088 403 3089 407 3090 408 3091 403 3092 403 3093 408 3094 404 3095 408 3096 409 3097 404 3098 404 3099 409 3100 405 3101 409 3102 410 3103 405 3104 405 3105 410 3106 406 3107 410 3108 727 3109 406 3110 406 3111 727 3112 726 3113 411 3114 412 3115 407 3116 407 3117 412 3118 408 3119 429 3120 411 3121 407 3122 411 3123 429 3124 432 3125 412 3126 413 3127 408 3128 408 3129 413 3130 409 3131 413 3132 414 3133 409 3134 409 3135 414 3136 410 3137 414 3138 728 3139 410 3140 410 3141 728 3142 727 3143 432 3144 436 3145 411 3146 436 3147 432 3148 435 3149 436 3150 415 3151 411 3152 411 3153 415 3154 412 3155 415 3156 416 3157 412 3158 412 3159 416 3160 413 3161 416 3162 417 3163 413 3164 413 3165 417 3166 414 3167 417 3168 729 3169 414 3170 414 3171 729 3172 728 3173 441 3174 418 3175 415 3176 415 3177 418 3178 416 3179 436 3180 441 3181 415 3182 441 3183 436 3184 440 3185 418 3186 419 3187 416 3188 416 3189 419 3190 417 3191 419 3192 730 3193 417 3194 417 3195 730 3196 729 3197 420 3198 421 3199 418 3200 418 3201 421 3202 419 3203 441 3204 420 3205 418 3206 420 3207 441 3208 446 3209 421 3210 731 3211 419 3212 419 3213 731 3214 730 3215 446 3216 452 3217 420 3218 452 3219 446 3220 451 3221 452 3222 422 3223 420 3224 420 3225 422 3226 421 3227 422 3228 732 3229 421 3230 421 3231 732 3232 731 3233 459 3234 733 3235 422 3236 422 3237 733 3238 732 3239 452 3240 459 3241 422 3242 459 3243 452 3244 458 3245 647 3246 424 3247 423 3248 424 3249 647 3250 648 3251 648 3252 425 3253 424 3254 425 3255 648 3256 649 3257 427 3258 426 3259 425 3260 426 3261 427 3262 428 3263 649 3264 427 3265 425 3266 427 3267 649 3268 650 3269 430 3270 431 3271 427 3272 427 3273 431 3274 428 3275 650 3276 430 3277 427 3278 430 3279 650 3280 651 3281 431 3282 429 3283 428 3284 429 3285 431 3286 432 3287 434 3288 430 3289 433 3290 430 3291 434 3292 431 3293 651 3294 433 3295 430 3296 433 3297 651 3298 652 3299 435 3300 431 3301 434 3302 431 3303 435 3304 432 3305 437 3306 438 3307 433 3308 433 3309 438 3310 434 3311 652 3312 437 3313 433 3314 437 3315 652 3316 653 3317 438 3318 439 3319 434 3320 434 3321 439 3322 435 3323 439 3324 440 3325 435 3326 435 3327 440 3328 436 3329 442 3330 443 3331 437 3332 437 3333 443 3334 438 3335 653 3336 442 3337 437 3338 442 3339 653 3340 654 3341 443 3342 444 3343 438 3344 438 3345 444 3346 439 3347 444 3348 445 3349 439 3350 439 3351 445 3352 440 3353 445 3354 446 3355 440 3356 440 3357 446 3358 441 3359 447 3360 448 3361 442 3362 442 3363 448 3364 443 3365 654 3366 447 3367 442 3368 447 3369 654 3370 655 3371 448 3372 449 3373 443 3374 443 3375 449 3376 444 3377 449 3378 450 3379 444 3380 444 3381 450 3382 445 3383 450 3384 451 3385 445 3386 445 3387 451 3388 446 3389 453 3390 454 3391 447 3392 447 3393 454 3394 448 3395 655 3396 453 3397 447 3398 453 3399 655 3400 656 3401 454 3402 455 3403 448 3404 448 3405 455 3406 449 3407 455 3408 456 3409 449 3410 449 3411 456 3412 450 3413 456 3414 457 3415 450 3416 450 3417 457 3418 451 3419 457 3420 458 3421 451 3422 451 3423 458 3424 452 3425 460 3426 461 3427 457 3428 457 3429 461 3430 458 3431 461 3432 462 3433 458 3434 458 3435 462 3436 459 3437 462 3438 734 3439 459 3440 459 3441 734 3442 733 3443 581 3444 463 3445 580 3446 463 3447 579 3448 580 3449 865 3450 463 3451 497 3452 463 3453 865 3454 579 3455 463 3456 498 3457 497 3458 498 3459 463 3460 464 3461 464 3462 581 3463 467 3464 581 3465 464 3466 463 3467 467 3468 468 3469 464 3470 464 3471 468 3472 465 3473 465 3474 498 3475 464 3476 498 3477 465 3478 499 3479 468 3480 469 3481 465 3482 465 3483 469 3484 466 3485 499 3486 466 3487 500 3488 466 3489 499 3490 465 3491 469 3492 772 3493 466 3494 466 3495 772 3496 771 3497 500 3498 771 3499 763 3500 771 3501 500 3502 466 3503 584 3504 468 3505 467 3506 468 3507 584 3508 470 3509 584 3510 467 3511 583 3512 467 3513 581 3514 583 3515 470 3516 471 3517 468 3518 468 3519 471 3520 469 3521 471 3522 773 3523 469 3524 469 3525 773 3526 772 3527 472 3528 471 3529 470 3530 471 3531 472 3532 473 3533 587 3534 470 3535 584 3536 470 3537 587 3538 472 3539 774 3540 471 3541 473 3542 471 3543 774 3544 773 3545 590 3546 472 3547 587 3548 472 3549 590 3550 591 3551 591 3552 473 3553 472 3554 473 3555 591 3556 474 3557 775 3558 473 3559 474 3560 473 3561 775 3562 774 3563 776 3564 474 3565 596 3566 474 3567 776 3568 775 3569 591 3570 596 3571 474 3572 596 3573 591 3574 595 3575 488 3576 475 3577 476 3578 475 3579 488 3580 487 3581 476 3582 479 3583 480 3584 479 3585 476 3586 475 3587 479 3588 866 3589 856 3590 866 3591 479 3592 475 3593 490 3594 476 3595 477 3596 476 3597 490 3598 488 3599 477 3600 480 3601 481 3602 480 3603 477 3604 476 3605 493 3606 477 3607 478 3608 477 3609 493 3610 490 3611 865 3612 478 3613 579 3614 478 3615 865 3616 493 3617 480 3618 482 3619 483 3620 482 3621 480 3622 479 3623 857 3624 482 3625 479 3626 857 3627 479 3628 856 3629 483 3630 484 3631 485 3632 484 3633 483 3634 482 3635 858 3636 484 3637 482 3638 482 3639 857 3640 858 3641 859 3642 486 3643 484 3644 484 3645 858 3646 859 3647 491 3648 488 3649 490 3650 488 3651 491 3652 489 3653 494 3654 490 3655 493 3656 490 3657 494 3658 491 3659 491 3660 494 3661 495 3662 491 3663 495 3664 492 3665 865 3666 494 3667 493 3668 494 3669 865 3670 497 3671 497 3672 495 3673 494 3674 495 3675 497 3676 498 3677 498 3678 499 3679 495 3680 495 3681 499 3682 496 3683 511 3684 502 3685 501 3686 511 3687 501 3688 510 3689 510 3690 861 3691 614 3692 861 3693 510 3694 501 3695 691 3696 861 3697 501 3698 861 3699 691 3700 716 3701 502 3702 691 3703 501 3704 691 3705 502 3706 690 3707 509 3708 690 3709 502 3710 690 3711 509 3712 689 3713 512 3714 509 3715 502 3716 512 3717 502 3718 511 3719 504 3720 527 3721 503 3722 503 3723 527 3724 526 3725 811 3726 503 3727 810 3728 503 3729 811 3730 504 3731 810 3732 864 3733 809 3734 864 3735 810 3736 503 3737 526 3738 864 3739 503 3740 864 3741 526 3742 627 3743 505 3744 527 3745 504 3746 527 3747 505 3748 528 3749 684 3750 504 3751 811 3752 504 3753 684 3754 505 3755 684 3756 578 3757 505 3758 578 3759 684 3760 685 3761 578 3762 528 3763 505 3764 528 3765 578 3766 506 3767 862 3768 506 3769 578 3770 506 3771 862 3772 507 3773 528 3774 506 3775 517 3776 506 3777 513 3778 517 3779 507 3780 513 3781 506 3782 513 3783 507 3784 508 3785 687 3786 508 3787 507 3788 508 3789 687 3790 688 3791 862 3792 687 3793 507 3794 687 3795 862 3796 686 3797 688 3798 509 3799 508 3800 509 3801 688 3802 689 3803 513 3804 508 3805 512 3806 508 3807 509 3808 512 3809 515 3810 511 3811 510 3812 515 3813 510 3814 514 3815 514 3816 614 3817 615 3818 614 3819 514 3820 510 3821 516 3822 512 3823 511 3824 516 3825 511 3826 515 3827 513 3828 516 3829 517 3830 516 3831 513 3832 512 3833 515 3834 518 3835 519 3836 518 3837 515 3838 514 3839 518 3840 514 3841 616 3842 514 3843 615 3844 616 3845 516 3846 519 3847 523 3848 519 3849 516 3850 515 3851 517 3852 523 3853 525 3854 523 3855 517 3856 516 3857 528 3858 525 3859 527 3860 525 3861 528 3862 517 3863 519 3864 520 3865 521 3866 520 3867 519 3868 518 3869 520 3870 518 3871 617 3872 518 3873 616 3874 617 3875 523 3876 521 3877 522 3878 521 3879 523 3880 519 3881 521 3882 623 3883 624 3884 623 3885 521 3886 520 3887 623 3888 520 3889 863 3890 520 3891 617 3892 863 3893 522 3894 624 3895 625 3896 624 3897 522 3898 521 3899 524 3900 523 3901 522 3902 523 3903 524 3904 525 3905 626 3906 524 3907 522 3908 626 3909 522 3910 625 3911 526 3912 525 3913 524 3914 525 3915 526 3916 527 3917 627 3918 526 3919 524 3920 524 3921 626 3922 627 3923 532 3924 533 3925 529 3926 529 3927 533 3928 530 3929 533 3930 818 3931 530 3932 530 3933 818 3934 817 3935 536 3936 537 3937 531 3938 531 3939 537 3940 532 3941 537 3942 538 3943 532 3944 532 3945 538 3946 533 3947 538 3948 819 3949 533 3950 533 3951 819 3952 818 3953 541 3954 542 3955 534 3956 534 3957 542 3958 535 3959 542 3960 543 3961 535 3962 535 3963 543 3964 536 3965 543 3966 544 3967 536 3968 536 3969 544 3970 537 3971 544 3972 545 3973 537 3974 537 3975 545 3976 538 3977 545 3978 820 3979 538 3980 538 3981 820 3982 819 3983 550 3984 547 3985 546 3986 550 3987 546 3988 549 3989 549 3990 828 3991 829 3992 828 3993 549 3994 546 3995 548 3996 547 3997 551 3998 551 3999 547 4000 550 4001 556 4002 550 4003 549 4004 556 4005 549 4006 555 4007 555 4008 829 4009 830 4010 829 4011 555 4012 549 4013 551 4014 550 4015 557 4016 557 4017 550 4018 556 4019 552 4020 551 4021 558 4022 558 4023 551 4024 557 4025 553 4026 552 4027 559 4028 559 4029 552 4030 558 4031 554 4032 553 4033 560 4034 560 4035 553 4036 559 4037 564 4038 556 4039 555 4040 564 4041 555 4042 563 4043 563 4044 830 4045 831 4046 830 4047 563 4048 555 4049 565 4050 557 4051 556 4052 565 4053 556 4054 564 4055 558 4056 557 4057 566 4058 566 4059 557 4060 565 4061 559 4062 558 4063 567 4064 567 4065 558 4066 566 4067 560 4068 559 4069 568 4070 568 4071 559 4072 567 4073 561 4074 560 4075 569 4076 569 4077 560 4078 568 4079 562 4080 561 4081 570 4082 570 4083 561 4084 569 4085 572 4086 564 4087 563 4088 572 4089 563 4090 571 4091 571 4092 831 4093 832 4094 831 4095 571 4096 563 4097 573 4098 565 4099 564 4100 573 4101 564 4102 572 4103 574 4104 566 4105 565 4106 574 4107 565 4108 573 4109 567 4110 566 4111 575 4112 575 4113 566 4114 574 4115 577 4116 572 4117 571 4118 577 4119 571 4120 576 4121 576 4122 832 4123 833 4124 832 4125 576 4126 571 4127 862 4128 685 4129 686 4130 685 4131 862 4132 578 4133 581 4134 582 4135 583 4136 582 4137 581 4138 580 4139 585 4140 583 4141 582 4142 583 4143 585 4144 586 4145 586 4146 584 4147 583 4148 584 4149 586 4150 587 4151 588 4152 586 4153 585 4154 586 4155 588 4156 589 4157 590 4158 586 4159 589 4160 586 4161 590 4162 587 4163 593 4164 588 4165 592 4166 588 4167 593 4168 589 4169 594 4170 589 4171 593 4172 589 4173 594 4174 590 4175 595 4176 590 4177 594 4178 590 4179 595 4180 591 4181 592 4182 597 4183 598 4184 592 4185 598 4186 593 4187 593 4188 598 4189 599 4190 593 4191 599 4192 594 4193 599 4194 600 4195 594 4196 594 4197 600 4198 595 4199 601 4200 595 4201 600 4202 595 4203 601 4204 596 4205 777 4206 596 4207 601 4208 596 4209 777 4210 776 4211 699 4212 603 4213 602 4214 603 4215 699 4216 700 4217 698 4218 699 4219 602 4220 698 4221 602 4222 610 4223 610 4224 843 4225 842 4226 843 4227 610 4228 602 4229 602 4230 603 4231 844 4232 602 4233 844 4234 843 4235 700 4236 604 4237 603 4238 604 4239 700 4240 701 4241 845 4242 603 4243 604 4244 603 4245 845 4246 844 4247 701 4248 605 4249 604 4250 605 4251 701 4252 702 4253 846 4254 604 4255 605 4256 604 4257 846 4258 845 4259 702 4260 606 4261 605 4262 606 4263 702 4264 703 4265 605 4266 847 4267 846 4268 847 4269 605 4270 606 4271 703 4272 735 4273 606 4274 735 4275 703 4276 704 4277 628 4278 847 4279 606 4280 628 4281 606 4282 735 4283 840 4284 839 4285 607 4286 840 4287 607 4288 608 4289 835 4290 608 4291 607 4292 608 4293 835 4294 836 4295 834 4296 835 4297 607 4298 834 4299 607 4300 747 4301 839 4302 747 4303 607 4304 747 4305 839 4306 838 4307 841 4308 840 4309 608 4310 608 4311 609 4312 841 4313 836 4314 609 4315 608 4316 609 4317 836 4318 837 4319 837 4320 610 4321 609 4322 610 4323 837 4324 698 4325 842 4326 841 4327 609 4328 609 4329 610 4330 842 4331 615 4332 717 4333 718 4334 717 4335 615 4336 614 4337 717 4338 861 4339 716 4340 861 4341 717 4342 614 4343 616 4344 718 4345 719 4346 718 4347 616 4348 615 4349 616 4350 719 4351 720 4352 616 4353 720 4354 617 4355 720 4356 863 4357 617 4358 863 4359 720 4360 721 4361 851 4362 619 4363 618 4364 619 4365 851 4366 852 4367 850 4368 851 4369 618 4370 850 4371 618 4372 794 4373 642 4374 794 4375 618 4376 794 4377 642 4378 641 4379 821 4380 618 4381 619 4382 618 4383 821 4384 642 4385 852 4386 620 4387 619 4388 620 4389 852 4390 853 4391 619 4392 822 4393 821 4394 822 4395 619 4396 620 4397 853 4398 621 4399 620 4400 621 4401 853 4402 854 4403 823 4404 822 4405 620 4406 823 4407 620 4408 621 4409 854 4410 622 4411 621 4412 622 4413 854 4414 855 4415 824 4416 823 4417 621 4418 621 4419 622 4420 824 4421 855 4422 657 4423 622 4424 657 4425 855 4426 778 4427 825 4428 824 4429 622 4430 622 4431 657 4432 825 4433 804 4434 624 4435 623 4436 624 4437 804 4438 805 4439 804 4440 863 4441 721 4442 863 4443 804 4444 623 4445 806 4446 625 4447 624 4448 806 4449 624 4450 805 4451 807 4452 626 4453 625 4454 807 4455 625 4456 806 4457 808 4458 627 4459 626 4460 626 4461 807 4462 808 4463 808 4464 864 4465 627 4466 864 4467 808 4468 809 4469 735 4470 646 4471 628 4472 646 4473 735 4474 736 4475 836 4476 835 4477 629 4478 836 4479 629 4480 630 4481 697 4482 835 4483 834 4484 835 4485 697 4486 629 4487 837 4488 836 4489 630 4490 837 4491 630 4492 631 4493 698 4494 837 4495 631 4496 698 4497 631 4498 632 4499 699 4500 632 4501 633 4502 632 4503 699 4504 698 4505 700 4506 633 4507 634 4508 633 4509 700 4510 699 4511 634 4512 635 4513 701 4514 634 4515 701 4516 700 4517 702 4518 701 4519 635 4520 635 4521 675 4522 702 4523 789 4524 637 4525 636 4526 637 4527 789 4528 790 4529 667 4530 789 4531 636 4532 636 4533 803 4534 667 4535 790 4536 638 4537 637 4538 638 4539 790 4540 791 4541 791 4542 639 4543 638 4544 639 4545 791 4546 792 4547 792 4548 640 4549 639 4550 640 4551 792 4552 793 4553 793 4554 641 4555 640 4556 641 4557 793 4558 794 4559 643 4560 644 4561 790 4562 643 4563 790 4564 789 4565 770 4566 644 4567 643 4568 644 4569 770 4570 769 4571 777 4572 643 4573 788 4574 643 4575 777 4576 770 4577 789 4578 788 4579 643 4580 788 4581 789 4582 667 4583 644 4584 645 4585 791 4586 644 4587 791 4588 790 4589 769 4590 645 4591 644 4592 645 4593 769 4594 768 4595 645 4596 848 4597 792 4598 645 4599 792 4600 791 4601 848 4602 768 4603 767 4604 768 4605 848 4606 645 4607 736 4608 647 4609 646 4610 647 4611 736 4612 737 4613 737 4614 648 4615 647 4616 648 4617 737 4618 738 4619 738 4620 649 4621 648 4622 649 4623 738 4624 739 4625 739 4626 650 4627 649 4628 650 4629 739 4630 740 4631 651 4632 740 4633 741 4634 740 4635 651 4636 650 4637 741 4638 652 4639 651 4640 652 4641 741 4642 742 4643 742 4644 653 4645 652 4646 653 4647 742 4648 743 4649 743 4650 654 4651 653 4652 654 4653 743 4654 744 4655 744 4656 655 4657 654 4658 655 4659 744 4660 745 4661 745 4662 656 4663 655 4664 656 4665 745 4666 746 4667 838 4668 746 4669 747 4670 746 4671 838 4672 656 4673 826 4674 825 4675 657 4676 657 4677 658 4678 826 4679 778 4680 658 4681 657 4682 658 4683 778 4684 779 4685 779 4686 659 4687 658 4688 659 4689 779 4690 780 4691 658 4692 659 4693 795 4694 658 4695 795 4696 826 4697 780 4698 660 4699 659 4700 660 4701 780 4702 781 4703 796 4704 659 4705 660 4706 659 4707 796 4708 795 4709 781 4710 661 4711 660 4712 661 4713 781 4714 782 4715 660 4716 797 4717 796 4718 797 4719 660 4720 661 4721 782 4722 662 4723 661 4724 662 4725 782 4726 783 4727 661 4728 798 4729 797 4730 798 4731 661 4732 662 4733 783 4734 663 4735 662 4736 663 4737 783 4738 784 4739 799 4740 798 4741 662 4742 662 4743 663 4744 799 4745 784 4746 664 4747 663 4748 664 4749 784 4750 785 4751 800 4752 799 4753 663 4754 663 4755 664 4756 800 4757 785 4758 665 4759 664 4760 665 4761 785 4762 786 4763 801 4764 800 4765 664 4766 664 4767 665 4768 801 4769 786 4770 666 4771 665 4772 666 4773 786 4774 787 4775 665 4776 666 4777 802 4778 665 4779 802 4780 801 4781 787 4782 667 4783 666 4784 667 4785 787 4786 788 4787 803 4788 666 4789 667 4790 666 4791 803 4792 802 4793 814 4794 669 4795 668 4796 669 4797 814 4798 815 4799 668 4800 833 4801 813 4802 668 4803 813 4804 814 4805 815 4806 670 4807 669 4808 670 4809 815 4810 816 4811 816 4812 671 4813 670 4814 671 4815 816 4816 817 4817 817 4818 672 4819 671 4820 672 4821 817 4822 818 4823 673 4824 818 4825 819 4826 818 4827 673 4828 672 4829 674 4830 819 4831 820 4832 819 4833 674 4834 673 4835 820 4836 748 4837 674 4838 748 4839 820 4840 722 4841 703 4842 702 4843 675 4844 675 4845 676 4846 703 4847 704 4848 703 4849 676 4850 704 4851 676 4852 677 4853 705 4854 704 4855 677 4856 705 4857 677 4858 678 4859 706 4860 678 4861 679 4862 678 4863 706 4864 705 4865 707 4866 679 4867 680 4868 679 4869 707 4870 706 4871 708 4872 680 4873 681 4874 680 4875 708 4876 707 4877 709 4878 708 4879 681 4880 681 4881 682 4882 709 4883 710 4884 709 4885 682 4886 682 4887 683 4888 710 4889 711 4890 710 4891 683 4892 711 4893 683 4894 692 4895 712 4896 711 4897 692 4898 712 4899 692 4900 693 4901 713 4902 712 4903 693 4904 713 4905 693 4906 694 4907 714 4908 694 4909 695 4910 694 4911 714 4912 713 4913 715 4914 695 4915 696 4916 695 4917 715 4918 714 4919 834 4920 715 4921 696 4922 696 4923 697 4924 834 4925 704 4926 705 4927 736 4928 704 4929 736 4930 735 4931 705 4932 706 4933 737 4934 705 4935 737 4936 736 4937 706 4938 707 4939 738 4940 706 4941 738 4942 737 4943 707 4944 708 4945 739 4946 707 4947 739 4948 738 4949 708 4950 709 4951 740 4952 708 4953 740 4954 739 4955 709 4956 710 4957 741 4958 709 4959 741 4960 740 4961 710 4962 711 4963 742 4964 710 4965 742 4966 741 4967 711 4968 712 4969 743 4970 711 4971 743 4972 742 4973 712 4974 713 4975 744 4976 712 4977 744 4978 743 4979 713 4980 714 4981 745 4982 713 4983 745 4984 744 4985 714 4986 715 4987 746 4988 714 4989 746 4990 745 4991 715 4992 834 4993 747 4994 715 4995 747 4996 746 4997 749 4998 748 4999 722 5000 722 5001 723 5002 749 5003 750 5004 749 5005 723 5006 723 5007 724 5008 750 5009 724 5010 725 5011 751 5012 724 5013 751 5014 750 5015 725 5016 726 5017 752 5018 725 5019 752 5020 751 5021 753 5022 726 5023 727 5024 726 5025 753 5026 752 5027 754 5028 727 5029 728 5030 727 5031 754 5032 753 5033 728 5034 755 5035 754 5036 755 5037 728 5038 729 5039 827 5040 755 5041 729 5042 729 5043 730 5044 827 5045 828 5046 827 5047 730 5048 730 5049 731 5050 828 5051 829 5052 828 5053 731 5054 731 5055 732 5056 829 5057 732 5058 733 5059 830 5060 732 5061 830 5062 829 5063 831 5064 733 5065 734 5066 733 5067 831 5068 830 5069 832 5070 734 5071 812 5072 734 5073 832 5074 831 5075 853 5076 852 5077 756 5078 756 5079 757 5080 853 5081 764 5082 852 5083 851 5084 852 5085 764 5086 756 5087 854 5088 853 5089 757 5090 854 5091 757 5092 758 5093 855 5094 854 5095 758 5096 855 5097 758 5098 759 5099 778 5100 759 5101 760 5102 759 5103 778 5104 855 5105 779 5106 760 5107 761 5108 760 5109 779 5110 778 5111 780 5112 761 5113 762 5114 761 5115 780 5116 779 5117 781 5118 780 5119 762 5120 762 5121 763 5122 781 5123 782 5124 781 5125 763 5126 763 5127 771 5128 782 5129 851 5130 765 5131 764 5132 765 5133 851 5134 850 5135 850 5136 766 5137 765 5138 766 5139 850 5140 849 5141 849 5142 767 5143 766 5144 767 5145 849 5146 848 5147 783 5148 782 5149 771 5150 783 5151 771 5152 772 5153 784 5154 783 5155 772 5156 784 5157 772 5158 773 5159 785 5160 784 5161 773 5162 785 5163 773 5164 774 5165 786 5166 774 5167 775 5168 774 5169 786 5170 785 5171 775 5172 776 5173 787 5174 775 5175 787 5176 786 5177 788 5178 787 5179 776 5180 776 5181 777 5182 788 5183 848 5184 793 5185 792 5186 793 5187 848 5188 849 5189 849 5190 794 5191 793 5192 794 5193 849 5194 850 5195 812 5196 833 5197 832 5198 833 5199 812 5200 813 5201 1013 5202 1015 5203 1014 5204 1015 5205 1013 5206 869 5207 1015 5208 869 5209 1510 5210 869 5211 1049 5212 1510 5213 870 5214 1049 5215 869 5216 1049 5217 870 5218 1048 5219 869 5220 875 5221 870 5222 875 5223 869 5224 1013 5225 876 5226 871 5227 870 5228 876 5229 870 5230 875 5231 871 5232 1048 5233 870 5234 1048 5235 871 5236 1047 5237 877 5238 872 5239 871 5240 871 5241 876 5242 877 5243 1047 5244 872 5245 1046 5246 872 5247 1047 5248 871 5249 1046 5250 873 5251 1045 5252 873 5253 1046 5254 872 5255 873 5256 872 5257 878 5258 872 5259 877 5260 878 5261 1045 5262 874 5263 1044 5264 874 5265 1045 5266 873 5267 874 5268 873 5269 879 5270 873 5271 878 5272 879 5273 1044 5274 1511 5275 1384 5276 1511 5277 1044 5278 874 5279 879 5280 1511 5281 874 5282 1511 5283 879 5284 880 5285 882 5286 876 5287 875 5288 882 5289 875 5290 881 5291 881 5292 1013 5293 1010 5294 1013 5295 881 5296 875 5297 877 5298 876 5299 883 5300 876 5301 882 5302 883 5303 878 5304 877 5305 884 5306 877 5307 883 5308 884 5309 884 5310 885 5311 878 5312 878 5313 885 5314 879 5315 885 5316 886 5317 879 5318 879 5319 886 5320 880 5321 926 5322 880 5323 886 5324 880 5325 926 5326 1388 5327 1388 5328 1511 5329 880 5330 1511 5331 1388 5332 1384 5333 1006 5334 1010 5335 1007 5336 1010 5337 1006 5338 881 5339 887 5340 881 5341 1006 5342 881 5343 887 5344 882 5345 887 5346 883 5347 882 5348 883 5349 887 5350 888 5351 884 5352 888 5353 889 5354 888 5355 884 5356 883 5357 889 5358 890 5359 884 5360 884 5361 890 5362 885 5363 890 5364 891 5365 885 5366 885 5367 891 5368 886 5369 927 5370 886 5371 891 5372 886 5373 927 5374 926 5375 892 5376 888 5377 887 5378 888 5379 892 5380 893 5381 892 5382 1006 5383 1002 5384 1006 5385 892 5386 887 5387 889 5388 893 5389 894 5390 893 5391 889 5392 888 5393 890 5394 894 5395 895 5396 894 5397 890 5398 889 5399 895 5400 896 5401 890 5402 890 5403 896 5404 891 5405 928 5406 891 5407 896 5408 891 5409 928 5410 927 5411 996 5412 1002 5413 997 5414 1002 5415 996 5416 892 5417 996 5418 893 5419 892 5420 893 5421 996 5422 897 5423 894 5424 897 5425 898 5426 897 5427 894 5428 893 5429 895 5430 898 5431 899 5432 898 5433 895 5434 894 5435 900 5436 895 5437 899 5438 895 5439 900 5440 896 5441 930 5442 896 5443 900 5444 896 5445 930 5446 928 5447 990 5448 989 5449 897 5450 990 5451 897 5452 996 5453 989 5454 898 5455 897 5456 898 5457 989 5458 901 5459 899 5460 901 5461 902 5462 901 5463 899 5464 898 5465 903 5466 899 5467 902 5468 899 5469 903 5470 900 5471 932 5472 900 5473 903 5474 900 5475 932 5476 930 5477 902 5478 904 5479 905 5480 904 5481 902 5482 901 5483 982 5484 904 5485 901 5486 982 5487 901 5488 989 5489 906 5490 902 5491 905 5492 902 5493 906 5494 903 5495 935 5496 903 5497 906 5498 903 5499 935 5500 932 5501 974 5502 973 5503 904 5504 974 5505 904 5506 982 5507 905 5508 973 5509 907 5510 973 5511 905 5512 904 5513 908 5514 905 5515 907 5516 905 5517 908 5518 906 5519 939 5520 906 5521 908 5522 906 5523 939 5524 935 5525 910 5526 907 5527 909 5528 907 5529 910 5530 908 5531 964 5532 909 5533 907 5534 964 5535 907 5536 973 5537 943 5538 908 5539 910 5540 908 5541 943 5542 939 5543 954 5544 953 5545 909 5546 954 5547 909 5548 964 5549 911 5550 909 5551 953 5552 909 5553 911 5554 910 5555 948 5556 910 5557 911 5558 910 5559 948 5560 943 5561 1486 5562 953 5563 1487 5564 953 5565 1486 5566 911 5567 1498 5568 911 5569 1486 5570 911 5571 1498 5572 948 5573 913 5574 914 5575 915 5576 914 5577 913 5578 912 5579 912 5580 1387 5581 1391 5582 912 5583 1391 5584 914 5585 1060 5586 1387 5587 912 5588 1387 5589 1060 5590 1059 5591 912 5592 1509 5593 1060 5594 1509 5595 912 5596 913 5597 915 5598 1155 5599 913 5600 913 5601 1155 5602 1154 5603 1509 5604 1154 5605 1435 5606 1154 5607 1509 5608 913 5609 915 5610 914 5611 917 5612 914 5613 916 5614 917 5615 1391 5616 916 5617 914 5618 916 5619 1391 5620 1394 5621 917 5622 1156 5623 915 5624 915 5625 1156 5626 1155 5627 918 5628 919 5629 916 5630 916 5631 919 5632 917 5633 1394 5634 918 5635 916 5636 918 5637 1394 5638 1397 5639 1157 5640 917 5641 919 5642 917 5643 1157 5644 1156 5645 1397 5646 920 5647 918 5648 920 5649 1397 5650 1399 5651 920 5652 921 5653 918 5654 918 5655 921 5656 919 5657 1158 5658 919 5659 921 5660 919 5661 1158 5662 1157 5663 1401 5664 1402 5665 920 5666 920 5667 1399 5668 1401 5669 922 5670 920 5671 1402 5672 920 5673 922 5674 921 5675 1159 5676 921 5677 922 5678 921 5679 1159 5680 1158 5681 1160 5682 922 5683 923 5684 922 5685 1160 5686 1159 5687 923 5688 1402 5689 1404 5690 1402 5691 923 5692 922 5693 1161 5694 923 5695 924 5696 923 5697 1161 5698 1160 5699 924 5700 1404 5701 1405 5702 1404 5703 924 5704 923 5705 925 5706 1405 5707 1406 5708 1405 5709 925 5710 924 5711 1162 5712 924 5713 925 5714 924 5715 1162 5716 1161 5717 1407 5718 1406 5719 947 5720 1406 5721 1407 5722 925 5723 1163 5724 925 5725 1407 5726 925 5727 1163 5728 1162 5729 1392 5730 1388 5731 926 5732 1388 5733 1392 5734 1389 5735 1395 5736 926 5737 927 5738 926 5739 1395 5740 1392 5741 929 5742 927 5743 928 5744 927 5745 929 5746 1395 5747 931 5748 928 5749 930 5750 928 5751 931 5752 929 5753 931 5754 1398 5755 929 5756 1398 5757 931 5758 1400 5759 1398 5760 1396 5761 929 5762 929 5763 1396 5764 1395 5765 933 5766 930 5767 932 5768 930 5769 933 5770 931 5771 933 5772 1400 5773 931 5774 1400 5775 933 5776 934 5777 936 5778 932 5779 935 5780 932 5781 936 5782 933 5783 936 5784 934 5785 933 5786 934 5787 936 5788 937 5789 937 5790 1403 5791 934 5792 1403 5793 937 5794 938 5795 1403 5796 1401 5797 934 5798 934 5799 1401 5800 1400 5801 940 5802 935 5803 939 5804 935 5805 940 5806 936 5807 940 5808 937 5809 936 5810 937 5811 940 5812 941 5813 941 5814 938 5815 937 5816 938 5817 941 5818 942 5819 1405 5820 1404 5821 938 5822 938 5823 1404 5824 1403 5825 1405 5826 942 5827 1406 5828 942 5829 1405 5830 938 5831 944 5832 939 5833 943 5834 939 5835 944 5836 940 5837 944 5838 941 5839 940 5840 941 5841 944 5842 945 5843 945 5844 942 5845 941 5846 942 5847 945 5848 946 5849 946 5850 1406 5851 942 5852 1406 5853 946 5854 947 5855 949 5856 943 5857 948 5858 943 5859 949 5860 944 5861 949 5862 945 5863 944 5864 945 5865 949 5866 950 5867 950 5868 946 5869 945 5870 946 5871 950 5872 951 5873 951 5874 947 5875 946 5876 947 5877 951 5878 952 5879 1408 5880 947 5881 952 5882 947 5883 1408 5884 1407 5885 1499 5886 948 5887 1498 5888 948 5889 1499 5890 949 5891 1500 5892 949 5893 1499 5894 949 5895 1500 5896 950 5897 1500 5898 951 5899 950 5900 951 5901 1500 5902 1501 5903 1501 5904 952 5905 951 5906 952 5907 1501 5908 1502 5909 1503 5910 952 5911 1502 5912 952 5913 1503 5914 1408 5915 1488 5916 1487 5917 953 5918 1488 5919 953 5920 954 5921 955 5922 964 5923 965 5924 964 5925 955 5926 954 5927 1489 5928 1488 5929 954 5930 1489 5931 954 5932 955 5933 956 5934 965 5935 966 5936 965 5937 956 5938 955 5939 1489 5940 956 5941 1490 5942 956 5943 1489 5944 955 5945 957 5946 956 5947 967 5948 956 5949 966 5950 967 5951 1490 5952 957 5953 1491 5954 957 5955 1490 5956 956 5957 958 5958 957 5959 968 5960 957 5961 967 5962 968 5963 1491 5964 958 5965 1492 5966 958 5967 1491 5968 957 5969 959 5970 958 5971 969 5972 958 5973 968 5974 969 5975 1492 5976 959 5977 1493 5978 959 5979 1492 5980 958 5981 960 5982 969 5983 970 5984 969 5985 960 5986 959 5987 1494 5988 1493 5989 959 5990 1494 5991 959 5992 960 5993 961 5994 970 5995 971 5996 970 5997 961 5998 960 5999 1495 6000 1494 6001 960 6002 1495 6003 960 6004 961 6005 962 6006 971 6007 972 6008 971 6009 962 6010 961 6011 1495 6012 962 6013 1496 6014 962 6015 1495 6016 961 6017 963 6018 962 6019 1133 6020 962 6021 972 6022 1133 6023 1496 6024 963 6025 1497 6026 963 6027 1496 6028 962 6029 1071 6030 963 6031 1070 6032 963 6033 1133 6034 1070 6035 1497 6036 1071 6037 1436 6038 1071 6039 1497 6040 963 6041 965 6042 973 6043 974 6044 973 6045 965 6046 964 6047 966 6048 974 6049 975 6050 974 6051 966 6052 965 6053 967 6054 966 6055 976 6056 966 6057 975 6058 976 6059 968 6060 967 6061 977 6062 967 6063 976 6064 977 6065 969 6066 968 6067 978 6068 968 6069 977 6070 978 6071 970 6072 978 6073 979 6074 978 6075 970 6076 969 6077 971 6078 979 6079 980 6080 979 6081 971 6082 970 6083 972 6084 980 6085 981 6086 980 6087 972 6088 971 6089 1133 6090 972 6091 1132 6092 972 6093 981 6094 1132 6095 975 6096 982 6097 983 6098 982 6099 975 6100 974 6101 976 6102 975 6103 984 6104 975 6105 983 6106 984 6107 977 6108 976 6109 985 6110 976 6111 984 6112 985 6113 978 6114 977 6115 986 6116 977 6117 985 6118 986 6119 986 6120 979 6121 978 6122 979 6123 986 6124 987 6125 980 6126 987 6127 988 6128 987 6129 980 6130 979 6131 981 6132 988 6133 1123 6134 988 6135 981 6136 980 6137 1132 6138 981 6139 1131 6140 981 6141 1123 6142 1131 6143 983 6144 989 6145 990 6146 989 6147 983 6148 982 6149 984 6150 983 6151 991 6152 983 6153 990 6154 991 6155 985 6156 984 6157 992 6158 984 6159 991 6160 992 6161 986 6162 985 6163 993 6164 985 6165 992 6166 993 6167 993 6168 987 6169 986 6170 987 6171 993 6172 994 6173 988 6174 994 6175 995 6176 994 6177 988 6178 987 6179 1123 6180 995 6181 1122 6182 995 6183 1123 6184 988 6185 991 6186 990 6187 997 6188 990 6189 996 6190 997 6191 992 6192 991 6193 998 6194 991 6195 997 6196 998 6197 993 6198 992 6199 999 6200 992 6201 998 6202 999 6203 999 6204 994 6205 993 6206 994 6207 999 6208 1000 6209 995 6210 1000 6211 1001 6212 1000 6213 995 6214 994 6215 1122 6216 1001 6217 1121 6218 1001 6219 1122 6220 995 6221 998 6222 997 6223 1003 6224 997 6225 1002 6226 1003 6227 999 6228 998 6229 1004 6230 998 6231 1003 6232 1004 6233 1004 6234 1000 6235 999 6236 1000 6237 1004 6238 1005 6239 1005 6240 1001 6241 1000 6242 1001 6243 1005 6244 1115 6245 1121 6246 1115 6247 1120 6248 1115 6249 1121 6250 1001 6251 1003 6252 1002 6253 1007 6254 1002 6255 1006 6256 1007 6257 1004 6258 1003 6259 1008 6260 1003 6261 1007 6262 1008 6263 1008 6264 1005 6265 1004 6266 1005 6267 1008 6268 1009 6269 1009 6270 1115 6271 1005 6272 1115 6273 1009 6274 1114 6275 1008 6276 1007 6277 1011 6278 1007 6279 1010 6280 1011 6281 1009 6282 1008 6283 1012 6284 1008 6285 1011 6286 1012 6287 1012 6288 1114 6289 1009 6290 1114 6291 1012 6292 1113 6293 1011 6294 1010 6295 1014 6296 1010 6297 1013 6298 1014 6299 1012 6300 1011 6301 1110 6302 1011 6303 1014 6304 1110 6305 1113 6306 1110 6307 1112 6308 1110 6309 1113 6310 1012 6311 1110 6312 1015 6313 1109 6314 1015 6315 1110 6316 1014 6317 1109 6318 1510 6319 1442 6320 1510 6321 1109 6322 1015 6323 1017 6324 1294 6325 1303 6326 1294 6327 1017 6328 1016 6329 1471 6330 1016 6331 1472 6332 1016 6333 1471 6334 1294 6335 1409 6336 1472 6337 1016 6338 1472 6339 1409 6340 1473 6341 1409 6342 1016 6343 1411 6344 1411 6345 1016 6346 1017 6347 1019 6348 1413 6349 1017 6350 1411 6351 1017 6352 1413 6353 1018 6354 1017 6355 1303 6356 1017 6357 1018 6358 1019 6359 1018 6360 1311 6361 1020 6362 1018 6363 1020 6364 1021 6365 1303 6366 1311 6367 1018 6368 1311 6369 1303 6370 1302 6371 1021 6372 1019 6373 1018 6374 1019 6375 1021 6376 1022 6377 1022 6378 1414 6379 1019 6380 1413 6381 1019 6382 1414 6383 1317 6384 1023 6385 1020 6386 1023 6387 1317 6388 1323 6389 1310 6390 1020 6391 1311 6392 1020 6393 1310 6394 1317 6395 1023 6396 1021 6397 1020 6398 1021 6399 1023 6400 1024 6401 1024 6402 1022 6403 1021 6404 1022 6405 1024 6406 1025 6407 1025 6408 1415 6409 1022 6410 1414 6411 1022 6412 1415 6413 1024 6414 1027 6415 1028 6416 1027 6417 1024 6418 1023 6419 1323 6420 1027 6421 1023 6422 1027 6423 1323 6424 1026 6425 1025 6426 1028 6427 1029 6428 1028 6429 1025 6430 1024 6431 1415 6432 1025 6433 1416 6434 1025 6435 1029 6436 1416 6437 1327 6438 1030 6439 1026 6440 1030 6441 1327 6442 1331 6443 1322 6444 1026 6445 1323 6446 1026 6447 1322 6448 1327 6449 1027 6450 1026 6451 1031 6452 1026 6453 1030 6454 1031 6455 1028 6456 1031 6457 1032 6458 1031 6459 1028 6460 1027 6461 1029 6462 1032 6463 1033 6464 1032 6465 1029 6466 1028 6467 1416 6468 1029 6469 1417 6470 1029 6471 1033 6472 1417 6473 1031 6474 1030 6475 1036 6476 1030 6477 1035 6478 1036 6479 1331 6480 1035 6481 1030 6482 1035 6483 1331 6484 1034 6485 1036 6486 1032 6487 1031 6488 1032 6489 1036 6490 1037 6491 1033 6492 1037 6493 1038 6494 1037 6495 1033 6496 1032 6497 1417 6498 1038 6499 1189 6500 1038 6501 1417 6502 1033 6503 1034 6504 1334 6505 1039 6506 1334 6507 1034 6508 1333 6509 1330 6510 1034 6511 1331 6512 1034 6513 1330 6514 1333 6515 1039 6516 1035 6517 1034 6518 1035 6519 1039 6520 1040 6521 1040 6522 1041 6523 1035 6524 1035 6525 1041 6526 1036 6527 1037 6528 1041 6529 1042 6530 1041 6531 1037 6532 1036 6533 1038 6534 1037 6535 1043 6536 1037 6537 1042 6538 1043 6539 1196 6540 1189 6541 1038 6542 1196 6543 1038 6544 1043 6545 1450 6546 1040 6547 1039 6548 1040 6549 1450 6550 1451 6551 1039 6552 1449 6553 1450 6554 1449 6555 1039 6556 1334 6557 1451 6558 1452 6559 1040 6560 1040 6561 1452 6562 1041 6563 1042 6564 1041 6565 1453 6566 1041 6567 1452 6568 1453 6569 1043 6570 1042 6571 1454 6572 1042 6573 1453 6574 1454 6575 1425 6576 1196 6577 1043 6578 1425 6579 1043 6580 1454 6581 1051 6582 1044 6583 1050 6584 1044 6585 1051 6586 1045 6587 1050 6588 1384 6589 1385 6590 1384 6591 1050 6592 1044 6593 1052 6594 1045 6595 1051 6596 1045 6597 1052 6598 1046 6599 1053 6600 1046 6601 1052 6602 1046 6603 1053 6604 1047 6605 1053 6606 1048 6607 1047 6608 1048 6609 1053 6610 1100 6611 1100 6612 1049 6613 1048 6614 1049 6615 1100 6616 1096 6617 1096 6618 1510 6619 1049 6620 1510 6621 1096 6622 1442 6623 1055 6624 1050 6625 1054 6626 1050 6627 1055 6628 1051 6629 1054 6630 1385 6631 1386 6632 1385 6633 1054 6634 1050 6635 1106 6636 1051 6637 1055 6638 1051 6639 1106 6640 1052 6641 1104 6642 1052 6643 1106 6644 1052 6645 1104 6646 1053 6647 1104 6648 1100 6649 1053 6650 1100 6651 1104 6652 1101 6653 1059 6654 1386 6655 1387 6656 1386 6657 1059 6658 1054 6659 1108 6660 1054 6661 1059 6662 1054 6663 1108 6664 1055 6665 1107 6666 1055 6667 1108 6668 1055 6669 1107 6670 1106 6671 1057 6672 1105 6673 1107 6674 1105 6675 1057 6676 1056 6677 1103 6678 1105 6679 1056 6680 1105 6681 1103 6682 1102 6683 1432 6684 1056 6685 1433 6686 1056 6687 1432 6688 1103 6689 1056 6690 1434 6691 1433 6692 1434 6693 1056 6694 1057 6695 1058 6696 1107 6697 1108 6698 1107 6699 1058 6700 1057 6701 1057 6702 1435 6703 1434 6704 1435 6705 1057 6706 1058 6707 1509 6708 1435 6709 1058 6710 1058 6711 1060 6712 1509 6713 1060 6714 1108 6715 1059 6716 1108 6717 1060 6718 1058 6719 1124 6720 1061 6721 1125 6722 1061 6723 1062 6724 1125 6725 1062 6726 1134 6727 1135 6728 1134 6729 1062 6730 1061 6731 1508 6732 1134 6733 1061 6734 1134 6735 1508 6736 1431 6737 1508 6738 1124 6739 1445 6740 1124 6741 1508 6742 1061 6743 1126 6744 1062 6745 1063 6746 1062 6747 1126 6748 1125 6749 1063 6750 1135 6751 1072 6752 1135 6753 1063 6754 1062 6755 1127 6756 1063 6757 1064 6758 1063 6759 1127 6760 1126 6761 1064 6762 1072 6763 1073 6764 1072 6765 1064 6766 1063 6767 1128 6768 1064 6769 1065 6770 1064 6771 1128 6772 1127 6773 1065 6774 1073 6775 1074 6776 1073 6777 1065 6778 1064 6779 1129 6780 1065 6781 1066 6782 1065 6783 1129 6784 1128 6785 1066 6786 1074 6787 1075 6788 1074 6789 1066 6790 1065 6791 1130 6792 1066 6793 1067 6794 1066 6795 1130 6796 1129 6797 1067 6798 1075 6799 1076 6800 1075 6801 1067 6802 1066 6803 1131 6804 1067 6805 1068 6806 1067 6807 1131 6808 1130 6809 1068 6810 1076 6811 1077 6812 1076 6813 1068 6814 1067 6815 1132 6816 1068 6817 1069 6818 1068 6819 1132 6820 1131 6821 1069 6822 1077 6823 1078 6824 1077 6825 1069 6826 1068 6827 1133 6828 1069 6829 1070 6830 1069 6831 1133 6832 1132 6833 1070 6834 1078 6835 1079 6836 1078 6837 1070 6838 1069 6839 1071 6840 1079 6841 1080 6842 1079 6843 1071 6844 1070 6845 1436 6846 1080 6847 1437 6848 1080 6849 1436 6850 1071 6851 1073 6852 1138 6853 1139 6854 1138 6855 1073 6856 1072 6857 1135 6858 1137 6859 1072 6860 1138 6861 1072 6862 1137 6863 1074 6864 1139 6865 1081 6866 1139 6867 1074 6868 1073 6869 1075 6870 1081 6871 1082 6872 1081 6873 1075 6874 1074 6875 1076 6876 1082 6877 1083 6878 1082 6879 1076 6880 1075 6881 1077 6882 1083 6883 1084 6884 1083 6885 1077 6886 1076 6887 1078 6888 1084 6889 1085 6890 1084 6891 1078 6892 1077 6893 1079 6894 1085 6895 1086 6896 1085 6897 1079 6898 1078 6899 1087 6900 1080 6901 1079 6902 1087 6903 1079 6904 1086 6905 1438 6906 1437 6907 1080 6908 1438 6909 1080 6910 1087 6911 1145 6912 1082 6913 1081 6914 1081 6915 1144 6916 1145 6917 1139 6918 1144 6919 1081 6920 1144 6921 1139 6922 1143 6923 1088 6924 1083 6925 1082 6926 1088 6927 1082 6928 1145 6929 1089 6930 1084 6931 1083 6932 1089 6933 1083 6934 1088 6935 1090 6936 1085 6937 1084 6938 1090 6939 1084 6940 1089 6941 1091 6942 1086 6943 1085 6944 1091 6945 1085 6946 1090 6947 1092 6948 1087 6949 1086 6950 1092 6951 1086 6952 1091 6953 1439 6954 1438 6955 1087 6956 1439 6957 1087 6958 1092 6959 1152 6960 1145 6961 1151 6962 1145 6963 1152 6964 1088 6965 1153 6966 1089 6967 1088 6968 1153 6969 1088 6970 1152 6971 1093 6972 1090 6973 1089 6974 1093 6975 1089 6976 1153 6977 1094 6978 1091 6979 1090 6980 1094 6981 1090 6982 1093 6983 1095 6984 1092 6985 1091 6986 1095 6987 1091 6988 1094 6989 1439 6990 1095 6991 1440 6992 1095 6993 1439 6994 1092 6995 1162 6996 1093 6997 1161 6998 1093 6999 1153 7000 1161 7001 1094 7002 1162 7003 1163 7004 1162 7005 1094 7006 1093 7007 1095 7008 1163 7009 1164 7010 1163 7011 1095 7012 1094 7013 1440 7014 1164 7015 1441 7016 1164 7017 1440 7018 1095 7019 1101 7020 1096 7021 1100 7022 1096 7023 1101 7024 1097 7025 1097 7026 1442 7027 1096 7028 1442 7029 1097 7030 1443 7031 1098 7032 1101 7033 1102 7034 1101 7035 1098 7036 1097 7037 1098 7038 1443 7039 1097 7040 1443 7041 1098 7042 1444 7043 1099 7044 1102 7045 1103 7046 1102 7047 1099 7048 1098 7049 1445 7050 1098 7051 1099 7052 1098 7053 1445 7054 1444 7055 1508 7056 1099 7057 1431 7058 1099 7059 1508 7060 1445 7061 1431 7062 1103 7063 1432 7064 1103 7065 1431 7066 1099 7067 1102 7068 1104 7069 1105 7070 1104 7071 1102 7072 1101 7073 1105 7074 1106 7075 1107 7076 1106 7077 1105 7078 1104 7079 1112 7080 1109 7081 1111 7082 1109 7083 1112 7084 1110 7085 1111 7086 1442 7087 1443 7088 1442 7089 1111 7090 1109 7091 1116 7092 1112 7093 1111 7094 1112 7095 1116 7096 1117 7097 1111 7098 1444 7099 1116 7100 1444 7101 1111 7102 1443 7103 1118 7104 1113 7105 1112 7106 1118 7107 1112 7108 1117 7109 1119 7110 1114 7111 1113 7112 1119 7113 1113 7114 1118 7115 1120 7116 1115 7117 1114 7118 1120 7119 1114 7120 1119 7121 1124 7122 1117 7123 1116 7124 1117 7125 1124 7126 1125 7127 1116 7128 1445 7129 1124 7130 1445 7131 1116 7132 1444 7133 1118 7134 1125 7135 1126 7136 1125 7137 1118 7138 1117 7139 1119 7140 1126 7141 1127 7142 1126 7143 1119 7144 1118 7145 1120 7146 1127 7147 1128 7148 1127 7149 1120 7150 1119 7151 1121 7152 1128 7153 1129 7154 1128 7155 1121 7156 1120 7157 1122 7158 1129 7159 1130 7160 1129 7161 1122 7162 1121 7163 1123 7164 1130 7165 1131 7166 1130 7167 1123 7168 1122 7169 1135 7170 1136 7171 1137 7172 1136 7173 1135 7174 1134 7175 1136 7176 1134 7177 1432 7178 1134 7179 1431 7180 1432 7181 1137 7182 1140 7183 1141 7184 1140 7185 1137 7186 1136 7187 1140 7188 1136 7189 1433 7190 1136 7191 1432 7192 1433 7193 1138 7194 1141 7195 1142 7196 1141 7197 1138 7198 1137 7199 1143 7200 1139 7201 1138 7202 1138 7203 1142 7204 1143 7205 1141 7206 1146 7207 1147 7208 1146 7209 1141 7210 1140 7211 1146 7212 1140 7213 1434 7214 1140 7215 1433 7216 1434 7217 1142 7218 1147 7219 1148 7220 1147 7221 1142 7222 1141 7223 1149 7224 1143 7225 1142 7226 1149 7227 1142 7228 1148 7229 1150 7230 1144 7231 1143 7232 1150 7233 1143 7234 1149 7235 1151 7236 1145 7237 1144 7238 1151 7239 1144 7240 1150 7241 1154 7242 1147 7243 1146 7244 1147 7245 1154 7246 1155 7247 1435 7248 1154 7249 1146 7250 1146 7251 1434 7252 1435 7253 1156 7254 1148 7255 1147 7256 1156 7257 1147 7258 1155 7259 1149 7260 1156 7261 1157 7262 1156 7263 1149 7264 1148 7265 1150 7266 1157 7267 1158 7268 1157 7269 1150 7270 1149 7271 1151 7272 1158 7273 1159 7274 1158 7275 1151 7276 1150 7277 1152 7278 1159 7279 1160 7280 1159 7281 1152 7282 1151 7283 1153 7284 1160 7285 1161 7286 1160 7287 1153 7288 1152 7289 1164 7290 1407 7291 1408 7292 1407 7293 1164 7294 1163 7295 1441 7296 1408 7297 1503 7298 1408 7299 1441 7300 1164 7301 1166 7302 1359 7303 1165 7304 1359 7305 1166 7306 1360 7307 1429 7308 1166 7309 1165 7310 1429 7311 1165 7312 1428 7313 1428 7314 1165 7315 1427 7316 1165 7317 1357 7318 1427 7319 1359 7320 1357 7321 1165 7322 1357 7323 1359 7324 1358 7325 1167 7326 1360 7327 1166 7328 1360 7329 1167 7330 1168 7331 1430 7332 1167 7333 1166 7334 1166 7335 1429 7336 1430 7337 1349 7338 1168 7339 1167 7340 1168 7341 1349 7342 1348 7343 1507 7344 1349 7345 1167 7346 1167 7347 1430 7348 1507 7349 1367 7350 1378 7351 1168 7352 1168 7353 1378 7354 1360 7355 1348 7356 1367 7357 1168 7358 1367 7359 1348 7360 1352 7361 1171 7362 1172 7363 1169 7364 1250 7365 1169 7366 1172 7367 1412 7368 1171 7369 1169 7370 1171 7371 1412 7372 1170 7373 1251 7374 1410 7375 1169 7376 1412 7377 1169 7378 1410 7379 1251 7380 1250 7381 1249 7382 1250 7383 1251 7384 1169 7385 1413 7386 1173 7387 1170 7388 1173 7389 1413 7390 1414 7391 1411 7392 1170 7393 1412 7394 1170 7395 1411 7396 1413 7397 1173 7398 1174 7399 1170 7400 1171 7401 1170 7402 1174 7403 1172 7404 1171 7405 1175 7406 1171 7407 1174 7408 1175 7409 1246 7410 1250 7411 1172 7412 1246 7413 1172 7414 1247 7415 1175 7416 1247 7417 1172 7418 1247 7419 1175 7420 1248 7421 1414 7422 1176 7423 1173 7424 1176 7425 1414 7426 1415 7427 1174 7428 1173 7429 1177 7430 1173 7431 1176 7432 1177 7433 1175 7434 1174 7435 1178 7436 1174 7437 1177 7438 1178 7439 1248 7440 1178 7441 1179 7442 1178 7443 1248 7444 1175 7445 1415 7446 1180 7447 1176 7448 1180 7449 1415 7450 1416 7451 1177 7452 1176 7453 1181 7454 1176 7455 1180 7456 1181 7457 1178 7458 1177 7459 1182 7460 1177 7461 1181 7462 1182 7463 1179 7464 1182 7465 1183 7466 1182 7467 1179 7468 1178 7469 1243 7470 1183 7471 1244 7472 1183 7473 1243 7474 1179 7475 1242 7476 1248 7477 1179 7478 1242 7479 1179 7480 1243 7481 1181 7482 1180 7483 1185 7484 1180 7485 1184 7486 1185 7487 1416 7488 1184 7489 1180 7490 1184 7491 1416 7492 1417 7493 1182 7494 1181 7495 1186 7496 1181 7497 1185 7498 1186 7499 1183 7500 1186 7501 1187 7502 1186 7503 1183 7504 1182 7505 1244 7506 1187 7507 1188 7508 1187 7509 1244 7510 1183 7511 1185 7512 1184 7513 1191 7514 1184 7515 1190 7516 1191 7517 1417 7518 1190 7519 1184 7520 1190 7521 1417 7522 1189 7523 1192 7524 1186 7525 1185 7526 1185 7527 1191 7528 1192 7529 1192 7530 1187 7531 1186 7532 1187 7533 1192 7534 1193 7535 1188 7536 1193 7537 1194 7538 1193 7539 1188 7540 1187 7541 1238 7542 1188 7543 1195 7544 1188 7545 1194 7546 1195 7547 1244 7548 1238 7549 1237 7550 1238 7551 1244 7552 1188 7553 1190 7554 1196 7555 1197 7556 1196 7557 1190 7558 1189 7559 1190 7560 1198 7561 1191 7562 1198 7563 1190 7564 1197 7565 1199 7566 1191 7567 1198 7568 1191 7569 1199 7570 1192 7571 1200 7572 1192 7573 1199 7574 1192 7575 1200 7576 1193 7577 1200 7578 1201 7579 1193 7580 1193 7581 1201 7582 1194 7583 1195 7584 1201 7585 1202 7586 1201 7587 1195 7588 1194 7589 1238 7590 1230 7591 1229 7592 1230 7593 1238 7594 1195 7595 1230 7596 1195 7597 1231 7598 1195 7599 1202 7600 1231 7601 1197 7602 1425 7603 1424 7604 1425 7605 1197 7606 1196 7607 1197 7608 1423 7609 1198 7610 1423 7611 1197 7612 1424 7613 1422 7614 1198 7615 1423 7616 1198 7617 1422 7618 1199 7619 1421 7620 1199 7621 1422 7622 1199 7623 1421 7624 1200 7625 1421 7626 1420 7627 1200 7628 1200 7629 1420 7630 1201 7631 1202 7632 1201 7633 1419 7634 1201 7635 1420 7636 1419 7637 1231 7638 1419 7639 1418 7640 1419 7641 1231 7642 1202 7643 1204 7644 1205 7645 1206 7646 1205 7647 1204 7648 1203 7649 1476 7650 1477 7651 1203 7652 1205 7653 1203 7654 1477 7655 1476 7656 1252 7657 1475 7658 1252 7659 1476 7660 1203 7661 1253 7662 1203 7663 1204 7664 1203 7665 1253 7666 1252 7667 1254 7668 1255 7669 1204 7670 1253 7671 1204 7672 1255 7673 1204 7674 1206 7675 1207 7676 1204 7677 1207 7678 1254 7679 1206 7680 1209 7681 1210 7682 1209 7683 1206 7684 1205 7685 1477 7686 1478 7687 1205 7688 1209 7689 1205 7690 1478 7691 1206 7692 1210 7693 1211 7694 1206 7695 1211 7696 1207 7697 1211 7698 1212 7699 1207 7700 1207 7701 1212 7702 1208 7703 1208 7704 1254 7705 1207 7706 1254 7707 1208 7708 1256 7709 1259 7710 1256 7711 1208 7712 1256 7713 1259 7714 1260 7715 1212 7716 1213 7717 1208 7718 1208 7719 1213 7720 1259 7721 1210 7722 1215 7723 1216 7724 1215 7725 1210 7726 1209 7727 1478 7728 1479 7729 1209 7730 1209 7731 1479 7732 1215 7733 1216 7734 1211 7735 1210 7736 1211 7737 1216 7738 1217 7739 1217 7740 1212 7741 1211 7742 1212 7743 1217 7744 1218 7745 1218 7746 1213 7747 1212 7748 1213 7749 1218 7750 1219 7751 1219 7752 1214 7753 1213 7754 1214 7755 1219 7756 1220 7757 1259 7758 1214 7759 1263 7760 1214 7761 1259 7762 1213 7763 1263 7764 1267 7765 1268 7766 1267 7767 1263 7768 1214 7769 1220 7770 1267 7771 1214 7772 1267 7773 1220 7774 1221 7775 1216 7776 1223 7777 1224 7778 1223 7779 1216 7780 1215 7781 1479 7782 1480 7783 1215 7784 1215 7785 1480 7786 1223 7787 1224 7788 1217 7789 1216 7790 1217 7791 1224 7792 1225 7793 1225 7794 1218 7795 1217 7796 1218 7797 1225 7798 1226 7799 1226 7800 1219 7801 1218 7802 1219 7803 1226 7804 1227 7805 1227 7806 1220 7807 1219 7808 1220 7809 1227 7810 1228 7811 1228 7812 1221 7813 1220 7814 1221 7815 1228 7816 1229 7817 1229 7818 1222 7819 1221 7820 1222 7821 1229 7822 1230 7823 1267 7824 1221 7825 1272 7826 1221 7827 1222 7828 1272 7829 1272 7830 1278 7831 1279 7832 1278 7833 1272 7834 1222 7835 1278 7836 1222 7837 1231 7838 1222 7839 1230 7840 1231 7841 1232 7842 1224 7843 1223 7844 1224 7845 1232 7846 1233 7847 1481 7848 1223 7849 1480 7850 1223 7851 1481 7852 1232 7853 1233 7854 1225 7855 1224 7856 1225 7857 1233 7858 1234 7859 1234 7860 1226 7861 1225 7862 1226 7863 1234 7864 1235 7865 1235 7866 1227 7867 1226 7868 1227 7869 1235 7870 1236 7871 1236 7872 1228 7873 1227 7874 1228 7875 1236 7876 1237 7877 1237 7878 1229 7879 1228 7880 1229 7881 1237 7882 1238 7883 1455 7884 1278 7885 1231 7886 1231 7887 1418 7888 1455 7889 1239 7890 1233 7891 1232 7892 1233 7893 1239 7894 1240 7895 1482 7896 1232 7897 1481 7898 1232 7899 1482 7900 1239 7901 1240 7902 1234 7903 1233 7904 1234 7905 1240 7906 1241 7907 1241 7908 1235 7909 1234 7910 1235 7911 1241 7912 1242 7913 1242 7914 1236 7915 1235 7916 1236 7917 1242 7918 1243 7919 1243 7920 1237 7921 1236 7922 1237 7923 1243 7924 1244 7925 1245 7926 1240 7927 1239 7928 1240 7929 1245 7930 1246 7931 1483 7932 1239 7933 1482 7934 1239 7935 1483 7936 1245 7937 1247 7938 1240 7939 1246 7940 1240 7941 1247 7942 1241 7943 1248 7944 1241 7945 1247 7946 1241 7947 1248 7948 1242 7949 1249 7950 1246 7951 1245 7952 1246 7953 1249 7954 1250 7955 1249 7956 1245 7957 1484 7958 1484 7959 1245 7960 1483 7961 1251 7962 1249 7963 1485 7964 1249 7965 1484 7966 1485 7967 1485 7968 1474 7969 1251 7970 1410 7971 1251 7972 1474 7973 1253 7974 1335 7975 1252 7976 1285 7977 1252 7978 1335 7979 1475 7980 1285 7981 1462 7982 1285 7983 1475 7984 1252 7985 1255 7986 1336 7987 1253 7988 1335 7989 1253 7990 1336 7991 1256 7992 1255 7993 1254 7994 1255 7995 1256 7996 1257 7997 1257 7998 1258 7999 1255 8000 1336 8001 1255 8002 1258 8003 1260 8004 1257 8005 1256 8006 1257 8007 1260 8008 1261 8009 1261 8010 1262 8011 1257 8012 1258 8013 1257 8014 1262 8015 1337 8016 1258 8017 1338 8018 1258 8019 1262 8020 1338 8021 1336 8022 1337 8023 1304 8024 1337 8025 1336 8026 1258 8027 1260 8028 1263 8029 1264 8030 1263 8031 1260 8032 1259 8033 1261 8034 1264 8035 1265 8036 1264 8037 1261 8038 1260 8039 1262 8040 1261 8041 1266 8042 1261 8043 1265 8044 1266 8045 1338 8046 1262 8047 1339 8048 1262 8049 1266 8050 1339 8051 1264 8052 1268 8053 1269 8054 1268 8055 1264 8056 1263 8057 1265 8058 1269 8059 1270 8060 1269 8061 1265 8062 1264 8063 1266 8064 1265 8065 1271 8066 1265 8067 1270 8068 1271 8069 1339 8070 1266 8071 1341 8072 1266 8073 1271 8074 1341 8075 1272 8076 1268 8077 1267 8078 1268 8079 1272 8080 1273 8081 1269 8082 1273 8083 1274 8084 1273 8085 1269 8086 1268 8087 1270 8088 1274 8089 1275 8090 1274 8091 1270 8092 1269 8093 1271 8094 1270 8095 1276 8096 1270 8097 1275 8098 1276 8099 1341 8100 1271 8101 1277 8102 1271 8103 1276 8104 1277 8105 1272 8106 1280 8107 1273 8108 1280 8109 1272 8110 1279 8111 1281 8112 1273 8113 1280 8114 1273 8115 1281 8116 1274 8117 1282 8118 1274 8119 1281 8120 1274 8121 1282 8122 1275 8123 1282 8124 1276 8125 1275 8126 1276 8127 1282 8128 1283 8129 1277 8130 1283 8131 1284 8132 1283 8133 1277 8134 1276 8135 1343 8136 1277 8137 1345 8138 1277 8139 1284 8140 1345 8141 1341 8142 1343 8143 1342 8144 1343 8145 1341 8146 1277 8147 1279 8148 1455 8149 1456 8150 1455 8151 1279 8152 1278 8153 1279 8154 1457 8155 1280 8156 1457 8157 1279 8158 1456 8159 1458 8160 1280 8161 1457 8162 1280 8163 1458 8164 1281 8165 1459 8166 1281 8167 1458 8168 1281 8169 1459 8170 1282 8171 1459 8172 1283 8173 1282 8174 1283 8175 1459 8176 1460 8177 1284 8178 1460 8179 1461 8180 1460 8181 1284 8182 1283 8183 1345 8184 1284 8185 1446 8186 1284 8187 1461 8188 1446 8189 1462 8190 1286 8191 1463 8192 1286 8193 1462 8194 1285 8195 1335 8196 1295 8197 1285 8198 1286 8199 1285 8200 1295 8201 1295 8202 1296 8203 1286 8204 1287 8205 1286 8206 1296 8207 1463 8208 1287 8209 1464 8210 1287 8211 1463 8212 1286 8213 1288 8214 1287 8215 1297 8216 1287 8217 1296 8218 1297 8219 1464 8220 1288 8221 1465 8222 1288 8223 1464 8224 1287 8225 1289 8226 1288 8227 1298 8228 1298 8229 1288 8230 1297 8231 1289 8232 1465 8233 1288 8234 1465 8235 1289 8236 1466 8237 1299 8238 1289 8239 1298 8240 1289 8241 1299 8242 1290 8243 1290 8244 1466 8245 1289 8246 1466 8247 1290 8248 1467 8249 1299 8250 1300 8251 1290 8252 1291 8253 1290 8254 1300 8255 1291 8256 1467 8257 1290 8258 1467 8259 1291 8260 1468 8261 1301 8262 1291 8263 1300 8264 1291 8265 1301 8266 1292 8267 1468 8268 1292 8269 1469 8270 1292 8271 1468 8272 1291 8273 1301 8274 1302 8275 1292 8276 1293 8277 1292 8278 1302 8279 1469 8280 1293 8281 1470 8282 1293 8283 1469 8284 1292 8285 1302 8286 1303 8287 1293 8288 1294 8289 1293 8290 1303 8291 1470 8292 1294 8293 1471 8294 1294 8295 1470 8296 1293 8297 1304 8298 1305 8299 1295 8300 1296 8301 1295 8302 1305 8303 1335 8304 1304 8305 1295 8306 1304 8307 1335 8308 1336 8309 1305 8310 1297 8311 1296 8312 1297 8313 1305 8314 1306 8315 1306 8316 1298 8317 1297 8318 1298 8319 1306 8320 1307 8321 1307 8322 1308 8323 1298 8324 1299 8325 1298 8326 1308 8327 1308 8328 1309 8329 1299 8330 1300 8331 1299 8332 1309 8333 1309 8334 1310 8335 1300 8336 1301 8337 1300 8338 1310 8339 1310 8340 1311 8341 1301 8342 1302 8343 1301 8344 1311 8345 1305 8346 1304 8347 1312 8348 1304 8349 1337 8350 1312 8351 1312 8352 1306 8353 1305 8354 1306 8355 1312 8356 1313 8357 1313 8358 1307 8359 1306 8360 1307 8361 1313 8362 1314 8363 1314 8364 1308 8365 1307 8366 1308 8367 1314 8368 1315 8369 1315 8370 1316 8371 1308 8372 1309 8373 1308 8374 1316 8375 1316 8376 1317 8377 1309 8378 1310 8379 1309 8380 1317 8381 1313 8382 1318 8383 1319 8384 1318 8385 1313 8386 1312 8387 1337 8388 1318 8389 1312 8390 1318 8391 1337 8392 1338 8393 1319 8394 1314 8395 1313 8396 1314 8397 1319 8398 1320 8399 1320 8400 1315 8401 1314 8402 1315 8403 1320 8404 1321 8405 1321 8406 1322 8407 1315 8408 1316 8409 1315 8410 1322 8411 1317 8412 1316 8413 1323 8414 1316 8415 1322 8416 1323 8417 1338 8418 1340 8419 1318 8420 1340 8421 1338 8422 1339 8423 1319 8424 1340 8425 1324 8426 1340 8427 1319 8428 1318 8429 1320 8430 1324 8431 1325 8432 1324 8433 1320 8434 1319 8435 1321 8436 1325 8437 1326 8438 1325 8439 1321 8440 1320 8441 1322 8442 1321 8443 1327 8444 1321 8445 1326 8446 1327 8447 1325 8448 1328 8449 1329 8450 1328 8451 1325 8452 1324 8453 1340 8454 1342 8455 1324 8456 1324 8457 1342 8458 1328 8459 1326 8460 1329 8461 1330 8462 1329 8463 1326 8464 1325 8465 1327 8466 1326 8467 1331 8468 1326 8469 1330 8470 1331 8471 1342 8472 1343 8473 1328 8474 1328 8475 1343 8476 1344 8477 1329 8478 1344 8479 1332 8480 1344 8481 1329 8482 1328 8483 1330 8484 1332 8485 1333 8486 1332 8487 1330 8488 1329 8489 1347 8490 1344 8491 1346 8492 1344 8493 1347 8494 1332 8495 1333 8496 1347 8497 1334 8498 1347 8499 1333 8500 1332 8501 1449 8502 1347 8503 1448 8504 1347 8505 1449 8506 1334 8507 1340 8508 1339 8509 1342 8510 1339 8511 1341 8512 1342 8513 1344 8514 1345 8515 1346 8516 1345 8517 1344 8518 1343 8519 1447 8520 1346 8521 1345 8522 1447 8523 1345 8524 1446 8525 1346 8526 1448 8527 1347 8528 1448 8529 1346 8530 1447 8531 1418 8532 1352 8533 1348 8534 1352 8535 1418 8536 1419 8537 1418 8538 1349 8539 1455 8540 1349 8541 1418 8542 1348 8543 1455 8544 1507 8545 1456 8546 1507 8547 1455 8548 1349 8549 1421 8550 1351 8551 1420 8552 1351 8553 1421 8554 1350 8555 1351 8556 1350 8557 1381 8558 1350 8559 1380 8560 1381 8561 1505 8562 1380 8563 1350 8564 1380 8565 1505 8566 1379 8567 1421 8568 1505 8569 1350 8570 1505 8571 1421 8572 1422 8573 1352 8574 1351 8575 1367 8576 1351 8577 1381 8578 1367 8579 1420 8580 1352 8581 1419 8582 1352 8583 1420 8584 1351 8585 1356 8586 1353 8587 1355 8588 1353 8589 1356 8590 1354 8591 1355 8592 1506 8593 1426 8594 1506 8595 1355 8596 1353 8597 1447 8598 1506 8599 1353 8600 1506 8601 1447 8602 1446 8603 1354 8604 1447 8605 1353 8606 1447 8607 1354 8608 1448 8609 1371 8610 1354 8611 1356 8612 1354 8613 1371 8614 1368 8615 1368 8616 1448 8617 1354 8618 1448 8619 1368 8620 1449 8621 1358 8622 1355 8623 1357 8624 1355 8625 1358 8626 1356 8627 1357 8628 1426 8629 1427 8630 1426 8631 1357 8632 1355 8633 1374 8634 1356 8635 1358 8636 1356 8637 1374 8638 1371 8639 1376 8640 1358 8641 1359 8642 1358 8643 1376 8644 1374 8645 1360 8646 1376 8647 1359 8648 1376 8649 1360 8650 1378 8651 1364 8652 1362 8653 1361 8654 1364 8655 1361 8656 1373 8657 1373 8658 1504 8659 1370 8660 1504 8661 1373 8662 1361 8663 1453 8664 1504 8665 1361 8666 1504 8667 1453 8668 1452 8669 1362 8670 1453 8671 1361 8672 1453 8673 1362 8674 1454 8675 1363 8676 1364 8677 1365 8678 1364 8679 1363 8680 1362 8681 1363 8682 1454 8683 1362 8684 1454 8685 1363 8686 1425 8687 1424 8688 1363 8689 1382 8690 1363 8691 1424 8692 1425 8693 1382 8694 1365 8695 1383 8696 1365 8697 1382 8698 1363 8699 1375 8700 1373 8701 1372 8702 1373 8703 1375 8704 1364 8705 1377 8706 1365 8707 1364 8708 1377 8709 1364 8710 1375 8711 1383 8712 1377 8713 1366 8714 1377 8715 1383 8716 1365 8717 1381 8718 1378 8719 1367 8720 1378 8721 1381 8722 1366 8723 1378 8724 1366 8725 1376 8726 1366 8727 1377 8728 1376 8729 1380 8730 1366 8731 1381 8732 1366 8733 1380 8734 1383 8735 1371 8736 1369 8737 1368 8738 1369 8739 1371 8740 1372 8741 1369 8742 1450 8743 1368 8744 1368 8745 1450 8746 1449 8747 1372 8748 1370 8749 1369 8750 1370 8751 1372 8752 1373 8753 1369 8754 1370 8755 1451 8756 1369 8757 1451 8758 1450 8759 1451 8760 1504 8761 1452 8762 1504 8763 1451 8764 1370 8765 1374 8766 1372 8767 1371 8768 1372 8769 1374 8770 1375 8771 1376 8772 1375 8773 1374 8774 1375 8775 1376 8776 1377 8777 1380 8778 1379 8779 1383 8780 1379 8781 1382 8782 1383 8783 1423 8784 1382 8785 1379 8786 1382 8787 1423 8788 1424 8789 1505 8790 1423 8791 1379 8792 1423 8793 1505 8794 1422 8795 1388 8796 1385 8797 1384 8798 1385 8799 1388 8800 1389 8801 1386 8802 1389 8803 1390 8804 1389 8805 1386 8806 1385 8807 1387 8808 1390 8809 1391 8810 1390 8811 1387 8812 1386 8813 1392 8814 1390 8815 1389 8816 1390 8817 1392 8818 1393 8819 1391 8820 1393 8821 1394 8822 1393 8823 1391 8824 1390 8825 1395 8826 1393 8827 1392 8828 1393 8829 1395 8830 1396 8831 1394 8832 1396 8833 1397 8834 1396 8835 1394 8836 1393 8837 1397 8838 1398 8839 1399 8840 1398 8841 1397 8842 1396 8843 1399 8844 1400 8845 1401 8846 1400 8847 1399 8848 1398 8849 1402 8850 1403 8851 1404 8852 1403 8853 1402 8854 1401 8855 1410 8856 1409 8857 1412 8858 1412 8859 1409 8860 1411 8861 1410 8862 1473 8863 1409 8864 1473 8865 1410 8866 1474 8867 1427 8868 1461 8869 1460 8870 1461 8871 1427 8872 1426 8873 1461 8874 1506 8875 1446 8876 1506 8877 1461 8878 1426 8879 1428 8880 1460 8881 1459 8882 1460 8883 1428 8884 1427 8885 1458 8886 1429 8887 1428 8888 1458 8889 1428 8890 1459 8891 1430 8892 1429 8893 1457 8894 1429 8895 1458 8896 1457 8897 1457 8898 1507 8899 1430 8900 1507 8901 1457 8902 1456 8903 1482 8904 1436 8905 1483 8906 1436 8907 1482 8908 1497 8909 1483 8910 1437 8911 1484 8912 1437 8913 1483 8914 1436 8915 1484 8916 1438 8917 1485 8918 1438 8919 1484 8920 1437 8921 1485 8922 1439 8923 1474 8924 1439 8925 1485 8926 1438 8927 1474 8928 1440 8929 1473 8930 1440 8931 1474 8932 1439 8933 1473 8934 1441 8935 1472 8936 1441 8937 1473 8938 1440 8939 1472 8940 1503 8941 1471 8942 1503 8943 1472 8944 1441 8945 1489 8946 1490 8947 1462 8948 1475 8949 1462 8950 1490 8951 1463 8952 1489 8953 1462 8954 1489 8955 1463 8956 1488 8957 1464 8958 1488 8959 1463 8960 1488 8961 1464 8962 1487 8963 1465 8964 1487 8965 1464 8966 1487 8967 1465 8968 1486 8969 1466 8970 1486 8971 1465 8972 1486 8973 1466 8974 1498 8975 1467 8976 1498 8977 1466 8978 1498 8979 1467 8980 1499 8981 1468 8982 1499 8983 1467 8984 1499 8985 1468 8986 1500 8987 1501 8988 1468 8989 1469 8990 1468 8991 1501 8992 1500 8993 1469 8994 1470 8995 1502 8996 1469 8997 1502 8998 1501 8999 1471 9000 1502 9001 1470 9002 1502 9003 1471 9004 1503 9005 1490 9006 1491 9007 1475 9008 1476 9009 1475 9010 1491 9011 1491 9012 1492 9013 1476 9014 1477 9015 1476 9016 1492 9017 1492 9018 1493 9019 1477 9020 1478 9021 1477 9022 1493 9023 1493 9024 1494 9025 1478 9026 1479 9027 1478 9028 1494 9029 1494 9030 1495 9031 1479 9032 1480 9033 1479 9034 1495 9035 1495 9036 1496 9037 1480 9038 1481 9039 1480 9040 1496 9041 1496 9042 1497 9043 1481 9044 1482 9045 1481 9046 1497 9047</p>
        </triangles>
        <triangles count="0" material="Black">
          <input semantic="VERTEX" offset="0" source="#TidalTurbine_Nacelle-VERTEX"/>
          <input semantic="NORMAL" offset="1" source="#TidalTurbine_Nacelle-Normal0"/>
          <p/>
        </triangles>
        <triangles count="0" material="White">
          <input semantic="VERTEX" offset="0" source="#TidalTurbine_Nacelle-VERTEX"/>
          <input semantic="NORMAL" offset="1" source="#TidalTurbine_Nacelle-Normal0"/>
          <p/>
        </triangles>
      </mesh>
    </geometry>
  </library_geometries>
  <library_visual_scenes>
    <visual_scene id="TidalTurbine_Nacelle_(0-0-5.8)_COLLADA_" name="TidalTurbine_Nacelle_(0-0-5.8)_COLLADA_">
      <node name="TidalTurbine_Nacelle" id="TidalTurbine_Nacelle" layer="FBXASC0480FBXASC032-FBXASC032TidalFBXASC032Turbine" sid="TidalTurbine_Nacelle">
        <matrix sid="matrix">0.000000 -0.000000 -0.430000 -0.000244 0.430000 0.000000 0.000000 5.800000 0.000000 -0.430000 0.000000 0.000000 0.000000 0.000000 0.000000 1.000000</matrix>
        <instance_geometry url="#TidalTurbine_Nacelle-lib">
          <bind_material>
            <technique_common>
              <instance_material symbol="Yellow" target="#Yellow"/>
              <instance_material symbol="Black" target="#Black"/>
              <instance_material symbol="White" target="#White"/>
            </technique_common>
          </bind_material>
        </instance_geometry>
        <extra>
          <technique profile="FCOLLADA">
            <visibility>1.000000</visibility>
          </technique>
        </extra>
      </node>
      <extra>
        <technique profile="MAX3D">
          <frame_rate>30.000000</frame_rate>
        </technique>
        <technique profile="FCOLLADA">
          <start_time>0.000000</start_time>
          <end_time>5.000000</end_time>
        </technique>
      </extra>
    </visual_scene>
  </library_visual_scenes>
  <scene>
    <instance_visual_scene url="#TidalTurbine_Nacelle_(0-0-5.8)_COLLADA_"/>
  </scene>
</COLLADA>
