<?xml version="1.0" encoding="utf-8"?>
<COLLADA xmlns="http://www.collada.org/2005/11/COLLADASchema" version="1.4.1">
  <asset>
    <contributor>
      <author/>
      <authoring_tool>FBX COLLADA exporter</authoring_tool>
      <comments/>
    </contributor>
    <created>2024-08-12T15:15:20Z</created>
    <keywords/>
    <modified>2024-08-12T15:15:20Z</modified>
    <revision/>
    <subject/>
    <title/>
    <unit meter="1.000000" name="centimeter"/>
    <up_axis>Y_UP</up_axis>
  </asset>
  <library_materials>
    <material id="Yellow" name="Yellow">
      <instance_effect url="#Yellow-fx"/>
    </material>
    <material id="Black" name="Black">
      <instance_effect url="#Black-fx"/>
    </material>
    <material id="White" name="White">
      <instance_effect url="#White-fx"/>
    </material>
  </library_materials>
  <library_effects>
    <effect id="Yellow-fx" name="Yellow">
      <profile_COMMON>
        <technique sid="standard">
          <phong>
            <emission>
              <color sid="emission">0.000000  0.000000 0.000000 1.000000</color>
            </emission>
            <ambient>
              <color sid="ambient">0.827726  0.505432 0.000000 1.000000</color>
            </ambient>
            <diffuse>
              <color sid="diffuse">0.827726  0.505432 0.000000 1.000000</color>
            </diffuse>
            <specular>
              <color sid="specular">0.000000  0.000000 0.000000 1.000000</color>
            </specular>
            <shininess>
              <float sid="shininess">2.000000</float>
            </shininess>
            <reflective>
              <color sid="reflective">0.000000  0.000000 0.000000 1.000000</color>
            </reflective>
            <reflectivity>
              <float sid="reflectivity">1.000000</float>
            </reflectivity>
            <transparent opaque="RGB_ZERO">
              <color sid="transparent">1.000000  1.000000 1.000000 1.000000</color>
            </transparent>
            <transparency>
              <float sid="transparency">0.000000</float>
            </transparency>
          </phong>
        </technique>
      </profile_COMMON>
    </effect>
    <effect id="Black-fx" name="Black">
      <profile_COMMON>
        <technique sid="standard">
          <phong>
            <emission>
              <color sid="emission">0.000000  0.000000 0.000000 1.000000</color>
            </emission>
            <ambient>
              <color sid="ambient">0.000175  0.000175 0.000175 1.000000</color>
            </ambient>
            <diffuse>
              <color sid="diffuse">0.000175  0.000175 0.000175 1.000000</color>
            </diffuse>
            <specular>
              <color sid="specular">0.000000  0.000000 0.000000 1.000000</color>
            </specular>
            <shininess>
              <float sid="shininess">2.000000</float>
            </shininess>
            <reflective>
              <color sid="reflective">0.000000  0.000000 0.000000 1.000000</color>
            </reflective>
            <reflectivity>
              <float sid="reflectivity">1.000000</float>
            </reflectivity>
            <transparent opaque="RGB_ZERO">
              <color sid="transparent">1.000000  1.000000 1.000000 1.000000</color>
            </transparent>
            <transparency>
              <float sid="transparency">0.000000</float>
            </transparency>
          </phong>
        </technique>
      </profile_COMMON>
    </effect>
    <effect id="White-fx" name="White">
      <profile_COMMON>
        <technique sid="standard">
          <phong>
            <emission>
              <color sid="emission">0.000000  0.000000 0.000000 1.000000</color>
            </emission>
            <ambient>
              <color sid="ambient">0.585973  0.585973 0.585973 1.000000</color>
            </ambient>
            <diffuse>
              <color sid="diffuse">0.585973  0.585973 0.585973 1.000000</color>
            </diffuse>
            <specular>
              <color sid="specular">0.000000  0.000000 0.000000 1.000000</color>
            </specular>
            <shininess>
              <float sid="shininess">2.000000</float>
            </shininess>
            <reflective>
              <color sid="reflective">0.000000  0.000000 0.000000 1.000000</color>
            </reflective>
            <reflectivity>
              <float sid="reflectivity">1.000000</float>
            </reflectivity>
            <transparent opaque="RGB_ZERO">
              <color sid="transparent">1.000000  1.000000 1.000000 1.000000</color>
            </transparent>
            <transparency>
              <float sid="transparency">0.000000</float>
            </transparency>
          </phong>
        </technique>
      </profile_COMMON>
    </effect>
  </library_effects>
  <library_geometries>
    <geometry id="TidalTurbine_Base-lib" name="TidalTurbine_BaseMesh">
      <mesh>
        <source id="TidalTurbine_Base-POSITION">
          <float_array id="TidalTurbine_Base-POSITION-array" count="6564">
1.200000 0.000000 0.000000
1.176942 0.234108 0.000000
1.108655 0.459220 0.000000
0.997763 0.666684 0.000000
0.848528 0.848528 0.000000
0.666684 0.997764 0.000000
0.459220 1.108655 0.000000
0.234108 1.176942 0.000000
0.000000 1.200000 0.000000
-0.234108 1.176942 0.000000
-0.459220 1.108655 0.000000
-0.666684 0.997764 0.000000
-0.848528 0.848528 0.000000
-0.997764 0.666684 0.000000
-1.108655 0.459220 0.000000
-1.176942 0.234108 0.000000
-1.200000 -0.000000 0.000000
-1.176942 -0.234109 0.000000
-1.108655 -0.459221 0.000000
-0.997763 -0.666685 0.000000
-0.848528 -0.848529 0.000000
-0.666684 -0.997764 0.000000
-0.459219 -1.108656 0.000000
-0.234107 -1.176942 0.000000
0.000001 -1.200000 0.000000
0.234110 -1.176942 0.000000
0.459221 -1.108655 0.000000
0.666685 -0.997763 0.000000
0.848529 -0.848527 0.000000
0.997764 -0.666683 0.000000
1.108656 -0.459218 0.000000
1.176943 -0.234107 0.000000
1.200000 0.000000 11.520000
1.176942 0.234108 11.520000
1.108655 0.459220 11.520000
0.997763 0.666684 11.520000
0.848528 0.848528 11.520000
0.666684 0.997764 11.520000
0.459220 1.108655 11.520000
0.234108 1.176942 11.520000
0.000000 1.200000 11.520000
-0.234108 1.176942 11.520000
-0.459220 1.108655 11.520000
-0.666684 0.997764 11.520000
-0.848528 0.848528 11.520000
-0.997764 0.666684 11.520000
-1.108655 0.459220 11.520000
-1.176942 0.234108 11.520000
-1.200000 -0.000000 11.520000
-1.176942 -0.234109 11.520000
-1.108655 -0.459221 11.520000
-0.997763 -0.666685 11.520000
-0.848528 -0.848529 11.520000
-0.666684 -0.997764 11.520000
-0.459219 -1.108656 11.520000
-0.234107 -1.176942 11.520000
0.000001 -1.200000 11.520000
0.234110 -1.176942 11.520000
0.459221 -1.108655 11.520000
0.666685 -0.997763 11.520000
0.848529 -0.848527 11.520000
0.997764 -0.666683 11.520000
1.108656 -0.459218 11.520000
1.176943 -0.234107 11.520000
1.400000 0.000000 11.126576
1.343533 0.267245 11.096577
1.265581 0.524221 11.096577
1.138993 0.761051 11.096577
0.968634 0.968634 11.096577
0.761050 1.138993 11.096577
0.524221 1.265581 11.096577
0.267245 1.343533 11.096577
0.000000 1.369855 11.096577
-0.267245 1.343534 11.096577
-0.524221 1.265581 11.096577
-0.761050 1.138993 11.096577
-0.968634 0.968634 11.096577
-1.138993 0.761050 11.096577
-1.265581 0.524221 11.096577
-1.343534 0.267245 11.096577
-1.369855 -0.000000 11.096577
-1.343533 -0.267246 11.096577
-1.265581 -0.524221 11.096577
-1.138992 -0.761051 11.096577
-0.968633 -0.968634 11.096577
-0.761050 -1.138993 11.096577
-0.524220 -1.265581 11.096577
-0.267244 -1.343534 11.096577
0.000001 -1.369855 11.096577
0.267247 -1.343533 11.096577
0.524222 -1.265580 11.096577
0.761052 -1.138992 11.096577
0.968635 -0.968632 11.096577
1.138994 -0.761049 11.096577
1.265582 -0.524219 11.096577
1.373100 -0.273124 11.126576
1.400000 0.000000 11.466577
1.373099 0.273126 11.466577
1.293431 0.535757 11.466577
1.164057 0.777798 11.466577
0.989949 0.989949 11.466577
0.777798 1.164057 11.466577
0.535757 1.293431 11.466577
0.273126 1.373099 11.466577
0.000000 1.400000 11.466577
-0.273126 1.373099 11.466577
-0.535757 1.293431 11.466577
-0.777798 1.164057 11.466577
-0.989949 0.989949 11.466577
-1.164057 0.777798 11.466577
-1.293431 0.535757 11.466577
-1.373099 0.273126 11.466577
-1.400000 -0.000000 11.466577
-1.373099 -0.273127 11.466577
-1.293431 -0.535757 11.466577
-1.164057 -0.777799 11.466577
-0.989949 -0.989950 11.466577
-0.777798 -1.164058 11.466577
-0.535756 -1.293432 11.466577
-0.273125 -1.373100 11.466577
0.000001 -1.400000 11.466577
0.273128 -1.373099 11.466577
0.535758 -1.293431 11.466577
0.777800 -1.164057 11.466577
0.989951 -0.989948 11.466577
1.164058 -0.777797 11.466577
1.293432 -0.535755 11.466577
1.373100 -0.273124 11.466577
1.369855 -0.000000 11.096577
1.373099 0.273126 11.126576
1.293431 0.535757 11.126576
1.164057 0.777798 11.126576
0.989949 0.989949 11.126576
0.777798 1.164057 11.126576
0.535757 1.293431 11.126576
0.273126 1.373099 11.126576
0.000000 1.400000 11.126576
-0.273126 1.373099 11.126576
-0.535757 1.293431 11.126576
-0.777798 1.164057 11.126576
-0.989949 0.989949 11.126576
-1.164057 0.777798 11.126576
-1.293431 0.535757 11.126576
-1.373099 0.273126 11.126576
-1.400000 -0.000000 11.126576
-1.373099 -0.273127 11.126576
-1.293431 -0.535757 11.126576
-1.164057 -0.777799 11.126576
-0.989949 -0.989950 11.126576
-0.777798 -1.164058 11.126576
-0.535756 -1.293432 11.126576
-0.273125 -1.373100 11.126576
0.000001 -1.400000 11.126576
0.273128 -1.373099 11.126576
0.535758 -1.293431 11.126576
0.777800 -1.164057 11.126576
0.989951 -0.989948 11.126576
1.164058 -0.777797 11.126576
1.293432 -0.535755 11.126576
1.343534 -0.267243 11.096577
1.369855 -0.000000 11.496576
1.343533 0.267245 11.496576
1.265581 0.524221 11.496576
1.138993 0.761051 11.496576
0.968634 0.968634 11.496576
0.761050 1.138993 11.496576
0.524221 1.265581 11.496576
0.267245 1.343533 11.496576
0.000000 1.369855 11.496576
-0.267245 1.343534 11.496576
-0.524221 1.265581 11.496576
-0.761050 1.138993 11.496576
-0.968634 0.968634 11.496576
-1.138993 0.761050 11.496576
-1.265581 0.524221 11.496576
-1.343534 0.267245 11.496576
-1.369855 -0.000000 11.496576
-1.343533 -0.267246 11.496576
-1.265581 -0.524221 11.496576
-1.138992 -0.761051 11.496576
-0.968633 -0.968634 11.496576
-0.761050 -1.138993 11.496576
-0.524220 -1.265581 11.496576
-0.267244 -1.343534 11.496576
0.000001 -1.369855 11.496576
0.267247 -1.343533 11.496576
0.524222 -1.265580 11.496576
0.761052 -1.138992 11.496576
0.968635 -0.968632 11.496576
1.138994 -0.761049 11.496576
1.265582 -0.524219 11.496576
1.343534 -0.267243 11.496576
1.275021 0.253617 11.440868
1.300000 0.000000 11.440868
1.201043 0.497488 11.440868
1.080910 0.722241 11.440868
0.919239 0.919239 11.440868
0.722241 1.080911 11.440868
0.497488 1.201043 11.440868
0.253617 1.275021 11.440868
0.000000 1.300000 11.440868
-0.253617 1.275021 11.440868
-0.497488 1.201043 11.440868
-0.722241 1.080911 11.440868
-0.919239 0.919239 11.440868
-1.080911 0.722241 11.440868
-1.201043 0.497488 11.440868
-1.275021 0.253617 11.440868
-1.300000 -0.000000 11.440868
-1.275021 -0.253618 11.440868
-1.201043 -0.497489 11.440868
-1.080910 -0.722242 11.440868
-0.919238 -0.919239 11.440868
-0.722241 -1.080911 11.440868
-0.497487 -1.201044 11.440868
-0.253616 -1.275021 11.440868
0.000001 -1.300000 11.440868
0.253619 -1.275021 11.440868
0.497490 -1.201043 11.440868
0.722243 -1.080910 11.440868
0.919240 -0.919238 11.440868
1.080911 -0.722240 11.440868
1.201044 -0.497487 11.440868
1.275021 -0.253615 11.440868
0.000000 1.300000 12.158787
0.253617 1.275021 12.138287
-0.497488 1.201043 12.077575
-0.253617 1.275021 12.138287
0.497488 1.201043 12.077575
0.722241 1.080911 11.978984
0.729184 1.075212 11.974308
-0.722241 1.080911 11.978984
-0.729185 1.075212 11.974308
-0.919239 0.919239 11.890938
1.065828 0.740619 11.795464
0.919239 0.919239 11.890938
-1.065829 0.740619 11.795464
1.080910 0.722241 11.789889
-1.080911 0.722241 11.789889
-1.201043 0.497488 11.721711
1.201043 0.497488 11.721711
1.237422 0.377564 11.685332
-1.237422 0.377563 11.685332
-1.275021 0.253617 11.673125
1.275021 0.253617 11.673125
1.300000 0.000000 11.648146
-1.300000 -0.000000 11.648146
-1.275021 -0.253618 11.673125
1.237422 -0.377566 11.685333
1.275021 -0.253615 11.673125
-1.237421 -0.377566 11.685333
-1.201043 -0.497489 11.721711
1.080911 -0.722240 11.789889
1.201044 -0.497487 11.721711
1.065827 -0.740621 11.795465
-1.080910 -0.722242 11.789889
-1.065827 -0.740621 11.795465
-0.919238 -0.919239 11.890939
0.729182 -1.075214 11.974309
0.919240 -0.919238 11.890938
-0.729182 -1.075214 11.974309
0.722243 -1.080910 11.978983
-0.497487 -1.201044 12.077575
-0.722241 -1.080911 11.978984
0.497490 -1.201043 12.077574
0.253619 -1.275021 12.138286
0.000001 -1.300000 12.158786
-0.253616 -1.275021 12.138287
-0.000001 -2.800000 -0.380274
0.267730 -2.718323 -0.448797
0.532884 -2.678992 -0.448797
0.792905 -2.613860 -0.448797
1.045290 -2.523556 -0.448797
1.287608 -2.408947 -0.448797
1.517526 -2.271140 -0.448797
1.732829 -2.111461 -0.448797
1.931445 -1.931446 -0.448797
2.111459 -1.732831 -0.448797
2.271139 -1.517528 -0.448797
2.408947 -1.287610 -0.448797
2.523555 -1.045292 -0.448797
2.613860 -0.792907 -0.448797
2.678992 -0.532885 -0.448797
2.718323 -0.267732 -0.448797
2.731476 -0.000001 -0.448797
2.718323 0.267731 -0.448797
2.678992 0.532884 -0.448797
2.613860 0.792906 -0.448797
2.523555 1.045291 -0.448797
2.408947 1.287609 -0.448797
2.271140 1.517527 -0.448797
2.111460 1.732830 -0.448797
1.931445 1.931446 -0.448797
1.732830 2.111460 -0.448797
1.517527 2.271140 -0.448797
1.287609 2.408947 -0.448797
1.045290 2.523556 -0.448797
0.792905 2.613860 -0.448797
0.532884 2.678992 -0.448797
0.267731 2.718324 -0.448797
-0.000001 2.731476 -0.448797
-0.267733 2.718323 -0.448797
-0.532886 2.678992 -0.448797
-0.792907 2.613859 -0.448797
-1.045292 2.523555 -0.448797
-1.287610 2.408946 -0.448797
-1.517528 2.271139 -0.448797
-1.732832 2.111459 -0.448797
-1.931447 1.931444 -0.448797
-2.111461 1.732829 -0.448797
-2.271140 1.517526 -0.448797
-2.408947 1.287609 -0.448797
-2.523555 1.045291 -0.448797
-2.613860 0.792906 -0.448797
-2.678992 0.532886 -0.448797
-2.718323 0.267733 -0.448797
-2.731476 0.000002 -0.448797
-2.718324 -0.267729 -0.448797
-2.678993 -0.532881 -0.448797
-2.613861 -0.792902 -0.448797
-2.523557 -1.045287 -0.448797
-2.408949 -1.287605 -0.448797
-2.271143 -1.517522 -0.448797
-2.111464 -1.732825 -0.448797
-1.931450 -1.931441 -0.448797
-1.732836 -2.111455 -0.448797
-1.517533 -2.271135 -0.448797
-1.287616 -2.408943 -0.448797
-1.045299 -2.523551 -0.448797
-0.792915 -2.613857 -0.448797
-0.532894 -2.678990 -0.448797
-0.274459 -2.786516 -0.380274
-0.000001 -2.800000 1.861308
0.274447 -2.786517 1.861308
0.546252 -2.746199 1.861308
0.812796 -2.679433 1.861308
1.071513 -2.586863 1.861308
1.319910 -2.469380 1.861308
1.555596 -2.328115 1.861308
1.776300 -2.164430 1.861308
1.979898 -1.979900 1.861308
2.164428 -1.776302 1.861308
2.328114 -1.555598 1.861308
2.469379 -1.319912 1.861308
2.586862 -1.071515 1.861308
2.679433 -0.812798 1.861308
2.746199 -0.546254 1.861308
2.786517 -0.274449 1.861308
2.800000 -0.000001 1.861308
2.786517 0.274447 1.861308
2.746199 0.546252 1.861308
2.679433 0.812797 1.861308
2.586863 1.071513 1.861308
2.469380 1.319911 1.861308
2.328115 1.555597 1.861308
2.164429 1.776301 1.861308
1.979899 1.979899 1.861308
1.776301 2.164429 1.861308
1.555596 2.328115 1.861308
1.319910 2.469380 1.861308
1.071513 2.586863 1.861308
0.812796 2.679433 1.861308
0.546252 2.746199 1.861308
0.274447 2.786517 1.861308
-0.000001 2.800000 1.861308
-0.274449 2.786517 1.861308
-0.546254 2.746199 1.861308
-0.812799 2.679432 1.861308
-1.071515 2.586862 1.861308
-1.319912 2.469379 1.861308
-1.555598 2.328114 1.861308
-1.776303 2.164428 1.861308
-1.979900 1.979898 1.861308
-2.164430 1.776300 1.861308
-2.328115 1.555596 1.861308
-2.469380 1.319911 1.861308
-2.586863 1.071514 1.861308
-2.679433 0.812798 1.861308
-2.746198 0.546254 1.861308
-2.786517 0.274450 1.861308
-2.800000 0.000002 1.861308
-2.786517 -0.274445 1.861308
-2.746199 -0.546249 1.861308
-2.679434 -0.812793 1.861308
-2.586864 -1.071509 1.861308
-2.469382 -1.319906 1.861308
-2.328118 -1.555592 1.861308
-2.164433 -1.776296 1.861308
-1.979904 -1.979894 1.861308
-1.776307 -2.164424 1.861308
-1.555603 -2.328110 1.861308
-1.319918 -2.469376 1.861308
-1.071522 -2.586859 1.861308
-0.812806 -2.679430 1.861308
-0.546263 -2.746197 1.861308
-0.274459 -2.786516 1.861308
0.000000 -1.887578 1.951203
0.185014 -1.878489 1.951203
0.368248 -1.851309 1.951203
0.547934 -1.806300 1.951203
0.722344 -1.743895 1.951203
0.889797 -1.664695 1.951203
1.048682 -1.569464 1.951203
1.197466 -1.459118 1.951203
1.334719 -1.334720 1.951203
1.459117 -1.197467 1.951203
1.569463 -1.048683 1.951203
1.664695 -0.889799 1.951203
1.743894 -0.722346 1.951203
1.806299 -0.547935 1.951203
1.851309 -0.368249 1.951203
1.878489 -0.185016 1.951203
1.887578 -0.000000 1.951203
1.878489 0.185015 1.951203
1.851309 0.368248 1.951203
1.806300 0.547935 1.951203
1.743895 0.722345 1.951203
1.664695 0.889798 1.951203
1.569464 1.048682 1.951203
1.459118 1.197467 1.951203
1.334719 1.334719 1.951203
1.197466 1.459118 1.951203
1.048682 1.569464 1.951203
0.889798 1.664695 1.951203
0.722344 1.743895 1.951203
0.547935 1.806299 1.951203
0.368247 1.851309 1.951203
0.185014 1.878489 1.951203
-0.000001 1.887578 1.951203
-0.185016 1.878489 1.951203
-0.368249 1.851309 1.951203
-0.547936 1.806299 1.951203
-0.722346 1.743894 1.951203
-0.889799 1.664695 1.951203
-1.048683 1.569463 1.951203
-1.197468 1.459117 1.951203
-1.334720 1.334718 1.951203
-1.459118 1.197466 1.951203
-1.569464 1.048682 1.951203
-1.664695 0.889798 1.951203
-1.743895 0.722345 1.951203
-1.806299 0.547935 1.951203
-1.851309 0.368249 1.951203
-1.878489 0.185016 1.951203
-1.887578 0.000002 1.951203
-1.878489 -0.185013 1.951203
-1.851309 -0.368246 1.951203
-1.806300 -0.547932 1.951203
-1.743896 -0.722342 1.951203
-1.664697 -0.889795 1.951203
-1.569466 -1.048679 1.951203
-1.459120 -1.197463 1.951203
-1.334723 -1.334716 1.951203
-1.197471 -1.459114 1.951203
-1.048686 -1.569461 1.951203
-0.889803 -1.664693 1.951203
-0.722350 -1.743892 1.951203
-0.547941 -1.806298 1.951203
-0.368255 -1.851307 1.951203
-0.185023 -1.878488 1.951203
-0.000001 -2.733471 1.941525
0.267926 -2.720309 1.941525
0.533273 -2.680948 1.941525
0.793484 -2.615769 1.941525
1.046053 -2.525398 1.941525
1.288548 -2.410707 1.941525
1.518634 -2.272799 1.941525
1.734095 -2.113003 1.941525
1.932855 -1.932857 1.941525
2.113001 -1.734097 1.941525
2.272797 -1.518636 1.941525
2.410706 -1.288550 1.941525
2.525398 -1.046055 1.941525
2.615768 -0.793486 1.941525
2.680948 -0.533275 1.941525
2.720309 -0.267928 1.941525
2.733471 -0.000001 1.941525
2.720309 0.267926 1.941525
2.680948 0.533273 1.941525
2.615769 0.793485 1.941525
2.525398 1.046054 1.941525
2.410707 1.288549 1.941525
2.272798 1.518635 1.941525
2.113002 1.734096 1.941525
1.932856 1.932856 1.941525
1.734095 2.113002 1.941525
1.518635 2.272799 1.941525
1.288549 2.410707 1.941525
1.046053 2.525398 1.941525
0.793484 2.615769 1.941525
0.533273 2.680948 1.941525
0.267926 2.720309 1.941525
-0.000001 2.733471 1.941525
-0.267928 2.720309 1.941525
-0.533275 2.680948 1.941525
-0.793486 2.615768 1.941525
-1.046056 2.525398 1.941525
-1.288551 2.410706 1.941525
-1.518637 2.272797 1.941525
-1.734097 2.113001 1.941525
-1.932858 1.932855 1.941525
-2.113003 1.734095 1.941525
-2.272799 1.518635 1.941525
-2.410707 1.288549 1.941525
-2.525398 1.046054 1.941525
-2.615768 0.793485 1.941525
-2.680948 0.533275 1.941525
-2.720309 0.267929 1.941525
-2.733471 0.000002 1.941525
-2.720309 -0.267924 1.941525
-2.680949 -0.533270 1.941525
-2.615770 -0.793481 1.941525
-2.525400 -1.046050 1.941525
-2.410709 -1.288545 1.941525
-2.272802 -1.518631 1.941525
-2.113006 -1.734091 1.941525
-1.932861 -1.932851 1.941525
-1.734101 -2.112997 1.941525
-1.518642 -2.272794 1.941525
-1.288557 -2.410702 1.941525
-1.046062 -2.525394 1.941525
-0.793494 -2.615766 1.941525
-0.533284 -2.680946 1.941525
-0.267938 -2.720308 1.941525
-0.000001 -2.790322 1.884674
0.273498 -2.776885 1.884674
0.544364 -2.736706 1.884674
0.809987 -2.670171 1.884674
1.067809 -2.577921 1.884674
1.315348 -2.460844 1.884674
1.550219 -2.320068 1.884674
1.770160 -2.156949 1.884674
1.973054 -1.973056 1.884674
2.156947 -1.770162 1.884674
2.320067 -1.550221 1.884674
2.460843 -1.315350 1.884674
2.577920 -1.067811 1.884674
2.670171 -0.809989 1.884674
2.736706 -0.544366 1.884674
2.776885 -0.273500 1.884674
2.790322 -0.000001 1.884674
2.776885 0.273499 1.884674
2.736706 0.544364 1.884674
2.670171 0.809987 1.884674
2.577921 1.067810 1.884674
2.460844 1.315348 1.884674
2.320068 1.550220 1.884674
2.156948 1.770161 1.884674
1.973055 1.973055 1.884674
1.770161 2.156948 1.884674
1.550219 2.320068 1.884674
1.315348 2.460844 1.884674
1.067809 2.577921 1.884674
0.809987 2.670171 1.884674
0.544364 2.736706 1.884674
0.273498 2.776886 1.884674
-0.000001 2.790322 1.884674
-0.273501 2.776885 1.884674
-0.544366 2.736706 1.884674
-0.809989 2.670171 1.884674
-1.067811 2.577920 1.884674
-1.315350 2.460843 1.884674
-1.550221 2.320067 1.884674
-1.770163 2.156946 1.884674
-1.973057 1.973054 1.884674
-2.156949 1.770160 1.884674
-2.320068 1.550219 1.884674
-2.460844 1.315348 1.884674
-2.577921 1.067810 1.884674
-2.670171 0.809988 1.884674
-2.736706 0.544366 1.884674
-2.776885 0.273501 1.884674
-2.790322 0.000002 1.884674
-2.776886 -0.273496 1.884674
-2.736707 -0.544361 1.884674
-2.670172 -0.809984 1.884674
-2.577923 -1.067806 1.884674
-2.460846 -1.315344 1.884674
-2.320071 -1.550215 1.884674
-2.156952 -1.770156 1.884674
-1.973060 -1.973050 1.884674
-1.770167 -2.156943 1.884674
-1.550226 -2.320063 1.884674
-1.315356 -2.460840 1.884674
-1.067818 -2.577917 1.884674
-0.809997 -2.670169 1.884674
-0.544375 -2.736704 1.884674
-0.273510 -2.776884 1.884674
-0.000001 -2.710105 1.951203
0.265636 -2.697056 1.951203
0.528714 -2.658032 1.951203
0.786701 -2.593409 1.951203
1.037112 -2.503811 1.951203
1.277534 -2.390100 1.951203
1.505653 -2.253371 1.951203
1.719272 -2.094941 1.951203
1.916333 -1.916335 1.951203
2.094939 -1.719274 1.951203
2.253370 -1.505655 1.951203
2.390099 -1.277536 1.951203
2.503810 -1.037113 1.951203
2.593409 -0.786703 1.951203
2.658031 -0.528716 1.951203
2.697056 -0.265638 1.951203
2.710105 -0.000001 1.951203
2.697056 0.265636 1.951203
2.658032 0.528715 1.951203
2.593409 0.786702 1.951203
2.503811 1.037112 1.951203
2.390100 1.277535 1.951203
2.253370 1.505654 1.951203
2.094940 1.719273 1.951203
1.916334 1.916334 1.951203
1.719272 2.094940 1.951203
1.505654 2.253371 1.951203
1.277534 2.390100 1.951203
1.037112 2.503811 1.951203
0.786701 2.593409 1.951203
0.528714 2.658032 1.951203
0.265636 2.697056 1.951203
-0.000001 2.710105 1.951203
-0.265638 2.697055 1.951203
-0.528717 2.658031 1.951203
-0.786703 2.593409 1.951203
-1.037114 2.503810 1.951203
-1.277536 2.390099 1.951203
-1.505655 2.253369 1.951203
-1.719274 2.094939 1.951203
-1.916336 1.916333 1.951203
-2.094941 1.719272 1.951203
-2.253371 1.505653 1.951203
-2.390100 1.277534 1.951203
-2.503811 1.037112 1.951203
-2.593409 0.786703 1.951203
-2.658031 0.528717 1.951203
-2.697056 0.265639 1.951203
-2.710105 0.000002 1.951203
-2.697056 -0.265634 1.951203
-2.658032 -0.528712 1.951203
-2.593410 -0.786698 1.951203
-2.503813 -1.037108 1.951203
-2.390102 -1.277531 1.951203
-2.253373 -1.505649 1.951203
-2.094944 -1.719268 1.951203
-1.916339 -1.916329 1.951203
-1.719278 -2.094935 1.951203
-1.505660 -2.253366 1.951203
-1.277542 -2.390096 1.951203
-1.037120 -2.503807 1.951203
-0.786711 -2.593407 1.951203
-0.528725 -2.658030 1.951203
-0.265647 -2.697055 1.951203
0.185014 -1.878489 -0.448797
0.000000 -1.887578 -0.448797
-0.185023 -1.878488 -0.448797
-0.368255 -1.851307 -0.448797
-0.547941 -1.806298 -0.448797
-0.722350 -1.743892 -0.448797
-0.889803 -1.664693 -0.448797
-1.048686 -1.569461 -0.448797
-1.197471 -1.459114 -0.448797
-1.334723 -1.334716 -0.448797
-1.459120 -1.197463 -0.448797
-1.569466 -1.048679 -0.448797
-1.664697 -0.889795 -0.448797
-1.743896 -0.722342 -0.448797
-1.806300 -0.547932 -0.448797
-1.851309 -0.368246 -0.448797
-1.878489 -0.185013 -0.448797
-1.887578 0.000002 -0.448797
-1.878489 0.185016 -0.448797
-1.851309 0.368249 -0.448797
-1.806299 0.547935 -0.448797
-1.743895 0.722345 -0.448797
-1.664695 0.889798 -0.448797
-1.569464 1.048682 -0.448797
-1.459118 1.197466 -0.448797
-1.334720 1.334718 -0.448797
-1.197468 1.459116 -0.448797
-1.048683 1.569463 -0.448797
-0.889799 1.664695 -0.448797
-0.722346 1.743894 -0.448797
-0.547936 1.806299 -0.448797
-0.368249 1.851309 -0.448797
-0.185016 1.878489 -0.448797
-0.000001 1.887578 -0.448797
0.185014 1.878489 -0.448797
0.368247 1.851309 -0.448797
0.547935 1.806299 -0.448797
0.722344 1.743895 -0.448797
0.889798 1.664695 -0.448797
1.048682 1.569464 -0.448797
1.197466 1.459118 -0.448797
1.334719 1.334719 -0.448797
1.459118 1.197467 -0.448797
1.569464 1.048682 -0.448797
1.664695 0.889798 -0.448797
1.743895 0.722345 -0.448797
1.806300 0.547935 -0.448797
1.851309 0.368248 -0.448797
1.878489 0.185015 -0.448797
1.887578 -0.000000 -0.448797
1.878489 -0.185016 -0.448797
1.851309 -0.368249 -0.448797
1.806299 -0.547935 -0.448797
1.743894 -0.722346 -0.448797
1.664695 -0.889799 -0.448797
1.569463 -1.048683 -0.448797
1.459117 -1.197467 -0.448797
1.334719 -1.334720 -0.448797
1.197466 -1.459118 -0.448797
1.048682 -1.569464 -0.448797
0.889797 -1.664695 -0.448797
0.722344 -1.743895 -0.448797
0.547934 -1.806300 -0.448797
0.368248 -1.851309 -0.448797
-0.000001 -2.731476 -0.448797
0.274447 -2.786517 -0.380274
0.546252 -2.746199 -0.380274
0.812796 -2.679433 -0.380274
1.071513 -2.586863 -0.380274
1.319910 -2.469380 -0.380274
1.555596 -2.328115 -0.380274
1.776300 -2.164430 -0.380274
1.979898 -1.979900 -0.380274
2.164428 -1.776302 -0.380274
2.328114 -1.555598 -0.380274
2.469379 -1.319912 -0.380274
2.586862 -1.071515 -0.380274
2.679433 -0.812798 -0.380274
2.746199 -0.546254 -0.380274
2.786517 -0.274449 -0.380274
2.800000 -0.000001 -0.380274
2.786517 0.274447 -0.380274
2.746199 0.546252 -0.380274
2.679433 0.812797 -0.380274
2.586863 1.071513 -0.380274
2.469380 1.319911 -0.380274
2.328115 1.555597 -0.380274
2.164429 1.776301 -0.380274
1.979899 1.979899 -0.380274
1.776301 2.164429 -0.380274
1.555596 2.328115 -0.380274
1.319910 2.469380 -0.380274
1.071513 2.586863 -0.380274
0.812796 2.679433 -0.380274
0.546252 2.746199 -0.380274
0.274447 2.786517 -0.380274
-0.000001 2.800000 -0.380274
-0.274449 2.786517 -0.380274
-0.546254 2.746199 -0.380274
-0.812799 2.679432 -0.380274
-1.071515 2.586862 -0.380274
-1.319912 2.469379 -0.380274
-1.555598 2.328114 -0.380274
-1.776303 2.164428 -0.380274
-1.979900 1.979898 -0.380274
-2.164430 1.776300 -0.380274
-2.328115 1.555596 -0.380274
-2.469380 1.319911 -0.380274
-2.586863 1.071514 -0.380274
-2.679433 0.812798 -0.380274
-2.746198 0.546254 -0.380274
-2.786517 0.274450 -0.380274
-2.800000 0.000002 -0.380274
-2.786517 -0.274445 -0.380274
-2.746199 -0.546249 -0.380274
-2.679434 -0.812793 -0.380274
-2.586864 -1.071509 -0.380274
-2.469382 -1.319906 -0.380274
-2.328118 -1.555592 -0.380274
-2.164433 -1.776296 -0.380274
-1.979904 -1.979894 -0.380274
-1.776307 -2.164424 -0.380274
-1.555603 -2.328110 -0.380274
-1.319918 -2.469376 -0.380274
-1.071522 -2.586859 -0.380274
-0.812806 -2.679430 -0.380274
-0.546263 -2.746197 -0.380274
-0.267742 -2.718323 -0.448797
-0.000001 -1.400000 1.836402
0.267245 -1.343534 1.806402
0.524220 -1.265581 1.806402
0.761050 -1.138993 1.806402
0.968633 -0.968634 1.806402
1.138992 -0.761051 1.806402
1.265581 -0.524221 1.806402
1.343533 -0.267246 1.806402
1.369855 -0.000001 1.806402
1.343534 0.267245 1.806402
1.265581 0.524220 1.806402
1.138993 0.761050 1.806402
0.968634 0.968633 1.806402
0.761051 1.138992 1.806402
0.524221 1.265581 1.806402
0.267246 1.343533 1.806402
0.000000 1.369855 1.806402
-0.267245 1.343533 1.806402
-0.524221 1.265581 1.806402
-0.761051 1.138993 1.806402
-0.968634 0.968633 1.806402
-1.138993 0.761050 1.806402
-1.265581 0.524220 1.806402
-1.343534 0.267245 1.806402
-1.369855 -0.000001 1.806402
-1.343533 -0.267246 1.806402
-1.265580 -0.524222 1.806402
-1.138992 -0.761051 1.806402
-0.968633 -0.968634 1.806402
-0.761050 -1.138993 1.806402
-0.524219 -1.265581 1.806402
-0.273125 -1.373100 1.836402
-0.000001 -1.400000 3.176403
0.273126 -1.373099 3.176403
0.535756 -1.293432 3.176403
0.777798 -1.164058 3.176403
0.989949 -0.989950 3.176403
1.164057 -0.777799 3.176403
1.293431 -0.535757 3.176403
1.373099 -0.273127 3.176403
1.400000 -0.000001 3.176403
1.373100 0.273126 3.176403
1.293432 0.535756 3.176403
1.164058 0.777798 3.176403
0.989950 0.989949 3.176403
0.777799 1.164057 3.176403
0.535757 1.293431 3.176403
0.273127 1.373099 3.176403
0.000000 1.400000 3.176403
-0.273126 1.373099 3.176403
-0.535757 1.293431 3.176403
-0.777799 1.164057 3.176403
-0.989950 0.989949 3.176403
-1.164058 0.777798 3.176403
-1.293432 0.535756 3.176403
-1.373099 0.273126 3.176403
-1.400000 -0.000001 3.176403
-1.373099 -0.273127 3.176403
-1.293431 -0.535758 3.176403
-1.164057 -0.777799 3.176403
-0.989949 -0.989950 3.176403
-0.777797 -1.164058 3.176403
-0.535755 -1.293432 3.176403
-0.273125 -1.373100 3.176403
-0.000001 -1.369855 1.806402
0.273126 -1.373099 1.836402
0.535756 -1.293432 1.836402
0.777798 -1.164058 1.836402
0.989949 -0.989950 1.836402
1.164057 -0.777799 1.836402
1.293431 -0.535757 1.836402
1.373099 -0.273127 1.836402
1.400000 -0.000001 1.836402
1.373100 0.273126 1.836402
1.293432 0.535756 1.836402
1.164058 0.777798 1.836402
0.989950 0.989949 1.836402
0.777799 1.164057 1.836402
0.535757 1.293431 1.836402
0.273127 1.373099 1.836402
0.000000 1.400000 1.836402
-0.273126 1.373099 1.836402
-0.535757 1.293431 1.836402
-0.777799 1.164057 1.836402
-0.989950 0.989949 1.836402
-1.164058 0.777798 1.836402
-1.293432 0.535756 1.836402
-1.373099 0.273126 1.836402
-1.400000 -0.000001 1.836402
-1.373099 -0.273127 1.836402
-1.293431 -0.535758 1.836402
-1.164057 -0.777799 1.836402
-0.989949 -0.989950 1.836402
-0.777797 -1.164058 1.836402
-0.535755 -1.293432 1.836402
-0.267244 -1.343534 1.806402
-0.000001 -1.369855 3.206403
0.267245 -1.343534 3.206403
0.524220 -1.265581 3.206403
0.761050 -1.138993 3.206403
0.968633 -0.968634 3.206403
1.138992 -0.761051 3.206403
1.265581 -0.524221 3.206403
1.343533 -0.267246 3.206403
1.369855 -0.000001 3.206403
1.343534 0.267245 3.206403
1.265581 0.524220 3.206403
1.138993 0.761050 3.206403
0.968634 0.968633 3.206403
0.761051 1.138992 3.206403
0.524221 1.265581 3.206403
0.267246 1.343533 3.206403
0.000000 1.369855 3.206403
-0.267245 1.343533 3.206403
-0.524221 1.265581 3.206403
-0.761051 1.138993 3.206403
-0.968634 0.968633 3.206403
-1.138993 0.761050 3.206403
-1.265581 0.524220 3.206403
-1.343534 0.267245 3.206403
-1.369855 -0.000001 3.206403
-1.343533 -0.267246 3.206403
-1.265580 -0.524222 3.206403
-1.138992 -0.761051 3.206403
-0.968633 -0.968634 3.206403
-0.761050 -1.138993 3.206403
-0.524219 -1.265581 3.206403
-0.267244 -1.343534 3.206403
-1.265259 -0.405000 2.360888
-1.265259 -0.397218 2.439899
-1.265259 -0.374171 2.515875
-1.265259 -0.336745 2.585894
-1.265259 -0.286378 2.647266
-1.265259 -0.225005 2.697633
-1.265259 -0.154986 2.735059
-1.265259 -0.079011 2.758106
-1.265259 0.000000 2.765888
-1.265259 0.079012 2.758106
-1.265259 0.154987 2.735059
-1.265259 0.225006 2.697633
-1.265259 0.286379 2.647266
-1.265259 0.336746 2.585894
-1.265259 0.374172 2.515875
-1.265259 0.397219 2.439899
-1.265259 0.405001 2.360888
-1.265259 0.397219 2.281876
-1.265259 0.374172 2.205901
-1.265259 0.336746 2.135882
-1.265259 0.286379 2.074509
-1.265259 0.225006 2.024143
-1.265259 0.154987 1.986717
-1.265259 0.079012 1.963670
-1.265259 0.000000 1.955888
-1.265259 -0.079012 1.963670
-1.265259 -0.154987 1.986717
-1.265259 -0.225006 2.024143
-1.265259 -0.286378 2.074510
-1.265259 -0.336745 2.135882
-1.265259 -0.374171 2.205901
-1.265259 -0.397218 2.281877
-1.495259 -0.404999 2.360888
-1.495259 -0.397217 2.439899
-1.495259 -0.374171 2.515875
-1.495259 -0.336745 2.585894
-1.495259 -0.286378 2.647266
-1.495259 -0.225005 2.697633
-1.495259 -0.154986 2.735059
-1.495259 -0.079011 2.758106
-1.495259 0.000001 2.765888
-1.495259 0.079012 2.758106
-1.495259 0.154987 2.735059
-1.495259 0.225007 2.697633
-1.495259 0.286379 2.647266
-1.495259 0.336746 2.585894
-1.495259 0.374172 2.515874
-1.495259 0.397219 2.439899
-1.495259 0.405001 2.360888
-1.495259 0.397219 2.281876
-1.495259 0.374172 2.205901
-1.495259 0.336746 2.135882
-1.495259 0.286379 2.074509
-1.495259 0.225006 2.024142
-1.495259 0.154987 1.986716
-1.495259 0.079012 1.963670
-1.495259 0.000000 1.955888
-1.495259 -0.079011 1.963670
-1.495259 -0.154987 1.986717
-1.495259 -0.225006 2.024143
-1.495259 -0.286378 2.074510
-1.495259 -0.336745 2.135882
-1.495259 -0.374171 2.205901
-1.495259 -0.397218 2.281877
-1.495259 -0.274370 2.360888
-1.495259 -0.269098 2.414415
-1.495259 -0.253485 2.465885
-1.495259 -0.228131 2.513320
-1.495259 -0.194009 2.554898
-1.495259 -0.152432 2.589019
-1.495259 -0.104997 2.614374
-1.495259 -0.053527 2.629987
-1.495259 0.000001 2.635259
-1.495259 0.053528 2.629987
-1.495259 0.104998 2.614374
-1.495259 0.152433 2.589019
-1.495259 0.194010 2.554898
-1.495259 0.228132 2.513320
-1.495259 0.253486 2.465885
-1.495259 0.269100 2.414415
-1.495259 0.274372 2.360888
-1.495259 0.269100 2.307360
-1.495259 0.253486 2.255890
-1.495259 0.228132 2.208455
-1.495259 0.194010 2.166878
-1.495259 0.152433 2.132756
-1.495259 0.104998 2.107402
-1.495259 0.053527 2.091789
-1.495259 0.000000 2.086517
-1.495259 -0.053527 2.091789
-1.495259 -0.104997 2.107402
-1.495259 -0.152432 2.132757
-1.495259 -0.194009 2.166878
-1.495259 -0.228131 2.208456
-1.495259 -0.253485 2.255891
-1.495259 -0.269099 2.307361
-1.445259 -0.274370 2.360888
-1.445259 -0.269098 2.414415
-1.445259 -0.253485 2.465885
-1.445259 -0.228131 2.513320
-1.445259 -0.194009 2.554898
-1.445259 -0.152432 2.589019
-1.445259 -0.104997 2.614374
-1.445259 -0.053527 2.629987
-1.445259 0.000001 2.635259
-1.445259 0.053528 2.629987
-1.445259 0.104998 2.614374
-1.445259 0.152433 2.589019
-1.445259 0.194010 2.554898
-1.445259 0.228132 2.513320
-1.445259 0.253486 2.465885
-1.445259 0.269100 2.414415
-1.445259 0.274372 2.360888
-1.445259 0.269100 2.307360
-1.445259 0.253486 2.255890
-1.445259 0.228132 2.208455
-1.445259 0.194010 2.166878
-1.445259 0.152433 2.132756
-1.445259 0.104998 2.107402
-1.445259 0.053527 2.091789
-1.445259 0.000000 2.086517
-1.445259 -0.053527 2.091789
-1.445259 -0.104997 2.107402
-1.445259 -0.152432 2.132757
-1.445259 -0.194009 2.166878
-1.445259 -0.228131 2.208456
-1.445259 -0.253485 2.255891
-1.445259 -0.269099 2.307361
10.999995 -11.000005 0.732056
10.948967 -10.948977 1.047942
10.806911 -10.806918 1.322428
10.590367 -10.590376 1.538970
10.315882 -10.315889 1.681027
9.999996 -10.000004 1.732056
9.684110 -9.684118 1.681027
9.409624 -9.409633 1.538970
9.193082 -9.193089 1.322428
9.051024 -9.051032 1.047942
8.999996 -9.000004 0.732056
9.051024 -9.051032 0.416170
9.193082 -9.193089 0.141684
9.409625 -9.409632 -0.074859
9.684111 -9.684118 -0.216916
9.999996 -10.000004 -0.267944
10.315882 -10.315889 -0.216916
10.590368 -10.590375 -0.074859
10.806911 -10.806918 0.141684
10.948967 -10.948977 0.416170
11.000005 10.999995 0.732056
10.948977 10.948967 1.047942
10.806918 10.806911 1.322428
10.590375 10.590367 1.538970
10.315889 10.315882 1.681027
10.000004 9.999996 1.732056
9.684118 9.684110 1.681027
9.409632 9.409624 1.538970
9.193089 9.193082 1.322428
9.051032 9.051024 1.047942
9.000004 8.999996 0.732056
9.051032 9.051024 0.416170
9.193089 9.193082 0.141684
9.409633 9.409625 -0.074859
9.684118 9.684111 -0.216916
10.000004 9.999996 -0.267944
10.315889 10.315882 -0.216916
10.590375 10.590368 -0.074859
10.806918 10.806911 0.141684
10.948977 10.948967 0.416170
-10.999995 11.000005 0.732056
-10.948967 10.948977 1.047942
-10.806911 10.806918 1.322428
-10.590367 10.590375 1.538970
-10.315882 10.315889 1.681027
-9.999996 10.000004 1.732056
-9.684111 9.684118 1.681027
-9.409624 9.409632 1.538970
-9.193082 9.193089 1.322428
-9.051024 9.051032 1.047942
-8.999996 9.000004 0.732056
-9.051024 9.051032 0.416170
-9.193082 9.193089 0.141684
-9.409625 9.409633 -0.074859
-9.684111 9.684118 -0.216916
-9.999996 10.000004 -0.267944
-10.315882 10.315889 -0.216916
-10.590368 10.590375 -0.074859
-10.806911 10.806918 0.141684
-10.948967 10.948977 0.416170
-11.000005 -10.999995 0.732056
-10.948977 -10.948967 1.047942
-10.806918 -10.806911 1.322428
-10.590376 -10.590367 1.538970
-10.315889 -10.315882 1.681027
-10.000004 -9.999996 1.732056
-9.684118 -9.684111 1.681027
-9.409633 -9.409624 1.538970
-9.193089 -9.193082 1.322428
-9.051032 -9.051024 1.047942
-9.000004 -8.999996 0.732056
-9.051032 -9.051024 0.416170
-9.193089 -9.193082 0.141684
-9.409632 -9.409625 -0.074859
-9.684118 -9.684111 -0.216916
-10.000004 -9.999996 -0.267944
-10.315889 -10.315882 -0.216916
-10.590375 -10.590368 -0.074859
-10.806918 -10.806911 0.141684
-10.948977 -10.948967 0.416170
10.565681 -9.434319 0.732056
10.536816 -9.463184 0.984764
10.456456 -9.543544 1.204353
10.333961 -9.666039 1.377587
10.178688 -9.821312 1.491233
9.999996 -10.000004 1.532056
9.821304 -10.178696 1.491233
9.666032 -10.333968 1.377587
9.543536 -10.456464 1.204353
9.463177 -10.536823 0.984764
9.434311 -10.565689 0.732056
9.463177 -10.536823 0.479347
9.543536 -10.456464 0.259758
9.666032 -10.333968 0.086524
9.821304 -10.178696 -0.027121
9.999996 -10.000004 -0.067944
10.178688 -9.821312 -0.027121
10.333961 -9.666039 0.086524
10.456456 -9.543544 0.259759
10.536816 -9.463184 0.479347
-9.434311 10.565689 0.732251
-9.463264 10.536823 0.984950
-9.543699 10.456464 1.204511
-9.666254 10.333968 1.377703
-9.821567 10.178696 1.491295
-10.000273 10.000004 1.532056
-10.178950 9.821312 1.491171
-10.334184 9.666039 1.377472
-10.456619 9.543544 1.204195
-10.536902 9.463184 0.984579
-10.565681 9.434319 0.731860
-10.536728 9.463184 0.479162
-10.456293 9.543544 0.259601
-10.333738 9.666039 0.086409
-10.178426 9.821312 -0.027183
-9.999720 10.000004 -0.067944
-9.821042 10.178696 -0.027060
-9.665809 10.333968 0.086640
-9.543373 10.456464 0.259916
-9.463090 10.536823 0.479532
-9.434319 -10.565681 0.732056
-9.463184 -10.536816 0.984764
-9.543544 -10.456456 1.204353
-9.666039 -10.333961 1.377587
-9.821312 -10.178688 1.491233
-10.000004 -9.999996 1.532056
-10.178696 -9.821304 1.491233
-10.333968 -9.666032 1.377587
-10.456464 -9.543536 1.204353
-10.536823 -9.463177 0.984764
-10.565689 -9.434311 0.732056
-10.536823 -9.463177 0.479347
-10.456464 -9.543536 0.259758
-10.333968 -9.666032 0.086524
-10.178696 -9.821304 -0.027121
-10.000004 -9.999996 -0.067944
-9.821312 -10.178688 -0.027121
-9.666039 -10.333961 0.086524
-9.543544 -10.456456 0.259759
-9.463184 -10.536816 0.479347
10.565689 9.434311 0.732251
10.536736 9.463177 0.984950
10.456301 9.543536 1.204511
10.333745 9.666032 1.377703
10.178433 9.821304 1.491295
9.999727 9.999996 1.532056
9.821050 10.178688 1.491171
9.665816 10.333961 1.377472
9.543381 10.456456 1.204195
9.463098 10.536816 0.984579
9.434319 10.565681 0.731860
9.463272 10.536816 0.479162
9.543707 10.456456 0.259601
9.666263 10.333961 0.086409
9.821574 10.178688 -0.027183
10.000280 9.999996 -0.067944
10.178958 9.821304 -0.027060
10.334191 9.666032 0.086640
10.456627 9.543536 0.259916
10.536910 9.463177 0.479532
12.449296 10.180354 0.000002
12.449296 10.180354 -3.474563
12.329296 10.180354 -3.484563
12.329296 10.180354 0.010002
12.405102 9.731647 0.000002
12.405102 9.731647 -3.484563
12.287408 9.755057 -3.484563
12.287408 9.755057 0.010002
12.274219 9.300182 0.000002
12.274220 9.300182 -3.484563
12.163353 9.346105 -3.484563
12.163353 9.346105 0.010002
12.061676 8.902543 0.000002
12.061676 8.902542 -3.484563
11.961900 8.969211 -3.484563
11.961900 8.969212 0.010002
11.775641 8.554008 0.000002
11.775641 8.554008 -3.484563
11.690789 8.638861 -3.484563
11.690788 8.638862 0.010002
11.427107 8.267974 0.000002
11.427107 8.267974 -3.484563
11.360438 8.367750 -3.484563
11.360438 8.367750 0.010002
11.029467 8.055431 0.000002
11.029468 8.055431 -3.484563
10.983545 8.166297 -3.484563
10.983544 8.166297 0.010002
10.598002 7.924549 0.000002
10.598003 7.924549 -3.484563
10.574593 8.042243 -3.484563
10.574592 8.042243 0.010002
10.149295 7.880355 0.000002
10.149295 7.880355 -3.484563
10.149295 8.000355 -3.484563
10.149295 8.000355 0.010002
9.700587 7.924549 0.000002
9.700587 7.924549 -3.484563
9.723998 8.042243 -3.484563
9.723998 8.042243 0.010002
9.269123 8.055432 0.000002
9.269123 8.055431 -3.484564
9.315045 8.166298 -3.484564
9.315045 8.166298 0.010002
8.871484 8.267975 0.000002
8.871484 8.267975 -3.484564
8.938152 8.367751 -3.484564
8.938151 8.367751 0.010002
8.522950 8.554009 0.000002
8.522951 8.554009 -3.484564
8.607803 8.638862 -3.484564
8.607803 8.638863 0.010002
8.236916 8.902545 0.000002
8.236916 8.902544 -3.484564
8.336692 8.969213 -3.484564
8.336692 8.969213 0.010002
8.024373 9.300184 0.000002
8.024373 9.300184 -3.484564
8.135239 9.346106 -3.484564
8.135239 9.346107 0.010002
7.893490 9.731648 0.000002
7.893490 9.731647 -3.484564
8.011185 9.755058 -3.484564
8.011184 9.755059 0.010002
7.849296 10.180356 0.000002
7.849296 10.180355 -3.484564
7.969296 10.180356 -3.484564
7.969296 10.180356 0.010002
7.893490 10.629064 0.000002
7.893490 10.629064 -3.484564
8.011184 10.605653 -3.484564
8.011184 10.605653 0.010002
8.024374 11.060528 0.000002
8.024374 11.060527 -3.484564
8.135240 11.014606 -3.484564
8.135240 11.014606 0.010002
8.236917 11.458167 0.000002
8.236917 11.458167 -3.484564
8.336693 11.391499 -3.484564
8.336693 11.391500 0.010002
8.522951 11.806701 0.000002
8.522952 11.806700 -3.484564
8.607804 11.721848 -3.484564
8.607804 11.721848 0.010002
8.871486 12.092735 0.000002
8.871486 12.092735 -3.484564
8.938154 11.992959 -3.484564
8.938153 11.992959 0.010002
9.269125 12.305278 0.000002
9.269126 12.305278 -3.484564
9.315047 12.194412 -3.484564
9.315047 12.194412 0.010002
9.700589 12.436161 0.000002
9.700590 12.436161 -3.484564
9.724001 12.318467 -3.484564
9.724000 12.318467 0.010002
10.149298 12.480355 0.000002
10.149298 12.480354 -3.484564
10.149298 12.360355 -3.484564
10.149298 12.360355 0.010002
10.598005 12.436161 0.000002
10.598005 12.436161 -3.484564
10.574594 12.318466 -3.484564
10.574594 12.318467 0.010002
11.029469 12.305277 0.000002
11.029469 12.305276 -3.484564
10.983548 12.194411 -3.484564
10.983547 12.194411 0.010002
11.427110 12.092733 0.000002
11.427110 12.092733 -3.484564
11.360441 11.992957 -3.484564
11.360441 11.992957 0.010002
11.775643 11.806699 0.000002
11.775643 11.806699 -3.484564
11.690791 11.721846 -3.484564
11.690791 11.721846 0.010002
12.061678 11.458164 0.000002
12.061678 11.458164 -3.484564
11.961902 11.391496 -3.484564
11.961902 11.391496 0.010002
12.274220 11.060524 0.000002
12.274220 11.060524 -3.484564
12.163355 11.014602 -3.484564
12.163355 11.014603 0.010002
12.406082 10.619108 0.010002
12.405103 10.629060 -3.474563
12.287409 10.605649 -3.484563
12.287408 10.605649 0.010002
12.439296 10.180354 0.010002
12.448316 10.190306 0.010002
12.439296 10.180354 -3.484563
12.448316 10.170403 -3.484563
12.395294 9.733598 0.010002
12.264980 9.304009 0.010002
12.053361 8.908098 0.010002
11.768570 8.561080 0.010002
11.421551 8.276289 0.010002
11.025640 8.064670 0.010002
10.596052 7.934356 0.010002
10.149295 7.890355 0.010002
9.702538 7.934357 0.010002
9.272950 8.064671 0.010002
8.877039 8.276290 0.010002
8.530022 8.561081 0.010002
8.245231 8.908100 0.010002
8.033611 9.304011 0.010002
7.903297 9.733599 0.010002
7.859296 10.180356 0.010002
7.903298 10.627112 0.010002
8.033612 11.056701 0.010002
8.245232 11.452612 0.010002
8.530023 11.799629 0.010002
8.877041 12.084420 0.010002
9.272952 12.296040 0.010002
9.702540 12.426353 0.010002
10.149298 12.470355 0.010002
10.596054 12.426353 0.010002
11.025642 12.296038 0.010002
11.421554 12.084418 0.010002
11.768573 11.799627 0.010002
12.053363 11.452609 0.010002
12.264981 11.056698 0.010002
12.395294 10.627109 0.010002
12.405102 10.629060 0.000002
12.402200 10.638629 -3.484563
12.395294 10.627109 -3.484563
-12.449287 10.180364 0.000002
-12.449287 10.180364 -3.474563
-12.329288 10.180364 -3.484563
-12.329288 10.180364 0.010002
-12.405094 9.731656 0.000002
-12.405094 9.731656 -3.484564
-12.287401 9.755067 -3.484564
-12.287399 9.755067 0.010002
-12.274212 9.300192 0.000002
-12.274212 9.300192 -3.484564
-12.163345 9.346114 -3.484564
-12.163345 9.346114 0.010002
-12.061668 8.902553 0.000002
-12.061668 8.902553 -3.484564
-11.961893 8.969221 -3.484564
-11.961891 8.969220 0.010002
-11.775633 8.554018 0.000002
-11.775635 8.554018 -3.484564
-11.690781 8.638871 -3.484564
-11.690781 8.638871 0.010002
-11.427100 8.267983 0.000002
-11.427100 8.267983 -3.484564
-11.360433 8.367760 -3.484564
-11.360433 8.367760 0.010002
-11.029460 8.055441 0.000002
-11.029462 8.055441 -3.484564
-10.983539 8.166306 -3.484564
-10.983539 8.166306 0.010002
-10.597997 7.924557 0.000002
-10.597997 7.924558 -3.484564
-10.574586 8.042252 -3.484564
-10.574586 8.042251 0.010002
-10.149289 7.880363 0.000002
-10.149289 7.880363 -3.484564
-10.149289 8.000363 -3.484564
-10.149289 8.000362 0.010002
-9.700582 7.924557 0.000002
-9.700582 7.924557 -3.484564
-9.723992 8.042252 -3.484564
-9.723992 8.042251 0.010002
-9.269116 8.055440 0.000002
-9.269116 8.055441 -3.484564
-9.315040 8.166306 -3.484564
-9.315040 8.166306 0.010002
-8.871478 8.267982 0.000002
-8.871478 8.267983 -3.484564
-8.938146 8.367760 -3.484564
-8.938146 8.367759 0.010002
-8.522942 8.554017 0.000002
-8.522943 8.554018 -3.484564
-8.607796 8.638870 -3.484564
-8.607796 8.638870 0.010002
-8.236908 8.902551 0.000002
-8.236908 8.902551 -3.484564
-8.336685 8.969219 -3.484564
-8.336683 8.969219 0.010002
-8.024364 9.300190 0.000002
-8.024364 9.300191 -3.484563
-8.135231 9.346112 -3.484563
-8.135231 9.346112 0.010002
-7.893482 9.731654 0.000002
-7.893482 9.731654 -3.484563
-8.011177 9.755065 -3.484564
-8.011177 9.755065 0.010002
-7.849289 10.180362 0.000002
-7.849289 10.180363 -3.484564
-7.969288 10.180362 -3.484564
-7.969288 10.180362 0.010002
-7.893482 10.629069 0.000002
-7.893482 10.629070 -3.484563
-8.011177 10.605659 -3.484563
-8.011177 10.605659 0.010002
-8.024364 11.060534 0.000002
-8.024365 11.060534 -3.484563
-8.135230 11.014612 -3.484563
-8.135230 11.014611 0.010002
-8.236907 11.458174 0.000002
-8.236907 11.458174 -3.484563
-8.336684 11.391505 -3.484563
-8.336684 11.391505 0.010002
-8.522943 11.806708 0.000002
-8.522943 11.806708 -3.484563
-8.607795 11.721856 -3.484563
-8.607795 11.721856 0.010002
-8.871476 12.092743 0.000003
-8.871476 12.092743 -3.484563
-8.938146 11.992968 -3.484563
-8.938144 11.992967 0.010002
-9.269116 12.305286 0.000003
-9.269116 12.305286 -3.484563
-9.315038 12.194421 -3.484563
-9.315038 12.194421 0.010002
-9.700580 12.436169 0.000003
-9.700582 12.436170 -3.484563
-9.723992 12.318476 -3.484563
-9.723990 12.318475 0.010003
-10.149289 12.480363 0.000003
-10.149289 12.480363 -3.484563
-10.149289 12.360363 -3.484563
-10.149289 12.360363 0.010003
-10.597997 12.436169 0.000003
-10.597997 12.436169 -3.484563
-10.574586 12.318475 -3.484563
-10.574586 12.318475 0.010003
-11.029460 12.305285 0.000003
-11.029460 12.305286 -3.484563
-10.983539 12.194421 -3.484563
-10.983539 12.194421 0.010002
-11.427100 12.092743 0.000003
-11.427100 12.092743 -3.484563
-11.360433 11.992967 -3.484563
-11.360431 11.992967 0.010002
-11.775634 11.806708 0.000002
-11.775634 11.806708 -3.484563
-11.690782 11.721855 -3.484563
-11.690782 11.721855 0.010002
-12.061667 11.458174 0.000002
-12.061669 11.458174 -3.484563
-11.961892 11.391505 -3.484563
-11.961892 11.391505 0.010002
-12.274211 11.060534 0.000002
-12.274211 11.060534 -3.484564
-12.163346 11.014612 -3.484563
-12.163346 11.014611 0.010002
-12.406075 10.619117 0.010002
-12.405094 10.629069 -3.474563
-12.287401 10.605659 -3.484563
-12.287401 10.605659 0.010002
-12.439289 10.180364 0.010002
-12.448307 10.190315 0.010002
-12.439289 10.180364 -3.484563
-12.448309 10.170412 -3.484563
-12.395287 9.733606 0.010002
-12.264973 9.304019 0.010002
-12.053354 8.908108 0.010002
-11.768562 8.561090 0.010002
-11.421544 8.276299 0.010002
-11.025634 8.064679 0.010002
-10.596045 7.934365 0.010002
-10.149289 7.890363 0.010002
-9.702533 7.934364 0.010002
-9.272944 8.064678 0.010002
-8.877032 8.276298 0.010002
-8.530014 8.561089 0.010002
-8.245222 8.908107 0.010002
-8.033604 9.304017 0.010002
-7.903290 9.733605 0.010002
-7.859287 10.180362 0.010002
-7.903289 10.627119 0.010002
-8.033603 11.056706 0.010002
-8.245221 11.452618 0.010002
-8.530013 11.799638 0.010002
-8.877032 12.084429 0.010002
-9.272943 12.296047 0.010003
-9.702531 12.426361 0.010003
-10.149289 12.470363 0.010003
-10.596045 12.426361 0.010003
-11.025634 12.296047 0.010003
-11.421544 12.084428 0.010002
-11.768563 11.799637 0.010002
-12.053353 11.452618 0.010002
-12.264972 11.056706 0.010002
-12.395287 10.627118 0.010002
-12.405094 10.629069 0.000002
-12.402191 10.638638 -3.484563
-12.395287 10.627118 -3.484563
-12.449295 -10.180354 0.000002
-12.449295 -10.180354 -3.474564
-12.329296 -10.180354 -3.484564
-12.329296 -10.180354 0.010002
-12.405102 -9.731647 0.000002
-12.405102 -9.731647 -3.484564
-12.287407 -9.755057 -3.484564
-12.287407 -9.755057 0.010002
-12.274220 -9.300183 0.000002
-12.274220 -9.300183 -3.484564
-12.163353 -9.346105 -3.484564
-12.163353 -9.346105 0.010002
-12.061676 -8.902543 0.000002
-12.061676 -8.902543 -3.484564
-11.961899 -8.969211 -3.484564
-11.961899 -8.969211 0.010002
-11.775642 -8.554009 0.000002
-11.775642 -8.554009 -3.484564
-11.690788 -8.638862 -3.484564
-11.690788 -8.638862 0.010002
-11.427106 -8.267974 0.000002
-11.427106 -8.267974 -3.484564
-11.360438 -8.367751 -3.484564
-11.360438 -8.367751 0.010002
-11.029468 -8.055430 0.000002
-11.029468 -8.055432 -3.484564
-10.983544 -8.166297 -3.484564
-10.983544 -8.166297 0.010002
-10.598002 -7.924549 0.000002
-10.598002 -7.924549 -3.484564
-10.574592 -8.042244 -3.484564
-10.574592 -8.042244 0.010002
-10.149295 -7.880356 0.000002
-10.149295 -7.880356 -3.484564
-10.149295 -8.000355 -3.484564
-10.149295 -8.000355 0.010002
-9.700587 -7.924549 0.000002
-9.700587 -7.924549 -3.484564
-9.723998 -8.042244 -3.484564
-9.723998 -8.042244 0.010002
-9.269122 -8.055431 0.000002
-9.269122 -8.055431 -3.484564
-9.315045 -8.166298 -3.484564
-9.315045 -8.166298 0.010002
-8.871484 -8.267975 0.000002
-8.871484 -8.267975 -3.484564
-8.938151 -8.367752 -3.484564
-8.938151 -8.367752 0.010002
-8.522951 -8.554010 0.000002
-8.522951 -8.554010 -3.484564
-8.607803 -8.638863 -3.484564
-8.607803 -8.638863 0.010002
-8.236916 -8.902545 0.000002
-8.236916 -8.902545 -3.484564
-8.336693 -8.969213 -3.484564
-8.336693 -8.969213 0.010002
-8.024372 -9.300183 0.000002
-8.024372 -9.300185 -3.484564
-8.135239 -9.346107 -3.484564
-8.135239 -9.346107 0.010002
-7.893490 -9.731648 0.000002
-7.893490 -9.731648 -3.484563
-8.011185 -9.755059 -3.484563
-8.011185 -9.755059 0.010002
-7.849297 -10.180356 0.000002
-7.849297 -10.180356 -3.484563
-7.969296 -10.180356 -3.484563
-7.969296 -10.180356 0.010002
-7.893490 -10.629064 0.000002
-7.893490 -10.629064 -3.484563
-8.011185 -10.605653 -3.484563
-8.011185 -10.605653 0.010002
-8.024373 -11.060527 0.000003
-8.024373 -11.060529 -3.484563
-8.135240 -11.014606 -3.484563
-8.135240 -11.014606 0.010003
-8.236917 -11.458167 0.000003
-8.236917 -11.458167 -3.484563
-8.336694 -11.391500 -3.484563
-8.336694 -11.391500 0.010003
-8.522952 -11.806700 0.000003
-8.522952 -11.806702 -3.484563
-8.607804 -11.721848 -3.484563
-8.607804 -11.721848 0.010003
-8.871486 -12.092735 0.000003
-8.871486 -12.092735 -3.484563
-8.938153 -11.992960 -3.484563
-8.938153 -11.992958 0.010003
-9.269126 -12.305279 0.000003
-9.269126 -12.305279 -3.484563
-9.315047 -12.194412 -3.484563
-9.315047 -12.194412 0.010003
-9.700589 -12.436161 0.000003
-9.700589 -12.436161 -3.484563
-9.724000 -12.318468 -3.484563
-9.724000 -12.318466 0.010003
-10.149297 -12.480354 0.000003
-10.149297 -12.480354 -3.484563
-10.149297 -12.360355 -3.484563
-10.149297 -12.360355 0.010003
-10.598006 -12.436161 0.000003
-10.598006 -12.436161 -3.484563
-10.574595 -12.318466 -3.484563
-10.574595 -12.318466 0.010003
-11.029469 -12.305276 0.000003
-11.029469 -12.305278 -3.484563
-10.983548 -12.194411 -3.484563
-10.983548 -12.194411 0.010002
-11.427110 -12.092734 0.000002
-11.427110 -12.092734 -3.484563
-11.360440 -11.992957 -3.484563
-11.360440 -11.992957 0.010002
-11.775643 -11.806699 0.000002
-11.775643 -11.806699 -3.484563
-11.690791 -11.721847 -3.484563
-11.690791 -11.721847 0.010002
-12.061677 -11.458165 0.000002
-12.061677 -11.458165 -3.484564
-11.961902 -11.391496 -3.484564
-11.961902 -11.391496 0.010002
-12.274220 -11.060525 0.000002
-12.274220 -11.060525 -3.484564
-12.163354 -11.014602 -3.484564
-12.163354 -11.014602 0.010002
-12.406082 -10.619107 0.010002
-12.405102 -10.629060 -3.474564
-12.287409 -10.605649 -3.484564
-12.287409 -10.605649 0.010002
-12.439297 -10.180354 0.010002
-12.448315 -10.190307 0.010002
-12.439297 -10.180354 -3.484564
-12.448315 -10.170403 -3.484564
-12.395294 -9.733598 0.010002
-12.264980 -9.304009 0.010002
-12.053362 -8.908099 0.010002
-11.768570 -8.561080 0.010002
-11.421550 -8.276288 0.010002
-11.025640 -8.064670 0.010002
-10.596051 -7.934356 0.010002
-10.149295 -7.890354 0.010002
-9.702538 -7.934357 0.010002
-9.272950 -8.064671 0.010002
-8.877040 -8.276289 0.010002
-8.530022 -8.561081 0.010002
-8.245230 -8.908101 0.010002
-8.033611 -9.304011 0.010002
-7.903297 -9.733600 0.010002
-7.859295 -10.180356 0.010002
-7.903298 -10.627112 0.010002
-8.033612 -11.056701 0.010003
-8.245231 -11.452611 0.010003
-8.530023 -11.799629 0.010003
-8.877042 -12.084421 0.010003
-9.272952 -12.296040 0.010003
-9.702540 -12.426353 0.010003
-10.149297 -12.470356 0.010003
-10.596055 -12.426353 0.010003
-11.025643 -12.296039 0.010002
-11.421554 -12.084418 0.010002
-11.768573 -11.799628 0.010002
-12.053363 -11.452609 0.010002
-12.264981 -11.056697 0.010002
-12.395294 -10.627109 0.010002
-12.405102 -10.629060 0.000002
-12.402199 -10.638629 -3.484564
-12.395294 -10.627109 -3.484564
12.449288 -10.180364 0.000002
12.449288 -10.180364 -3.474564
12.329288 -10.180364 -3.484564
12.329288 -10.180364 0.010002
12.405094 -9.731656 0.000002
12.405094 -9.731656 -3.484564
12.287400 -9.755067 -3.484564
12.287400 -9.755067 0.010002
12.274211 -9.300193 0.000002
12.274211 -9.300193 -3.484564
12.163345 -9.346114 -3.484564
12.163345 -9.346114 0.010002
12.061668 -8.902553 0.000002
12.061668 -8.902553 -3.484564
11.961892 -8.969220 -3.484564
11.961892 -8.969220 0.010002
11.775634 -8.554019 0.000002
11.775634 -8.554019 -3.484564
11.690781 -8.638871 -3.484564
11.690781 -8.638871 0.010002
11.427101 -8.267983 0.000002
11.427101 -8.267983 -3.484564
11.360433 -8.367761 -3.484564
11.360433 -8.367761 0.010002
11.029461 -8.055440 0.000002
11.029461 -8.055440 -3.484564
10.983539 -8.166306 -3.484564
10.983539 -8.166306 0.010002
10.597997 -7.924557 0.000002
10.597997 -7.924557 -3.484564
10.574586 -8.042252 -3.484564
10.574586 -8.042252 0.010002
10.149289 -7.880363 0.000002
10.149289 -7.880363 -3.484564
10.149289 -8.000362 -3.484564
10.149289 -8.000362 0.010002
9.700582 -7.924557 0.000002
9.700582 -7.924557 -3.484564
9.723992 -8.042252 -3.484564
9.723992 -8.042252 0.010002
9.269117 -8.055439 0.000002
9.269117 -8.055439 -3.484564
9.315040 -8.166306 -3.484564
9.315040 -8.166306 0.010002
8.871478 -8.267982 0.000002
8.871478 -8.267982 -3.484564
8.938146 -8.367760 -3.484564
8.938146 -8.367760 0.010002
8.522943 -8.554018 0.000002
8.522943 -8.554018 -3.484564
8.607796 -8.638870 -3.484564
8.607796 -8.638870 0.010002
8.236908 -8.902551 0.000002
8.236908 -8.902551 -3.484564
8.336684 -8.969218 -3.484564
8.336684 -8.969218 0.010002
8.024365 -9.300189 0.000002
8.024365 -9.300189 -3.484564
8.135231 -9.346112 -3.484564
8.135231 -9.346112 0.010002
7.893482 -9.731654 0.000002
7.893482 -9.731654 -3.484564
8.011176 -9.755065 -3.484564
8.011176 -9.755065 0.010002
7.849288 -10.180362 0.000002
7.849288 -10.180362 -3.484564
7.969288 -10.180362 -3.484564
7.969288 -10.180362 0.010002
7.893482 -10.629069 0.000002
7.893482 -10.629069 -3.484564
8.011176 -10.605659 -3.484564
8.011176 -10.605659 0.010002
8.024364 -11.060533 0.000002
8.024364 -11.060533 -3.484564
8.135230 -11.014611 -3.484564
8.135230 -11.014611 0.010002
8.236907 -11.458173 0.000002
8.236907 -11.458173 -3.484564
8.336683 -11.391505 -3.484564
8.336683 -11.391505 0.010002
8.522942 -11.806707 0.000002
8.522942 -11.806707 -3.484564
8.607795 -11.721855 -3.484564
8.607795 -11.721855 0.010002
8.871476 -12.092743 0.000002
8.871476 -12.092743 -3.484564
8.938144 -11.992966 -3.484564
8.938144 -11.992966 0.010002
9.269115 -12.305286 0.000002
9.269115 -12.305286 -3.484564
9.315038 -12.194420 -3.484564
9.315038 -12.194420 0.010002
9.700580 -12.436169 0.000002
9.700580 -12.436169 -3.484564
9.723990 -12.318474 -3.484564
9.723990 -12.318474 0.010002
10.149288 -12.480362 0.000002
10.149288 -12.480362 -3.484564
10.149288 -12.360363 -3.484564
10.149288 -12.360363 0.010002
10.597996 -12.436169 0.000002
10.597996 -12.436169 -3.484564
10.574585 -12.318474 -3.484564
10.574585 -12.318474 0.010002
11.029460 -12.305285 0.000002
11.029460 -12.305285 -3.484563
10.983538 -12.194421 -3.484563
10.983538 -12.194421 0.010002
11.427100 -12.092744 0.000002
11.427100 -12.092744 -3.484563
11.360432 -11.992967 -3.484563
11.360432 -11.992967 0.010002
11.775634 -11.806708 0.000002
11.775634 -11.806708 -3.484564
11.690782 -11.721856 -3.484564
11.690782 -11.721856 0.010002
12.061668 -11.458175 0.000002
12.061668 -11.458175 -3.484564
11.961892 -11.391505 -3.484564
11.961892 -11.391505 0.010002
12.274211 -11.060534 0.000002
12.274211 -11.060534 -3.484564
12.163345 -11.014611 -3.484564
12.163345 -11.014611 0.010002
12.406075 -10.619117 0.010002
12.405094 -10.629069 -3.474564
12.287400 -10.605659 -3.484564
12.287400 -10.605659 0.010002
12.439288 -10.180364 0.010002
12.448308 -10.190316 0.010002
12.439288 -10.180364 -3.484564
12.448308 -10.170411 -3.484564
12.395287 -9.733607 0.010002
12.264973 -9.304019 0.010002
12.053353 -8.908109 0.010002
11.768562 -8.561090 0.010002
11.421545 -8.276298 0.010002
11.025634 -8.064679 0.010002
10.596046 -7.934365 0.010002
10.149289 -7.890362 0.010002
9.702533 -7.934364 0.010002
9.272944 -8.064678 0.010002
8.877033 -8.276297 0.010002
8.530014 -8.561089 0.010002
8.245223 -8.908107 0.010002
8.033604 -9.304017 0.010002
7.903290 -9.733605 0.010002
7.859288 -10.180362 0.010002
7.903289 -10.627118 0.010002
8.033603 -11.056706 0.010002
8.245222 -11.452617 0.010002
8.530013 -11.799637 0.010002
8.877031 -12.084429 0.010002
9.272943 -12.296047 0.010002
9.702531 -12.426361 0.010002
10.149288 -12.470364 0.010002
10.596045 -12.426361 0.010002
11.025633 -12.296048 0.010002
11.421544 -12.084428 0.010002
11.768563 -11.799638 0.010002
12.053353 -11.452619 0.010002
12.264972 -11.056706 0.010002
12.395287 -10.627118 0.010002
12.405094 -10.629069 0.000002
12.402192 -10.638638 -3.484564
12.395287 -10.627118 -3.484564
-10.149287 12.480363 0.014502
-10.597995 12.436169 0.014502
-11.029459 12.305286 0.014502
-11.427099 12.092744 0.014502
-11.775633 11.806709 0.014502
-12.061667 11.458175 0.014502
-12.274210 11.060535 0.014502
-12.405094 10.629071 0.014502
-12.449288 10.180364 0.014502
-12.405094 9.731656 0.014502
-12.274211 9.300192 0.014502
-12.061668 8.902553 0.014502
-11.775634 8.554018 0.014502
-11.427100 8.267983 0.014502
-11.029461 8.055441 0.014502
-10.597996 7.924557 0.014502
-10.149288 7.880363 0.014502
-9.700581 7.924557 0.014502
-9.269116 8.055440 0.014502
-8.871476 8.267983 0.014502
-8.522942 8.554018 0.014502
-8.236907 8.902552 0.014502
-8.024364 9.300192 0.014502
-7.893482 9.731656 0.014502
-7.849288 10.180365 0.014502
-7.893482 10.629072 0.014502
-8.024365 11.060536 0.014502
-8.236909 11.458176 0.014502
-8.522943 11.806710 0.014502
-8.871478 12.092745 0.014502
-9.269118 12.305286 0.014502
-9.700583 12.436170 0.014502
-10.149287 12.480363 0.107007
-10.597995 12.436169 0.107007
-11.029459 12.305286 0.107007
-11.427099 12.092744 0.107007
-11.775633 11.806709 0.107007
-12.061667 11.458175 0.107007
-12.274210 11.060535 0.107007
-12.405094 10.629071 0.107007
-12.449288 10.180364 0.107007
-12.405094 9.731656 0.107007
-12.274211 9.300192 0.107007
-12.061668 8.902553 0.107007
-11.775634 8.554018 0.107007
-11.427100 8.267983 0.107007
-11.029461 8.055441 0.107007
-10.597996 7.924557 0.107007
-10.149288 7.880363 0.107007
-9.700581 7.924557 0.107007
-9.269116 8.055440 0.107007
-8.871476 8.267983 0.107007
-8.522942 8.554018 0.107007
-8.236907 8.902552 0.107007
-8.024364 9.300192 0.107007
-7.893482 9.731656 0.107007
-7.849288 10.180365 0.107007
-7.893482 10.629072 0.107007
-8.024365 11.060536 0.107007
-8.236909 11.458176 0.107007
-8.522943 11.806710 0.107007
-8.871478 12.092745 0.107007
-9.269118 12.305286 0.107007
-9.700583 12.436170 0.107007
-10.149295 -12.480354 0.014502
-10.598002 -12.436161 0.014502
-11.029467 -12.305278 0.014502
-11.427107 -12.092734 0.014501
-11.775640 -11.806699 0.014501
-12.061675 -11.458165 0.014501
-12.274218 -11.060525 0.014501
-12.405100 -10.629062 0.014501
-12.449294 -10.180354 0.014501
-12.405100 -9.731647 0.014501
-12.274218 -9.300181 0.014501
-12.061674 -8.902543 0.014501
-11.775640 -8.554008 0.014501
-11.427104 -8.267974 0.014501
-11.029465 -8.055430 0.014502
-10.598001 -7.924549 0.014502
-10.149292 -7.880356 0.014502
-9.700584 -7.924549 0.014502
-9.269120 -8.055433 0.014502
-8.871480 -8.267975 0.014502
-8.522947 -8.554010 0.014502
-8.236913 -8.902547 0.014502
-8.024370 -9.300185 0.014502
-7.893488 -9.731650 0.014502
-7.849294 -10.180358 0.014502
-7.893488 -10.629066 0.014502
-8.024373 -11.060531 0.014502
-8.236917 -11.458171 0.014502
-8.522952 -11.806704 0.014502
-8.871486 -12.092737 0.014502
-9.269126 -12.305279 0.014502
-9.700591 -12.436161 0.014502
-10.149295 -12.480354 0.107007
-10.598002 -12.436161 0.107007
-11.029467 -12.305278 0.107007
-11.427107 -12.092734 0.107007
-11.775640 -11.806699 0.107007
-12.061675 -11.458165 0.107007
-12.274218 -11.060525 0.107007
-12.405100 -10.629062 0.107007
-12.449294 -10.180354 0.107007
-12.405100 -9.731647 0.107007
-12.274218 -9.300181 0.107007
-12.061674 -8.902543 0.107007
-11.775640 -8.554008 0.107007
-11.427104 -8.267974 0.107007
-11.029465 -8.055430 0.107007
-10.598001 -7.924549 0.107007
-10.149292 -7.880356 0.107007
-9.700584 -7.924549 0.107007
-9.269120 -8.055433 0.107007
-8.871480 -8.267975 0.107007
-8.522947 -8.554010 0.107007
-8.236913 -8.902547 0.107007
-8.024370 -9.300185 0.107007
-7.893488 -9.731650 0.107008
-7.849294 -10.180358 0.107008
-7.893488 -10.629066 0.107008
-8.024373 -11.060531 0.107007
-8.236917 -11.458171 0.107007
-8.522952 -11.806704 0.107007
-8.871486 -12.092737 0.107007
-9.269126 -12.305279 0.107007
-9.700591 -12.436161 0.107007
10.149297 12.480356 0.014502
10.598004 12.436163 0.014502
11.029468 12.305279 0.014502
11.427108 12.092736 0.014501
11.775641 11.806703 0.014501
12.061677 11.458168 0.014501
12.274219 11.060529 0.014501
12.405102 10.629065 0.014501
12.449295 10.180357 0.014501
12.405102 9.731649 0.014501
12.274220 9.300185 0.014501
12.061676 8.902545 0.014501
11.775642 8.554011 0.014501
11.427108 8.267976 0.014501
11.029468 8.055433 0.014502
10.598002 7.924551 0.014502
10.149295 7.880357 0.014502
9.700587 7.924551 0.014502
9.269122 8.055434 0.014502
8.871484 8.267977 0.014502
8.522949 8.554011 0.014502
8.236916 8.902547 0.014502
8.024372 9.300187 0.014502
7.893490 9.731651 0.014502
7.849297 10.180359 0.014502
7.893490 10.629066 0.014502
8.024375 11.060531 0.014502
8.236918 11.458171 0.014502
8.522952 11.806704 0.014502
8.871488 12.092738 0.014502
9.269128 12.305281 0.014502
9.700591 12.436163 0.014502
10.149297 12.480356 0.107007
10.598004 12.436163 0.107007
11.029468 12.305279 0.107007
11.427108 12.092736 0.107007
11.775641 11.806703 0.107007
12.061677 11.458168 0.107007
12.274219 11.060529 0.107007
12.405102 10.629065 0.107007
12.449295 10.180357 0.107007
12.405102 9.731649 0.107007
12.274220 9.300185 0.107007
12.061676 8.902545 0.107007
11.775642 8.554011 0.107007
11.427108 8.267976 0.107007
11.029468 8.055433 0.107007
10.598002 7.924551 0.107007
10.149295 7.880357 0.107007
9.700587 7.924551 0.107007
9.269122 8.055434 0.107007
8.871484 8.267977 0.107007
8.522949 8.554011 0.107007
8.236916 8.902547 0.107007
8.024372 9.300187 0.107007
7.893490 9.731651 0.107008
7.849297 10.180359 0.107008
7.893490 10.629066 0.107008
8.024375 11.060531 0.107007
8.236918 11.458171 0.107007
8.522952 11.806704 0.107007
8.871488 12.092738 0.107007
9.269128 12.305281 0.107007
9.700591 12.436163 0.107007
10.149289 -12.480360 0.014502
10.597997 -12.436167 0.014502
11.029462 -12.305285 0.014502
11.427100 -12.092742 0.014502
11.775634 -11.806708 0.014502
12.061669 -11.458173 0.014502
12.274213 -11.060534 0.014502
12.405096 -10.629069 0.014502
12.449289 -10.180362 0.014502
12.405096 -9.731654 0.014502
12.274214 -9.300191 0.014502
12.061670 -8.902551 0.014502
11.775637 -8.554017 0.014502
11.427102 -8.267982 0.014502
11.029462 -8.055438 0.014502
10.597999 -7.924555 0.014502
10.149291 -7.880362 0.014502
9.700583 -7.924555 0.014502
9.269118 -8.055439 0.014502
8.871478 -8.267981 0.014502
8.522943 -8.554016 0.014502
8.236910 -8.902549 0.014502
8.024366 -9.300189 0.014502
7.893484 -9.731654 0.014502
7.849291 -10.180362 0.014502
7.893484 -10.629069 0.014502
8.024367 -11.060534 0.014502
8.236911 -11.458173 0.014502
8.522946 -11.806707 0.014502
8.871480 -12.092743 0.014502
9.269120 -12.305285 0.014502
9.700585 -12.436167 0.014502
10.149289 -12.480360 0.107007
10.597997 -12.436167 0.107007
11.029462 -12.305285 0.107007
11.427100 -12.092742 0.107007
11.775634 -11.806708 0.107007
12.061669 -11.458173 0.107007
12.274213 -11.060534 0.107007
12.405096 -10.629069 0.107007
12.449289 -10.180362 0.107007
12.405096 -9.731654 0.107007
12.274214 -9.300191 0.107007
12.061670 -8.902551 0.107007
11.775637 -8.554017 0.107007
11.427102 -8.267982 0.107007
11.029462 -8.055438 0.107007
10.597999 -7.924555 0.107007
10.149291 -7.880362 0.107007
9.700583 -7.924555 0.107007
9.269118 -8.055439 0.107007
8.871478 -8.267981 0.107007
8.522943 -8.554016 0.107007
8.236910 -8.902549 0.107007
8.024366 -9.300189 0.107007
7.893484 -9.731654 0.107007
7.849291 -10.180362 0.107007
7.893484 -10.629069 0.107007
8.024367 -11.060534 0.107007
8.236911 -11.458173 0.107007
8.522946 -11.806707 0.107007
8.871480 -12.092743 0.107007
9.269120 -12.305285 0.107007
9.700585 -12.436167 0.107007
-10.554559 -9.575985 0.059387
-12.011279 -9.575984 0.059387
-10.554559 -9.575985 1.343657
-10.554559 -9.665985 0.059387
-12.011279 -9.665984 0.059387
-10.554559 -9.665985 1.343657
-10.659605 -10.589287 0.059386
-11.689663 -11.619342 0.059386
-10.659605 -10.589287 1.343657
-10.595965 -10.652927 0.059386
-11.626023 -11.682982 0.059386
-10.595965 -10.652927 1.343657
-9.722902 -10.654713 0.059386
-9.722903 -12.111431 0.059386
-9.722902 -10.654713 1.343657
-9.632902 -10.654713 0.059386
-9.632903 -12.111431 0.059386
-9.632902 -10.654711 1.343657
-10.554554 9.575993 0.059387
-12.011274 9.575994 0.059387
-10.554555 9.575993 1.343657
-10.554555 9.665993 0.059387
-12.011274 9.665994 0.059387
-10.554555 9.665993 1.343657
-10.659601 10.589294 0.059388
-11.689657 11.619351 0.059388
-10.659601 10.589294 1.343658
-10.595962 10.652933 0.059388
-11.626018 11.682992 0.059388
-10.595962 10.652935 1.343658
-9.723021 10.654718 0.059388
-9.723020 12.111439 0.059388
-9.723021 10.654720 1.343658
-9.633020 10.654718 0.059388
-9.633019 12.111439 0.059388
-9.633020 10.654720 1.343658
9.723024 10.654715 0.059388
9.723025 12.111435 0.059388
9.723024 10.654716 1.343658
9.633024 10.654715 0.059388
9.633025 12.111435 0.059388
9.633024 10.654716 1.343658
10.659727 10.589291 0.059388
11.689784 11.619346 0.059388
10.659727 10.589291 1.343658
10.596088 10.652931 0.059388
11.626145 11.682986 0.059388
10.596088 10.652931 1.343658
10.554682 9.575989 0.059387
12.011400 9.575988 0.059387
10.554682 9.575989 1.343657
10.554682 9.665989 0.059387
12.011400 9.665988 0.059387
10.554682 9.665989 1.343657
10.554678 -9.575989 0.059387
12.011396 -9.575990 0.059387
10.554678 -9.575989 1.343657
10.554678 -9.665989 0.059387
12.011396 -9.665990 0.059387
10.554678 -9.665989 1.343657
10.659723 -10.589291 0.059386
11.689780 -11.619348 0.059386
10.659723 -10.589291 1.343657
10.596085 -10.652931 0.059386
11.626140 -11.682988 0.059386
10.596083 -10.652931 1.343657
9.723021 -10.654716 0.059386
9.723020 -12.111437 0.059386
9.723021 -10.654716 1.343657
9.633020 -10.654716 0.059386
9.633019 -12.111437 0.059386
9.633020 -10.654716 1.343657
</float_array>
          <technique_common>
            <accessor source="#TidalTurbine_Base-POSITION-array" count="2188" stride="3">
              <param name="X" type="float"/>
              <param name="Y" type="float"/>
              <param name="Z" type="float"/>
            </accessor>
          </technique_common>
        </source>
        <source id="TidalTurbine_Base-Normal0">
          <float_array id="TidalTurbine_Base-Normal0-array" count="38520">
0.000000 0.000000 -1.000000
0.000000 0.000000 -1.000000
0.000000 0.000000 -1.000000
0.000000 0.000000 -1.000000
0.000000 0.000000 -1.000000
0.000000 0.000000 -1.000000
0.000000 0.000000 -1.000000
0.000000 0.000000 -1.000000
0.000000 0.000000 -1.000000
0.000000 0.000000 -1.000000
0.000000 0.000000 -1.000000
0.000000 0.000000 -1.000000
0.000000 0.000000 -1.000000
0.000000 0.000000 -1.000000
0.000000 0.000000 -1.000000
0.000000 0.000000 -1.000000
0.000000 0.000000 -1.000000
0.000000 0.000000 -1.000000
0.000000 0.000000 -1.000000
0.000000 0.000000 -1.000000
0.000000 0.000000 -1.000000
0.000000 0.000000 -1.000000
0.000000 0.000000 -1.000000
0.000000 0.000000 -1.000000
0.000000 0.000000 -1.000000
0.000000 0.000000 -1.000000
0.000000 0.000000 -1.000000
0.000000 0.000000 -1.000000
0.000000 0.000000 -1.000000
0.000000 0.000000 -1.000000
0.000000 0.000000 -1.000000
0.000000 0.000000 -1.000000
0.000000 0.000000 -1.000000
0.000000 0.000000 -1.000000
0.000000 0.000000 -1.000000
0.000000 0.000000 -1.000000
0.000000 0.000000 -1.000000
0.000000 0.000000 -1.000000
0.000000 0.000000 -1.000000
0.000000 0.000000 -1.000000
0.000000 0.000000 -1.000000
0.000000 0.000000 -1.000000
0.000000 0.000000 -1.000000
0.000000 0.000000 -1.000000
0.000000 0.000000 -1.000000
0.000000 0.000000 -1.000000
0.000000 0.000000 -1.000000
0.000000 0.000000 -1.000000
0.000000 0.000000 -1.000000
0.000000 0.000000 -1.000000
0.000000 0.000000 -1.000000
0.000000 0.000000 -1.000000
0.000000 0.000000 -1.000000
0.000000 0.000000 -1.000000
0.000000 0.000000 -1.000000
0.000000 0.000000 -1.000000
0.000000 0.000000 -1.000000
0.000000 0.000000 -1.000000
0.000000 0.000000 -1.000000
0.000000 0.000000 -1.000000
0.000000 0.000000 -1.000000
0.000000 0.000000 -1.000000
0.000000 0.000000 -1.000000
0.000000 0.000000 -1.000000
0.000000 0.000000 -1.000000
0.000000 0.000000 -1.000000
0.000000 0.000000 -1.000000
0.000000 0.000000 -1.000000
0.000000 0.000000 -1.000000
0.000000 0.000000 -1.000000
0.000000 0.000000 -1.000000
0.000000 0.000000 -1.000000
0.000000 0.000000 -1.000000
0.000000 0.000000 -1.000000
0.000000 0.000000 -1.000000
0.000000 0.000000 -1.000000
0.000000 0.000000 -1.000000
0.000000 0.000000 -1.000000
0.000000 0.000000 -1.000000
0.000000 0.000000 -1.000000
0.000000 0.000000 -1.000000
0.000000 0.000000 -1.000000
0.000000 0.000000 -1.000000
0.000000 0.000000 -1.000000
0.000000 0.000000 -1.000000
0.000000 0.000000 -1.000000
0.000000 0.000000 -1.000000
0.000000 0.000000 -1.000000
0.000000 0.000000 -1.000000
0.000000 0.000000 -1.000000
1.000000 0.000000 0.000000
0.980785 0.195090 0.000000
0.980785 0.195091 0.000000
0.980785 0.195091 0.000000
1.000000 0.000000 0.000000
1.000000 0.000000 0.000000
0.980785 0.195090 0.000000
0.923880 0.382683 0.000000
0.923880 0.382683 0.000000
0.923880 0.382683 0.000000
0.980785 0.195091 0.000000
0.980785 0.195090 0.000000
0.923880 0.382683 0.000000
0.831470 0.555570 0.000000
0.831470 0.555570 0.000000
0.831470 0.555570 0.000000
0.923880 0.382683 0.000000
0.923880 0.382683 0.000000
0.831470 0.555570 0.000000
0.707107 0.707107 0.000000
0.707107 0.707107 0.000000
0.707107 0.707107 0.000000
0.831470 0.555570 0.000000
0.831470 0.555570 0.000000
0.707107 0.707107 0.000000
0.555570 0.831470 0.000000
0.555570 0.831470 0.000000
0.555570 0.831470 0.000000
0.707107 0.707107 0.000000
0.707107 0.707107 0.000000
0.555570 0.831470 0.000000
0.382683 0.923880 0.000000
0.382683 0.923880 0.000000
0.382683 0.923880 0.000000
0.555570 0.831470 0.000000
0.555570 0.831470 0.000000
0.382683 0.923880 0.000000
0.195091 0.980785 0.000000
0.195090 0.980785 0.000000
0.195090 0.980785 0.000000
0.382683 0.923880 0.000000
0.382683 0.923880 0.000000
0.195091 0.980785 0.000000
0.000000 1.000000 0.000000
0.000000 1.000000 0.000000
0.000000 1.000000 0.000000
0.195090 0.980785 0.000000
0.195091 0.980785 0.000000
0.000000 1.000000 0.000000
-0.195090 0.980785 0.000000
-0.195090 0.980785 0.000000
-0.195090 0.980785 0.000000
0.000000 1.000000 0.000000
0.000000 1.000000 0.000000
-0.195090 0.980785 0.000000
-0.382683 0.923880 0.000000
-0.382683 0.923880 0.000000
-0.382683 0.923880 0.000000
-0.195090 0.980785 0.000000
-0.195090 0.980785 0.000000
-0.382683 0.923880 0.000000
-0.555570 0.831470 0.000000
-0.555570 0.831470 0.000000
-0.555570 0.831470 0.000000
-0.382683 0.923880 0.000000
-0.382683 0.923880 0.000000
-0.555570 0.831470 0.000000
-0.707107 0.707107 0.000000
-0.707107 0.707107 0.000000
-0.707107 0.707107 0.000000
-0.555570 0.831470 0.000000
-0.555570 0.831470 0.000000
-0.707107 0.707107 0.000000
-0.831470 0.555570 0.000000
-0.831470 0.555570 0.000000
-0.831470 0.555570 0.000000
-0.707107 0.707107 0.000000
-0.707107 0.707107 0.000000
-0.831470 0.555570 0.000000
-0.923880 0.382683 0.000000
-0.923880 0.382683 0.000000
-0.923880 0.382683 0.000000
-0.831470 0.555570 0.000000
-0.831470 0.555570 0.000000
-0.923880 0.382683 0.000000
-0.980785 0.195090 0.000000
-0.980785 0.195090 0.000000
-0.980785 0.195090 0.000000
-0.923880 0.382683 0.000000
-0.923880 0.382683 0.000000
-0.980785 0.195090 0.000000
-1.000000 -0.000000 0.000000
-1.000000 -0.000001 0.000000
-1.000000 -0.000001 0.000000
-0.980785 0.195090 0.000000
-0.980785 0.195090 0.000000
-1.000000 -0.000000 0.000000
-0.980785 -0.195091 0.000000
-0.980785 -0.195091 0.000000
-0.980785 -0.195091 0.000000
-1.000000 -0.000001 0.000000
-1.000000 -0.000000 0.000000
-0.980785 -0.195091 0.000000
-0.923880 -0.382684 0.000000
-0.923879 -0.382684 0.000000
-0.923879 -0.382684 0.000000
-0.980785 -0.195091 0.000000
-0.980785 -0.195091 0.000000
-0.923880 -0.382684 0.000000
-0.831469 -0.555571 0.000000
-0.831469 -0.555571 0.000000
-0.831469 -0.555571 0.000000
-0.923879 -0.382684 0.000000
-0.923880 -0.382684 0.000000
-0.831469 -0.555571 0.000000
-0.707106 -0.707107 0.000000
-0.707106 -0.707107 0.000000
-0.707106 -0.707107 0.000000
-0.831469 -0.555571 0.000000
-0.831469 -0.555571 0.000000
-0.707106 -0.707107 0.000000
-0.555570 -0.831470 0.000000
-0.555570 -0.831470 0.000000
-0.555570 -0.831470 0.000000
-0.707106 -0.707107 0.000000
-0.707106 -0.707107 0.000000
-0.555570 -0.831470 0.000000
-0.382683 -0.923880 0.000000
-0.382683 -0.923880 0.000000
-0.382683 -0.923880 0.000000
-0.555570 -0.831470 0.000000
-0.555570 -0.831470 0.000000
-0.382683 -0.923880 0.000000
-0.195089 -0.980785 0.000000
-0.195089 -0.980786 0.000000
-0.195089 -0.980786 0.000000
-0.382683 -0.923880 0.000000
-0.382683 -0.923880 0.000000
-0.195089 -0.980785 0.000000
0.000001 -1.000000 0.000000
0.000001 -1.000000 0.000000
0.000001 -1.000000 0.000000
-0.195089 -0.980786 0.000000
-0.195089 -0.980785 0.000000
0.000001 -1.000000 0.000000
0.195091 -0.980785 0.000000
0.195091 -0.980785 0.000000
0.195091 -0.980785 0.000000
0.000001 -1.000000 0.000000
0.000001 -1.000000 0.000000
0.195091 -0.980785 0.000000
0.382684 -0.923879 0.000000
0.382684 -0.923879 0.000000
0.382684 -0.923879 0.000000
0.195091 -0.980785 0.000000
0.195091 -0.980785 0.000000
0.382684 -0.923879 0.000000
0.555571 -0.831469 0.000000
0.555571 -0.831469 0.000000
0.555571 -0.831469 0.000000
0.382684 -0.923879 0.000000
0.382684 -0.923879 0.000000
0.555571 -0.831469 0.000000
0.707108 -0.707106 0.000000
0.707108 -0.707106 0.000000
0.707108 -0.707106 0.000000
0.555571 -0.831469 0.000000
0.555571 -0.831469 0.000000
0.707108 -0.707106 0.000000
0.831470 -0.555569 0.000000
0.831470 -0.555569 0.000000
0.831470 -0.555569 0.000000
0.707108 -0.707106 0.000000
0.707108 -0.707106 0.000000
0.831470 -0.555569 0.000000
0.923880 -0.382682 0.000000
0.923880 -0.382682 0.000000
0.923880 -0.382682 0.000000
0.831470 -0.555569 0.000000
0.831470 -0.555569 0.000000
0.923880 -0.382682 0.000000
0.980785 -0.195089 0.000000
0.980786 -0.195089 0.000000
0.980786 -0.195089 0.000000
0.923880 -0.382682 0.000000
0.923880 -0.382682 0.000000
0.980785 -0.195089 0.000000
1.000000 0.000000 0.000000
1.000000 0.000000 0.000000
1.000000 0.000000 0.000000
0.980786 -0.195089 0.000000
0.980785 -0.195089 0.000000
0.000000 0.000000 1.000000
0.000000 0.000000 1.000000
0.000000 0.000000 1.000000
0.000000 0.000000 1.000000
0.000000 0.000000 1.000000
0.000000 0.000000 1.000000
0.000000 0.000000 1.000000
0.000000 0.000000 1.000000
0.000000 0.000000 1.000000
0.000000 0.000000 1.000000
0.000000 0.000000 1.000000
0.000000 0.000000 1.000000
0.000000 0.000000 1.000000
0.000000 0.000000 1.000000
0.000000 0.000000 1.000000
0.000000 0.000000 1.000000
0.000000 0.000000 1.000000
0.000000 0.000000 1.000000
0.000000 0.000000 1.000000
0.000000 0.000000 1.000000
0.000000 0.000000 1.000000
0.000000 0.000000 1.000000
0.000000 0.000000 1.000000
0.000000 0.000000 1.000000
0.000000 0.000000 1.000000
0.000000 0.000000 1.000000
0.000000 0.000000 1.000000
0.000000 0.000000 1.000000
0.000000 0.000000 1.000000
0.000000 0.000000 1.000000
0.000000 0.000000 1.000000
0.000000 0.000000 1.000000
0.000000 0.000000 1.000000
0.000000 0.000000 1.000000
0.000000 0.000000 1.000000
0.000000 0.000000 1.000000
0.000000 0.000000 1.000000
0.000000 0.000000 1.000000
0.000000 0.000000 1.000000
0.000000 0.000000 1.000000
0.000000 0.000000 1.000000
0.000000 0.000000 1.000000
0.000000 0.000000 1.000000
0.000000 0.000000 1.000000
0.000000 0.000000 1.000000
0.000000 0.000000 1.000000
0.000000 0.000000 1.000000
0.000000 0.000000 1.000000
0.000000 0.000000 1.000000
0.000000 0.000000 1.000000
0.000000 0.000000 1.000000
0.000000 0.000000 1.000000
0.000000 0.000000 1.000000
0.000000 0.000000 1.000000
0.000000 0.000000 1.000000
0.000000 0.000000 1.000000
0.000000 0.000000 1.000000
0.000000 0.000000 1.000000
0.000000 0.000000 1.000000
0.000000 0.000000 1.000000
0.000000 0.000000 1.000000
0.000000 0.000000 1.000000
0.000000 0.000000 1.000000
0.000000 0.000000 1.000000
0.000000 0.000000 1.000000
0.000000 0.000000 1.000000
0.000000 0.000000 1.000000
0.000000 0.000000 1.000000
0.000000 0.000000 1.000000
0.000000 0.000000 1.000000
0.000000 0.000000 1.000000
0.000000 0.000000 1.000000
0.000000 0.000000 1.000000
0.000000 0.000000 1.000000
0.000000 0.000000 1.000000
0.000000 0.000000 1.000000
0.000000 0.000000 1.000000
0.000000 0.000000 1.000000
0.000000 0.000000 1.000000
0.000000 0.000000 1.000000
0.000000 0.000000 1.000000
0.000000 0.000000 1.000000
0.000000 0.000000 1.000000
0.000000 0.000000 1.000000
0.000000 0.000000 1.000000
0.000000 0.000000 1.000000
0.000000 0.000000 1.000000
0.000000 0.000000 1.000000
0.000000 0.000000 1.000000
0.000000 0.000000 1.000000
0.000000 0.000000 -1.000000
0.000000 0.000000 -1.000000
0.000000 0.000000 -1.000000
0.000000 0.000000 -1.000000
0.000000 0.000000 -1.000000
0.000000 0.000000 -1.000000
0.000000 0.000000 -1.000000
0.000000 0.000000 -1.000000
0.000000 0.000000 -1.000000
0.000000 0.000000 -1.000000
0.000000 0.000000 -1.000000
0.000000 0.000000 -1.000000
0.000000 0.000000 -1.000000
0.000000 0.000000 -1.000000
0.000000 0.000000 -1.000000
0.000000 0.000000 -1.000000
0.000000 0.000000 -1.000000
0.000000 0.000000 -1.000000
0.000000 0.000000 -1.000000
0.000000 0.000000 -1.000000
0.000000 0.000000 -1.000000
0.000000 0.000000 -1.000000
0.000000 0.000000 -1.000000
0.000000 0.000000 -1.000000
0.000000 0.000000 -1.000000
0.000000 0.000000 -1.000000
0.000000 0.000000 -1.000000
0.000000 0.000000 -1.000000
0.000000 0.000000 -1.000000
0.000000 0.000000 -1.000000
0.000000 0.000000 -1.000000
0.000000 0.000000 -1.000000
0.000000 0.000000 -1.000000
0.000000 0.000000 -1.000000
0.000000 0.000000 -1.000000
0.000000 0.000000 -1.000000
0.000000 0.000000 -1.000000
0.000000 0.000000 -1.000000
0.000000 0.000000 -1.000000
0.000000 0.000000 -1.000000
0.000000 0.000000 -1.000000
0.000000 0.000000 -1.000000
0.000000 0.000000 -1.000000
0.000000 0.000000 -1.000000
0.000000 0.000000 -1.000000
0.000000 0.000000 -1.000000
0.000000 0.000000 -1.000000
0.000000 0.000000 -1.000000
0.000000 0.000000 -1.000000
0.000000 0.000000 -1.000000
0.000000 0.000000 -1.000000
0.000000 0.000000 -1.000000
0.000000 0.000000 -1.000000
0.000000 0.000000 -1.000000
0.000000 0.000000 -1.000000
0.000000 0.000000 -1.000000
0.000000 0.000000 -1.000000
0.000000 0.000000 -1.000000
0.000000 0.000000 -1.000000
0.000000 0.000000 -1.000000
0.000000 0.000000 -1.000000
0.000000 0.000000 -1.000000
0.000000 0.000000 -1.000000
0.000000 0.000000 -1.000000
0.000000 0.000000 -1.000000
0.000000 0.000000 -1.000000
0.000000 0.000000 -1.000000
0.000000 0.000000 -1.000000
0.000000 0.000000 -1.000000
0.000000 0.000000 -1.000000
0.000000 0.000000 -1.000000
0.000000 0.000000 -1.000000
0.000000 0.000000 -1.000000
0.000000 0.000000 -1.000000
0.000000 0.000000 -1.000000
0.000000 0.000000 -1.000000
0.000000 0.000000 -1.000000
0.000000 0.000000 -1.000000
0.000000 0.000000 -1.000000
0.000000 0.000000 -1.000000
0.000000 0.000000 -1.000000
0.000000 0.000000 -1.000000
0.000000 0.000000 -1.000000
0.000000 0.000000 -1.000000
0.000000 0.000000 -1.000000
0.000000 0.000000 -1.000000
0.000000 0.000000 -1.000000
0.000000 0.000000 -1.000000
0.000000 0.000000 -1.000000
0.000000 0.000000 -1.000000
1.000000 0.000000 0.000000
0.980785 0.195090 0.000000
0.980785 0.195090 0.000000
0.980785 0.195090 0.000000
1.000000 0.000000 0.000000
1.000000 0.000000 0.000000
0.980785 0.195090 0.000000
0.923880 0.382683 0.000000
0.923880 0.382683 0.000000
0.923880 0.382683 0.000000
0.980785 0.195090 0.000000
0.980785 0.195090 0.000000
0.923880 0.382683 0.000000
0.831470 0.555570 0.000000
0.831470 0.555570 0.000000
0.831470 0.555570 0.000000
0.923880 0.382683 0.000000
0.923880 0.382683 0.000000
0.831470 0.555570 0.000000
0.707107 0.707107 0.000000
0.707107 0.707107 0.000000
0.707107 0.707107 0.000000
0.831470 0.555570 0.000000
0.831470 0.555570 0.000000
0.707107 0.707107 0.000000
0.555570 0.831470 0.000000
0.555570 0.831470 0.000000
0.555570 0.831470 0.000000
0.707107 0.707107 0.000000
0.707107 0.707107 0.000000
0.555570 0.831470 0.000000
0.382683 0.923880 0.000000
0.382683 0.923880 0.000000
0.382683 0.923880 0.000000
0.555570 0.831470 0.000000
0.555570 0.831470 0.000000
0.382683 0.923880 0.000000
0.195090 0.980785 0.000000
0.195090 0.980785 0.000000
0.195090 0.980785 0.000000
0.382683 0.923880 0.000000
0.382683 0.923880 0.000000
0.195090 0.980785 0.000000
0.000000 1.000000 0.000000
0.000000 1.000000 0.000000
0.000000 1.000000 0.000000
0.195090 0.980785 0.000000
0.195090 0.980785 0.000000
0.000000 1.000000 0.000000
-0.195090 0.980785 0.000000
-0.195090 0.980785 0.000000
-0.195090 0.980785 0.000000
0.000000 1.000000 0.000000
0.000000 1.000000 0.000000
-0.195090 0.980785 0.000000
-0.382683 0.923880 0.000000
-0.382683 0.923880 0.000000
-0.382683 0.923880 0.000000
-0.195090 0.980785 0.000000
-0.195090 0.980785 0.000000
-0.382683 0.923880 0.000000
-0.555570 0.831470 0.000000
-0.555570 0.831470 0.000000
-0.555570 0.831470 0.000000
-0.382683 0.923880 0.000000
-0.382683 0.923880 0.000000
-0.555570 0.831470 0.000000
-0.707107 0.707107 0.000000
-0.707107 0.707107 0.000000
-0.707107 0.707107 0.000000
-0.555570 0.831470 0.000000
-0.555570 0.831470 0.000000
-0.707107 0.707107 0.000000
-0.831470 0.555570 0.000000
-0.831470 0.555570 0.000000
-0.831470 0.555570 0.000000
-0.707107 0.707107 0.000000
-0.707107 0.707107 0.000000
-0.831470 0.555570 0.000000
-0.923880 0.382683 0.000000
-0.923880 0.382683 0.000000
-0.923880 0.382683 0.000000
-0.831470 0.555570 0.000000
-0.831470 0.555570 0.000000
-0.923880 0.382683 0.000000
-0.980785 0.195090 0.000000
-0.980785 0.195090 0.000000
-0.980785 0.195090 0.000000
-0.923880 0.382683 0.000000
-0.923880 0.382683 0.000000
-0.980785 0.195090 0.000000
-1.000000 -0.000000 0.000000
-1.000000 -0.000000 0.000000
-1.000000 -0.000000 0.000000
-0.980785 0.195090 0.000000
-0.980785 0.195090 0.000000
-1.000000 -0.000000 0.000000
-0.980785 -0.195091 0.000000
-0.980785 -0.195091 0.000000
-0.980785 -0.195091 0.000000
-1.000000 -0.000000 0.000000
-1.000000 -0.000000 0.000000
-0.980785 -0.195091 0.000000
-0.923879 -0.382684 0.000000
-0.923879 -0.382684 0.000000
-0.923879 -0.382684 0.000000
-0.980785 -0.195091 0.000000
-0.980785 -0.195091 0.000000
-0.923879 -0.382684 0.000000
-0.831469 -0.555571 0.000000
-0.831469 -0.555571 0.000000
-0.831469 -0.555571 0.000000
-0.923879 -0.382684 0.000000
-0.923879 -0.382684 0.000000
-0.831469 -0.555571 0.000000
-0.707106 -0.707107 0.000000
-0.707106 -0.707107 0.000000
-0.707106 -0.707107 0.000000
-0.831469 -0.555571 0.000000
-0.831469 -0.555571 0.000000
-0.707106 -0.707107 0.000000
-0.555570 -0.831470 0.000000
-0.555570 -0.831470 0.000000
-0.555570 -0.831470 0.000000
-0.707106 -0.707107 0.000000
-0.707106 -0.707107 0.000000
-0.555570 -0.831470 0.000000
-0.382683 -0.923880 0.000000
-0.382683 -0.923880 0.000000
-0.382683 -0.923880 0.000000
-0.555570 -0.831470 0.000000
-0.555570 -0.831470 0.000000
-0.382683 -0.923880 0.000000
-0.195089 -0.980785 0.000000
-0.195089 -0.980785 0.000000
-0.195089 -0.980785 0.000000
-0.382683 -0.923880 0.000000
-0.382683 -0.923880 0.000000
-0.195089 -0.980785 0.000000
0.000001 -1.000000 0.000000
0.000001 -1.000000 0.000000
0.000001 -1.000000 0.000000
-0.195089 -0.980785 0.000000
-0.195089 -0.980785 0.000000
0.000001 -1.000000 0.000000
0.195091 -0.980785 0.000000
0.195091 -0.980785 0.000000
0.195091 -0.980785 0.000000
0.000001 -1.000000 0.000000
0.000001 -1.000000 0.000000
0.195091 -0.980785 0.000000
0.382684 -0.923879 0.000000
0.382684 -0.923879 0.000000
0.382684 -0.923879 0.000000
0.195091 -0.980785 0.000000
0.195091 -0.980785 0.000000
0.382684 -0.923879 0.000000
0.555571 -0.831469 0.000000
0.555571 -0.831469 0.000000
0.555571 -0.831469 0.000000
0.382684 -0.923879 0.000000
0.382684 -0.923879 0.000000
0.555571 -0.831469 0.000000
0.707108 -0.707106 0.000000
0.707108 -0.707106 0.000000
0.707108 -0.707106 0.000000
0.555571 -0.831469 0.000000
0.555571 -0.831469 0.000000
0.707108 -0.707106 0.000000
0.831470 -0.555569 0.000000
0.831470 -0.555569 0.000000
0.831470 -0.555569 0.000000
0.707108 -0.707106 0.000000
0.707108 -0.707106 0.000000
0.831470 -0.555569 0.000000
0.923880 -0.382682 0.000000
0.923880 -0.382682 0.000000
0.923880 -0.382682 0.000000
0.831470 -0.555569 0.000000
0.831470 -0.555569 0.000000
0.923880 -0.382682 0.000000
0.980786 -0.195089 0.000000
0.980786 -0.195089 0.000000
0.980786 -0.195089 0.000000
0.923880 -0.382682 0.000000
0.923880 -0.382682 0.000000
0.980786 -0.195089 0.000000
1.000000 0.000000 0.000000
1.000000 0.000000 0.000000
1.000000 0.000000 0.000000
0.980786 -0.195089 0.000000
0.980786 -0.195089 0.000000
0.000000 0.000000 1.000000
0.000000 0.000000 1.000000
0.000000 0.000000 1.000000
0.000000 0.000000 1.000000
0.000000 0.000000 1.000000
0.000000 0.000000 1.000000
0.000000 0.000000 1.000000
0.000000 0.000000 1.000000
0.000000 0.000000 1.000000
0.000000 0.000000 1.000000
0.000000 0.000000 1.000000
0.000000 0.000000 1.000000
0.000000 0.000000 1.000000
0.000000 0.000000 1.000000
0.000000 0.000000 1.000000
0.000000 0.000000 1.000000
0.000000 0.000000 1.000000
0.000000 0.000000 1.000000
0.000000 0.000000 1.000000
0.000000 0.000000 1.000000
0.000000 0.000000 1.000000
0.000000 0.000000 1.000000
0.000000 0.000000 1.000000
0.000000 0.000000 1.000000
0.000000 0.000000 1.000000
0.000000 0.000000 1.000000
0.000000 0.000000 1.000000
0.000000 0.000000 1.000000
0.000000 0.000000 1.000000
0.000000 0.000000 1.000000
0.000000 0.000000 1.000000
0.000000 0.000000 1.000000
0.000000 0.000000 1.000000
0.000000 0.000000 1.000000
0.000000 0.000000 1.000000
0.000000 0.000000 1.000000
0.000000 0.000000 1.000000
0.000000 0.000000 1.000000
0.000000 0.000000 1.000000
0.000000 0.000000 1.000000
0.000000 0.000000 1.000000
0.000000 0.000000 1.000000
0.000000 0.000000 1.000000
0.000000 0.000000 1.000000
0.000000 0.000000 1.000000
0.000000 0.000000 1.000000
0.000000 0.000000 1.000000
0.000000 0.000000 1.000000
0.000000 0.000000 1.000000
0.000000 0.000000 1.000000
0.000000 0.000000 1.000000
0.000000 0.000000 1.000000
0.000000 0.000000 1.000000
0.000000 0.000000 1.000000
0.000000 0.000000 1.000000
0.000000 0.000000 1.000000
0.000000 0.000000 1.000000
0.000000 0.000000 1.000000
0.000000 0.000000 1.000000
0.000000 0.000000 1.000000
0.000000 0.000000 1.000000
0.000000 0.000000 1.000000
0.000000 0.000000 1.000000
0.000000 0.000000 1.000000
0.000000 0.000000 1.000000
0.000000 0.000000 1.000000
0.000000 0.000000 1.000000
0.000000 0.000000 1.000000
0.000000 0.000000 1.000000
0.000000 0.000000 1.000000
0.000000 0.000000 1.000000
0.000000 0.000000 1.000000
0.000000 0.000000 1.000000
0.000000 0.000000 1.000000
0.000000 0.000000 1.000000
0.000000 0.000000 1.000000
0.000000 0.000000 1.000000
0.000000 0.000000 1.000000
0.000000 0.000000 1.000000
0.000000 0.000000 1.000000
0.000000 0.000000 1.000000
0.000000 0.000000 1.000000
0.000000 0.000000 1.000000
0.000000 0.000000 1.000000
0.000000 0.000000 1.000000
0.000000 0.000000 1.000000
0.000000 0.000000 1.000000
0.000000 0.000000 1.000000
0.000000 0.000000 1.000000
0.000000 0.000000 1.000000
0.691841 0.137616 -0.708814
0.691841 0.137616 -0.708815
0.705395 0.000000 -0.708815
0.705395 0.000000 -0.708815
0.705395 0.000000 -0.708815
0.691841 0.137616 -0.708814
0.651700 0.269943 -0.708815
0.651700 0.269943 -0.708815
0.691841 0.137616 -0.708815
0.691841 0.137616 -0.708815
0.691841 0.137616 -0.708814
0.651700 0.269943 -0.708815
0.586514 0.391896 -0.708815
0.586514 0.391896 -0.708815
0.651700 0.269943 -0.708815
0.651700 0.269943 -0.708815
0.651700 0.269943 -0.708815
0.586514 0.391896 -0.708815
0.498790 0.498790 -0.708814
0.498790 0.498790 -0.708814
0.586514 0.391896 -0.708815
0.586514 0.391896 -0.708815
0.586514 0.391896 -0.708815
0.498790 0.498790 -0.708814
0.391896 0.586514 -0.708815
0.391896 0.586514 -0.708815
0.498790 0.498790 -0.708814
0.498790 0.498790 -0.708814
0.498790 0.498790 -0.708814
0.391896 0.586514 -0.708815
0.269943 0.651700 -0.708815
0.269943 0.651700 -0.708815
0.391896 0.586514 -0.708815
0.391896 0.586514 -0.708815
0.391896 0.586514 -0.708815
0.269943 0.651700 -0.708815
0.137616 0.691841 -0.708814
0.137616 0.691841 -0.708815
0.269943 0.651700 -0.708815
0.269943 0.651700 -0.708815
0.269943 0.651700 -0.708815
0.137616 0.691841 -0.708814
0.000000 0.705395 -0.708815
0.000000 0.705395 -0.708815
0.137616 0.691841 -0.708815
0.137616 0.691841 -0.708815
0.137616 0.691841 -0.708814
0.000000 0.705395 -0.708815
-0.137616 0.691841 -0.708814
-0.137616 0.691841 -0.708814
0.000000 0.705395 -0.708815
0.000000 0.705395 -0.708815
0.000000 0.705395 -0.708815
-0.137616 0.691841 -0.708814
-0.269943 0.651700 -0.708815
-0.269943 0.651700 -0.708815
-0.137616 0.691841 -0.708814
-0.137616 0.691841 -0.708814
-0.137616 0.691841 -0.708814
-0.269943 0.651700 -0.708815
-0.391896 0.586514 -0.708815
-0.391896 0.586514 -0.708815
-0.269943 0.651700 -0.708815
-0.269943 0.651700 -0.708815
-0.269943 0.651700 -0.708815
-0.391896 0.586514 -0.708815
-0.498790 0.498790 -0.708814
-0.498790 0.498790 -0.708814
-0.391896 0.586514 -0.708815
-0.391896 0.586514 -0.708815
-0.391896 0.586514 -0.708815
-0.498790 0.498790 -0.708814
-0.586514 0.391896 -0.708815
-0.586514 0.391896 -0.708815
-0.498790 0.498790 -0.708814
-0.498790 0.498790 -0.708814
-0.498790 0.498790 -0.708814
-0.586514 0.391896 -0.708815
-0.651700 0.269943 -0.708815
-0.651700 0.269943 -0.708815
-0.586514 0.391896 -0.708815
-0.586514 0.391896 -0.708815
-0.586514 0.391896 -0.708815
-0.651700 0.269943 -0.708815
-0.691841 0.137616 -0.708814
-0.691841 0.137616 -0.708814
-0.651700 0.269943 -0.708815
-0.651700 0.269943 -0.708815
-0.651700 0.269943 -0.708815
-0.691841 0.137616 -0.708814
-0.705395 -0.000000 -0.708815
-0.705395 -0.000000 -0.708815
-0.691841 0.137616 -0.708814
-0.691841 0.137616 -0.708814
-0.691841 0.137616 -0.708814
-0.705395 -0.000000 -0.708815
-0.691841 -0.137616 -0.708815
-0.691841 -0.137616 -0.708815
-0.705395 -0.000000 -0.708815
-0.705395 -0.000000 -0.708815
-0.705395 -0.000000 -0.708815
-0.691841 -0.137616 -0.708815
-0.651700 -0.269943 -0.708815
-0.651700 -0.269943 -0.708815
-0.691841 -0.137616 -0.708815
-0.691841 -0.137616 -0.708815
-0.691841 -0.137616 -0.708815
-0.651700 -0.269943 -0.708815
-0.586514 -0.391896 -0.708815
-0.586514 -0.391896 -0.708815
-0.651700 -0.269943 -0.708815
-0.651700 -0.269943 -0.708815
-0.651700 -0.269943 -0.708815
-0.586514 -0.391896 -0.708815
-0.498789 -0.498790 -0.708814
-0.498789 -0.498790 -0.708814
-0.586514 -0.391896 -0.708815
-0.586514 -0.391896 -0.708815
-0.586514 -0.391896 -0.708815
-0.498789 -0.498790 -0.708814
-0.391896 -0.586515 -0.708815
-0.391896 -0.586515 -0.708815
-0.498789 -0.498790 -0.708814
-0.498789 -0.498790 -0.708814
-0.498789 -0.498790 -0.708814
-0.391896 -0.586515 -0.708815
-0.269942 -0.651700 -0.708814
-0.269942 -0.651700 -0.708814
-0.391896 -0.586515 -0.708815
-0.391896 -0.586515 -0.708815
-0.391896 -0.586515 -0.708815
-0.269942 -0.651700 -0.708814
-0.137615 -0.691841 -0.708814
-0.137615 -0.691841 -0.708815
-0.269942 -0.651700 -0.708814
-0.269942 -0.651700 -0.708814
-0.269942 -0.651700 -0.708814
-0.137615 -0.691841 -0.708814
0.000001 -0.705395 -0.708815
0.000001 -0.705395 -0.708815
-0.137615 -0.691841 -0.708815
-0.137615 -0.691841 -0.708815
-0.137615 -0.691841 -0.708814
0.000001 -0.705395 -0.708815
0.137617 -0.691841 -0.708815
0.137617 -0.691841 -0.708815
0.000001 -0.705395 -0.708815
0.000001 -0.705395 -0.708815
0.000001 -0.705395 -0.708815
0.137617 -0.691841 -0.708815
0.269944 -0.651700 -0.708815
0.269944 -0.651700 -0.708815
0.137617 -0.691841 -0.708815
0.137617 -0.691841 -0.708815
0.137617 -0.691841 -0.708815
0.269944 -0.651700 -0.708815
0.391897 -0.586514 -0.708814
0.391898 -0.586514 -0.708814
0.269944 -0.651700 -0.708815
0.269944 -0.651700 -0.708815
0.269944 -0.651700 -0.708815
0.391897 -0.586514 -0.708814
0.498790 -0.498789 -0.708814
0.498790 -0.498789 -0.708814
0.391898 -0.586514 -0.708814
0.391898 -0.586514 -0.708814
0.391897 -0.586514 -0.708814
0.498790 -0.498789 -0.708814
0.586515 -0.391896 -0.708815
0.586515 -0.391896 -0.708815
0.498790 -0.498789 -0.708814
0.498790 -0.498789 -0.708814
0.498790 -0.498789 -0.708814
0.586515 -0.391896 -0.708815
0.651700 -0.269942 -0.708814
0.651700 -0.269942 -0.708814
0.586515 -0.391896 -0.708815
0.586515 -0.391896 -0.708815
0.586515 -0.391896 -0.708815
0.651700 -0.269942 -0.708814
0.691841 -0.137615 -0.708814
0.691841 -0.137615 -0.708814
0.651700 -0.269942 -0.708814
0.651700 -0.269942 -0.708814
0.651700 -0.269942 -0.708814
0.691841 -0.137615 -0.708814
0.705395 0.000000 -0.708815
0.705395 0.000000 -0.708815
0.691841 -0.137615 -0.708814
0.691841 -0.137615 -0.708814
0.691841 -0.137615 -0.708814
0.705395 0.000000 -0.708815
0.691841 0.137616 0.708815
0.691841 0.137616 0.708814
0.705395 0.000000 0.708815
0.705395 0.000000 0.708815
0.705395 0.000000 0.708815
0.691841 0.137616 0.708815
0.651700 0.269943 0.708815
0.651700 0.269943 0.708815
0.691841 0.137616 0.708814
0.691841 0.137616 0.708814
0.691841 0.137616 0.708815
0.651700 0.269943 0.708815
0.586514 0.391896 0.708815
0.586514 0.391896 0.708815
0.651700 0.269943 0.708815
0.651700 0.269943 0.708815
0.651700 0.269943 0.708815
0.586514 0.391896 0.708815
0.498790 0.498790 0.708814
0.498790 0.498790 0.708814
0.586514 0.391896 0.708815
0.586514 0.391896 0.708815
0.586514 0.391896 0.708815
0.498790 0.498790 0.708814
0.391896 0.586514 0.708815
0.391896 0.586514 0.708815
0.498790 0.498790 0.708814
0.498790 0.498790 0.708814
0.498790 0.498790 0.708814
0.391896 0.586514 0.708815
0.269943 0.651700 0.708815
0.269943 0.651700 0.708815
0.391896 0.586514 0.708815
0.391896 0.586514 0.708815
0.391896 0.586514 0.708815
0.269943 0.651700 0.708815
0.137616 0.691841 0.708815
0.137616 0.691841 0.708815
0.269943 0.651700 0.708815
0.269943 0.651700 0.708815
0.269943 0.651700 0.708815
0.137616 0.691841 0.708815
0.000000 0.705395 0.708815
0.000000 0.705395 0.708815
0.137616 0.691841 0.708815
0.137616 0.691841 0.708815
0.137616 0.691841 0.708815
0.000000 0.705395 0.708815
-0.137616 0.691841 0.708814
-0.137616 0.691841 0.708814
0.000000 0.705395 0.708815
0.000000 0.705395 0.708815
0.000000 0.705395 0.708815
-0.137616 0.691841 0.708814
-0.269943 0.651700 0.708815
-0.269943 0.651700 0.708815
-0.137616 0.691841 0.708814
-0.137616 0.691841 0.708814
-0.137616 0.691841 0.708814
-0.269943 0.651700 0.708815
-0.391896 0.586514 0.708815
-0.391896 0.586514 0.708815
-0.269943 0.651700 0.708815
-0.269943 0.651700 0.708815
-0.269943 0.651700 0.708815
-0.391896 0.586514 0.708815
-0.498790 0.498790 0.708814
-0.498790 0.498790 0.708814
-0.391896 0.586514 0.708815
-0.391896 0.586514 0.708815
-0.391896 0.586514 0.708815
-0.498790 0.498790 0.708814
-0.586514 0.391896 0.708815
-0.586514 0.391896 0.708815
-0.498790 0.498790 0.708814
-0.498790 0.498790 0.708814
-0.498790 0.498790 0.708814
-0.586514 0.391896 0.708815
-0.651700 0.269943 0.708815
-0.651700 0.269943 0.708815
-0.586514 0.391896 0.708815
-0.586514 0.391896 0.708815
-0.586514 0.391896 0.708815
-0.651700 0.269943 0.708815
-0.691841 0.137616 0.708814
-0.691841 0.137616 0.708814
-0.651700 0.269943 0.708815
-0.651700 0.269943 0.708815
-0.651700 0.269943 0.708815
-0.691841 0.137616 0.708814
-0.705395 -0.000000 0.708815
-0.705395 -0.000000 0.708815
-0.691841 0.137616 0.708814
-0.691841 0.137616 0.708814
-0.691841 0.137616 0.708814
-0.705395 -0.000000 0.708815
-0.691841 -0.137616 0.708815
-0.691841 -0.137616 0.708815
-0.705395 -0.000000 0.708815
-0.705395 -0.000000 0.708815
-0.705395 -0.000000 0.708815
-0.691841 -0.137616 0.708815
-0.651700 -0.269943 0.708815
-0.651700 -0.269943 0.708815
-0.691841 -0.137616 0.708815
-0.691841 -0.137616 0.708815
-0.691841 -0.137616 0.708815
-0.651700 -0.269943 0.708815
-0.586514 -0.391896 0.708815
-0.586514 -0.391897 0.708815
-0.651700 -0.269943 0.708815
-0.651700 -0.269943 0.708815
-0.651700 -0.269943 0.708815
-0.586514 -0.391896 0.708815
-0.498789 -0.498790 0.708815
-0.498789 -0.498790 0.708814
-0.586514 -0.391897 0.708815
-0.586514 -0.391897 0.708815
-0.586514 -0.391896 0.708815
-0.498789 -0.498790 0.708815
-0.391896 -0.586515 0.708815
-0.391896 -0.586515 0.708815
-0.498789 -0.498790 0.708814
-0.498789 -0.498790 0.708814
-0.498789 -0.498790 0.708815
-0.391896 -0.586515 0.708815
-0.269942 -0.651700 0.708814
-0.269942 -0.651700 0.708814
-0.391896 -0.586515 0.708815
-0.391896 -0.586515 0.708815
-0.391896 -0.586515 0.708815
-0.269942 -0.651700 0.708814
-0.137615 -0.691841 0.708814
-0.137615 -0.691841 0.708814
-0.269942 -0.651700 0.708814
-0.269942 -0.651700 0.708814
-0.269942 -0.651700 0.708814
-0.137615 -0.691841 0.708814
0.000001 -0.705395 0.708815
0.000001 -0.705395 0.708815
-0.137615 -0.691841 0.708814
-0.137615 -0.691841 0.708814
-0.137615 -0.691841 0.708814
0.000001 -0.705395 0.708815
0.137616 -0.691841 0.708815
0.137616 -0.691841 0.708815
0.000001 -0.705395 0.708815
0.000001 -0.705395 0.708815
0.000001 -0.705395 0.708815
0.137616 -0.691841 0.708815
0.269944 -0.651700 0.708815
0.269944 -0.651700 0.708815
0.137616 -0.691841 0.708815
0.137616 -0.691841 0.708815
0.137616 -0.691841 0.708815
0.269944 -0.651700 0.708815
0.391897 -0.586515 0.708814
0.391897 -0.586515 0.708814
0.269944 -0.651700 0.708815
0.269944 -0.651700 0.708815
0.269944 -0.651700 0.708815
0.391897 -0.586515 0.708814
0.498790 -0.498789 0.708814
0.498790 -0.498789 0.708814
0.391897 -0.586515 0.708814
0.391897 -0.586515 0.708814
0.391897 -0.586515 0.708814
0.498790 -0.498789 0.708814
0.586515 -0.391896 0.708815
0.586515 -0.391896 0.708815
0.498790 -0.498789 0.708814
0.498790 -0.498789 0.708814
0.498790 -0.498789 0.708814
0.586515 -0.391896 0.708815
0.651700 -0.269942 0.708814
0.651700 -0.269942 0.708814
0.586515 -0.391896 0.708815
0.586515 -0.391896 0.708815
0.586515 -0.391896 0.708815
0.651700 -0.269942 0.708814
0.691841 -0.137615 0.708814
0.691841 -0.137615 0.708814
0.651700 -0.269942 0.708814
0.651700 -0.269942 0.708814
0.651700 -0.269942 0.708814
0.691841 -0.137615 0.708814
0.705395 0.000000 0.708815
0.705395 0.000000 0.708815
0.691841 -0.137615 0.708814
0.691841 -0.137615 0.708814
0.691841 -0.137615 0.708814
0.705395 0.000000 0.708815
0.184925 0.982753 0.000000
0.195090 0.980785 0.000000
-0.000000 1.000000 0.000000
-0.000000 1.000000 0.000000
0.000000 1.000000 0.000000
0.184925 0.982753 0.000000
0.195090 0.980785 0.000000
0.184925 0.982753 0.000000
0.364361 0.931258 0.000000
0.364361 0.931258 0.000000
0.382683 0.923880 0.000000
0.195090 0.980785 0.000000
-0.195090 0.980785 0.000000
-0.382683 0.923880 0.000000
-0.364361 0.931258 0.000000
-0.364361 0.931258 0.000000
-0.184925 0.982753 0.000000
-0.195090 0.980785 0.000000
-0.000000 1.000000 0.000000
-0.195090 0.980785 0.000000
-0.184925 0.982753 0.000000
-0.184925 0.982753 0.000000
0.000000 1.000000 0.000000
-0.000000 1.000000 0.000000
0.532425 0.846478 0.000000
0.555570 0.831469 0.000000
0.382683 0.923880 0.000000
0.382683 0.923880 0.000000
0.364361 0.931258 0.000000
0.532425 0.846478 0.000000
-0.382683 0.923880 0.000000
-0.555570 0.831470 -0.000000
-0.532424 0.846478 0.000000
-0.532424 0.846478 0.000000
-0.364361 0.931258 0.000000
-0.382683 0.923880 0.000000
-0.555570 0.831470 -0.000000
-0.707107 0.707107 -0.000000
-0.690655 0.723185 -0.000000
-0.555570 0.831470 -0.000000
-0.690655 0.723185 -0.000000
-0.634393 0.773011 -0.000000
-0.555570 0.831470 -0.000000
-0.634393 0.773011 -0.000000
-0.532424 0.846478 0.000000
0.773010 0.634393 0.000000
0.822720 0.568447 0.000000
0.831469 0.555570 0.000000
0.773010 0.634393 0.000000
0.831469 0.555570 0.000000
0.707107 0.707107 0.000000
0.773010 0.634393 0.000000
0.707107 0.707107 0.000000
0.690655 0.723185 0.000000
-0.831470 0.555570 -0.000000
-0.923880 0.382683 -0.000000
-0.917175 0.398486 0.000000
-0.917175 0.398486 0.000000
-0.822720 0.568447 0.000000
-0.831470 0.555570 -0.000000
0.917174 0.398486 0.000000
0.923880 0.382683 0.000000
0.831469 0.555570 0.000000
0.831469 0.555570 0.000000
0.822720 0.568447 0.000000
0.917174 0.398486 0.000000
1.000000 0.000000 0.000000
1.000000 0.000000 0.000000
0.980785 0.195090 0.000000
0.980785 0.195090 0.000000
0.979594 0.200987 0.000000
1.000000 0.000000 0.000000
0.956940 0.290285 0.000000
0.979594 0.200987 0.000000
0.980785 0.195090 0.000000
0.956940 0.290285 0.000000
0.980785 0.195090 0.000000
0.923880 0.382683 0.000000
0.956940 0.290285 0.000000
0.923880 0.382683 0.000000
0.917174 0.398486 0.000000
-0.980785 0.195090 -0.000000
-1.000000 -0.000000 0.000000
-1.000000 -0.000000 0.000000
-1.000000 -0.000000 0.000000
-0.979594 0.200987 0.000000
-0.980785 0.195090 -0.000000
-1.000000 -0.000000 0.000000
-1.000000 -0.000000 0.000000
-0.980785 -0.195091 0.000000
-0.980785 -0.195091 0.000000
-0.979594 -0.200988 0.000000
-1.000000 -0.000000 0.000000
0.980786 -0.195089 -0.000000
1.000000 0.000000 0.000000
1.000000 0.000000 0.000000
1.000000 0.000000 0.000000
0.979594 -0.200986 0.000000
0.980786 -0.195089 -0.000000
-0.956940 -0.290285 0.000000
-0.979594 -0.200988 0.000000
-0.980785 -0.195091 0.000000
-0.956940 -0.290285 0.000000
-0.980785 -0.195091 0.000000
-0.923879 -0.382684 0.000000
-0.956940 -0.290285 0.000000
-0.923879 -0.382684 0.000000
-0.917174 -0.398486 0.000000
0.831470 -0.555569 0.000000
0.923880 -0.382682 -0.000000
0.917175 -0.398485 0.000000
0.917175 -0.398485 0.000000
0.822721 -0.568446 0.000000
0.831470 -0.555569 0.000000
-0.917174 -0.398486 0.000000
-0.923879 -0.382684 0.000000
-0.831469 -0.555571 0.000000
-0.831469 -0.555571 0.000000
-0.822719 -0.568448 0.000000
-0.917174 -0.398486 0.000000
-0.773010 -0.634394 0.000000
-0.822719 -0.568448 0.000000
-0.831469 -0.555571 0.000000
-0.773010 -0.634394 0.000000
-0.831469 -0.555571 0.000000
-0.707106 -0.707107 0.000000
-0.773010 -0.634394 0.000000
-0.707106 -0.707107 0.000000
-0.690654 -0.723185 0.000000
0.555571 -0.831469 0.000000
0.707108 -0.707106 0.000000
0.690656 -0.723184 0.000000
0.555571 -0.831469 0.000000
0.690656 -0.723184 0.000000
0.634395 -0.773009 0.000000
0.555571 -0.831469 0.000000
0.634395 -0.773009 0.000000
0.532424 -0.846478 0.000000
-0.532422 -0.846479 0.000000
-0.555570 -0.831470 0.000000
-0.382683 -0.923880 0.000000
-0.382683 -0.923880 0.000000
-0.364360 -0.931258 0.000000
-0.532422 -0.846479 0.000000
0.382685 -0.923879 0.000000
0.555571 -0.831469 0.000000
0.532424 -0.846478 0.000000
0.532424 -0.846478 0.000000
0.364362 -0.931257 0.000000
0.382685 -0.923879 0.000000
0.195091 -0.980785 0.000000
0.382685 -0.923879 0.000000
0.364362 -0.931257 0.000000
0.364362 -0.931257 0.000000
0.184926 -0.982753 0.000000
0.195091 -0.980785 0.000000
0.000001 -1.000000 0.000000
0.195091 -0.980785 0.000000
0.184926 -0.982753 0.000000
0.184926 -0.982753 0.000000
0.000001 -1.000000 0.000000
0.000001 -1.000000 0.000000
-0.184924 -0.982753 0.000000
-0.195090 -0.980785 0.000000
0.000001 -1.000000 0.000000
0.000001 -1.000000 0.000000
0.000001 -1.000000 0.000000
-0.184924 -0.982753 0.000000
-0.364360 -0.931258 0.000000
-0.382683 -0.923880 0.000000
-0.195090 -0.980785 0.000000
-0.195090 -0.980785 0.000000
-0.184924 -0.982753 0.000000
-0.364360 -0.931258 0.000000
0.000000 0.000000 -1.000000
0.000000 0.000000 -1.000000
0.000000 0.000000 -1.000000
0.000000 0.000000 -1.000000
0.000000 0.000000 -1.000000
0.000000 0.000000 -1.000000
0.000000 0.000000 -1.000000
0.000000 0.000000 -1.000000
0.000000 0.000000 -1.000000
0.000000 0.000000 -1.000000
0.000000 0.000000 -1.000000
0.000000 0.000000 -1.000000
0.000000 0.000000 -1.000000
0.000000 0.000000 -1.000000
0.000000 0.000000 -1.000000
0.000000 0.000000 -1.000000
0.000000 0.000000 -1.000000
0.000000 0.000000 -1.000000
0.000000 0.000000 -1.000000
0.000000 0.000000 -1.000000
0.000000 0.000000 -1.000000
0.000000 0.000000 -1.000000
0.000000 0.000000 -1.000000
0.000000 0.000000 -1.000000
0.000000 0.000000 -1.000000
0.000000 0.000000 -1.000000
0.000000 0.000000 -1.000000
0.000000 0.000000 -1.000000
0.000000 0.000000 -1.000000
0.000000 0.000000 -1.000000
0.000000 0.000000 -1.000000
0.000000 0.000000 -1.000000
0.000000 0.000000 -1.000000
0.000000 0.000000 -1.000000
0.000000 0.000000 -1.000000
0.000000 0.000000 -1.000000
0.000000 0.000000 -1.000000
0.000000 0.000000 -1.000000
0.000000 0.000000 -1.000000
0.000000 0.000000 -1.000000
0.000000 0.000000 -1.000000
0.000000 0.000000 -1.000000
0.000000 0.000000 -1.000000
0.000000 0.000000 -1.000000
0.000000 0.000000 -1.000000
0.000000 0.000000 -1.000000
0.000000 0.000000 -1.000000
0.000000 0.000000 -1.000000
0.000000 0.000000 -1.000000
0.000000 0.000000 -1.000000
0.000000 0.000000 -1.000000
0.000000 0.000000 -1.000000
0.000000 0.000000 -1.000000
0.000000 0.000000 -1.000000
0.000000 0.000000 -1.000000
0.000000 0.000000 -1.000000
0.000000 0.000000 -1.000000
0.000000 0.000000 -1.000000
0.000000 0.000000 -1.000000
0.000000 0.000000 -1.000000
0.000000 0.000000 -1.000000
0.000000 0.000000 -1.000000
0.000000 0.000000 -1.000000
0.000000 0.000000 -1.000000
0.000000 0.000000 -1.000000
0.000000 0.000000 -1.000000
0.000000 0.000000 -1.000000
0.000000 0.000000 -1.000000
0.000000 0.000000 -1.000000
0.000000 0.000000 -1.000000
0.000000 0.000000 -1.000000
0.000000 0.000000 -1.000000
0.000000 0.000000 -1.000000
0.000000 0.000000 -1.000000
0.000000 0.000000 -1.000000
0.000000 0.000000 -1.000000
0.000000 0.000000 -1.000000
0.000000 0.000000 -1.000000
0.000000 0.000000 -1.000000
0.000000 0.000000 -1.000000
0.000000 0.000000 -1.000000
0.000000 0.000000 -1.000000
0.000000 0.000000 -1.000000
0.000000 0.000000 -1.000000
0.000000 0.000000 -1.000000
0.000000 0.000000 -1.000000
0.000000 0.000000 -1.000000
0.000000 0.000000 -1.000000
0.000000 0.000000 -1.000000
0.000000 0.000000 -1.000000
0.690655 0.723185 0.000000
0.707107 0.707107 0.000000
0.555570 0.831469 0.000000
0.634394 0.773010 0.000000
0.690655 0.723185 0.000000
0.555570 0.831469 0.000000
0.634394 0.773010 0.000000
0.555570 0.831469 0.000000
0.532425 0.846478 0.000000
-0.831470 0.555570 -0.000000
-0.822720 0.568447 0.000000
-0.773011 0.634393 -0.000000
-0.707107 0.707107 -0.000000
-0.831470 0.555570 -0.000000
-0.773011 0.634393 -0.000000
-0.707107 0.707107 -0.000000
-0.773011 0.634393 -0.000000
-0.690655 0.723185 -0.000000
-0.980785 0.195090 -0.000000
-0.979594 0.200987 0.000000
-0.956940 0.290284 -0.000000
-0.923880 0.382683 -0.000000
-0.980785 0.195090 -0.000000
-0.956940 0.290284 -0.000000
-0.923880 0.382683 -0.000000
-0.956940 0.290284 -0.000000
-0.917175 0.398486 0.000000
0.980786 -0.195089 -0.000000
0.979594 -0.200986 0.000000
0.956941 -0.290283 -0.000000
0.923880 -0.382682 -0.000000
0.980786 -0.195089 -0.000000
0.956941 -0.290283 -0.000000
0.923880 -0.382682 -0.000000
0.956941 -0.290283 -0.000000
0.917175 -0.398485 0.000000
0.831470 -0.555569 0.000000
0.822721 -0.568446 0.000000
0.773011 -0.634392 0.000000
0.707108 -0.707106 0.000000
0.831470 -0.555569 0.000000
0.773011 -0.634392 0.000000
0.707108 -0.707106 0.000000
0.773011 -0.634392 0.000000
0.690656 -0.723184 0.000000
-0.690654 -0.723185 0.000000
-0.707106 -0.707107 0.000000
-0.555570 -0.831470 0.000000
-0.634393 -0.773011 0.000000
-0.690654 -0.723185 0.000000
-0.555570 -0.831470 0.000000
-0.634393 -0.773011 0.000000
-0.555570 -0.831470 0.000000
-0.532422 -0.846479 0.000000
0.000000 -0.177417 0.984136
0.000000 -0.177416 0.984136
0.000000 -0.098016 0.995185
0.000000 -0.098016 0.995185
0.000000 -0.177417 0.984136
0.000000 -0.098016 0.995185
-0.000000 0.000000 1.000000
0.000000 -0.098016 0.995185
0.000000 -0.098016 0.995185
-0.000000 0.000000 1.000000
0.000000 -0.098016 0.995185
0.000000 -0.000000 1.000000
-0.000000 0.177419 0.984135
-0.000001 0.177419 0.984135
-0.000000 0.098018 0.995185
-0.000000 0.098019 0.995185
-0.000000 0.177419 0.984135
-0.000000 0.098018 0.995185
-0.000000 0.098019 0.995185
-0.000000 0.098018 0.995185
-0.000000 0.000000 1.000000
-0.000000 0.098019 0.995185
-0.000000 0.000000 1.000000
0.000000 -0.000000 1.000000
-0.000091 0.290323 0.956929
-0.000008 0.290289 0.956939
-0.000001 0.177419 0.984135
-0.000007 0.345443 0.938440
-0.000091 0.290323 0.956929
-0.000001 0.177419 0.984135
0.000000 0.345439 0.938441
-0.000007 0.345443 0.938440
-0.000001 0.177419 0.984135
0.000000 0.290284 0.956941
0.000000 0.345439 0.938441
-0.000001 0.177419 0.984135
-0.000000 0.290283 0.956941
0.000000 0.290284 0.956941
-0.000001 0.177419 0.984135
-0.000000 0.290283 0.956941
-0.000001 0.177419 0.984135
-0.000000 0.177419 0.984135
0.000000 0.514704 0.857368
0.000001 0.514705 0.857367
-0.000000 0.471399 0.881920
0.000000 0.514704 0.857368
-0.000000 0.471399 0.881920
-0.000007 0.345443 0.938440
0.000000 0.471399 0.881920
0.000000 0.514704 0.857368
-0.000007 0.345443 0.938440
0.000000 0.471399 0.881920
-0.000007 0.345443 0.938440
0.000000 0.345439 0.938441
0.000001 0.634392 0.773012
-0.000002 0.634396 0.773009
0.000009 0.634379 0.773022
0.000001 0.634392 0.773012
0.000009 0.634379 0.773022
0.000001 0.514705 0.857367
0.000001 0.634391 0.773012
0.000001 0.634392 0.773012
0.000001 0.514705 0.857367
0.000000 0.634394 0.773010
0.000001 0.634391 0.773012
0.000001 0.514705 0.857367
-0.000000 0.634395 0.773009
0.000000 0.634394 0.773010
0.000001 0.514705 0.857367
-0.000000 0.634386 0.773016
-0.000000 0.634395 0.773009
0.000001 0.514705 0.857367
-0.000000 0.634386 0.773016
0.000001 0.514705 0.857367
0.000000 0.514704 0.857368
0.000069 -0.290314 0.956932
0.000001 -0.290286 0.956940
0.000000 -0.177416 0.984136
0.000005 -0.345441 0.938440
0.000069 -0.290314 0.956932
0.000000 -0.177416 0.984136
-0.000002 -0.345424 0.938447
0.000005 -0.345441 0.938440
0.000000 -0.177416 0.984136
-0.000001 -0.290277 0.956943
-0.000002 -0.345424 0.938447
0.000000 -0.177416 0.984136
0.000000 -0.290285 0.956940
-0.000001 -0.290277 0.956943
0.000000 -0.177416 0.984136
0.000000 -0.290285 0.956940
0.000000 -0.177416 0.984136
0.000000 -0.177417 0.984136
0.000000 -0.471397 0.881921
0.000005 -0.514700 0.857370
-0.000000 -0.514696 0.857373
-0.000002 -0.345424 0.938447
0.000000 -0.471397 0.881921
-0.000000 -0.514696 0.857373
-0.000002 -0.345424 0.938447
-0.000000 -0.514696 0.857373
-0.000000 -0.471397 0.881921
-0.000002 -0.345424 0.938447
-0.000000 -0.471397 0.881921
0.000005 -0.345441 0.938440
0.000049 -0.634324 0.773067
-0.000001 -0.634396 0.773008
0.000001 -0.634392 0.773012
0.000005 -0.514700 0.857370
0.000049 -0.634324 0.773067
0.000001 -0.634392 0.773012
0.000005 -0.514700 0.857370
0.000001 -0.634392 0.773012
-0.000001 -0.634395 0.773009
0.000005 -0.514700 0.857370
-0.000001 -0.634395 0.773009
-0.000000 -0.634394 0.773010
0.000005 -0.514700 0.857370
-0.000000 -0.634394 0.773010
-0.000000 -0.634395 0.773010
0.000005 -0.514700 0.857370
-0.000000 -0.634395 0.773010
-0.000000 -0.634360 0.773038
0.000005 -0.514700 0.857370
-0.000000 -0.634360 0.773038
-0.000000 -0.514696 0.857373
0.000000 0.000000 -1.000000
0.000000 0.000000 -1.000000
0.000000 0.000000 -1.000000
0.000000 0.000000 -1.000000
0.000000 0.000000 -1.000000
0.000000 0.000000 -1.000000
0.000000 0.000000 -1.000000
0.000000 0.000000 -1.000000
0.000000 0.000000 -1.000000
0.000000 0.000000 -1.000000
0.000000 0.000000 -1.000000
0.000000 0.000000 -1.000000
0.000000 0.000000 -1.000000
0.000000 0.000000 -1.000000
0.000000 0.000000 -1.000000
0.000000 0.000000 -1.000000
0.000000 0.000000 -1.000000
0.000000 0.000000 -1.000000
0.000000 0.000000 -1.000000
0.000000 0.000000 -1.000000
0.000000 0.000000 -1.000000
0.000000 0.000000 -1.000000
0.000000 0.000000 -1.000000
0.000000 0.000000 -1.000000
0.000000 0.000000 -1.000000
0.000000 0.000000 -1.000000
0.000000 0.000000 -1.000000
0.000000 0.000000 -1.000000
0.000000 0.000000 -1.000000
0.000000 0.000000 -1.000000
0.000000 0.000000 -1.000000
0.000000 0.000000 -1.000000
0.000000 0.000000 -1.000000
0.000000 0.000000 -1.000000
0.000000 0.000000 -1.000000
0.000000 0.000000 -1.000000
0.000000 0.000000 -1.000000
0.000000 0.000000 -1.000000
0.000000 0.000000 -1.000000
0.000000 0.000000 -1.000000
0.000000 0.000000 -1.000000
0.000000 0.000000 -1.000000
0.000000 0.000000 -1.000000
0.000000 0.000000 -1.000000
0.000000 0.000000 -1.000000
0.000000 0.000000 -1.000000
0.000000 0.000000 -1.000000
0.000000 0.000000 -1.000000
0.000000 0.000000 -1.000000
0.000000 0.000000 -1.000000
0.000000 0.000000 -1.000000
0.000000 0.000000 -1.000000
0.000000 0.000000 -1.000000
0.000000 0.000000 -1.000000
0.000000 0.000000 -1.000000
0.000000 0.000000 -1.000000
0.000000 0.000000 -1.000000
0.000000 0.000000 -1.000000
0.000000 0.000000 -1.000000
0.000000 0.000000 -1.000000
0.000000 0.000000 -1.000000
0.000000 0.000000 -1.000000
0.000000 0.000000 -1.000000
0.000000 0.000000 -1.000000
0.000000 0.000000 -1.000000
0.000000 0.000000 -1.000000
0.000000 0.000000 -1.000000
0.000000 0.000000 -1.000000
0.000000 0.000000 -1.000000
0.000000 0.000000 -1.000000
0.000000 0.000000 -1.000000
0.000000 0.000000 -1.000000
0.000000 0.000000 -1.000000
0.000000 0.000000 -1.000000
0.000000 0.000000 -1.000000
0.000000 0.000000 -1.000000
0.000000 0.000000 -1.000000
0.000000 0.000000 -1.000000
0.000000 0.000000 -1.000000
0.000000 0.000000 -1.000000
0.000000 0.000000 -1.000000
0.000000 0.000000 -1.000000
0.000000 0.000000 -1.000000
0.000000 0.000000 -1.000000
0.000000 0.000000 -1.000000
0.000000 0.000000 -1.000000
0.000000 0.000000 -1.000000
0.000000 0.000000 -1.000000
0.000000 0.000000 -1.000000
0.000000 0.000000 -1.000000
0.000000 0.000000 -1.000000
0.000000 0.000000 -1.000000
0.000000 0.000000 -1.000000
0.000000 0.000000 -1.000000
0.000000 0.000000 -1.000000
0.000000 0.000000 -1.000000
0.000000 0.000000 -1.000000
0.000000 0.000000 -1.000000
0.000000 0.000000 -1.000000
0.000000 0.000000 -1.000000
0.000000 0.000000 -1.000000
0.000000 0.000000 -1.000000
0.000000 0.000000 -1.000000
0.000000 0.000000 -1.000000
0.000000 0.000000 -1.000000
0.000000 0.000000 -1.000000
0.000000 0.000000 -1.000000
0.000000 0.000000 -1.000000
0.000000 0.000000 -1.000000
0.000000 0.000000 -1.000000
0.000000 0.000000 -1.000000
0.000000 0.000000 -1.000000
0.000000 0.000000 -1.000000
0.000000 0.000000 -1.000000
0.000000 0.000000 -1.000000
0.000000 0.000000 -1.000000
0.000000 0.000000 -1.000000
0.000000 0.000000 -1.000000
0.000000 0.000000 -1.000000
0.000000 0.000000 -1.000000
0.000000 0.000000 -1.000000
0.000000 0.000000 -1.000000
0.000000 0.000000 -1.000000
0.000000 0.000000 -1.000000
0.000000 0.000000 -1.000000
0.000000 0.000000 -1.000000
0.000000 0.000000 -1.000000
0.000000 0.000000 -1.000000
0.000000 0.000000 -1.000000
0.000000 0.000000 -1.000000
0.000000 0.000000 -1.000000
0.000000 0.000000 -1.000000
0.000000 0.000000 -1.000000
0.000000 0.000000 -1.000000
0.000000 0.000000 -1.000000
0.000000 0.000000 -1.000000
0.000000 0.000000 -1.000000
0.000000 0.000000 -1.000000
0.000000 0.000000 -1.000000
0.000000 0.000000 -1.000000
0.000000 0.000000 -1.000000
0.000000 0.000000 -1.000000
0.000000 0.000000 -1.000000
0.000000 0.000000 -1.000000
0.000000 0.000000 -1.000000
0.000000 0.000000 -1.000000
0.000000 0.000000 -1.000000
0.000000 0.000000 -1.000000
0.000000 0.000000 -1.000000
0.000000 0.000000 -1.000000
0.000000 0.000000 -1.000000
0.000000 0.000000 -1.000000
0.000000 0.000000 -1.000000
0.000000 0.000000 -1.000000
0.000000 0.000000 -1.000000
0.000000 0.000000 -1.000000
0.000000 0.000000 -1.000000
0.000000 0.000000 -1.000000
0.000000 0.000000 -1.000000
0.000000 0.000000 -1.000000
0.000000 0.000000 -1.000000
0.000000 0.000000 -1.000000
0.000000 0.000000 -1.000000
0.000000 0.000000 -1.000000
0.000000 0.000000 -1.000000
0.000000 0.000000 -1.000000
0.000000 0.000000 -1.000000
0.000000 0.000000 -1.000000
0.000000 0.000000 -1.000000
0.000000 0.000000 -1.000000
0.000000 0.000000 -1.000000
0.000000 0.000000 -1.000000
0.000000 0.000000 -1.000000
0.000000 0.000000 -1.000000
0.000000 0.000000 -1.000000
0.000000 0.000000 -1.000000
0.000000 0.000000 -1.000000
0.000000 0.000000 -1.000000
0.000000 0.000000 -1.000000
0.000000 0.000000 -1.000000
0.000000 0.000000 -1.000000
0.000000 0.000000 -1.000000
0.000000 0.000000 -1.000000
0.000000 0.000000 -1.000000
0.000000 0.000000 -1.000000
0.000000 0.000000 -1.000000
-0.000001 -1.000000 0.000000
0.098017 -0.995185 0.000000
0.096156 -0.976290 0.193935
0.096156 -0.976290 0.193935
-0.000001 -0.981015 0.193934
-0.000001 -1.000000 0.000000
0.098017 -0.995185 0.000000
0.195090 -0.980785 0.000000
0.191386 -0.962165 0.193934
0.191386 -0.962165 0.193934
0.096156 -0.976290 0.193935
0.098017 -0.995185 0.000000
0.195090 -0.980785 0.000000
0.290284 -0.956940 0.000000
0.284773 -0.938773 0.193933
0.284773 -0.938773 0.193933
0.191386 -0.962165 0.193934
0.195090 -0.980785 0.000000
0.290284 -0.956940 0.000000
0.382683 -0.923880 0.000000
0.375418 -0.906340 0.193933
0.375418 -0.906340 0.193933
0.284773 -0.938773 0.193933
0.290284 -0.956940 0.000000
0.382683 -0.923880 0.000000
0.471396 -0.881922 0.000000
0.462447 -0.865178 0.193935
0.462447 -0.865178 0.193935
0.375418 -0.906340 0.193933
0.382683 -0.923880 0.000000
0.471396 -0.881922 0.000000
0.555570 -0.831470 0.000000
0.545022 -0.815684 0.193935
0.545022 -0.815684 0.193935
0.462447 -0.865178 0.193935
0.471396 -0.881922 0.000000
0.555570 -0.831470 0.000000
0.634393 -0.773011 0.000000
0.622349 -0.758335 0.193935
0.622349 -0.758335 0.193935
0.545022 -0.815684 0.193935
0.555570 -0.831470 0.000000
0.634393 -0.773011 0.000000
0.707107 -0.707107 0.000000
0.693682 -0.693682 0.193935
0.693682 -0.693682 0.193935
0.622349 -0.758335 0.193935
0.634393 -0.773011 0.000000
0.707107 -0.707107 0.000000
0.773010 -0.634393 0.000000
0.758334 -0.622349 0.193935
0.758334 -0.622349 0.193935
0.693682 -0.693682 0.193935
0.707107 -0.707107 0.000000
0.773010 -0.634393 0.000000
0.831469 -0.555571 0.000000
0.815683 -0.545023 0.193935
0.815683 -0.545023 0.193935
0.758334 -0.622349 0.193935
0.773010 -0.634393 0.000000
0.831469 -0.555571 0.000000
0.881921 -0.471397 0.000000
0.865177 -0.462447 0.193935
0.865177 -0.462447 0.193935
0.815683 -0.545023 0.193935
0.831469 -0.555571 0.000000
0.881921 -0.471397 0.000000
0.923879 -0.382684 0.000000
0.906339 -0.375418 0.193933
0.906339 -0.375418 0.193933
0.865177 -0.462447 0.193935
0.881921 -0.471397 0.000000
0.923879 -0.382684 0.000000
0.956940 -0.290285 0.000000
0.938772 -0.284774 0.193933
0.938772 -0.284774 0.193933
0.906339 -0.375418 0.193933
0.923879 -0.382684 0.000000
0.956940 -0.290285 0.000000
0.980785 -0.195091 0.000000
0.962165 -0.191387 0.193934
0.962165 -0.191387 0.193934
0.938772 -0.284774 0.193933
0.956940 -0.290285 0.000000
0.980785 -0.195091 0.000000
0.995185 -0.098017 0.000000
0.976290 -0.096156 0.193935
0.976290 -0.096156 0.193935
0.962165 -0.191387 0.193934
0.980785 -0.195091 0.000000
0.995185 -0.098017 0.000000
1.000000 -0.000000 0.000000
0.981015 -0.000000 0.193934
0.981015 -0.000000 0.193934
0.976290 -0.096156 0.193935
0.995185 -0.098017 0.000000
1.000000 -0.000000 0.000000
0.995185 0.098017 0.000000
0.976290 0.096156 0.193935
0.976290 0.096156 0.193935
0.981015 -0.000000 0.193934
1.000000 -0.000000 0.000000
0.995185 0.098017 0.000000
0.980785 0.195090 0.000000
0.962165 0.191386 0.193934
0.962165 0.191386 0.193934
0.976290 0.096156 0.193935
0.995185 0.098017 0.000000
0.980785 0.195090 0.000000
0.956940 0.290285 0.000000
0.938773 0.284774 0.193933
0.938773 0.284774 0.193933
0.962165 0.191386 0.193934
0.980785 0.195090 0.000000
0.956940 0.290285 0.000000
0.923880 0.382683 0.000000
0.906340 0.375418 0.193933
0.906340 0.375418 0.193933
0.938773 0.284774 0.193933
0.956940 0.290285 0.000000
0.923880 0.382683 0.000000
0.881921 0.471397 0.000000
0.865178 0.462447 0.193935
0.865178 0.462447 0.193935
0.906340 0.375418 0.193933
0.923880 0.382683 0.000000
0.881921 0.471397 0.000000
0.831470 0.555570 0.000000
0.815684 0.545022 0.193935
0.815684 0.545022 0.193935
0.865178 0.462447 0.193935
0.881921 0.471397 0.000000
0.831470 0.555570 0.000000
0.773010 0.634393 0.000000
0.758334 0.622349 0.193935
0.758334 0.622349 0.193935
0.815684 0.545022 0.193935
0.831470 0.555570 0.000000
0.773010 0.634393 0.000000
0.707107 0.707107 0.000000
0.693682 0.693682 0.193935
0.693682 0.693682 0.193935
0.758334 0.622349 0.193935
0.773010 0.634393 0.000000
0.707107 0.707107 0.000000
0.634393 0.773010 0.000000
0.622349 0.758335 0.193935
0.622349 0.758335 0.193935
0.693682 0.693682 0.193935
0.707107 0.707107 0.000000
0.634393 0.773010 0.000000
0.555570 0.831470 0.000000
0.545022 0.815684 0.193935
0.545022 0.815684 0.193935
0.622349 0.758335 0.193935
0.634393 0.773010 0.000000
0.555570 0.831470 0.000000
0.471397 0.881921 0.000000
0.462447 0.865178 0.193935
0.462447 0.865178 0.193935
0.545022 0.815684 0.193935
0.555570 0.831470 0.000000
0.471397 0.881921 0.000000
0.382683 0.923880 0.000000
0.375418 0.906339 0.193933
0.375418 0.906339 0.193933
0.462447 0.865178 0.193935
0.471397 0.881921 0.000000
0.382683 0.923880 0.000000
0.290284 0.956941 0.000000
0.284773 0.938773 0.193933
0.284773 0.938773 0.193933
0.375418 0.906339 0.193933
0.382683 0.923880 0.000000
0.290284 0.956941 0.000000
0.195090 0.980785 0.000000
0.191386 0.962165 0.193934
0.191386 0.962165 0.193934
0.284773 0.938773 0.193933
0.290284 0.956941 0.000000
0.195090 0.980785 0.000000
0.098017 0.995185 0.000000
0.096156 0.976290 0.193935
0.096156 0.976290 0.193935
0.191386 0.962165 0.193934
0.195090 0.980785 0.000000
0.098017 0.995185 0.000000
-0.000001 1.000000 0.000000
-0.000001 0.981015 0.193934
-0.000001 0.981015 0.193934
0.096156 0.976290 0.193935
0.098017 0.995185 0.000000
-0.000001 1.000000 0.000000
-0.098017 0.995185 0.000000
-0.096156 0.976290 0.193935
-0.096156 0.976290 0.193935
-0.000001 0.981015 0.193934
-0.000001 1.000000 0.000000
-0.098017 0.995185 0.000000
-0.195091 0.980785 0.000000
-0.191387 0.962165 0.193934
-0.191387 0.962165 0.193934
-0.096156 0.976290 0.193935
-0.098017 0.995185 0.000000
-0.195091 0.980785 0.000000
-0.290285 0.956940 0.000000
-0.284774 0.938772 0.193933
-0.284774 0.938772 0.193933
-0.191387 0.962165 0.193934
-0.195091 0.980785 0.000000
-0.290285 0.956940 0.000000
-0.382684 0.923879 0.000000
-0.375418 0.906339 0.193933
-0.375418 0.906339 0.193933
-0.284774 0.938772 0.193933
-0.290285 0.956940 0.000000
-0.382684 0.923879 0.000000
-0.471397 0.881921 0.000000
-0.462447 0.865177 0.193935
-0.462447 0.865177 0.193935
-0.375418 0.906339 0.193933
-0.382684 0.923879 0.000000
-0.471397 0.881921 0.000000
-0.555571 0.831469 0.000000
-0.545023 0.815683 0.193935
-0.545023 0.815683 0.193935
-0.462447 0.865177 0.193935
-0.471397 0.881921 0.000000
-0.555571 0.831469 0.000000
-0.634394 0.773010 0.000000
-0.622349 0.758334 0.193935
-0.622349 0.758334 0.193935
-0.545023 0.815683 0.193935
-0.555571 0.831469 0.000000
-0.634394 0.773010 0.000000
-0.707107 0.707106 0.000000
-0.693683 0.693681 0.193935
-0.693683 0.693681 0.193935
-0.622349 0.758334 0.193935
-0.634394 0.773010 0.000000
-0.707107 0.707106 0.000000
-0.773011 0.634393 0.000000
-0.758335 0.622348 0.193935
-0.758335 0.622348 0.193935
-0.693683 0.693681 0.193935
-0.707107 0.707106 0.000000
-0.773011 0.634393 0.000000
-0.831470 0.555570 0.000000
-0.815684 0.545022 0.193935
-0.815684 0.545022 0.193935
-0.758335 0.622348 0.193935
-0.773011 0.634393 0.000000
-0.831470 0.555570 0.000000
-0.881921 0.471397 0.000000
-0.865178 0.462447 0.193935
-0.865178 0.462447 0.193935
-0.815684 0.545022 0.193935
-0.831470 0.555570 0.000000
-0.881921 0.471397 0.000000
-0.923880 0.382683 0.000000
-0.906339 0.375418 0.193934
-0.906339 0.375418 0.193934
-0.865178 0.462447 0.193935
-0.881921 0.471397 0.000000
-0.923880 0.382683 0.000000
-0.956940 0.290285 0.000000
-0.938773 0.284774 0.193933
-0.938773 0.284774 0.193933
-0.906339 0.375418 0.193934
-0.923880 0.382683 0.000000
-0.956940 0.290285 0.000000
-0.980785 0.195091 0.000000
-0.962165 0.191387 0.193934
-0.962165 0.191387 0.193934
-0.938773 0.284774 0.193933
-0.956940 0.290285 0.000000
-0.980785 0.195091 0.000000
-0.995185 0.098018 0.000000
-0.976290 0.096157 0.193935
-0.976290 0.096157 0.193935
-0.962165 0.191387 0.193934
-0.980785 0.195091 0.000000
-0.995185 0.098018 0.000000
-1.000000 0.000000 0.000000
-0.981015 0.000001 0.193934
-0.981015 0.000001 0.193934
-0.976290 0.096157 0.193935
-0.995185 0.098018 0.000000
-1.000000 0.000000 0.000000
-0.995185 -0.098016 0.000000
-0.976291 -0.096155 0.193935
-0.976291 -0.096155 0.193935
-0.981015 0.000001 0.193934
-1.000000 0.000000 0.000000
-0.995185 -0.098016 0.000000
-0.980786 -0.195089 0.000000
-0.962165 -0.191385 0.193934
-0.962165 -0.191385 0.193934
-0.976291 -0.096155 0.193935
-0.995185 -0.098016 0.000000
-0.980786 -0.195089 0.000000
-0.956941 -0.290283 0.000000
-0.938773 -0.284772 0.193933
-0.938773 -0.284772 0.193933
-0.962165 -0.191385 0.193934
-0.980786 -0.195089 0.000000
-0.956941 -0.290283 0.000000
-0.923880 -0.382682 0.000000
-0.906340 -0.375417 0.193933
-0.906340 -0.375417 0.193933
-0.938773 -0.284772 0.193933
-0.956941 -0.290283 0.000000
-0.923880 -0.382682 0.000000
-0.881922 -0.471395 0.000000
-0.865178 -0.462445 0.193935
-0.865178 -0.462445 0.193935
-0.906340 -0.375417 0.193933
-0.923880 -0.382682 0.000000
-0.881922 -0.471395 0.000000
-0.831471 -0.555568 0.000000
-0.815685 -0.545021 0.193935
-0.815685 -0.545021 0.193935
-0.865178 -0.462445 0.193935
-0.881922 -0.471395 0.000000
-0.831471 -0.555568 0.000000
-0.773012 -0.634392 0.000000
-0.758336 -0.622347 0.193935
-0.758336 -0.622347 0.193935
-0.815685 -0.545021 0.193935
-0.831471 -0.555568 0.000000
-0.773012 -0.634392 0.000000
-0.707108 -0.707105 0.000000
-0.693684 -0.693680 0.193935
-0.693684 -0.693680 0.193935
-0.758336 -0.622347 0.193935
-0.773012 -0.634392 0.000000
-0.707108 -0.707105 0.000000
-0.634395 -0.773009 0.000000
-0.622351 -0.758333 0.193935
-0.622351 -0.758333 0.193935
-0.693684 -0.693680 0.193935
-0.707108 -0.707105 0.000000
-0.634395 -0.773009 0.000000
-0.555573 -0.831468 0.000000
-0.545025 -0.815682 0.193935
-0.545025 -0.815682 0.193935
-0.622351 -0.758333 0.193935
-0.634395 -0.773009 0.000000
-0.555573 -0.831468 0.000000
-0.471399 -0.881920 0.000000
-0.462450 -0.865176 0.193935
-0.462450 -0.865176 0.193935
-0.545025 -0.815682 0.193935
-0.555573 -0.831468 0.000000
-0.471399 -0.881920 0.000000
-0.382687 -0.923878 0.000000
-0.375421 -0.906338 0.193934
-0.375421 -0.906338 0.193934
-0.462450 -0.865176 0.193935
-0.471399 -0.881920 0.000000
-0.382687 -0.923878 0.000000
-0.290288 -0.956939 0.000000
-0.284777 -0.938771 0.193934
-0.284777 -0.938771 0.193934
-0.375421 -0.906338 0.193934
-0.382687 -0.923878 0.000000
-0.290288 -0.956939 0.000000
-0.195094 -0.980785 0.000000
-0.191390 -0.962164 0.193934
-0.191390 -0.962164 0.193934
-0.284777 -0.938771 0.193934
-0.290288 -0.956939 0.000000
-0.195094 -0.980785 0.000000
-0.098020 -0.995184 0.000000
-0.096159 -0.976290 0.193935
-0.096159 -0.976290 0.193935
-0.191390 -0.962164 0.193934
-0.195094 -0.980785 0.000000
-0.098020 -0.995184 0.000000
-0.000001 -1.000000 0.000000
-0.000001 -0.981015 0.193934
-0.000001 -0.981015 0.193934
-0.096159 -0.976290 0.193935
-0.098020 -0.995184 0.000000
0.000000 0.000000 1.000000
0.000000 0.000000 1.000000
0.000000 0.000000 1.000000
0.000000 0.000000 1.000000
0.000000 0.000000 1.000000
0.000000 0.000000 1.000000
0.000000 0.000000 1.000000
0.000000 0.000000 1.000000
0.000000 0.000000 1.000000
0.000000 0.000000 1.000000
0.000000 0.000000 1.000000
0.000000 0.000000 1.000000
0.000000 0.000000 1.000000
0.000000 0.000000 1.000000
0.000000 0.000000 1.000000
0.000000 0.000000 1.000000
0.000000 0.000000 1.000000
0.000000 0.000000 1.000000
0.000000 0.000000 1.000000
0.000000 0.000000 1.000000
0.000000 0.000000 1.000000
0.000000 0.000000 1.000000
0.000000 0.000000 1.000000
0.000000 0.000000 1.000000
0.000000 0.000000 1.000000
0.000000 0.000000 1.000000
0.000000 0.000000 1.000000
0.000000 0.000000 1.000000
0.000000 0.000000 1.000000
0.000000 0.000000 1.000000
0.000000 0.000000 1.000000
0.000000 0.000000 1.000000
0.000000 0.000000 1.000000
0.000000 0.000000 1.000000
0.000000 0.000000 1.000000
0.000000 0.000000 1.000000
0.000000 0.000000 1.000000
0.000000 0.000000 1.000000
0.000000 0.000000 1.000000
0.000000 0.000000 1.000000
0.000000 0.000000 1.000000
0.000000 0.000000 1.000000
0.000000 0.000000 1.000000
0.000000 0.000000 1.000000
0.000000 0.000000 1.000000
0.000000 0.000000 1.000000
0.000000 0.000000 1.000000
0.000000 0.000000 1.000000
0.000000 0.000000 1.000000
0.000000 0.000000 1.000000
0.000000 0.000000 1.000000
0.000000 0.000000 1.000000
0.000000 0.000000 1.000000
0.000000 0.000000 1.000000
0.000000 0.000000 1.000000
0.000000 0.000000 1.000000
0.000000 0.000000 1.000000
0.000000 0.000000 1.000000
0.000000 0.000000 1.000000
0.000000 0.000000 1.000000
0.000000 0.000000 1.000000
0.000000 0.000000 1.000000
0.000000 0.000000 1.000000
0.000000 0.000000 1.000000
0.000000 0.000000 1.000000
0.000000 0.000000 1.000000
0.000000 0.000000 1.000000
0.000000 0.000000 1.000000
0.000000 0.000000 1.000000
0.000000 0.000000 1.000000
0.000000 0.000000 1.000000
0.000000 0.000000 1.000000
0.000000 0.000000 1.000000
0.000000 0.000000 1.000000
0.000000 0.000000 1.000000
0.000000 0.000000 1.000000
0.000000 0.000000 1.000000
0.000000 0.000000 1.000000
0.000000 0.000000 1.000000
0.000000 0.000000 1.000000
0.000000 0.000000 1.000000
0.000000 0.000000 1.000000
0.000000 0.000000 1.000000
0.000000 0.000000 1.000000
0.000000 0.000000 1.000000
0.000000 0.000000 1.000000
0.000000 0.000000 1.000000
0.000000 0.000000 1.000000
0.000000 0.000000 1.000000
0.000000 0.000000 1.000000
0.000000 0.000000 1.000000
0.000000 0.000000 1.000000
0.000000 0.000000 1.000000
0.000000 0.000000 1.000000
0.000000 0.000000 1.000000
0.000000 0.000000 1.000000
0.000000 0.000000 1.000000
0.000000 0.000000 1.000000
0.000000 0.000000 1.000000
0.000000 0.000000 1.000000
0.000000 0.000000 1.000000
0.000000 0.000000 1.000000
0.000000 0.000000 1.000000
0.000000 0.000000 1.000000
0.000000 0.000000 1.000000
0.000000 0.000000 1.000000
0.000000 0.000000 1.000000
0.000000 0.000000 1.000000
0.000000 0.000000 1.000000
0.000000 0.000000 1.000000
0.000000 0.000000 1.000000
0.000000 0.000000 1.000000
0.000000 0.000000 1.000000
0.000000 0.000000 1.000000
0.000000 0.000000 1.000000
0.000000 0.000000 1.000000
0.000000 0.000000 1.000000
0.000000 0.000000 1.000000
0.000000 0.000000 1.000000
0.000000 0.000000 1.000000
0.000000 0.000000 1.000000
0.000000 0.000000 1.000000
0.000000 0.000000 1.000000
0.000000 0.000000 1.000000
0.000000 0.000000 1.000000
0.000000 0.000000 1.000000
0.000000 0.000000 1.000000
0.000000 0.000000 1.000000
0.000000 0.000000 1.000000
0.000000 0.000000 1.000000
0.000000 0.000000 1.000000
0.000000 0.000000 1.000000
0.000000 0.000000 1.000000
0.000000 0.000000 1.000000
0.000000 0.000000 1.000000
0.000000 0.000000 1.000000
0.000000 0.000000 1.000000
0.000000 0.000000 1.000000
0.000000 0.000000 1.000000
0.000000 0.000000 1.000000
0.000000 0.000000 1.000000
0.000000 0.000000 1.000000
0.000000 0.000000 1.000000
0.000000 0.000000 1.000000
0.000000 0.000000 1.000000
0.000000 0.000000 1.000000
0.000000 0.000000 1.000000
0.000000 0.000000 1.000000
0.000000 0.000000 1.000000
0.000000 0.000000 1.000000
0.000000 0.000000 1.000000
0.000000 0.000000 1.000000
0.000000 0.000000 1.000000
0.000000 0.000000 1.000000
0.000000 0.000000 1.000000
0.000000 0.000000 1.000000
0.000000 0.000000 1.000000
0.000000 0.000000 1.000000
0.000000 0.000000 1.000000
0.000000 0.000000 1.000000
0.000000 0.000000 1.000000
0.000000 0.000000 1.000000
0.000000 0.000000 1.000000
0.000000 0.000000 1.000000
0.000000 0.000000 1.000000
0.000000 0.000000 1.000000
0.000000 0.000000 1.000000
0.000000 0.000000 1.000000
0.000000 0.000000 1.000000
0.000000 0.000000 1.000000
0.000000 0.000000 1.000000
0.000000 0.000000 1.000000
0.000000 0.000000 1.000000
0.000000 0.000000 1.000000
0.000000 0.000000 1.000000
0.000000 0.000000 1.000000
0.000000 0.000000 1.000000
0.000000 0.000000 1.000000
0.000000 0.000000 1.000000
0.000000 0.000000 1.000000
0.000000 0.000000 1.000000
0.000000 0.000000 1.000000
0.000000 0.000000 1.000000
0.000000 0.000000 1.000000
0.000000 0.000000 1.000000
0.000000 0.000000 1.000000
-0.000000 -0.200940 0.979603
0.019696 -0.199973 0.979604
0.000000 0.000000 1.000000
0.000000 0.000000 1.000000
0.000000 0.000000 1.000000
-0.000000 -0.200940 0.979603
0.019696 -0.199973 0.979604
0.039201 -0.197079 0.979604
0.000000 0.000000 1.000000
0.000000 0.000000 1.000000
0.000000 0.000000 1.000000
0.019696 -0.199973 0.979604
0.039201 -0.197079 0.979604
0.058330 -0.192288 0.979604
0.000000 0.000000 1.000000
0.000000 0.000000 1.000000
0.000000 0.000000 1.000000
0.039201 -0.197079 0.979604
0.058330 -0.192288 0.979604
0.076896 -0.185645 0.979603
0.000000 0.000000 1.000000
0.000000 0.000000 1.000000
0.000000 0.000000 1.000000
0.058330 -0.192288 0.979604
0.076896 -0.185645 0.979603
0.094722 -0.177213 0.979604
0.000000 0.000000 1.000000
0.000000 0.000000 1.000000
0.000000 0.000000 1.000000
0.076896 -0.185645 0.979603
0.094722 -0.177213 0.979604
0.111635 -0.167074 0.979604
0.000000 0.000000 1.000000
0.000000 0.000000 1.000000
0.000000 0.000000 1.000000
0.094722 -0.177213 0.979604
0.111635 -0.167074 0.979604
0.127475 -0.155329 0.979604
0.000000 0.000000 1.000000
0.000000 0.000000 1.000000
0.000000 0.000000 1.000000
0.111635 -0.167074 0.979604
0.127475 -0.155329 0.979604
0.142086 -0.142086 0.979603
0.000000 0.000000 1.000000
0.000000 0.000000 1.000000
0.000000 0.000000 1.000000
0.127475 -0.155329 0.979604
0.142086 -0.142086 0.979603
0.155328 -0.127475 0.979604
0.000000 0.000000 1.000000
0.000000 0.000000 1.000000
0.000000 0.000000 1.000000
0.142086 -0.142086 0.979603
0.155328 -0.127475 0.979604
0.167076 -0.111637 0.979603
0.000000 0.000000 1.000000
0.000000 0.000000 1.000000
0.000000 0.000000 1.000000
0.155328 -0.127475 0.979604
0.167076 -0.111637 0.979603
0.177213 -0.094722 0.979604
0.000000 0.000000 1.000000
0.000000 0.000000 1.000000
0.000000 0.000000 1.000000
0.167076 -0.111637 0.979603
0.177213 -0.094722 0.979604
0.185644 -0.076896 0.979604
0.000000 0.000000 1.000000
0.000000 0.000000 1.000000
0.000000 0.000000 1.000000
0.177213 -0.094722 0.979604
0.185644 -0.076896 0.979604
0.192288 -0.058330 0.979603
0.000000 0.000000 1.000000
0.000000 0.000000 1.000000
0.000000 0.000000 1.000000
0.185644 -0.076896 0.979604
0.192288 -0.058330 0.979603
0.197079 -0.039202 0.979604
0.000000 0.000000 1.000000
0.000000 0.000000 1.000000
0.000000 0.000000 1.000000
0.192288 -0.058330 0.979603
0.197079 -0.039202 0.979604
0.199973 -0.019696 0.979603
0.000000 0.000000 1.000000
0.000000 0.000000 1.000000
0.000000 0.000000 1.000000
0.197079 -0.039202 0.979604
0.199973 -0.019696 0.979603
0.200940 0.000000 0.979603
0.000000 0.000000 1.000000
0.000000 0.000000 1.000000
0.000000 0.000000 1.000000
0.199973 -0.019696 0.979603
0.200940 0.000000 0.979603
0.199973 0.019695 0.979603
0.000000 0.000000 1.000000
0.000000 0.000000 1.000000
0.000000 0.000000 1.000000
0.200940 0.000000 0.979603
0.199973 0.019695 0.979603
0.197079 0.039202 0.979604
0.000000 0.000000 1.000000
0.000000 0.000000 1.000000
0.000000 0.000000 1.000000
0.199973 0.019695 0.979603
0.197079 0.039202 0.979604
0.192288 0.058330 0.979604
0.000000 0.000000 1.000000
0.000000 0.000000 1.000000
0.000000 0.000000 1.000000
0.197079 0.039202 0.979604
0.192288 0.058330 0.979604
0.185645 0.076896 0.979603
0.000000 0.000000 1.000000
0.000000 0.000000 1.000000
0.000000 0.000000 1.000000
0.192288 0.058330 0.979604
0.185645 0.076896 0.979603
0.177213 0.094722 0.979604
0.000000 0.000000 1.000000
0.000000 0.000000 1.000000
0.000000 0.000000 1.000000
0.185645 0.076896 0.979603
0.177213 0.094722 0.979604
0.167074 0.111635 0.979604
0.000000 0.000000 1.000000
0.000000 0.000000 1.000000
0.000000 0.000000 1.000000
0.177213 0.094722 0.979604
0.167074 0.111635 0.979604
0.155329 0.127475 0.979604
0.000000 0.000000 1.000000
0.000000 0.000000 1.000000
0.000000 0.000000 1.000000
0.167074 0.111635 0.979604
0.155329 0.127475 0.979604
0.142086 0.142086 0.979603
0.000000 0.000000 1.000000
0.000000 0.000000 1.000000
0.000000 0.000000 1.000000
0.155329 0.127475 0.979604
0.142086 0.142086 0.979603
0.127475 0.155328 0.979604
0.000000 0.000000 1.000000
0.000000 0.000000 1.000000
0.000000 0.000000 1.000000
0.142086 0.142086 0.979603
0.127475 0.155328 0.979604
0.111637 0.167076 0.979603
0.000000 0.000000 1.000000
0.000000 0.000000 1.000000
0.000000 0.000000 1.000000
0.127475 0.155328 0.979604
0.111637 0.167076 0.979603
0.094723 0.177213 0.979603
0.000000 0.000000 1.000000
0.000000 0.000000 1.000000
0.000000 0.000000 1.000000
0.111637 0.167076 0.979603
0.094723 0.177213 0.979603
0.076896 0.185645 0.979603
0.000000 0.000000 1.000000
0.000000 0.000000 1.000000
0.000000 0.000000 1.000000
0.094723 0.177213 0.979603
0.076896 0.185645 0.979603
0.058330 0.192288 0.979603
0.000000 0.000000 1.000000
0.000000 0.000000 1.000000
0.000000 0.000000 1.000000
0.076896 0.185645 0.979603
0.058330 0.192288 0.979603
0.039201 0.197079 0.979603
0.000000 0.000000 1.000000
0.000000 0.000000 1.000000
0.000000 0.000000 1.000000
0.058330 0.192288 0.979603
0.039201 0.197079 0.979603
0.019696 0.199973 0.979603
0.000000 0.000000 1.000000
0.000000 0.000000 1.000000
0.000000 0.000000 1.000000
0.039201 0.197079 0.979603
0.019696 0.199973 0.979603
-0.000000 0.200940 0.979604
0.000000 0.000000 1.000000
0.000000 0.000000 1.000000
0.000000 0.000000 1.000000
0.019696 0.199973 0.979603
-0.000000 0.200940 0.979604
-0.019696 0.199973 0.979604
0.000000 0.000000 1.000000
0.000000 0.000000 1.000000
0.000000 0.000000 1.000000
-0.000000 0.200940 0.979604
-0.019696 0.199973 0.979604
-0.039202 0.197079 0.979604
0.000000 0.000000 1.000000
0.000000 0.000000 1.000000
0.000000 0.000000 1.000000
-0.019696 0.199973 0.979604
-0.039202 0.197079 0.979604
-0.058330 0.192288 0.979604
0.000000 0.000000 1.000000
0.000000 0.000000 1.000000
0.000000 0.000000 1.000000
-0.039202 0.197079 0.979604
-0.058330 0.192288 0.979604
-0.076897 0.185645 0.979603
0.000000 0.000000 1.000000
0.000000 0.000000 1.000000
0.000000 0.000000 1.000000
-0.058330 0.192288 0.979604
-0.076897 0.185645 0.979603
-0.094722 0.177213 0.979604
0.000000 0.000000 1.000000
0.000000 0.000000 1.000000
0.000000 0.000000 1.000000
-0.076897 0.185645 0.979603
-0.094722 0.177213 0.979604
-0.111636 0.167074 0.979604
0.000000 0.000000 1.000000
0.000000 0.000000 1.000000
0.000000 0.000000 1.000000
-0.094722 0.177213 0.979604
-0.111636 0.167074 0.979604
-0.127476 0.155330 0.979603
0.000000 0.000000 1.000000
0.000000 0.000000 1.000000
0.000000 0.000000 1.000000
-0.111636 0.167074 0.979604
-0.127476 0.155330 0.979603
-0.142086 0.142086 0.979603
0.000000 0.000000 1.000000
0.000000 0.000000 1.000000
0.000000 0.000000 1.000000
-0.127476 0.155330 0.979603
-0.142086 0.142086 0.979603
-0.155329 0.127475 0.979604
0.000000 0.000000 1.000000
0.000000 0.000000 1.000000
0.000000 0.000000 1.000000
-0.142086 0.142086 0.979603
-0.155329 0.127475 0.979604
-0.167076 0.111636 0.979603
0.000000 0.000000 1.000000
0.000000 0.000000 1.000000
0.000000 0.000000 1.000000
-0.155329 0.127475 0.979604
-0.167076 0.111636 0.979603
-0.177213 0.094722 0.979604
0.000000 0.000000 1.000000
0.000000 0.000000 1.000000
0.000000 0.000000 1.000000
-0.167076 0.111636 0.979603
-0.177213 0.094722 0.979604
-0.185645 0.076896 0.979604
0.000000 0.000000 1.000000
0.000000 0.000000 1.000000
0.000000 0.000000 1.000000
-0.177213 0.094722 0.979604
-0.185645 0.076896 0.979604
-0.192288 0.058330 0.979603
0.000000 0.000000 1.000000
0.000000 0.000000 1.000000
0.000000 0.000000 1.000000
-0.185645 0.076896 0.979604
-0.192288 0.058330 0.979603
-0.197079 0.039202 0.979604
0.000000 0.000000 1.000000
0.000000 0.000000 1.000000
0.000000 0.000000 1.000000
-0.192288 0.058330 0.979603
-0.197079 0.039202 0.979604
-0.199973 0.019696 0.979603
0.000000 0.000000 1.000000
0.000000 0.000000 1.000000
0.000000 0.000000 1.000000
-0.197079 0.039202 0.979604
-0.199973 0.019696 0.979603
-0.200940 0.000000 0.979604
0.000000 0.000000 1.000000
0.000000 0.000000 1.000000
0.000000 0.000000 1.000000
-0.199973 0.019696 0.979603
-0.200940 0.000000 0.979604
-0.199973 -0.019695 0.979603
0.000000 0.000000 1.000000
0.000000 0.000000 1.000000
0.000000 0.000000 1.000000
-0.200940 0.000000 0.979604
-0.199973 -0.019695 0.979603
-0.197079 -0.039201 0.979604
0.000000 0.000000 1.000000
0.000000 0.000000 1.000000
0.000000 0.000000 1.000000
-0.199973 -0.019695 0.979603
-0.197079 -0.039201 0.979604
-0.192288 -0.058329 0.979603
0.000000 0.000000 1.000000
0.000000 0.000000 1.000000
0.000000 0.000000 1.000000
-0.197079 -0.039201 0.979604
-0.192288 -0.058329 0.979603
-0.185645 -0.076896 0.979603
0.000000 0.000000 1.000000
0.000000 0.000000 1.000000
0.000000 0.000000 1.000000
-0.192288 -0.058329 0.979603
-0.185645 -0.076896 0.979603
-0.177214 -0.094722 0.979604
0.000000 0.000000 1.000000
0.000000 0.000000 1.000000
0.000000 0.000000 1.000000
-0.185645 -0.076896 0.979603
-0.177214 -0.094722 0.979604
-0.167074 -0.111635 0.979604
0.000000 0.000000 1.000000
0.000000 0.000000 1.000000
0.000000 0.000000 1.000000
-0.177214 -0.094722 0.979604
-0.167074 -0.111635 0.979604
-0.155329 -0.127475 0.979604
0.000000 0.000000 1.000000
0.000000 0.000000 1.000000
0.000000 0.000000 1.000000
-0.167074 -0.111635 0.979604
-0.155329 -0.127475 0.979604
-0.142087 -0.142086 0.979603
0.000000 0.000000 1.000000
0.000000 0.000000 1.000000
0.000000 0.000000 1.000000
-0.155329 -0.127475 0.979604
-0.142087 -0.142086 0.979603
-0.127476 -0.155329 0.979603
0.000000 0.000000 1.000000
0.000000 0.000000 1.000000
0.000000 0.000000 1.000000
-0.142087 -0.142086 0.979603
-0.127476 -0.155329 0.979603
-0.111637 -0.167075 0.979603
0.000000 0.000000 1.000000
0.000000 0.000000 1.000000
0.000000 0.000000 1.000000
-0.127476 -0.155329 0.979603
-0.111637 -0.167075 0.979603
-0.094723 -0.177213 0.979604
0.000000 0.000000 1.000000
0.000000 0.000000 1.000000
0.000000 0.000000 1.000000
-0.111637 -0.167075 0.979603
-0.094723 -0.177213 0.979604
-0.076897 -0.185644 0.979604
0.000000 0.000000 1.000000
0.000000 0.000000 1.000000
0.000000 0.000000 1.000000
-0.094723 -0.177213 0.979604
-0.076897 -0.185644 0.979604
-0.058331 -0.192288 0.979604
0.000000 0.000000 1.000000
0.000000 0.000000 1.000000
0.000000 0.000000 1.000000
-0.076897 -0.185644 0.979604
-0.058331 -0.192288 0.979604
-0.039202 -0.197079 0.979604
0.000000 0.000000 1.000000
0.000000 0.000000 1.000000
0.000000 0.000000 1.000000
-0.058331 -0.192288 0.979604
-0.039202 -0.197079 0.979604
-0.019696 -0.199973 0.979603
0.000000 0.000000 1.000000
0.000000 0.000000 1.000000
0.000000 0.000000 1.000000
-0.039202 -0.197079 0.979604
-0.019696 -0.199973 0.979603
-0.000000 -0.200940 0.979603
0.000000 0.000000 1.000000
0.000000 0.000000 1.000000
0.000000 0.000000 1.000000
-0.019696 -0.199973 0.979603
-0.000000 -0.559756 0.828657
-0.000001 -0.833333 0.552772
0.081681 -0.829319 0.552773
0.081681 -0.829319 0.552773
0.054865 -0.557061 0.828657
-0.000000 -0.559756 0.828657
0.054865 -0.557061 0.828657
0.081681 -0.829319 0.552773
0.162575 -0.817321 0.552772
0.162575 -0.817321 0.552772
0.109203 -0.549001 0.828657
0.054865 -0.557061 0.828657
0.109203 -0.549001 0.828657
0.162575 -0.817321 0.552772
0.241903 -0.797450 0.552772
0.241903 -0.797450 0.552772
0.162488 -0.535653 0.828658
0.109203 -0.549001 0.828657
0.162488 -0.535653 0.828658
0.241903 -0.797450 0.552772
0.318902 -0.769899 0.552772
0.318902 -0.769899 0.552772
0.214209 -0.517147 0.828657
0.162488 -0.535653 0.828658
0.214209 -0.517147 0.828657
0.318902 -0.769899 0.552772
0.392830 -0.734933 0.552773
0.392830 -0.734933 0.552773
0.263867 -0.493661 0.828658
0.214209 -0.517147 0.828657
0.263867 -0.493661 0.828658
0.392830 -0.734933 0.552773
0.462974 -0.692891 0.552773
0.462974 -0.692891 0.552773
0.310983 -0.465419 0.828658
0.263867 -0.493661 0.828658
0.310983 -0.465419 0.828658
0.462974 -0.692891 0.552773
0.528660 -0.644175 0.552772
0.528660 -0.644175 0.552772
0.355105 -0.432698 0.828657
0.310983 -0.465419 0.828658
0.355105 -0.432698 0.828657
0.528660 -0.644175 0.552772
0.589255 -0.589255 0.552773
0.589255 -0.589255 0.552773
0.395808 -0.395808 0.828657
0.355105 -0.432698 0.828657
0.395808 -0.395808 0.828657
0.589255 -0.589255 0.552773
0.644174 -0.528661 0.552772
0.644174 -0.528661 0.552772
0.432697 -0.355106 0.828657
0.395808 -0.395808 0.828657
0.432697 -0.355106 0.828657
0.644174 -0.528661 0.552772
0.692890 -0.462975 0.552773
0.692890 -0.462975 0.552773
0.465420 -0.310984 0.828657
0.432697 -0.355106 0.828657
0.465420 -0.310984 0.828657
0.692890 -0.462975 0.552773
0.734933 -0.392830 0.552773
0.734933 -0.392830 0.552773
0.493661 -0.263867 0.828657
0.465420 -0.310984 0.828657
0.493661 -0.263867 0.828657
0.734933 -0.392830 0.552773
0.769899 -0.318903 0.552772
0.769899 -0.318903 0.552772
0.517147 -0.214209 0.828658
0.493661 -0.263867 0.828657
0.517147 -0.214209 0.828658
0.769899 -0.318903 0.552772
0.797449 -0.241904 0.552772
0.797449 -0.241904 0.552772
0.535653 -0.162489 0.828658
0.517147 -0.214209 0.828658
0.535653 -0.162489 0.828658
0.797449 -0.241904 0.552772
0.817320 -0.162575 0.552772
0.817320 -0.162575 0.552772
0.549001 -0.109203 0.828657
0.535653 -0.162489 0.828658
0.549001 -0.109203 0.828657
0.817320 -0.162575 0.552772
0.829319 -0.081681 0.552773
0.829319 -0.081681 0.552773
0.557061 -0.054866 0.828657
0.549001 -0.109203 0.828657
0.557061 -0.054866 0.828657
0.829319 -0.081681 0.552773
0.833333 -0.000000 0.552772
0.833333 -0.000000 0.552772
0.559756 0.000000 0.828657
0.557061 -0.054866 0.828657
0.559756 0.000000 0.828657
0.833333 -0.000000 0.552772
0.829319 0.081681 0.552773
0.829319 0.081681 0.552773
0.557061 0.054865 0.828657
0.559756 0.000000 0.828657
0.557061 0.054865 0.828657
0.829319 0.081681 0.552773
0.817321 0.162575 0.552772
0.817321 0.162575 0.552772
0.549001 0.109203 0.828658
0.557061 0.054865 0.828657
0.549001 0.109203 0.828658
0.817321 0.162575 0.552772
0.797449 0.241904 0.552772
0.797449 0.241904 0.552772
0.535653 0.162489 0.828658
0.549001 0.109203 0.828658
0.535653 0.162489 0.828658
0.797449 0.241904 0.552772
0.769899 0.318902 0.552772
0.769899 0.318902 0.552772
0.517147 0.214209 0.828657
0.535653 0.162489 0.828658
0.517147 0.214209 0.828657
0.769899 0.318902 0.552772
0.734933 0.392830 0.552773
0.734933 0.392830 0.552773
0.493661 0.263867 0.828657
0.517147 0.214209 0.828657
0.493661 0.263867 0.828657
0.734933 0.392830 0.552773
0.692890 0.462974 0.552773
0.692890 0.462974 0.552773
0.465419 0.310983 0.828658
0.493661 0.263867 0.828657
0.465419 0.310983 0.828658
0.692890 0.462974 0.552773
0.644174 0.528660 0.552772
0.644174 0.528660 0.552772
0.432697 0.355105 0.828657
0.465419 0.310983 0.828658
0.432697 0.355105 0.828657
0.644174 0.528660 0.552772
0.589255 0.589255 0.552772
0.589255 0.589255 0.552772
0.395808 0.395808 0.828657
0.432697 0.355105 0.828657
0.395808 0.395808 0.828657
0.589255 0.589255 0.552772
0.528660 0.644175 0.552772
0.528660 0.644175 0.552772
0.355105 0.432697 0.828657
0.395808 0.395808 0.828657
0.355105 0.432697 0.828657
0.528660 0.644175 0.552772
0.462974 0.692890 0.552773
0.462974 0.692890 0.552773
0.310984 0.465421 0.828657
0.355105 0.432697 0.828657
0.310984 0.465421 0.828657
0.462974 0.692890 0.552773
0.392830 0.734933 0.552773
0.392830 0.734933 0.552773
0.263867 0.493661 0.828657
0.310984 0.465421 0.828657
0.263867 0.493661 0.828657
0.392830 0.734933 0.552773
0.318903 0.769899 0.552772
0.318903 0.769899 0.552772
0.214209 0.517147 0.828658
0.263867 0.493661 0.828657
0.214209 0.517147 0.828658
0.318903 0.769899 0.552772
0.241903 0.797450 0.552772
0.241903 0.797450 0.552772
0.162488 0.535653 0.828658
0.214209 0.517147 0.828658
0.162488 0.535653 0.828658
0.241903 0.797450 0.552772
0.162575 0.817321 0.552772
0.162575 0.817321 0.552772
0.109203 0.549001 0.828657
0.162488 0.535653 0.828658
0.109203 0.549001 0.828657
0.162575 0.817321 0.552772
0.081681 0.829319 0.552773
0.081681 0.829319 0.552773
0.054866 0.557061 0.828657
0.109203 0.549001 0.828657
0.054866 0.557061 0.828657
0.081681 0.829319 0.552773
-0.000001 0.833333 0.552772
-0.000001 0.833333 0.552772
-0.000001 0.559756 0.828658
0.054866 0.557061 0.828657
-0.000001 0.559756 0.828658
-0.000001 0.833333 0.552772
-0.081681 0.829319 0.552773
-0.081681 0.829319 0.552773
-0.054866 0.557061 0.828657
-0.000001 0.559756 0.828658
-0.054866 0.557061 0.828657
-0.081681 0.829319 0.552773
-0.162575 0.817321 0.552772
-0.162575 0.817321 0.552772
-0.109203 0.549000 0.828657
-0.054866 0.557061 0.828657
-0.109203 0.549000 0.828657
-0.162575 0.817321 0.552772
-0.241904 0.797449 0.552772
-0.241904 0.797449 0.552772
-0.162489 0.535652 0.828658
-0.109203 0.549000 0.828657
-0.162489 0.535652 0.828658
-0.241904 0.797449 0.552772
-0.318903 0.769899 0.552772
-0.318903 0.769899 0.552772
-0.214210 0.517147 0.828657
-0.162489 0.535652 0.828658
-0.214210 0.517147 0.828657
-0.318903 0.769899 0.552772
-0.392830 0.734933 0.552773
-0.392830 0.734933 0.552773
-0.263867 0.493661 0.828657
-0.214210 0.517147 0.828657
-0.263867 0.493661 0.828657
-0.392830 0.734933 0.552773
-0.462975 0.692890 0.552773
-0.462975 0.692890 0.552773
-0.310983 0.465419 0.828658
-0.263867 0.493661 0.828657
-0.310983 0.465419 0.828658
-0.462975 0.692890 0.552773
-0.528661 0.644174 0.552773
-0.528661 0.644174 0.552773
-0.355106 0.432698 0.828657
-0.310983 0.465419 0.828658
-0.355106 0.432698 0.828657
-0.528661 0.644174 0.552773
-0.589255 0.589254 0.552772
-0.589255 0.589254 0.552772
-0.395808 0.395808 0.828657
-0.355106 0.432698 0.828657
-0.395808 0.395808 0.828657
-0.589255 0.589254 0.552772
-0.644175 0.528660 0.552772
-0.644175 0.528660 0.552772
-0.432698 0.355105 0.828657
-0.395808 0.395808 0.828657
-0.432698 0.355105 0.828657
-0.644175 0.528660 0.552772
-0.692890 0.462974 0.552773
-0.692890 0.462974 0.552773
-0.465421 0.310984 0.828657
-0.432698 0.355105 0.828657
-0.465421 0.310984 0.828657
-0.692890 0.462974 0.552773
-0.734933 0.392830 0.552773
-0.734933 0.392830 0.552773
-0.493661 0.263867 0.828657
-0.465421 0.310984 0.828657
-0.493661 0.263867 0.828657
-0.734933 0.392830 0.552773
-0.769899 0.318903 0.552772
-0.769899 0.318903 0.552772
-0.517147 0.214209 0.828658
-0.493661 0.263867 0.828657
-0.517147 0.214209 0.828658
-0.769899 0.318903 0.552772
-0.797449 0.241904 0.552772
-0.797449 0.241904 0.552772
-0.535653 0.162488 0.828658
-0.517147 0.214209 0.828658
-0.535653 0.162488 0.828658
-0.797449 0.241904 0.552772
-0.817320 0.162576 0.552772
-0.817320 0.162576 0.552772
-0.549000 0.109204 0.828657
-0.535653 0.162488 0.828658
-0.549000 0.109204 0.828657
-0.817320 0.162576 0.552772
-0.829319 0.081681 0.552773
-0.829319 0.081681 0.552773
-0.557061 0.054866 0.828657
-0.549000 0.109204 0.828657
-0.557061 0.054866 0.828657
-0.829319 0.081681 0.552773
-0.833333 0.000000 0.552772
-0.833333 0.000000 0.552772
-0.559756 0.000000 0.828658
-0.557061 0.054866 0.828657
-0.559756 0.000000 0.828658
-0.833333 0.000000 0.552772
-0.829319 -0.081680 0.552773
-0.829319 -0.081680 0.552773
-0.557061 -0.054865 0.828657
-0.559756 0.000000 0.828658
-0.557061 -0.054865 0.828657
-0.829319 -0.081680 0.552773
-0.817320 -0.162574 0.552772
-0.817320 -0.162574 0.552772
-0.549000 -0.109202 0.828658
-0.557061 -0.054865 0.828657
-0.549000 -0.109202 0.828658
-0.817320 -0.162574 0.552772
-0.797450 -0.241902 0.552772
-0.797450 -0.241902 0.552772
-0.535653 -0.162487 0.828658
-0.549000 -0.109202 0.828658
-0.535653 -0.162487 0.828658
-0.797450 -0.241902 0.552772
-0.769900 -0.318901 0.552771
-0.769900 -0.318901 0.552771
-0.517148 -0.214209 0.828657
-0.535653 -0.162487 0.828658
-0.517148 -0.214209 0.828657
-0.769900 -0.318901 0.552771
-0.734934 -0.392829 0.552773
-0.734934 -0.392829 0.552773
-0.493662 -0.263866 0.828657
-0.517148 -0.214209 0.828657
-0.493662 -0.263866 0.828657
-0.734934 -0.392829 0.552773
-0.692891 -0.462973 0.552773
-0.692891 -0.462973 0.552773
-0.465420 -0.310982 0.828658
-0.493662 -0.263866 0.828657
-0.465420 -0.310982 0.828658
-0.692891 -0.462973 0.552773
-0.644176 -0.528659 0.552772
-0.644176 -0.528659 0.552772
-0.432698 -0.355105 0.828657
-0.465420 -0.310982 0.828658
-0.432698 -0.355105 0.828657
-0.644176 -0.528659 0.552772
-0.589256 -0.589253 0.552773
-0.589256 -0.589253 0.552773
-0.395808 -0.395807 0.828657
-0.432698 -0.355105 0.828657
-0.395808 -0.395807 0.828657
-0.589256 -0.589253 0.552773
-0.528662 -0.644173 0.552773
-0.528662 -0.644173 0.552773
-0.355107 -0.432697 0.828657
-0.395808 -0.395807 0.828657
-0.355107 -0.432697 0.828657
-0.528662 -0.644173 0.552773
-0.462977 -0.692889 0.552773
-0.462977 -0.692889 0.552773
-0.310986 -0.465420 0.828657
-0.355107 -0.432697 0.828657
-0.310986 -0.465420 0.828657
-0.462977 -0.692889 0.552773
-0.392832 -0.734932 0.552773
-0.392832 -0.734932 0.552773
-0.263868 -0.493660 0.828658
-0.310986 -0.465420 0.828657
-0.263868 -0.493660 0.828658
-0.392832 -0.734932 0.552773
-0.318905 -0.769897 0.552773
-0.318905 -0.769897 0.552773
-0.214211 -0.517146 0.828658
-0.263868 -0.493660 0.828658
-0.214211 -0.517146 0.828658
-0.318905 -0.769897 0.552773
-0.241907 -0.797449 0.552772
-0.241907 -0.797449 0.552772
-0.162491 -0.535653 0.828657
-0.214211 -0.517146 0.828658
-0.162491 -0.535653 0.828657
-0.241907 -0.797449 0.552772
-0.162578 -0.817320 0.552772
-0.162578 -0.817320 0.552772
-0.109205 -0.549000 0.828658
-0.162491 -0.535653 0.828657
-0.109205 -0.549000 0.828658
-0.162578 -0.817320 0.552772
-0.081683 -0.829319 0.552773
-0.081683 -0.829319 0.552773
-0.054867 -0.557061 0.828657
-0.109205 -0.549000 0.828658
-0.054867 -0.557061 0.828657
-0.081683 -0.829319 0.552773
-0.000001 -0.833333 0.552772
-0.000001 -0.833333 0.552772
-0.000000 -0.559756 0.828657
-0.054867 -0.557061 0.828657
-0.000000 -0.200940 0.979603
-0.000000 -0.559756 0.828657
0.054865 -0.557061 0.828657
0.054865 -0.557061 0.828657
0.019696 -0.199973 0.979604
-0.000000 -0.200940 0.979603
0.019696 -0.199973 0.979604
0.054865 -0.557061 0.828657
0.109203 -0.549001 0.828657
0.109203 -0.549001 0.828657
0.039201 -0.197079 0.979604
0.019696 -0.199973 0.979604
0.039201 -0.197079 0.979604
0.109203 -0.549001 0.828657
0.162488 -0.535653 0.828658
0.162488 -0.535653 0.828658
0.058330 -0.192288 0.979604
0.039201 -0.197079 0.979604
0.058330 -0.192288 0.979604
0.162488 -0.535653 0.828658
0.214209 -0.517147 0.828657
0.214209 -0.517147 0.828657
0.076896 -0.185645 0.979603
0.058330 -0.192288 0.979604
0.076896 -0.185645 0.979603
0.214209 -0.517147 0.828657
0.263867 -0.493661 0.828658
0.263867 -0.493661 0.828658
0.094722 -0.177213 0.979604
0.076896 -0.185645 0.979603
0.094722 -0.177213 0.979604
0.263867 -0.493661 0.828658
0.310983 -0.465419 0.828658
0.310983 -0.465419 0.828658
0.111635 -0.167074 0.979604
0.094722 -0.177213 0.979604
0.111635 -0.167074 0.979604
0.310983 -0.465419 0.828658
0.355105 -0.432698 0.828657
0.355105 -0.432698 0.828657
0.127475 -0.155329 0.979604
0.111635 -0.167074 0.979604
0.127475 -0.155329 0.979604
0.355105 -0.432698 0.828657
0.395808 -0.395808 0.828657
0.395808 -0.395808 0.828657
0.142086 -0.142086 0.979603
0.127475 -0.155329 0.979604
0.142086 -0.142086 0.979603
0.395808 -0.395808 0.828657
0.432697 -0.355106 0.828657
0.432697 -0.355106 0.828657
0.155328 -0.127475 0.979604
0.142086 -0.142086 0.979603
0.155328 -0.127475 0.979604
0.432697 -0.355106 0.828657
0.465420 -0.310984 0.828657
0.465420 -0.310984 0.828657
0.167076 -0.111637 0.979603
0.155328 -0.127475 0.979604
0.167076 -0.111637 0.979603
0.465420 -0.310984 0.828657
0.493661 -0.263867 0.828657
0.493661 -0.263867 0.828657
0.177213 -0.094722 0.979604
0.167076 -0.111637 0.979603
0.177213 -0.094722 0.979604
0.493661 -0.263867 0.828657
0.517147 -0.214209 0.828658
0.517147 -0.214209 0.828658
0.185644 -0.076896 0.979604
0.177213 -0.094722 0.979604
0.185644 -0.076896 0.979604
0.517147 -0.214209 0.828658
0.535653 -0.162489 0.828658
0.535653 -0.162489 0.828658
0.192288 -0.058330 0.979603
0.185644 -0.076896 0.979604
0.192288 -0.058330 0.979603
0.535653 -0.162489 0.828658
0.549001 -0.109203 0.828657
0.549001 -0.109203 0.828657
0.197079 -0.039202 0.979604
0.192288 -0.058330 0.979603
0.197079 -0.039202 0.979604
0.549001 -0.109203 0.828657
0.557061 -0.054866 0.828657
0.557061 -0.054866 0.828657
0.199973 -0.019696 0.979603
0.197079 -0.039202 0.979604
0.199973 -0.019696 0.979603
0.557061 -0.054866 0.828657
0.559756 0.000000 0.828657
0.559756 0.000000 0.828657
0.200940 0.000000 0.979603
0.199973 -0.019696 0.979603
0.200940 0.000000 0.979603
0.559756 0.000000 0.828657
0.557061 0.054865 0.828657
0.557061 0.054865 0.828657
0.199973 0.019695 0.979603
0.200940 0.000000 0.979603
0.199973 0.019695 0.979603
0.557061 0.054865 0.828657
0.549001 0.109203 0.828658
0.549001 0.109203 0.828658
0.197079 0.039202 0.979604
0.199973 0.019695 0.979603
0.197079 0.039202 0.979604
0.549001 0.109203 0.828658
0.535653 0.162489 0.828658
0.535653 0.162489 0.828658
0.192288 0.058330 0.979604
0.197079 0.039202 0.979604
0.192288 0.058330 0.979604
0.535653 0.162489 0.828658
0.517147 0.214209 0.828657
0.517147 0.214209 0.828657
0.185645 0.076896 0.979603
0.192288 0.058330 0.979604
0.185645 0.076896 0.979603
0.517147 0.214209 0.828657
0.493661 0.263867 0.828657
0.493661 0.263867 0.828657
0.177213 0.094722 0.979604
0.185645 0.076896 0.979603
0.177213 0.094722 0.979604
0.493661 0.263867 0.828657
0.465419 0.310983 0.828658
0.465419 0.310983 0.828658
0.167074 0.111635 0.979604
0.177213 0.094722 0.979604
0.167074 0.111635 0.979604
0.465419 0.310983 0.828658
0.432697 0.355105 0.828657
0.432697 0.355105 0.828657
0.155329 0.127475 0.979604
0.167074 0.111635 0.979604
0.155329 0.127475 0.979604
0.432697 0.355105 0.828657
0.395808 0.395808 0.828657
0.395808 0.395808 0.828657
0.142086 0.142086 0.979603
0.155329 0.127475 0.979604
0.142086 0.142086 0.979603
0.395808 0.395808 0.828657
0.355105 0.432697 0.828657
0.355105 0.432697 0.828657
0.127475 0.155328 0.979604
0.142086 0.142086 0.979603
0.127475 0.155328 0.979604
0.355105 0.432697 0.828657
0.310984 0.465421 0.828657
0.310984 0.465421 0.828657
0.111637 0.167076 0.979603
0.127475 0.155328 0.979604
0.111637 0.167076 0.979603
0.310984 0.465421 0.828657
0.263867 0.493661 0.828657
0.263867 0.493661 0.828657
0.094723 0.177213 0.979603
0.111637 0.167076 0.979603
0.094723 0.177213 0.979603
0.263867 0.493661 0.828657
0.214209 0.517147 0.828658
0.214209 0.517147 0.828658
0.076896 0.185645 0.979603
0.094723 0.177213 0.979603
0.076896 0.185645 0.979603
0.214209 0.517147 0.828658
0.162488 0.535653 0.828658
0.162488 0.535653 0.828658
0.058330 0.192288 0.979603
0.076896 0.185645 0.979603
0.058330 0.192288 0.979603
0.162488 0.535653 0.828658
0.109203 0.549001 0.828657
0.109203 0.549001 0.828657
0.039201 0.197079 0.979603
0.058330 0.192288 0.979603
0.039201 0.197079 0.979603
0.109203 0.549001 0.828657
0.054866 0.557061 0.828657
0.054866 0.557061 0.828657
0.019696 0.199973 0.979603
0.039201 0.197079 0.979603
0.019696 0.199973 0.979603
0.054866 0.557061 0.828657
-0.000001 0.559756 0.828658
-0.000001 0.559756 0.828658
-0.000000 0.200940 0.979604
0.019696 0.199973 0.979603
-0.000000 0.200940 0.979604
-0.000001 0.559756 0.828658
-0.054866 0.557061 0.828657
-0.054866 0.557061 0.828657
-0.019696 0.199973 0.979604
-0.000000 0.200940 0.979604
-0.019696 0.199973 0.979604
-0.054866 0.557061 0.828657
-0.109203 0.549000 0.828657
-0.109203 0.549000 0.828657
-0.039202 0.197079 0.979604
-0.019696 0.199973 0.979604
-0.039202 0.197079 0.979604
-0.109203 0.549000 0.828657
-0.162489 0.535652 0.828658
-0.162489 0.535652 0.828658
-0.058330 0.192288 0.979604
-0.039202 0.197079 0.979604
-0.058330 0.192288 0.979604
-0.162489 0.535652 0.828658
-0.214210 0.517147 0.828657
-0.214210 0.517147 0.828657
-0.076897 0.185645 0.979603
-0.058330 0.192288 0.979604
-0.076897 0.185645 0.979603
-0.214210 0.517147 0.828657
-0.263867 0.493661 0.828657
-0.263867 0.493661 0.828657
-0.094722 0.177213 0.979604
-0.076897 0.185645 0.979603
-0.094722 0.177213 0.979604
-0.263867 0.493661 0.828657
-0.310983 0.465419 0.828658
-0.310983 0.465419 0.828658
-0.111636 0.167074 0.979604
-0.094722 0.177213 0.979604
-0.111636 0.167074 0.979604
-0.310983 0.465419 0.828658
-0.355106 0.432698 0.828657
-0.355106 0.432698 0.828657
-0.127476 0.155330 0.979603
-0.111636 0.167074 0.979604
-0.127476 0.155330 0.979603
-0.355106 0.432698 0.828657
-0.395808 0.395808 0.828657
-0.395808 0.395808 0.828657
-0.142086 0.142086 0.979603
-0.127476 0.155330 0.979603
-0.142086 0.142086 0.979603
-0.395808 0.395808 0.828657
-0.432698 0.355105 0.828657
-0.432698 0.355105 0.828657
-0.155329 0.127475 0.979604
-0.142086 0.142086 0.979603
-0.155329 0.127475 0.979604
-0.432698 0.355105 0.828657
-0.465421 0.310984 0.828657
-0.465421 0.310984 0.828657
-0.167076 0.111636 0.979603
-0.155329 0.127475 0.979604
-0.167076 0.111636 0.979603
-0.465421 0.310984 0.828657
-0.493661 0.263867 0.828657
-0.493661 0.263867 0.828657
-0.177213 0.094722 0.979604
-0.167076 0.111636 0.979603
-0.177213 0.094722 0.979604
-0.493661 0.263867 0.828657
-0.517147 0.214209 0.828658
-0.517147 0.214209 0.828658
-0.185645 0.076896 0.979604
-0.177213 0.094722 0.979604
-0.185645 0.076896 0.979604
-0.517147 0.214209 0.828658
-0.535653 0.162488 0.828658
-0.535653 0.162488 0.828658
-0.192288 0.058330 0.979603
-0.185645 0.076896 0.979604
-0.192288 0.058330 0.979603
-0.535653 0.162488 0.828658
-0.549000 0.109204 0.828657
-0.549000 0.109204 0.828657
-0.197079 0.039202 0.979604
-0.192288 0.058330 0.979603
-0.197079 0.039202 0.979604
-0.549000 0.109204 0.828657
-0.557061 0.054866 0.828657
-0.557061 0.054866 0.828657
-0.199973 0.019696 0.979603
-0.197079 0.039202 0.979604
-0.199973 0.019696 0.979603
-0.557061 0.054866 0.828657
-0.559756 0.000000 0.828658
-0.559756 0.000000 0.828658
-0.200940 0.000000 0.979604
-0.199973 0.019696 0.979603
-0.200940 0.000000 0.979604
-0.559756 0.000000 0.828658
-0.557061 -0.054865 0.828657
-0.557061 -0.054865 0.828657
-0.199973 -0.019695 0.979603
-0.200940 0.000000 0.979604
-0.199973 -0.019695 0.979603
-0.557061 -0.054865 0.828657
-0.549000 -0.109202 0.828658
-0.549000 -0.109202 0.828658
-0.197079 -0.039201 0.979604
-0.199973 -0.019695 0.979603
-0.197079 -0.039201 0.979604
-0.549000 -0.109202 0.828658
-0.535653 -0.162487 0.828658
-0.535653 -0.162487 0.828658
-0.192288 -0.058329 0.979603
-0.197079 -0.039201 0.979604
-0.192288 -0.058329 0.979603
-0.535653 -0.162487 0.828658
-0.517148 -0.214209 0.828657
-0.517148 -0.214209 0.828657
-0.185645 -0.076896 0.979603
-0.192288 -0.058329 0.979603
-0.185645 -0.076896 0.979603
-0.517148 -0.214209 0.828657
-0.493662 -0.263866 0.828657
-0.493662 -0.263866 0.828657
-0.177214 -0.094722 0.979604
-0.185645 -0.076896 0.979603
-0.177214 -0.094722 0.979604
-0.493662 -0.263866 0.828657
-0.465420 -0.310982 0.828658
-0.465420 -0.310982 0.828658
-0.167074 -0.111635 0.979604
-0.177214 -0.094722 0.979604
-0.167074 -0.111635 0.979604
-0.465420 -0.310982 0.828658
-0.432698 -0.355105 0.828657
-0.432698 -0.355105 0.828657
-0.155329 -0.127475 0.979604
-0.167074 -0.111635 0.979604
-0.155329 -0.127475 0.979604
-0.432698 -0.355105 0.828657
-0.395808 -0.395807 0.828657
-0.395808 -0.395807 0.828657
-0.142087 -0.142086 0.979603
-0.155329 -0.127475 0.979604
-0.142087 -0.142086 0.979603
-0.395808 -0.395807 0.828657
-0.355107 -0.432697 0.828657
-0.355107 -0.432697 0.828657
-0.127476 -0.155329 0.979603
-0.142087 -0.142086 0.979603
-0.127476 -0.155329 0.979603
-0.355107 -0.432697 0.828657
-0.310986 -0.465420 0.828657
-0.310986 -0.465420 0.828657
-0.111637 -0.167075 0.979603
-0.127476 -0.155329 0.979603
-0.111637 -0.167075 0.979603
-0.310986 -0.465420 0.828657
-0.263868 -0.493660 0.828658
-0.263868 -0.493660 0.828658
-0.094723 -0.177213 0.979604
-0.111637 -0.167075 0.979603
-0.094723 -0.177213 0.979604
-0.263868 -0.493660 0.828658
-0.214211 -0.517146 0.828658
-0.214211 -0.517146 0.828658
-0.076897 -0.185644 0.979604
-0.094723 -0.177213 0.979604
-0.076897 -0.185644 0.979604
-0.214211 -0.517146 0.828658
-0.162491 -0.535653 0.828657
-0.162491 -0.535653 0.828657
-0.058331 -0.192288 0.979604
-0.076897 -0.185644 0.979604
-0.058331 -0.192288 0.979604
-0.162491 -0.535653 0.828657
-0.109205 -0.549000 0.828658
-0.109205 -0.549000 0.828658
-0.039202 -0.197079 0.979604
-0.058331 -0.192288 0.979604
-0.039202 -0.197079 0.979604
-0.109205 -0.549000 0.828658
-0.054867 -0.557061 0.828657
-0.054867 -0.557061 0.828657
-0.019696 -0.199973 0.979603
-0.039202 -0.197079 0.979604
-0.019696 -0.199973 0.979603
-0.054867 -0.557061 0.828657
-0.000000 -0.559756 0.828657
-0.000000 -0.559756 0.828657
-0.000000 -0.200940 0.979603
-0.019696 -0.199973 0.979603
-0.000001 -0.833333 0.552772
-0.000001 -0.981015 0.193934
0.096156 -0.976290 0.193935
0.096156 -0.976290 0.193935
0.081681 -0.829319 0.552773
-0.000001 -0.833333 0.552772
0.081681 -0.829319 0.552773
0.096156 -0.976290 0.193935
0.191386 -0.962165 0.193934
0.191386 -0.962165 0.193934
0.162575 -0.817321 0.552772
0.081681 -0.829319 0.552773
0.162575 -0.817321 0.552772
0.191386 -0.962165 0.193934
0.284773 -0.938773 0.193933
0.284773 -0.938773 0.193933
0.241903 -0.797450 0.552772
0.162575 -0.817321 0.552772
0.241903 -0.797450 0.552772
0.284773 -0.938773 0.193933
0.375418 -0.906340 0.193933
0.375418 -0.906340 0.193933
0.318902 -0.769899 0.552772
0.241903 -0.797450 0.552772
0.318902 -0.769899 0.552772
0.375418 -0.906340 0.193933
0.462447 -0.865178 0.193935
0.462447 -0.865178 0.193935
0.392830 -0.734933 0.552773
0.318902 -0.769899 0.552772
0.392830 -0.734933 0.552773
0.462447 -0.865178 0.193935
0.545022 -0.815684 0.193935
0.545022 -0.815684 0.193935
0.462974 -0.692891 0.552773
0.392830 -0.734933 0.552773
0.462974 -0.692891 0.552773
0.545022 -0.815684 0.193935
0.622349 -0.758335 0.193935
0.622349 -0.758335 0.193935
0.528660 -0.644175 0.552772
0.462974 -0.692891 0.552773
0.528660 -0.644175 0.552772
0.622349 -0.758335 0.193935
0.693682 -0.693682 0.193935
0.693682 -0.693682 0.193935
0.589255 -0.589255 0.552773
0.528660 -0.644175 0.552772
0.589255 -0.589255 0.552773
0.693682 -0.693682 0.193935
0.758334 -0.622349 0.193935
0.758334 -0.622349 0.193935
0.644174 -0.528661 0.552772
0.589255 -0.589255 0.552773
0.644174 -0.528661 0.552772
0.758334 -0.622349 0.193935
0.815683 -0.545023 0.193935
0.815683 -0.545023 0.193935
0.692890 -0.462975 0.552773
0.644174 -0.528661 0.552772
0.692890 -0.462975 0.552773
0.815683 -0.545023 0.193935
0.865177 -0.462447 0.193935
0.865177 -0.462447 0.193935
0.734933 -0.392830 0.552773
0.692890 -0.462975 0.552773
0.734933 -0.392830 0.552773
0.865177 -0.462447 0.193935
0.906339 -0.375418 0.193933
0.906339 -0.375418 0.193933
0.769899 -0.318903 0.552772
0.734933 -0.392830 0.552773
0.769899 -0.318903 0.552772
0.906339 -0.375418 0.193933
0.938772 -0.284774 0.193933
0.938772 -0.284774 0.193933
0.797449 -0.241904 0.552772
0.769899 -0.318903 0.552772
0.797449 -0.241904 0.552772
0.938772 -0.284774 0.193933
0.962165 -0.191387 0.193934
0.962165 -0.191387 0.193934
0.817320 -0.162575 0.552772
0.797449 -0.241904 0.552772
0.817320 -0.162575 0.552772
0.962165 -0.191387 0.193934
0.976290 -0.096156 0.193935
0.976290 -0.096156 0.193935
0.829319 -0.081681 0.552773
0.817320 -0.162575 0.552772
0.829319 -0.081681 0.552773
0.976290 -0.096156 0.193935
0.981015 -0.000000 0.193934
0.981015 -0.000000 0.193934
0.833333 -0.000000 0.552772
0.829319 -0.081681 0.552773
0.833333 -0.000000 0.552772
0.981015 -0.000000 0.193934
0.976290 0.096156 0.193935
0.976290 0.096156 0.193935
0.829319 0.081681 0.552773
0.833333 -0.000000 0.552772
0.829319 0.081681 0.552773
0.976290 0.096156 0.193935
0.962165 0.191386 0.193934
0.962165 0.191386 0.193934
0.817321 0.162575 0.552772
0.829319 0.081681 0.552773
0.817321 0.162575 0.552772
0.962165 0.191386 0.193934
0.938773 0.284774 0.193933
0.938773 0.284774 0.193933
0.797449 0.241904 0.552772
0.817321 0.162575 0.552772
0.797449 0.241904 0.552772
0.938773 0.284774 0.193933
0.906340 0.375418 0.193933
0.906340 0.375418 0.193933
0.769899 0.318902 0.552772
0.797449 0.241904 0.552772
0.769899 0.318902 0.552772
0.906340 0.375418 0.193933
0.865178 0.462447 0.193935
0.865178 0.462447 0.193935
0.734933 0.392830 0.552773
0.769899 0.318902 0.552772
0.734933 0.392830 0.552773
0.865178 0.462447 0.193935
0.815684 0.545022 0.193935
0.815684 0.545022 0.193935
0.692890 0.462974 0.552773
0.734933 0.392830 0.552773
0.692890 0.462974 0.552773
0.815684 0.545022 0.193935
0.758334 0.622349 0.193935
0.758334 0.622349 0.193935
0.644174 0.528660 0.552772
0.692890 0.462974 0.552773
0.644174 0.528660 0.552772
0.758334 0.622349 0.193935
0.693682 0.693682 0.193935
0.693682 0.693682 0.193935
0.589255 0.589255 0.552772
0.644174 0.528660 0.552772
0.589255 0.589255 0.552772
0.693682 0.693682 0.193935
0.622349 0.758335 0.193935
0.622349 0.758335 0.193935
0.528660 0.644175 0.552772
0.589255 0.589255 0.552772
0.528660 0.644175 0.552772
0.622349 0.758335 0.193935
0.545022 0.815684 0.193935
0.545022 0.815684 0.193935
0.462974 0.692890 0.552773
0.528660 0.644175 0.552772
0.462974 0.692890 0.552773
0.545022 0.815684 0.193935
0.462447 0.865178 0.193935
0.462447 0.865178 0.193935
0.392830 0.734933 0.552773
0.462974 0.692890 0.552773
0.392830 0.734933 0.552773
0.462447 0.865178 0.193935
0.375418 0.906339 0.193933
0.375418 0.906339 0.193933
0.318903 0.769899 0.552772
0.392830 0.734933 0.552773
0.318903 0.769899 0.552772
0.375418 0.906339 0.193933
0.284773 0.938773 0.193933
0.284773 0.938773 0.193933
0.241903 0.797450 0.552772
0.318903 0.769899 0.552772
0.241903 0.797450 0.552772
0.284773 0.938773 0.193933
0.191386 0.962165 0.193934
0.191386 0.962165 0.193934
0.162575 0.817321 0.552772
0.241903 0.797450 0.552772
0.162575 0.817321 0.552772
0.191386 0.962165 0.193934
0.096156 0.976290 0.193935
0.096156 0.976290 0.193935
0.081681 0.829319 0.552773
0.162575 0.817321 0.552772
0.081681 0.829319 0.552773
0.096156 0.976290 0.193935
-0.000001 0.981015 0.193934
-0.000001 0.981015 0.193934
-0.000001 0.833333 0.552772
0.081681 0.829319 0.552773
-0.000001 0.833333 0.552772
-0.000001 0.981015 0.193934
-0.096156 0.976290 0.193935
-0.096156 0.976290 0.193935
-0.081681 0.829319 0.552773
-0.000001 0.833333 0.552772
-0.081681 0.829319 0.552773
-0.096156 0.976290 0.193935
-0.191387 0.962165 0.193934
-0.191387 0.962165 0.193934
-0.162575 0.817321 0.552772
-0.081681 0.829319 0.552773
-0.162575 0.817321 0.552772
-0.191387 0.962165 0.193934
-0.284774 0.938772 0.193933
-0.284774 0.938772 0.193933
-0.241904 0.797449 0.552772
-0.162575 0.817321 0.552772
-0.241904 0.797449 0.552772
-0.284774 0.938772 0.193933
-0.375418 0.906339 0.193933
-0.375418 0.906339 0.193933
-0.318903 0.769899 0.552772
-0.241904 0.797449 0.552772
-0.318903 0.769899 0.552772
-0.375418 0.906339 0.193933
-0.462447 0.865177 0.193935
-0.462447 0.865177 0.193935
-0.392830 0.734933 0.552773
-0.318903 0.769899 0.552772
-0.392830 0.734933 0.552773
-0.462447 0.865177 0.193935
-0.545023 0.815683 0.193935
-0.545023 0.815683 0.193935
-0.462975 0.692890 0.552773
-0.392830 0.734933 0.552773
-0.462975 0.692890 0.552773
-0.545023 0.815683 0.193935
-0.622349 0.758334 0.193935
-0.622349 0.758334 0.193935
-0.528661 0.644174 0.552773
-0.462975 0.692890 0.552773
-0.528661 0.644174 0.552773
-0.622349 0.758334 0.193935
-0.693683 0.693681 0.193935
-0.693683 0.693681 0.193935
-0.589255 0.589254 0.552772
-0.528661 0.644174 0.552773
-0.589255 0.589254 0.552772
-0.693683 0.693681 0.193935
-0.758335 0.622348 0.193935
-0.758335 0.622348 0.193935
-0.644175 0.528660 0.552772
-0.589255 0.589254 0.552772
-0.644175 0.528660 0.552772
-0.758335 0.622348 0.193935
-0.815684 0.545022 0.193935
-0.815684 0.545022 0.193935
-0.692890 0.462974 0.552773
-0.644175 0.528660 0.552772
-0.692890 0.462974 0.552773
-0.815684 0.545022 0.193935
-0.865178 0.462447 0.193935
-0.865178 0.462447 0.193935
-0.734933 0.392830 0.552773
-0.692890 0.462974 0.552773
-0.734933 0.392830 0.552773
-0.865178 0.462447 0.193935
-0.906339 0.375418 0.193934
-0.906339 0.375418 0.193934
-0.769899 0.318903 0.552772
-0.734933 0.392830 0.552773
-0.769899 0.318903 0.552772
-0.906339 0.375418 0.193934
-0.938773 0.284774 0.193933
-0.938773 0.284774 0.193933
-0.797449 0.241904 0.552772
-0.769899 0.318903 0.552772
-0.797449 0.241904 0.552772
-0.938773 0.284774 0.193933
-0.962165 0.191387 0.193934
-0.962165 0.191387 0.193934
-0.817320 0.162576 0.552772
-0.797449 0.241904 0.552772
-0.817320 0.162576 0.552772
-0.962165 0.191387 0.193934
-0.976290 0.096157 0.193935
-0.976290 0.096157 0.193935
-0.829319 0.081681 0.552773
-0.817320 0.162576 0.552772
-0.829319 0.081681 0.552773
-0.976290 0.096157 0.193935
-0.981015 0.000001 0.193934
-0.981015 0.000001 0.193934
-0.833333 0.000000 0.552772
-0.829319 0.081681 0.552773
-0.833333 0.000000 0.552772
-0.981015 0.000001 0.193934
-0.976291 -0.096155 0.193935
-0.976291 -0.096155 0.193935
-0.829319 -0.081680 0.552773
-0.833333 0.000000 0.552772
-0.829319 -0.081680 0.552773
-0.976291 -0.096155 0.193935
-0.962165 -0.191385 0.193934
-0.962165 -0.191385 0.193934
-0.817320 -0.162574 0.552772
-0.829319 -0.081680 0.552773
-0.817320 -0.162574 0.552772
-0.962165 -0.191385 0.193934
-0.938773 -0.284772 0.193933
-0.938773 -0.284772 0.193933
-0.797450 -0.241902 0.552772
-0.817320 -0.162574 0.552772
-0.797450 -0.241902 0.552772
-0.938773 -0.284772 0.193933
-0.906340 -0.375417 0.193933
-0.906340 -0.375417 0.193933
-0.769900 -0.318901 0.552771
-0.797450 -0.241902 0.552772
-0.769900 -0.318901 0.552771
-0.906340 -0.375417 0.193933
-0.865178 -0.462445 0.193935
-0.865178 -0.462445 0.193935
-0.734934 -0.392829 0.552773
-0.769900 -0.318901 0.552771
-0.734934 -0.392829 0.552773
-0.865178 -0.462445 0.193935
-0.815685 -0.545021 0.193935
-0.815685 -0.545021 0.193935
-0.692891 -0.462973 0.552773
-0.734934 -0.392829 0.552773
-0.692891 -0.462973 0.552773
-0.815685 -0.545021 0.193935
-0.758336 -0.622347 0.193935
-0.758336 -0.622347 0.193935
-0.644176 -0.528659 0.552772
-0.692891 -0.462973 0.552773
-0.644176 -0.528659 0.552772
-0.758336 -0.622347 0.193935
-0.693684 -0.693680 0.193935
-0.693684 -0.693680 0.193935
-0.589256 -0.589253 0.552773
-0.644176 -0.528659 0.552772
-0.589256 -0.589253 0.552773
-0.693684 -0.693680 0.193935
-0.622351 -0.758333 0.193935
-0.622351 -0.758333 0.193935
-0.528662 -0.644173 0.552773
-0.589256 -0.589253 0.552773
-0.528662 -0.644173 0.552773
-0.622351 -0.758333 0.193935
-0.545025 -0.815682 0.193935
-0.545025 -0.815682 0.193935
-0.462977 -0.692889 0.552773
-0.528662 -0.644173 0.552773
-0.462977 -0.692889 0.552773
-0.545025 -0.815682 0.193935
-0.462450 -0.865176 0.193935
-0.462450 -0.865176 0.193935
-0.392832 -0.734932 0.552773
-0.462977 -0.692889 0.552773
-0.392832 -0.734932 0.552773
-0.462450 -0.865176 0.193935
-0.375421 -0.906338 0.193934
-0.375421 -0.906338 0.193934
-0.318905 -0.769897 0.552773
-0.392832 -0.734932 0.552773
-0.318905 -0.769897 0.552773
-0.375421 -0.906338 0.193934
-0.284777 -0.938771 0.193934
-0.284777 -0.938771 0.193934
-0.241907 -0.797449 0.552772
-0.318905 -0.769897 0.552773
-0.241907 -0.797449 0.552772
-0.284777 -0.938771 0.193934
-0.191390 -0.962164 0.193934
-0.191390 -0.962164 0.193934
-0.162578 -0.817320 0.552772
-0.241907 -0.797449 0.552772
-0.162578 -0.817320 0.552772
-0.191390 -0.962164 0.193934
-0.096159 -0.976290 0.193935
-0.096159 -0.976290 0.193935
-0.081683 -0.829319 0.552773
-0.162578 -0.817320 0.552772
-0.081683 -0.829319 0.552773
-0.096159 -0.976290 0.193935
-0.000001 -0.981015 0.193934
-0.000001 -0.981015 0.193934
-0.000001 -0.833333 0.552772
-0.081683 -0.829319 0.552773
0.000000 0.000000 -1.000000
0.000000 0.000000 -1.000000
0.000000 0.000000 -1.000000
0.000000 0.000000 -1.000000
0.000000 0.000000 -1.000000
0.000000 0.000000 -1.000000
0.000000 0.000000 -1.000000
0.000000 0.000000 -1.000000
0.000000 0.000000 -1.000000
0.000000 0.000000 -1.000000
0.000000 0.000000 -1.000000
0.000000 0.000000 -1.000000
0.000000 0.000000 -1.000000
0.000000 0.000000 -1.000000
0.000000 0.000000 -1.000000
0.000000 0.000000 -1.000000
0.000000 0.000000 -1.000000
0.000000 0.000000 -1.000000
0.000000 0.000000 -1.000000
0.000000 0.000000 -1.000000
0.000000 0.000000 -1.000000
0.000000 0.000000 -1.000000
0.000000 0.000000 -1.000000
0.000000 0.000000 -1.000000
0.000000 0.000000 -1.000000
0.000000 0.000000 -1.000000
0.000000 0.000000 -1.000000
0.000000 0.000000 -1.000000
0.000000 0.000000 -1.000000
0.000000 0.000000 -1.000000
0.000000 0.000000 -1.000000
0.000000 0.000000 -1.000000
0.000000 0.000000 -1.000000
0.000000 0.000000 -1.000000
0.000000 0.000000 -1.000000
0.000000 0.000000 -1.000000
0.000000 0.000000 -1.000000
0.000000 0.000000 -1.000000
0.000000 0.000000 -1.000000
0.000000 0.000000 -1.000000
0.000000 0.000000 -1.000000
0.000000 0.000000 -1.000000
0.000000 0.000000 -1.000000
0.000000 0.000000 -1.000000
0.000000 0.000000 -1.000000
0.000000 0.000000 -1.000000
0.000000 0.000000 -1.000000
0.000000 0.000000 -1.000000
0.000000 0.000000 -1.000000
0.000000 0.000000 -1.000000
0.000000 0.000000 -1.000000
0.000000 0.000000 -1.000000
0.000000 0.000000 -1.000000
0.000000 0.000000 -1.000000
0.000000 0.000000 -1.000000
0.000000 0.000000 -1.000000
0.000000 0.000000 -1.000000
0.000000 0.000000 -1.000000
0.000000 0.000000 -1.000000
0.000000 0.000000 -1.000000
0.000000 0.000000 -1.000000
0.000000 0.000000 -1.000000
0.000000 0.000000 -1.000000
0.000000 0.000000 -1.000000
0.000000 0.000000 -1.000000
0.000000 0.000000 -1.000000
0.000000 0.000000 -1.000000
0.000000 0.000000 -1.000000
0.000000 0.000000 -1.000000
0.000000 0.000000 -1.000000
0.000000 0.000000 -1.000000
0.000000 0.000000 -1.000000
0.000000 0.000000 -1.000000
0.000000 0.000000 -1.000000
0.000000 0.000000 -1.000000
0.000000 0.000000 -1.000000
0.000000 0.000000 -1.000000
0.000000 0.000000 -1.000000
0.000000 0.000000 -1.000000
0.000000 0.000000 -1.000000
0.000000 0.000000 -1.000000
0.000000 0.000000 -1.000000
0.000000 0.000000 -1.000000
0.000000 0.000000 -1.000000
0.000000 0.000000 -1.000000
0.000000 0.000000 -1.000000
0.000000 0.000000 -1.000000
0.000000 0.000000 -1.000000
0.000000 0.000000 -1.000000
0.000000 0.000000 -1.000000
0.000000 0.000000 -1.000000
0.000000 0.000000 -1.000000
0.000000 0.000000 -1.000000
0.000000 0.000000 -1.000000
0.000000 0.000000 -1.000000
0.000000 0.000000 -1.000000
0.000000 0.000000 -1.000000
0.000000 0.000000 -1.000000
0.000000 0.000000 -1.000000
0.000000 0.000000 -1.000000
0.000000 0.000000 -1.000000
0.000000 0.000000 -1.000000
0.000000 0.000000 -1.000000
0.000000 0.000000 -1.000000
0.000000 0.000000 -1.000000
0.000000 0.000000 -1.000000
0.000000 0.000000 -1.000000
0.000000 0.000000 -1.000000
0.000000 0.000000 -1.000000
0.000000 0.000000 -1.000000
0.000000 0.000000 -1.000000
0.000000 0.000000 -1.000000
0.000000 0.000000 -1.000000
0.000000 0.000000 -1.000000
0.000000 0.000000 -1.000000
0.000000 0.000000 -1.000000
0.000000 0.000000 -1.000000
0.000000 0.000000 -1.000000
0.000000 0.000000 -1.000000
0.000000 0.000000 -1.000000
0.000000 0.000000 -1.000000
0.000000 0.000000 -1.000000
0.000000 0.000000 -1.000000
0.000000 0.000000 -1.000000
0.000000 0.000000 -1.000000
0.000000 0.000000 -1.000000
0.000000 0.000000 -1.000000
0.000000 0.000000 -1.000000
0.000000 0.000000 -1.000000
0.000000 0.000000 -1.000000
0.000000 0.000000 -1.000000
0.000000 0.000000 -1.000000
0.000000 0.000000 -1.000000
0.000000 0.000000 -1.000000
0.000000 0.000000 -1.000000
0.000000 0.000000 -1.000000
0.000000 0.000000 -1.000000
0.000000 0.000000 -1.000000
0.000000 0.000000 -1.000000
0.000000 0.000000 -1.000000
0.000000 0.000000 -1.000000
0.000000 0.000000 -1.000000
0.000000 0.000000 -1.000000
0.000000 0.000000 -1.000000
0.000000 0.000000 -1.000000
0.000000 0.000000 -1.000000
0.000000 0.000000 -1.000000
0.000000 0.000000 -1.000000
0.000000 0.000000 -1.000000
0.000000 0.000000 -1.000000
0.000000 0.000000 -1.000000
0.000000 0.000000 -1.000000
0.000000 0.000000 -1.000000
0.000000 0.000000 -1.000000
0.000000 0.000000 -1.000000
0.000000 0.000000 -1.000000
0.000000 0.000000 -1.000000
0.000000 0.000000 -1.000000
0.000000 0.000000 -1.000000
0.000000 0.000000 -1.000000
0.000000 0.000000 -1.000000
0.000000 0.000000 -1.000000
0.000000 0.000000 -1.000000
0.000000 0.000000 -1.000000
0.000000 0.000000 -1.000000
0.000000 0.000000 -1.000000
0.000000 0.000000 -1.000000
0.000000 0.000000 -1.000000
0.000000 0.000000 -1.000000
0.000000 0.000000 -1.000000
0.000000 0.000000 -1.000000
0.000000 0.000000 -1.000000
0.000000 0.000000 -1.000000
0.000000 0.000000 -1.000000
0.000000 0.000000 -1.000000
0.000000 0.000000 -1.000000
0.000000 0.000000 -1.000000
0.000000 0.000000 -1.000000
0.000000 0.000000 -1.000000
0.000000 0.000000 -1.000000
0.000000 0.000000 -1.000000
0.000000 0.000000 -1.000000
0.000000 0.000000 -1.000000
0.000000 0.000000 -1.000000
0.000000 0.000000 -1.000000
0.000000 0.000000 -1.000000
0.000000 0.000000 -1.000000
0.000000 0.000000 -1.000000
0.000000 0.000000 -1.000000
0.000000 0.000000 -1.000000
0.000000 0.000000 -1.000000
0.000000 0.000000 -1.000000
0.000000 0.000000 -1.000000
0.000000 0.000000 -1.000000
0.000000 0.000000 -1.000000
0.000000 0.000000 -1.000000
0.000000 0.000000 -1.000000
0.000000 0.000000 -1.000000
0.000000 0.000000 -1.000000
0.000000 0.000000 -1.000000
0.000000 0.000000 -1.000000
0.000000 0.000000 -1.000000
0.000000 0.000000 -1.000000
0.000000 0.000000 -1.000000
0.000000 0.000000 -1.000000
0.000000 0.000000 -1.000000
0.000000 0.000000 -1.000000
0.000000 0.000000 -1.000000
0.000000 0.000000 -1.000000
0.000000 0.000000 -1.000000
0.000000 0.000000 -1.000000
0.000000 0.000000 -1.000000
0.000000 0.000000 -1.000000
0.000000 0.000000 -1.000000
0.000000 0.000000 -1.000000
0.000000 0.000000 -1.000000
0.000000 0.000000 -1.000000
0.000000 0.000000 -1.000000
0.000000 0.000000 -1.000000
0.000000 0.000000 -1.000000
0.000000 0.000000 -1.000000
0.000000 0.000000 -1.000000
0.000000 0.000000 -1.000000
0.000000 0.000000 -1.000000
0.000000 0.000000 -1.000000
0.000000 0.000000 -1.000000
0.000000 0.000000 -1.000000
0.000000 0.000000 -1.000000
0.000000 0.000000 -1.000000
0.000000 0.000000 -1.000000
0.000000 0.000000 -1.000000
0.000000 0.000000 -1.000000
0.000000 0.000000 -1.000000
0.000000 0.000000 -1.000000
0.000000 0.000000 -1.000000
0.000000 0.000000 -1.000000
0.000000 0.000000 -1.000000
0.000000 0.000000 -1.000000
0.000000 0.000000 -1.000000
0.000000 0.000000 -1.000000
0.000000 0.000000 -1.000000
0.000000 0.000000 -1.000000
0.000000 0.000000 -1.000000
0.000000 0.000000 -1.000000
0.000000 0.000000 -1.000000
0.000000 0.000000 -1.000000
0.000000 0.000000 -1.000000
0.000000 0.000000 -1.000000
0.000000 0.000000 -1.000000
0.000000 0.000000 -1.000000
0.000000 0.000000 -1.000000
0.000000 0.000000 -1.000000
0.000000 0.000000 -1.000000
0.000000 0.000000 -1.000000
0.000000 0.000000 -1.000000
0.000000 0.000000 -1.000000
0.000000 0.000000 -1.000000
0.000000 0.000000 -1.000000
0.000000 0.000000 -1.000000
0.000000 0.000000 -1.000000
0.000000 0.000000 -1.000000
0.000000 0.000000 -1.000000
0.000000 0.000000 -1.000000
0.000000 0.000000 -1.000000
0.000000 0.000000 -1.000000
0.000000 0.000000 -1.000000
0.000000 0.000000 -1.000000
0.000000 0.000000 -1.000000
0.000000 0.000000 -1.000000
0.000000 0.000000 -1.000000
0.000000 0.000000 -1.000000
0.000000 0.000000 -1.000000
0.000000 0.000000 -1.000000
0.000000 0.000000 -1.000000
0.000000 0.000000 -1.000000
0.000000 0.000000 -1.000000
0.000000 0.000000 -1.000000
0.000000 0.000000 -1.000000
0.000000 0.000000 -1.000000
0.000000 0.000000 -1.000000
0.000000 0.000000 -1.000000
0.000000 0.000000 -1.000000
0.000000 0.000000 -1.000000
0.000000 0.000000 -1.000000
0.000000 0.000000 -1.000000
0.000000 0.000000 -1.000000
0.000000 0.000000 -1.000000
0.000000 0.000000 -1.000000
0.000000 0.000000 -1.000000
0.000000 0.000000 -1.000000
0.000000 0.000000 -1.000000
0.000000 0.000000 -1.000000
0.000000 0.000000 -1.000000
0.000000 0.000000 -1.000000
0.000000 0.000000 -1.000000
0.000000 0.000000 -1.000000
0.000000 0.000000 -1.000000
0.000000 0.000000 -1.000000
0.000000 0.000000 -1.000000
0.000000 0.000000 -1.000000
0.000000 0.000000 -1.000000
0.000000 0.000000 -1.000000
0.000000 0.000000 -1.000000
0.000000 0.000000 -1.000000
0.000000 0.000000 -1.000000
0.000000 0.000000 -1.000000
0.000000 0.000000 -1.000000
0.000000 0.000000 -1.000000
0.000000 0.000000 -1.000000
0.000000 0.000000 -1.000000
0.000000 0.000000 -1.000000
0.000000 0.000000 -1.000000
0.000000 0.000000 -1.000000
0.000000 0.000000 -1.000000
0.000000 0.000000 -1.000000
0.000000 0.000000 -1.000000
0.000000 0.000000 -1.000000
0.000000 0.000000 -1.000000
0.000000 0.000000 -1.000000
0.000000 0.000000 -1.000000
0.000000 0.000000 -1.000000
0.000000 0.000000 -1.000000
0.000000 0.000000 -1.000000
0.000000 0.000000 -1.000000
0.000000 0.000000 -1.000000
0.000000 0.000000 -1.000000
0.000000 0.000000 -1.000000
0.000000 0.000000 -1.000000
0.000000 0.000000 -1.000000
0.000000 0.000000 -1.000000
0.000000 0.000000 -1.000000
0.000000 0.000000 -1.000000
0.000000 0.000000 -1.000000
0.000000 0.000000 -1.000000
0.000000 0.000000 -1.000000
0.000000 0.000000 -1.000000
0.000000 0.000000 -1.000000
0.000000 0.000000 -1.000000
0.000000 0.000000 -1.000000
0.000000 0.000000 -1.000000
0.000000 0.000000 -1.000000
0.000000 0.000000 -1.000000
0.000000 0.000000 -1.000000
0.000000 0.000000 -1.000000
0.000000 0.000000 -1.000000
0.000000 0.000000 -1.000000
0.000000 0.000000 -1.000000
0.000000 0.000000 -1.000000
0.000000 0.000000 -1.000000
0.000000 0.000000 -1.000000
0.000000 0.000000 -1.000000
0.000000 0.000000 -1.000000
0.000000 0.000000 -1.000000
0.000000 0.000000 -1.000000
0.000000 0.000000 -1.000000
0.000000 0.000000 -1.000000
0.000000 0.000000 -1.000000
0.000000 0.000000 -1.000000
0.000000 0.000000 -1.000000
0.000000 0.000000 -1.000000
0.000000 0.000000 -1.000000
0.000000 0.000000 -1.000000
0.000000 0.000000 -1.000000
0.000000 0.000000 -1.000000
0.000000 0.000000 -1.000000
0.000000 0.000000 -1.000000
0.000000 0.000000 -1.000000
0.000000 0.000000 -1.000000
0.000000 0.000000 -1.000000
0.000000 0.000000 -1.000000
0.000000 0.000000 -1.000000
0.000000 0.000000 -1.000000
0.000000 0.000000 -1.000000
0.000000 0.000000 -1.000000
0.000000 0.000000 -1.000000
0.000000 0.000000 -1.000000
0.000000 0.000000 -1.000000
0.000000 0.000000 -1.000000
0.000000 0.000000 -1.000000
0.000000 0.000000 -1.000000
0.000000 0.000000 -1.000000
0.000000 0.000000 -1.000000
0.000000 0.000000 -1.000000
0.000000 0.000000 -1.000000
0.069308 -0.703702 -0.707107
0.069308 -0.703702 -0.707107
-0.000001 -0.707107 -0.707107
-0.000001 -0.707107 -0.707107
-0.000001 -0.707107 -0.707107
0.069308 -0.703702 -0.707107
0.137949 -0.693521 -0.707106
0.137950 -0.693521 -0.707106
0.069308 -0.703702 -0.707107
0.069308 -0.703702 -0.707107
0.069308 -0.703702 -0.707107
0.137949 -0.693521 -0.707106
0.205262 -0.676660 -0.707106
0.205262 -0.676659 -0.707106
0.137950 -0.693521 -0.707106
0.137950 -0.693521 -0.707106
0.137949 -0.693521 -0.707106
0.205262 -0.676660 -0.707106
0.270598 -0.653282 -0.707106
0.270598 -0.653282 -0.707106
0.205262 -0.676659 -0.707106
0.205262 -0.676659 -0.707106
0.205262 -0.676660 -0.707106
0.270598 -0.653282 -0.707106
0.333328 -0.623613 -0.707107
0.333328 -0.623613 -0.707107
0.270598 -0.653282 -0.707106
0.270598 -0.653282 -0.707106
0.270598 -0.653282 -0.707106
0.333328 -0.623613 -0.707107
0.392847 -0.587938 -0.707107
0.392847 -0.587938 -0.707107
0.333328 -0.623613 -0.707107
0.333328 -0.623613 -0.707107
0.333328 -0.623613 -0.707107
0.392847 -0.587938 -0.707107
0.448584 -0.546601 -0.707106
0.448584 -0.546601 -0.707106
0.392847 -0.587938 -0.707107
0.392847 -0.587938 -0.707107
0.392847 -0.587938 -0.707107
0.448584 -0.546601 -0.707106
0.500000 -0.500000 -0.707107
0.500000 -0.500000 -0.707107
0.448584 -0.546601 -0.707106
0.448584 -0.546601 -0.707106
0.448584 -0.546601 -0.707106
0.500000 -0.500000 -0.707107
0.546601 -0.448584 -0.707107
0.546601 -0.448584 -0.707107
0.500000 -0.500000 -0.707107
0.500000 -0.500000 -0.707107
0.500000 -0.500000 -0.707107
0.546601 -0.448584 -0.707107
0.587937 -0.392848 -0.707107
0.587937 -0.392848 -0.707107
0.546601 -0.448584 -0.707107
0.546601 -0.448584 -0.707107
0.546601 -0.448584 -0.707107
0.587937 -0.392848 -0.707107
0.623613 -0.333328 -0.707107
0.623613 -0.333328 -0.707107
0.587937 -0.392848 -0.707107
0.587937 -0.392848 -0.707107
0.587937 -0.392848 -0.707107
0.623613 -0.333328 -0.707107
0.653282 -0.270598 -0.707107
0.653281 -0.270598 -0.707107
0.623613 -0.333328 -0.707107
0.623613 -0.333328 -0.707107
0.623613 -0.333328 -0.707107
0.653282 -0.270598 -0.707107
0.676659 -0.205263 -0.707106
0.676659 -0.205263 -0.707106
0.653281 -0.270598 -0.707107
0.653281 -0.270598 -0.707107
0.653282 -0.270598 -0.707107
0.676659 -0.205263 -0.707106
0.693520 -0.137950 -0.707106
0.693520 -0.137950 -0.707106
0.676659 -0.205263 -0.707106
0.676659 -0.205263 -0.707106
0.676659 -0.205263 -0.707106
0.693520 -0.137950 -0.707106
0.703702 -0.069309 -0.707107
0.703702 -0.069309 -0.707107
0.693520 -0.137950 -0.707106
0.693520 -0.137950 -0.707106
0.693520 -0.137950 -0.707106
0.703702 -0.069309 -0.707107
0.707107 -0.000000 -0.707107
0.707107 -0.000000 -0.707107
0.703702 -0.069309 -0.707107
0.703702 -0.069309 -0.707107
0.703702 -0.069309 -0.707107
0.707107 -0.000000 -0.707107
0.703702 0.069308 -0.707107
0.703702 0.069308 -0.707107
0.707107 -0.000000 -0.707107
0.707107 -0.000000 -0.707107
0.707107 -0.000000 -0.707107
0.703702 0.069308 -0.707107
0.693520 0.137950 -0.707106
0.693520 0.137950 -0.707106
0.703702 0.069308 -0.707107
0.703702 0.069308 -0.707107
0.703702 0.069308 -0.707107
0.693520 0.137950 -0.707106
0.676659 0.205262 -0.707106
0.676659 0.205262 -0.707106
0.693520 0.137950 -0.707106
0.693520 0.137950 -0.707106
0.693520 0.137950 -0.707106
0.676659 0.205262 -0.707106
0.653282 0.270598 -0.707106
0.653282 0.270598 -0.707106
0.676659 0.205262 -0.707106
0.676659 0.205262 -0.707106
0.676659 0.205262 -0.707106
0.653282 0.270598 -0.707106
0.623613 0.333328 -0.707107
0.623613 0.333328 -0.707107
0.653282 0.270598 -0.707106
0.653282 0.270598 -0.707106
0.653282 0.270598 -0.707106
0.623613 0.333328 -0.707107
0.587938 0.392847 -0.707107
0.587938 0.392847 -0.707107
0.623613 0.333328 -0.707107
0.623613 0.333328 -0.707107
0.623613 0.333328 -0.707107
0.587938 0.392847 -0.707107
0.546601 0.448584 -0.707107
0.546601 0.448584 -0.707107
0.587938 0.392847 -0.707107
0.587938 0.392847 -0.707107
0.587938 0.392847 -0.707107
0.546601 0.448584 -0.707107
0.500000 0.500000 -0.707107
0.500000 0.500000 -0.707107
0.546601 0.448584 -0.707107
0.546601 0.448584 -0.707107
0.546601 0.448584 -0.707107
0.500000 0.500000 -0.707107
0.448584 0.546601 -0.707106
0.448584 0.546601 -0.707106
0.500000 0.500000 -0.707107
0.500000 0.500000 -0.707107
0.500000 0.500000 -0.707107
0.448584 0.546601 -0.707106
0.392847 0.587938 -0.707107
0.392847 0.587938 -0.707107
0.448584 0.546601 -0.707106
0.448584 0.546601 -0.707106
0.448584 0.546601 -0.707106
0.392847 0.587938 -0.707107
0.333328 0.623613 -0.707107
0.333328 0.623613 -0.707107
0.392847 0.587938 -0.707107
0.392847 0.587938 -0.707107
0.392847 0.587938 -0.707107
0.333328 0.623613 -0.707107
0.270598 0.653282 -0.707107
0.270598 0.653282 -0.707107
0.333328 0.623613 -0.707107
0.333328 0.623613 -0.707107
0.333328 0.623613 -0.707107
0.270598 0.653282 -0.707107
0.205262 0.676659 -0.707106
0.205262 0.676659 -0.707106
0.270598 0.653282 -0.707107
0.270598 0.653282 -0.707107
0.270598 0.653282 -0.707107
0.205262 0.676659 -0.707106
0.137950 0.693521 -0.707106
0.137950 0.693521 -0.707106
0.205262 0.676659 -0.707106
0.205262 0.676659 -0.707106
0.205262 0.676659 -0.707106
0.137950 0.693521 -0.707106
0.069308 0.703702 -0.707107
0.069308 0.703702 -0.707107
0.137950 0.693521 -0.707106
0.137950 0.693521 -0.707106
0.137950 0.693521 -0.707106
0.069308 0.703702 -0.707107
-0.000001 0.707107 -0.707107
-0.000001 0.707107 -0.707107
0.069308 0.703702 -0.707107
0.069308 0.703702 -0.707107
0.069308 0.703702 -0.707107
-0.000001 0.707107 -0.707107
-0.069309 0.703702 -0.707107
-0.069309 0.703702 -0.707107
-0.000001 0.707107 -0.707107
-0.000001 0.707107 -0.707107
-0.000001 0.707107 -0.707107
-0.069309 0.703702 -0.707107
-0.137950 0.693520 -0.707106
-0.137950 0.693520 -0.707106
-0.069309 0.703702 -0.707107
-0.069309 0.703702 -0.707107
-0.069309 0.703702 -0.707107
-0.137950 0.693520 -0.707106
-0.205263 0.676659 -0.707106
-0.205263 0.676659 -0.707106
-0.137950 0.693520 -0.707106
-0.137950 0.693520 -0.707106
-0.137950 0.693520 -0.707106
-0.205263 0.676659 -0.707106
-0.270599 0.653282 -0.707106
-0.270599 0.653282 -0.707106
-0.205263 0.676659 -0.707106
-0.205263 0.676659 -0.707106
-0.205263 0.676659 -0.707106
-0.270599 0.653282 -0.707106
-0.333328 0.623612 -0.707107
-0.333328 0.623612 -0.707107
-0.270599 0.653282 -0.707106
-0.270599 0.653282 -0.707106
-0.270599 0.653282 -0.707106
-0.333328 0.623612 -0.707107
-0.392848 0.587937 -0.707107
-0.392848 0.587937 -0.707107
-0.333328 0.623612 -0.707107
-0.333328 0.623612 -0.707107
-0.333328 0.623612 -0.707107
-0.392848 0.587937 -0.707107
-0.448584 0.546601 -0.707107
-0.448584 0.546601 -0.707107
-0.392848 0.587937 -0.707107
-0.392848 0.587937 -0.707107
-0.392848 0.587937 -0.707107
-0.448584 0.546601 -0.707107
-0.500000 0.500000 -0.707107
-0.500000 0.500000 -0.707107
-0.448584 0.546601 -0.707107
-0.448584 0.546601 -0.707107
-0.448584 0.546601 -0.707107
-0.500000 0.500000 -0.707107
-0.546602 0.448584 -0.707106
-0.546602 0.448583 -0.707106
-0.500000 0.500000 -0.707107
-0.500000 0.500000 -0.707107
-0.500000 0.500000 -0.707107
-0.546602 0.448584 -0.707106
-0.587938 0.392848 -0.707107
-0.587938 0.392847 -0.707107
-0.546602 0.448583 -0.707106
-0.546602 0.448583 -0.707106
-0.546602 0.448584 -0.707106
-0.587938 0.392848 -0.707107
-0.623613 0.333328 -0.707107
-0.623613 0.333328 -0.707107
-0.587938 0.392847 -0.707107
-0.587938 0.392847 -0.707107
-0.587938 0.392848 -0.707107
-0.623613 0.333328 -0.707107
-0.653282 0.270598 -0.707107
-0.653282 0.270598 -0.707107
-0.623613 0.333328 -0.707107
-0.623613 0.333328 -0.707107
-0.623613 0.333328 -0.707107
-0.653282 0.270598 -0.707107
-0.676659 0.205263 -0.707106
-0.676659 0.205263 -0.707106
-0.653282 0.270598 -0.707107
-0.653282 0.270598 -0.707107
-0.653282 0.270598 -0.707107
-0.676659 0.205263 -0.707106
-0.693520 0.137950 -0.707106
-0.693520 0.137950 -0.707106
-0.676659 0.205263 -0.707106
-0.676659 0.205263 -0.707106
-0.676659 0.205263 -0.707106
-0.693520 0.137950 -0.707106
-0.703702 0.069309 -0.707107
-0.703702 0.069309 -0.707107
-0.693520 0.137950 -0.707106
-0.693520 0.137950 -0.707106
-0.693520 0.137950 -0.707106
-0.703702 0.069309 -0.707107
-0.707107 0.000000 -0.707107
-0.707107 0.000000 -0.707107
-0.703702 0.069309 -0.707107
-0.703702 0.069309 -0.707107
-0.703702 0.069309 -0.707107
-0.707107 0.000000 -0.707107
-0.703702 -0.069308 -0.707107
-0.703702 -0.069308 -0.707107
-0.707107 0.000000 -0.707107
-0.707107 0.000000 -0.707107
-0.707107 0.000000 -0.707107
-0.703702 -0.069308 -0.707107
-0.693521 -0.137949 -0.707106
-0.693521 -0.137949 -0.707106
-0.703702 -0.069308 -0.707107
-0.703702 -0.069308 -0.707107
-0.703702 -0.069308 -0.707107
-0.693521 -0.137949 -0.707106
-0.676660 -0.205261 -0.707106
-0.676660 -0.205261 -0.707106
-0.693521 -0.137949 -0.707106
-0.693521 -0.137949 -0.707106
-0.693521 -0.137949 -0.707106
-0.676660 -0.205261 -0.707106
-0.653283 -0.270597 -0.707106
-0.653282 -0.270597 -0.707106
-0.676660 -0.205261 -0.707106
-0.676660 -0.205261 -0.707106
-0.676660 -0.205261 -0.707106
-0.653283 -0.270597 -0.707106
-0.623614 -0.333327 -0.707106
-0.623614 -0.333327 -0.707106
-0.653282 -0.270597 -0.707106
-0.653282 -0.270597 -0.707106
-0.653283 -0.270597 -0.707106
-0.623614 -0.333327 -0.707106
-0.587939 -0.392846 -0.707107
-0.587939 -0.392846 -0.707107
-0.623614 -0.333327 -0.707106
-0.623614 -0.333327 -0.707106
-0.623614 -0.333327 -0.707106
-0.587939 -0.392846 -0.707107
-0.546602 -0.448583 -0.707106
-0.546602 -0.448583 -0.707106
-0.587939 -0.392846 -0.707107
-0.587939 -0.392846 -0.707107
-0.587939 -0.392846 -0.707107
-0.546602 -0.448583 -0.707106
-0.500001 -0.499999 -0.707107
-0.500001 -0.499999 -0.707107
-0.546602 -0.448583 -0.707106
-0.546602 -0.448583 -0.707106
-0.546602 -0.448583 -0.707106
-0.500001 -0.499999 -0.707107
-0.448585 -0.546600 -0.707107
-0.448585 -0.546600 -0.707107
-0.500001 -0.499999 -0.707107
-0.500001 -0.499999 -0.707107
-0.500001 -0.499999 -0.707107
-0.448585 -0.546600 -0.707107
-0.392849 -0.587937 -0.707106
-0.392849 -0.587937 -0.707106
-0.448585 -0.546600 -0.707107
-0.448585 -0.546600 -0.707107
-0.448585 -0.546600 -0.707107
-0.392849 -0.587937 -0.707106
-0.333330 -0.623611 -0.707107
-0.333330 -0.623611 -0.707107
-0.392849 -0.587937 -0.707106
-0.392849 -0.587937 -0.707106
-0.392849 -0.587937 -0.707106
-0.333330 -0.623611 -0.707107
-0.270600 -0.653280 -0.707107
-0.270600 -0.653280 -0.707107
-0.333330 -0.623611 -0.707107
-0.333330 -0.623611 -0.707107
-0.333330 -0.623611 -0.707107
-0.270600 -0.653280 -0.707107
-0.205265 -0.676658 -0.707107
-0.205265 -0.676658 -0.707107
-0.270600 -0.653280 -0.707107
-0.270600 -0.653280 -0.707107
-0.270600 -0.653280 -0.707107
-0.205265 -0.676658 -0.707107
-0.137952 -0.693520 -0.707106
-0.137952 -0.693520 -0.707106
-0.205265 -0.676658 -0.707107
-0.205265 -0.676658 -0.707107
-0.205265 -0.676658 -0.707107
-0.137952 -0.693520 -0.707106
-0.069311 -0.703702 -0.707107
-0.069311 -0.703702 -0.707107
-0.137952 -0.693520 -0.707106
-0.137952 -0.693520 -0.707106
-0.137952 -0.693520 -0.707106
-0.069311 -0.703702 -0.707107
-0.000001 -0.707107 -0.707107
-0.000001 -0.707107 -0.707107
-0.069311 -0.703702 -0.707107
-0.069311 -0.703702 -0.707107
-0.069311 -0.703702 -0.707107
-0.000001 -0.707107 -0.707107
0.000000 0.000000 -1.000000
0.000000 0.000000 -1.000000
0.000000 0.000000 -1.000000
0.000000 0.000000 -1.000000
0.000000 0.000000 -1.000000
0.000000 0.000000 -1.000000
0.000000 0.000000 -1.000000
0.000000 0.000000 -1.000000
0.000000 0.000000 -1.000000
0.000000 0.000000 -1.000000
0.000000 0.000000 -1.000000
0.000000 0.000000 -1.000000
0.000000 0.000000 -1.000000
0.000000 0.000000 -1.000000
0.000000 0.000000 -1.000000
0.000000 0.000000 -1.000000
0.000000 0.000000 -1.000000
0.000000 0.000000 -1.000000
0.000000 0.000000 -1.000000
0.000000 0.000000 -1.000000
0.000000 0.000000 -1.000000
0.000000 0.000000 -1.000000
0.000000 0.000000 -1.000000
0.000000 0.000000 -1.000000
0.000000 0.000000 -1.000000
0.000000 0.000000 -1.000000
0.000000 0.000000 -1.000000
0.000000 0.000000 -1.000000
0.000000 0.000000 -1.000000
0.000000 0.000000 -1.000000
0.000000 0.000000 -1.000000
0.000000 0.000000 -1.000000
0.000000 0.000000 -1.000000
0.000000 0.000000 -1.000000
0.000000 0.000000 -1.000000
0.000000 0.000000 -1.000000
0.000000 0.000000 -1.000000
0.000000 0.000000 -1.000000
0.000000 0.000000 -1.000000
0.000000 0.000000 -1.000000
0.000000 0.000000 -1.000000
0.000000 0.000000 -1.000000
0.000000 0.000000 -1.000000
0.000000 0.000000 -1.000000
0.000000 0.000000 -1.000000
0.000000 0.000000 -1.000000
0.000000 0.000000 -1.000000
0.000000 0.000000 -1.000000
0.000000 0.000000 -1.000000
0.000000 0.000000 -1.000000
0.000000 0.000000 -1.000000
0.000000 0.000000 -1.000000
0.000000 0.000000 -1.000000
0.000000 0.000000 -1.000000
0.000000 0.000000 -1.000000
0.000000 0.000000 -1.000000
0.000000 0.000000 -1.000000
0.000000 0.000000 -1.000000
0.000000 0.000000 -1.000000
0.000000 0.000000 -1.000000
0.000000 0.000000 -1.000000
0.000000 0.000000 -1.000000
0.000000 0.000000 -1.000000
0.000000 0.000000 -1.000000
0.000000 0.000000 -1.000000
0.000000 0.000000 -1.000000
0.000000 0.000000 -1.000000
0.000000 0.000000 -1.000000
0.000000 0.000000 -1.000000
0.000000 0.000000 -1.000000
0.000000 0.000000 -1.000000
0.000000 0.000000 -1.000000
0.000000 0.000000 -1.000000
0.000000 0.000000 -1.000000
0.000000 0.000000 -1.000000
0.000000 0.000000 -1.000000
0.000000 0.000000 -1.000000
0.000000 0.000000 -1.000000
0.000000 0.000000 -1.000000
0.000000 0.000000 -1.000000
0.000000 0.000000 -1.000000
0.000000 0.000000 -1.000000
0.000000 0.000000 -1.000000
0.000000 0.000000 -1.000000
0.000000 0.000000 -1.000000
0.000000 0.000000 -1.000000
0.000000 0.000000 -1.000000
0.000000 0.000000 -1.000000
0.000000 0.000000 -1.000000
0.000000 0.000000 -1.000000
0.000000 -1.000000 0.000000
0.195090 -0.980785 0.000000
0.195090 -0.980785 0.000000
0.195090 -0.980785 0.000000
0.000000 -1.000000 0.000000
0.000000 -1.000000 0.000000
0.195090 -0.980785 0.000000
0.382683 -0.923880 0.000000
0.382683 -0.923880 0.000000
0.382683 -0.923880 0.000000
0.195090 -0.980785 0.000000
0.195090 -0.980785 0.000000
0.382683 -0.923880 0.000000
0.555570 -0.831470 0.000000
0.555570 -0.831470 0.000000
0.555570 -0.831470 0.000000
0.382683 -0.923880 0.000000
0.382683 -0.923880 0.000000
0.555570 -0.831470 0.000000
0.707107 -0.707107 0.000000
0.707107 -0.707107 0.000000
0.707107 -0.707107 0.000000
0.555570 -0.831470 0.000000
0.555570 -0.831470 0.000000
0.707107 -0.707107 0.000000
0.831469 -0.555570 0.000000
0.831469 -0.555571 0.000000
0.831469 -0.555571 0.000000
0.707107 -0.707107 0.000000
0.707107 -0.707107 0.000000
0.831469 -0.555570 0.000000
0.923879 -0.382684 0.000000
0.923879 -0.382684 0.000000
0.923879 -0.382684 0.000000
0.831469 -0.555571 0.000000
0.831469 -0.555570 0.000000
0.923879 -0.382684 0.000000
0.980785 -0.195091 0.000000
0.980785 -0.195091 0.000000
0.980785 -0.195091 0.000000
0.923879 -0.382684 0.000000
0.923879 -0.382684 0.000000
0.980785 -0.195091 0.000000
1.000000 -0.000001 0.000000
1.000000 -0.000001 0.000000
1.000000 -0.000001 0.000000
0.980785 -0.195091 0.000000
0.980785 -0.195091 0.000000
1.000000 -0.000001 0.000000
0.980785 0.195090 0.000000
0.980785 0.195090 0.000000
0.980785 0.195090 0.000000
1.000000 -0.000001 0.000000
1.000000 -0.000001 0.000000
0.980785 0.195090 0.000000
0.923880 0.382683 0.000000
0.923880 0.382683 0.000000
0.923880 0.382683 0.000000
0.980785 0.195090 0.000000
0.980785 0.195090 0.000000
0.923880 0.382683 0.000000
0.831470 0.555570 0.000000
0.831470 0.555570 0.000000
0.831470 0.555570 0.000000
0.923880 0.382683 0.000000
0.923880 0.382683 0.000000
0.831470 0.555570 0.000000
0.707107 0.707107 0.000000
0.707107 0.707107 0.000000
0.707107 0.707107 0.000000
0.831470 0.555570 0.000000
0.831470 0.555570 0.000000
0.707107 0.707107 0.000000
0.555571 0.831469 0.000000
0.555571 0.831469 0.000000
0.555571 0.831469 0.000000
0.707107 0.707107 0.000000
0.707107 0.707107 0.000000
0.555571 0.831469 0.000000
0.382684 0.923879 0.000000
0.382684 0.923879 0.000000
0.382684 0.923879 0.000000
0.555571 0.831469 0.000000
0.555571 0.831469 0.000000
0.382684 0.923879 0.000000
0.195091 0.980785 0.000000
0.195091 0.980785 0.000000
0.195091 0.980785 0.000000
0.382684 0.923879 0.000000
0.382684 0.923879 0.000000
0.195091 0.980785 0.000000
-0.000000 1.000000 0.000000
0.000000 1.000000 0.000000
0.000000 1.000000 0.000000
0.195091 0.980785 0.000000
0.195091 0.980785 0.000000
-0.000000 1.000000 0.000000
-0.195090 0.980785 0.000000
-0.195090 0.980785 0.000000
-0.195090 0.980785 0.000000
0.000000 1.000000 0.000000
-0.000000 1.000000 0.000000
-0.195090 0.980785 0.000000
-0.382683 0.923880 0.000000
-0.382683 0.923880 0.000000
-0.382683 0.923880 0.000000
-0.195090 0.980785 0.000000
-0.195090 0.980785 0.000000
-0.382683 0.923880 0.000000
-0.555570 0.831470 0.000000
-0.555570 0.831469 0.000000
-0.555570 0.831469 0.000000
-0.382683 0.923880 0.000000
-0.382683 0.923880 0.000000
-0.555570 0.831470 0.000000
-0.707107 0.707107 0.000000
-0.707107 0.707106 0.000000
-0.707107 0.707106 0.000000
-0.555570 0.831469 0.000000
-0.555570 0.831470 0.000000
-0.707107 0.707107 0.000000
-0.831470 0.555570 0.000000
-0.831470 0.555570 0.000000
-0.831470 0.555570 0.000000
-0.707107 0.707106 0.000000
-0.707107 0.707107 0.000000
-0.831470 0.555570 0.000000
-0.923880 0.382683 0.000000
-0.923880 0.382683 0.000000
-0.923880 0.382683 0.000000
-0.831470 0.555570 0.000000
-0.831470 0.555570 0.000000
-0.923880 0.382683 0.000000
-0.980785 0.195090 0.000000
-0.980785 0.195090 0.000000
-0.980785 0.195090 0.000000
-0.923880 0.382683 0.000000
-0.923880 0.382683 0.000000
-0.980785 0.195090 0.000000
-1.000000 -0.000000 0.000000
-1.000000 -0.000000 0.000000
-1.000000 -0.000000 0.000000
-0.980785 0.195090 0.000000
-0.980785 0.195090 0.000000
-1.000000 -0.000000 0.000000
-0.980785 -0.195091 0.000000
-0.980785 -0.195091 0.000000
-0.980785 -0.195091 0.000000
-1.000000 -0.000000 0.000000
-1.000000 -0.000000 0.000000
-0.980785 -0.195091 0.000000
-0.923879 -0.382684 0.000000
-0.923879 -0.382684 0.000000
-0.923879 -0.382684 0.000000
-0.980785 -0.195091 0.000000
-0.980785 -0.195091 0.000000
-0.923879 -0.382684 0.000000
-0.831469 -0.555571 0.000000
-0.831469 -0.555571 0.000000
-0.831469 -0.555571 0.000000
-0.923879 -0.382684 0.000000
-0.923879 -0.382684 0.000000
-0.831469 -0.555571 0.000000
-0.707106 -0.707107 0.000000
-0.707106 -0.707108 0.000000
-0.707106 -0.707108 0.000000
-0.831469 -0.555571 0.000000
-0.831469 -0.555571 0.000000
-0.707106 -0.707107 0.000000
-0.555569 -0.831470 0.000000
-0.555570 -0.831470 0.000000
-0.555570 -0.831470 0.000000
-0.707106 -0.707108 0.000000
-0.707106 -0.707107 0.000000
-0.555569 -0.831470 0.000000
-0.382683 -0.923880 0.000000
-0.382683 -0.923880 0.000000
-0.382683 -0.923880 0.000000
-0.555570 -0.831470 0.000000
-0.555569 -0.831470 0.000000
-0.382683 -0.923880 0.000000
-0.195090 -0.980785 0.000000
-0.195090 -0.980785 0.000000
-0.195090 -0.980785 0.000000
-0.382683 -0.923880 0.000000
-0.382683 -0.923880 0.000000
-0.195090 -0.980785 0.000000
0.000000 -1.000000 0.000000
0.000000 -1.000000 0.000000
0.000000 -1.000000 0.000000
-0.195090 -0.980785 0.000000
-0.195090 -0.980785 0.000000
0.000000 0.000000 1.000000
0.000000 0.000000 1.000000
0.000000 0.000000 1.000000
0.000000 0.000000 1.000000
0.000000 0.000000 1.000000
0.000000 0.000000 1.000000
0.000000 0.000000 1.000000
0.000000 0.000000 1.000000
0.000000 0.000000 1.000000
0.000000 0.000000 1.000000
0.000000 0.000000 1.000000
0.000000 0.000000 1.000000
0.000000 0.000000 1.000000
0.000000 0.000000 1.000000
0.000000 0.000000 1.000000
0.000000 0.000000 1.000000
0.000000 0.000000 1.000000
0.000000 0.000000 1.000000
0.000000 0.000000 1.000000
0.000000 0.000000 1.000000
0.000000 0.000000 1.000000
0.000000 0.000000 1.000000
0.000000 0.000000 1.000000
0.000000 0.000000 1.000000
0.000000 0.000000 1.000000
0.000000 0.000000 1.000000
0.000000 0.000000 1.000000
0.000000 0.000000 1.000000
0.000000 0.000000 1.000000
0.000000 0.000000 1.000000
0.000000 0.000000 1.000000
0.000000 0.000000 1.000000
0.000000 0.000000 1.000000
0.000000 0.000000 1.000000
0.000000 0.000000 1.000000
0.000000 0.000000 1.000000
0.000000 0.000000 1.000000
0.000000 0.000000 1.000000
0.000000 0.000000 1.000000
0.000000 0.000000 1.000000
0.000000 0.000000 1.000000
0.000000 0.000000 1.000000
0.000000 0.000000 1.000000
0.000000 0.000000 1.000000
0.000000 0.000000 1.000000
0.000000 0.000000 1.000000
0.000000 0.000000 1.000000
0.000000 0.000000 1.000000
0.000000 0.000000 1.000000
0.000000 0.000000 1.000000
0.000000 0.000000 1.000000
0.000000 0.000000 1.000000
0.000000 0.000000 1.000000
0.000000 0.000000 1.000000
0.000000 0.000000 1.000000
0.000000 0.000000 1.000000
0.000000 0.000000 1.000000
0.000000 0.000000 1.000000
0.000000 0.000000 1.000000
0.000000 0.000000 1.000000
0.000000 0.000000 1.000000
0.000000 0.000000 1.000000
0.000000 0.000000 1.000000
0.000000 0.000000 1.000000
0.000000 0.000000 1.000000
0.000000 0.000000 1.000000
0.000000 0.000000 1.000000
0.000000 0.000000 1.000000
0.000000 0.000000 1.000000
0.000000 0.000000 1.000000
0.000000 0.000000 1.000000
0.000000 0.000000 1.000000
0.000000 0.000000 1.000000
0.000000 0.000000 1.000000
0.000000 0.000000 1.000000
0.000000 0.000000 1.000000
0.000000 0.000000 1.000000
0.000000 0.000000 1.000000
0.000000 0.000000 1.000000
0.000000 0.000000 1.000000
0.000000 0.000000 1.000000
0.000000 0.000000 1.000000
0.000000 0.000000 1.000000
0.000000 0.000000 1.000000
0.000000 0.000000 1.000000
0.000000 0.000000 1.000000
0.000000 0.000000 1.000000
0.000000 0.000000 1.000000
0.000000 0.000000 1.000000
0.000000 0.000000 1.000000
0.137616 -0.691844 -0.708812
0.137616 -0.691844 -0.708812
0.000000 -0.705398 -0.708812
0.000000 -0.705398 -0.708812
0.000000 -0.705398 -0.708812
0.137616 -0.691844 -0.708812
0.269944 -0.651703 -0.708812
0.269944 -0.651703 -0.708812
0.137616 -0.691844 -0.708812
0.137616 -0.691844 -0.708812
0.137616 -0.691844 -0.708812
0.269944 -0.651703 -0.708812
0.391897 -0.586517 -0.708812
0.391897 -0.586517 -0.708812
0.269944 -0.651703 -0.708812
0.269944 -0.651703 -0.708812
0.269944 -0.651703 -0.708812
0.391897 -0.586517 -0.708812
0.498792 -0.498792 -0.708811
0.498792 -0.498792 -0.708811
0.391897 -0.586517 -0.708812
0.391897 -0.586517 -0.708812
0.391897 -0.586517 -0.708812
0.498792 -0.498792 -0.708811
0.586516 -0.391898 -0.708812
0.586516 -0.391898 -0.708812
0.498792 -0.498792 -0.708811
0.498792 -0.498792 -0.708811
0.498792 -0.498792 -0.708811
0.586516 -0.391898 -0.708812
0.651702 -0.269944 -0.708812
0.651702 -0.269944 -0.708812
0.586516 -0.391898 -0.708812
0.586516 -0.391898 -0.708812
0.586516 -0.391898 -0.708812
0.651702 -0.269944 -0.708812
0.691844 -0.137617 -0.708812
0.691844 -0.137617 -0.708812
0.651702 -0.269944 -0.708812
0.651702 -0.269944 -0.708812
0.651702 -0.269944 -0.708812
0.691844 -0.137617 -0.708812
0.705398 -0.000000 -0.708812
0.705398 -0.000000 -0.708812
0.691844 -0.137617 -0.708812
0.691844 -0.137617 -0.708812
0.691844 -0.137617 -0.708812
0.705398 -0.000000 -0.708812
0.691844 0.137616 -0.708812
0.691844 0.137616 -0.708812
0.705398 -0.000000 -0.708812
0.705398 -0.000000 -0.708812
0.705398 -0.000000 -0.708812
0.691844 0.137616 -0.708812
0.651703 0.269944 -0.708812
0.651703 0.269944 -0.708812
0.691844 0.137616 -0.708812
0.691844 0.137616 -0.708812
0.691844 0.137616 -0.708812
0.651703 0.269944 -0.708812
0.586517 0.391897 -0.708812
0.586517 0.391897 -0.708812
0.651703 0.269944 -0.708812
0.651703 0.269944 -0.708812
0.651703 0.269944 -0.708812
0.586517 0.391897 -0.708812
0.498792 0.498792 -0.708811
0.498792 0.498792 -0.708811
0.586517 0.391897 -0.708812
0.586517 0.391897 -0.708812
0.586517 0.391897 -0.708812
0.498792 0.498792 -0.708811
0.391898 0.586516 -0.708812
0.391898 0.586516 -0.708812
0.498792 0.498792 -0.708811
0.498792 0.498792 -0.708811
0.498792 0.498792 -0.708811
0.391898 0.586516 -0.708812
0.269944 0.651702 -0.708812
0.269944 0.651702 -0.708812
0.391898 0.586516 -0.708812
0.391898 0.586516 -0.708812
0.391898 0.586516 -0.708812
0.269944 0.651702 -0.708812
0.137616 0.691844 -0.708812
0.137616 0.691844 -0.708812
0.269944 0.651702 -0.708812
0.269944 0.651702 -0.708812
0.269944 0.651702 -0.708812
0.137616 0.691844 -0.708812
0.000000 0.705398 -0.708812
-0.000000 0.705398 -0.708812
0.137616 0.691844 -0.708812
0.137616 0.691844 -0.708812
0.137616 0.691844 -0.708812
0.000000 0.705398 -0.708812
-0.137616 0.691844 -0.708812
-0.137616 0.691844 -0.708812
-0.000000 0.705398 -0.708812
-0.000000 0.705398 -0.708812
0.000000 0.705398 -0.708812
-0.137616 0.691844 -0.708812
-0.269944 0.651703 -0.708812
-0.269944 0.651703 -0.708812
-0.137616 0.691844 -0.708812
-0.137616 0.691844 -0.708812
-0.137616 0.691844 -0.708812
-0.269944 0.651703 -0.708812
-0.391898 0.586516 -0.708812
-0.391898 0.586516 -0.708812
-0.269944 0.651703 -0.708812
-0.269944 0.651703 -0.708812
-0.269944 0.651703 -0.708812
-0.391898 0.586516 -0.708812
-0.498792 0.498791 -0.708812
-0.498792 0.498791 -0.708812
-0.391898 0.586516 -0.708812
-0.391898 0.586516 -0.708812
-0.391898 0.586516 -0.708812
-0.498792 0.498791 -0.708812
-0.586517 0.391898 -0.708812
-0.586517 0.391898 -0.708812
-0.498792 0.498791 -0.708812
-0.498792 0.498791 -0.708812
-0.498792 0.498791 -0.708812
-0.586517 0.391898 -0.708812
-0.651703 0.269944 -0.708812
-0.651703 0.269944 -0.708812
-0.586517 0.391898 -0.708812
-0.586517 0.391898 -0.708812
-0.586517 0.391898 -0.708812
-0.651703 0.269944 -0.708812
-0.691844 0.137616 -0.708812
-0.691844 0.137616 -0.708812
-0.651703 0.269944 -0.708812
-0.651703 0.269944 -0.708812
-0.651703 0.269944 -0.708812
-0.691844 0.137616 -0.708812
-0.705398 -0.000000 -0.708812
-0.705398 -0.000000 -0.708812
-0.691844 0.137616 -0.708812
-0.691844 0.137616 -0.708812
-0.691844 0.137616 -0.708812
-0.705398 -0.000000 -0.708812
-0.691844 -0.137617 -0.708812
-0.691844 -0.137617 -0.708812
-0.705398 -0.000000 -0.708812
-0.705398 -0.000000 -0.708812
-0.705398 -0.000000 -0.708812
-0.691844 -0.137617 -0.708812
-0.651703 -0.269944 -0.708812
-0.651703 -0.269944 -0.708812
-0.691844 -0.137617 -0.708812
-0.691844 -0.137617 -0.708812
-0.691844 -0.137617 -0.708812
-0.651703 -0.269944 -0.708812
-0.586517 -0.391899 -0.708811
-0.586517 -0.391899 -0.708811
-0.651703 -0.269944 -0.708812
-0.651703 -0.269944 -0.708812
-0.651703 -0.269944 -0.708812
-0.586517 -0.391899 -0.708811
-0.498791 -0.498792 -0.708812
-0.498791 -0.498792 -0.708812
-0.586517 -0.391899 -0.708811
-0.586517 -0.391899 -0.708811
-0.586517 -0.391899 -0.708811
-0.498791 -0.498792 -0.708812
-0.391897 -0.586517 -0.708812
-0.391897 -0.586517 -0.708812
-0.498791 -0.498792 -0.708812
-0.498791 -0.498792 -0.708812
-0.498791 -0.498792 -0.708812
-0.391897 -0.586517 -0.708812
-0.269943 -0.651703 -0.708812
-0.269943 -0.651703 -0.708812
-0.391897 -0.586517 -0.708812
-0.391897 -0.586517 -0.708812
-0.391897 -0.586517 -0.708812
-0.269943 -0.651703 -0.708812
-0.137616 -0.691844 -0.708812
-0.137616 -0.691844 -0.708811
-0.269943 -0.651703 -0.708812
-0.269943 -0.651703 -0.708812
-0.269943 -0.651703 -0.708812
-0.137616 -0.691844 -0.708812
0.000000 -0.705398 -0.708812
0.000000 -0.705398 -0.708812
-0.137616 -0.691844 -0.708811
-0.137616 -0.691844 -0.708811
-0.137616 -0.691844 -0.708812
0.000000 -0.705398 -0.708812
0.137617 -0.691846 0.708809
0.137617 -0.691847 0.708809
0.000000 -0.705400 0.708809
0.000000 -0.705400 0.708809
0.000000 -0.705400 0.708809
0.137617 -0.691846 0.708809
0.269945 -0.651705 0.708809
0.269945 -0.651705 0.708809
0.137617 -0.691847 0.708809
0.137617 -0.691847 0.708809
0.137617 -0.691846 0.708809
0.269945 -0.651705 0.708809
0.391899 -0.586519 0.708809
0.391899 -0.586519 0.708809
0.269945 -0.651705 0.708809
0.269945 -0.651705 0.708809
0.269945 -0.651705 0.708809
0.391899 -0.586519 0.708809
0.498794 -0.498794 0.708808
0.498794 -0.498794 0.708808
0.391899 -0.586519 0.708809
0.391899 -0.586519 0.708809
0.391899 -0.586519 0.708809
0.498794 -0.498794 0.708808
0.586519 -0.391899 0.708809
0.586519 -0.391899 0.708809
0.498794 -0.498794 0.708808
0.498794 -0.498794 0.708808
0.498794 -0.498794 0.708808
0.586519 -0.391899 0.708809
0.651705 -0.269945 0.708809
0.651705 -0.269945 0.708809
0.586519 -0.391899 0.708809
0.586519 -0.391899 0.708809
0.586519 -0.391899 0.708809
0.651705 -0.269945 0.708809
0.691846 -0.137617 0.708809
0.691846 -0.137617 0.708809
0.651705 -0.269945 0.708809
0.651705 -0.269945 0.708809
0.651705 -0.269945 0.708809
0.691846 -0.137617 0.708809
0.705400 -0.000000 0.708809
0.705400 -0.000000 0.708809
0.691846 -0.137617 0.708809
0.691846 -0.137617 0.708809
0.691846 -0.137617 0.708809
0.705400 -0.000000 0.708809
0.691847 0.137616 0.708809
0.691847 0.137616 0.708809
0.705400 -0.000000 0.708809
0.705400 -0.000000 0.708809
0.705400 -0.000000 0.708809
0.691847 0.137616 0.708809
0.651705 0.269945 0.708809
0.651705 0.269945 0.708809
0.691847 0.137616 0.708809
0.691847 0.137616 0.708809
0.691847 0.137616 0.708809
0.651705 0.269945 0.708809
0.586519 0.391899 0.708809
0.586519 0.391899 0.708809
0.651705 0.269945 0.708809
0.651705 0.269945 0.708809
0.651705 0.269945 0.708809
0.586519 0.391899 0.708809
0.498794 0.498794 0.708808
0.498794 0.498794 0.708808
0.586519 0.391899 0.708809
0.586519 0.391899 0.708809
0.586519 0.391899 0.708809
0.498794 0.498794 0.708808
0.391899 0.586519 0.708809
0.391899 0.586519 0.708809
0.498794 0.498794 0.708808
0.498794 0.498794 0.708808
0.498794 0.498794 0.708808
0.391899 0.586519 0.708809
0.269945 0.651705 0.708809
0.269945 0.651705 0.708809
0.391899 0.586519 0.708809
0.391899 0.586519 0.708809
0.391899 0.586519 0.708809
0.269945 0.651705 0.708809
0.137617 0.691846 0.708809
0.137617 0.691847 0.708809
0.269945 0.651705 0.708809
0.269945 0.651705 0.708809
0.269945 0.651705 0.708809
0.137617 0.691846 0.708809
0.000000 0.705400 0.708809
-0.000000 0.705400 0.708809
0.137617 0.691847 0.708809
0.137617 0.691847 0.708809
0.137617 0.691846 0.708809
0.000000 0.705400 0.708809
-0.137617 0.691846 0.708809
-0.137617 0.691847 0.708809
-0.000000 0.705400 0.708809
-0.000000 0.705400 0.708809
0.000000 0.705400 0.708809
-0.137617 0.691846 0.708809
-0.269945 0.651705 0.708809
-0.269945 0.651705 0.708809
-0.137617 0.691847 0.708809
-0.137617 0.691847 0.708809
-0.137617 0.691846 0.708809
-0.269945 0.651705 0.708809
-0.391899 0.586519 0.708809
-0.391899 0.586519 0.708809
-0.269945 0.651705 0.708809
-0.269945 0.651705 0.708809
-0.269945 0.651705 0.708809
-0.391899 0.586519 0.708809
-0.498794 0.498793 0.708809
-0.498794 0.498793 0.708809
-0.391899 0.586519 0.708809
-0.391899 0.586519 0.708809
-0.391899 0.586519 0.708809
-0.498794 0.498793 0.708809
-0.586519 0.391899 0.708809
-0.586519 0.391899 0.708809
-0.498794 0.498793 0.708809
-0.498794 0.498793 0.708809
-0.498794 0.498793 0.708809
-0.586519 0.391899 0.708809
-0.651705 0.269945 0.708809
-0.651705 0.269945 0.708809
-0.586519 0.391899 0.708809
-0.586519 0.391899 0.708809
-0.586519 0.391899 0.708809
-0.651705 0.269945 0.708809
-0.691847 0.137617 0.708809
-0.691847 0.137617 0.708809
-0.651705 0.269945 0.708809
-0.651705 0.269945 0.708809
-0.651705 0.269945 0.708809
-0.691847 0.137617 0.708809
-0.705401 -0.000000 0.708809
-0.705400 -0.000000 0.708809
-0.691847 0.137617 0.708809
-0.691847 0.137617 0.708809
-0.691847 0.137617 0.708809
-0.705401 -0.000000 0.708809
-0.691846 -0.137617 0.708809
-0.691846 -0.137617 0.708809
-0.705400 -0.000000 0.708809
-0.705400 -0.000000 0.708809
-0.705401 -0.000000 0.708809
-0.691846 -0.137617 0.708809
-0.651705 -0.269945 0.708809
-0.651705 -0.269946 0.708809
-0.691846 -0.137617 0.708809
-0.691846 -0.137617 0.708809
-0.691846 -0.137617 0.708809
-0.651705 -0.269945 0.708809
-0.586519 -0.391900 0.708808
-0.586519 -0.391900 0.708808
-0.651705 -0.269946 0.708809
-0.651705 -0.269946 0.708809
-0.651705 -0.269945 0.708809
-0.586519 -0.391900 0.708808
-0.498793 -0.498794 0.708809
-0.498793 -0.498794 0.708809
-0.586519 -0.391900 0.708808
-0.586519 -0.391900 0.708808
-0.586519 -0.391900 0.708808
-0.498793 -0.498794 0.708809
-0.391899 -0.586519 0.708809
-0.391899 -0.586519 0.708809
-0.498793 -0.498794 0.708809
-0.498793 -0.498794 0.708809
-0.498793 -0.498794 0.708809
-0.391899 -0.586519 0.708809
-0.269945 -0.651705 0.708809
-0.269944 -0.651705 0.708809
-0.391899 -0.586519 0.708809
-0.391899 -0.586519 0.708809
-0.391899 -0.586519 0.708809
-0.269945 -0.651705 0.708809
-0.137616 -0.691847 0.708809
-0.137616 -0.691847 0.708809
-0.269944 -0.651705 0.708809
-0.269944 -0.651705 0.708809
-0.269945 -0.651705 0.708809
-0.137616 -0.691847 0.708809
0.000000 -0.705400 0.708809
0.000000 -0.705400 0.708809
-0.137616 -0.691847 0.708809
-0.137616 -0.691847 0.708809
-0.137616 -0.691847 0.708809
0.000000 -0.705400 0.708809
1.000000 0.000000 0.000000
1.000000 0.000000 0.000000
1.000000 -0.000001 -0.000001
1.000000 -0.000001 -0.000001
1.000000 -0.000005 -0.000006
1.000000 -0.000001 0.000000
1.000000 -0.000001 0.000000
1.000000 0.000001 0.000008
1.000000 -0.000000 0.000000
1.000000 -0.000001 -0.000001
1.000000 -0.000001 0.000000
1.000000 -0.000000 0.000000
1.000000 -0.000000 0.000000
1.000000 0.000001 -0.000008
1.000000 -0.000001 0.000003
1.000000 -0.000001 0.000003
1.000000 0.000005 -0.000006
1.000000 0.000000 0.000000
1.000000 -0.000000 0.000000
1.000000 -0.000001 0.000003
1.000000 0.000000 0.000000
1.000000 0.000000 0.000000
1.000000 0.000000 0.000000
1.000000 0.000000 0.000000
1.000000 0.000000 0.000000
1.000000 0.000000 0.000000
1.000000 -0.000000 0.000000
1.000000 0.000000 0.000000
1.000000 0.000000 0.000000
1.000000 -0.000000 0.000000
1.000000 -0.000000 0.000000
1.000000 0.000000 0.000000
1.000000 -0.000000 0.000000
1.000000 -0.000000 0.000000
1.000000 0.000000 0.000000
1.000000 0.000000 0.000000
1.000000 0.000000 0.000000
1.000000 0.000000 0.000000
1.000000 -0.000001 -0.000001
1.000000 -0.000000 0.000000
1.000000 0.000000 0.000000
1.000000 -0.000001 -0.000001
1.000000 -0.000001 -0.000001
1.000000 -0.000005 -0.000006
1.000000 -0.000001 0.000000
1.000000 -0.000001 0.000000
1.000000 0.000001 0.000008
1.000000 -0.000000 0.000000
1.000000 -0.000001 -0.000001
1.000000 -0.000001 0.000000
1.000000 -0.000000 0.000000
1.000000 -0.000000 0.000000
1.000000 -0.000001 -0.000001
1.000000 -0.000000 0.000000
1.000000 -0.000000 0.000000
1.000000 0.000001 -0.000008
1.000000 -0.000001 0.000003
1.000000 -0.000001 0.000003
1.000000 0.000005 -0.000006
1.000000 0.000000 0.000000
1.000000 -0.000000 0.000000
1.000000 -0.000001 0.000003
1.000000 0.000000 0.000000
1.000000 0.000000 0.000000
1.000000 0.000000 0.000000
1.000000 0.000000 0.000000
1.000000 0.000000 0.000000
1.000000 0.000000 0.000000
1.000000 -0.000000 0.000000
1.000000 0.000000 0.000000
1.000000 0.000000 0.000000
1.000000 -0.000000 0.000000
1.000000 -0.000000 0.000000
1.000000 0.000000 0.000000
1.000000 -0.000000 0.000000
1.000000 -0.000000 0.000000
1.000000 -0.000000 0.000000
1.000000 -0.000000 0.000000
1.000000 -0.000000 0.000000
1.000000 -0.000000 0.000000
1.000000 -0.000000 0.000000
1.000000 -0.000001 -0.000001
1.000000 -0.000000 0.000000
1.000000 -0.000000 0.000000
1.000000 0.000000 0.000000
1.000000 -0.000001 -0.000001
1.000000 -0.000000 0.000000
1.000000 0.000000 0.000000
1.000000 0.000000 0.000000
1.000000 -0.000000 0.000000
-0.000000 -1.000000 0.000000
-0.000000 -0.980785 0.195090
-0.000001 -0.980785 0.195090
-0.000001 -0.980785 0.195090
-0.000000 -1.000000 0.000000
-0.000000 -1.000000 0.000000
-0.000000 -0.980785 0.195090
-0.000000 -0.923880 0.382683
-0.000000 -0.923880 0.382683
-0.000000 -0.923880 0.382683
-0.000001 -0.980785 0.195090
-0.000000 -0.980785 0.195090
-0.000000 -0.923880 0.382683
-0.000001 -0.831470 0.555569
-0.000000 -0.831470 0.555570
-0.000000 -0.831470 0.555570
-0.000000 -0.923880 0.382683
-0.000000 -0.923880 0.382683
-0.000001 -0.831470 0.555569
-0.000001 -0.707107 0.707106
-0.000001 -0.707107 0.707106
-0.000001 -0.707107 0.707106
-0.000000 -0.831470 0.555570
-0.000001 -0.831470 0.555569
-0.000001 -0.707107 0.707106
-0.000000 -0.555570 0.831470
-0.000001 -0.555571 0.831469
-0.000001 -0.555571 0.831469
-0.000001 -0.707107 0.707106
-0.000001 -0.707107 0.707106
-0.000000 -0.555570 0.831470
-0.000000 -0.382683 0.923880
-0.000000 -0.382683 0.923880
-0.000000 -0.382683 0.923880
-0.000001 -0.555571 0.831469
-0.000000 -0.555570 0.831470
-0.000000 -0.382683 0.923880
-0.000000 -0.195090 0.980785
-0.000000 -0.195090 0.980785
-0.000000 -0.195090 0.980785
-0.000000 -0.382683 0.923880
-0.000000 -0.382683 0.923880
-0.000000 -0.195090 0.980785
-0.000000 -0.000000 1.000000
0.000000 0.000000 1.000000
0.000000 0.000000 1.000000
-0.000000 -0.195090 0.980785
-0.000000 -0.195090 0.980785
-0.000000 -0.000000 1.000000
0.000000 0.195090 0.980785
0.000000 0.195090 0.980785
0.000000 0.195090 0.980785
0.000000 0.000000 1.000000
-0.000000 -0.000000 1.000000
0.000000 0.195090 0.980785
0.000000 0.382683 0.923880
0.000000 0.382683 0.923880
0.000000 0.382683 0.923880
0.000000 0.195090 0.980785
0.000000 0.195090 0.980785
0.000000 0.382683 0.923880
-0.000000 0.555570 0.831470
0.000000 0.555571 0.831469
0.000000 0.555571 0.831469
0.000000 0.382683 0.923880
0.000000 0.382683 0.923880
-0.000000 0.555570 0.831470
-0.000000 0.707107 0.707107
-0.000000 0.707107 0.707107
-0.000000 0.707107 0.707107
0.000000 0.555571 0.831469
-0.000000 0.555570 0.831470
-0.000000 0.707107 0.707107
0.000000 0.831470 0.555569
0.000000 0.831470 0.555570
0.000000 0.831470 0.555570
-0.000000 0.707107 0.707107
-0.000000 0.707107 0.707107
0.000000 0.831470 0.555569
0.000000 0.923880 0.382683
0.000000 0.923880 0.382683
0.000000 0.923880 0.382683
0.000000 0.831470 0.555570
0.000000 0.831470 0.555569
0.000000 0.923880 0.382683
0.000000 0.980785 0.195090
0.000000 0.980785 0.195090
0.000000 0.980785 0.195090
0.000000 0.923880 0.382683
0.000000 0.923880 0.382683
0.000000 0.980785 0.195090
0.000000 1.000000 -0.000001
0.000000 1.000000 -0.000001
0.000000 1.000000 -0.000001
0.000000 0.980785 0.195090
0.000000 0.980785 0.195090
0.000000 1.000000 -0.000001
0.000001 0.980785 -0.195091
0.000000 0.980785 -0.195090
0.000000 0.980785 -0.195090
0.000000 1.000000 -0.000001
0.000000 1.000000 -0.000001
0.000001 0.980785 -0.195091
0.000001 0.923879 -0.382684
0.000001 0.923879 -0.382684
0.000001 0.923879 -0.382684
0.000000 0.980785 -0.195090
0.000001 0.980785 -0.195091
0.000001 0.923879 -0.382684
0.000000 0.831469 -0.555571
0.000001 0.831469 -0.555571
0.000001 0.831469 -0.555571
0.000001 0.923879 -0.382684
0.000001 0.923879 -0.382684
0.000000 0.831469 -0.555571
0.000001 0.707106 -0.707107
0.000000 0.707107 -0.707107
0.000000 0.707107 -0.707107
0.000001 0.831469 -0.555571
0.000000 0.831469 -0.555571
0.000001 0.707106 -0.707107
0.000001 0.555569 -0.831470
0.000001 0.555570 -0.831470
0.000001 0.555570 -0.831470
0.000000 0.707107 -0.707107
0.000001 0.707106 -0.707107
0.000001 0.555569 -0.831470
0.000001 0.382684 -0.923880
0.000001 0.382682 -0.923880
0.000001 0.382682 -0.923880
0.000001 0.555570 -0.831470
0.000001 0.555569 -0.831470
0.000001 0.382684 -0.923880
0.000000 0.195090 -0.980785
0.000000 0.195089 -0.980786
0.000000 0.195089 -0.980786
0.000001 0.382682 -0.923880
0.000001 0.382684 -0.923880
0.000000 0.195090 -0.980785
0.000000 -0.000002 -1.000000
-0.000000 -0.000001 -1.000000
-0.000000 -0.000001 -1.000000
0.000000 0.195089 -0.980786
0.000000 0.195090 -0.980785
0.000000 -0.000002 -1.000000
-0.000000 -0.195091 -0.980785
-0.000000 -0.195091 -0.980785
-0.000000 -0.195091 -0.980785
-0.000000 -0.000001 -1.000000
0.000000 -0.000002 -1.000000
-0.000000 -0.195091 -0.980785
-0.000000 -0.382684 -0.923879
-0.000000 -0.382684 -0.923879
-0.000000 -0.382684 -0.923879
-0.000000 -0.195091 -0.980785
-0.000000 -0.195091 -0.980785
-0.000000 -0.382684 -0.923879
-0.000000 -0.555571 -0.831469
-0.000000 -0.555571 -0.831469
-0.000000 -0.555571 -0.831469
-0.000000 -0.382684 -0.923879
-0.000000 -0.382684 -0.923879
-0.000000 -0.555571 -0.831469
-0.000000 -0.707108 -0.707106
-0.000000 -0.707108 -0.707106
-0.000000 -0.707108 -0.707106
-0.000000 -0.555571 -0.831469
-0.000000 -0.555571 -0.831469
-0.000000 -0.707108 -0.707106
-0.000000 -0.831470 -0.555570
-0.000000 -0.831470 -0.555570
-0.000000 -0.831470 -0.555570
-0.000000 -0.707108 -0.707106
-0.000000 -0.707108 -0.707106
-0.000000 -0.831470 -0.555570
-0.000000 -0.923880 -0.382682
-0.000000 -0.923880 -0.382682
-0.000000 -0.923880 -0.382682
-0.000000 -0.831470 -0.555570
-0.000000 -0.831470 -0.555570
-0.000000 -0.923880 -0.382682
-0.000000 -0.980786 -0.195089
-0.000000 -0.980785 -0.195089
-0.000000 -0.980785 -0.195089
-0.000000 -0.923880 -0.382682
-0.000000 -0.923880 -0.382682
-0.000000 -0.980786 -0.195089
-0.000000 -1.000000 0.000000
-0.000000 -1.000000 0.000000
-0.000000 -1.000000 0.000000
-0.000000 -0.980785 -0.195089
-0.000000 -0.980786 -0.195089
-1.000000 0.000000 0.000000
-1.000000 0.000000 0.000000
-1.000000 0.000001 -0.000000
-1.000000 0.000001 -0.000000
-1.000000 0.000000 0.000000
-1.000000 0.000002 -0.000002
-1.000000 0.000002 -0.000002
-1.000000 0.000007 -0.000009
-1.000000 0.000001 -0.000000
-1.000000 0.000001 -0.000000
-1.000000 0.000002 -0.000002
-1.000000 0.000001 -0.000000
-1.000000 0.000001 -0.000000
-1.000000 0.000000 0.000000
-1.000000 0.000000 0.000000
-1.000000 0.000000 0.000000
-1.000000 0.000000 0.000000
-1.000000 0.000000 -0.000000
-1.000000 0.000001 -0.000000
-1.000000 0.000000 0.000000
-1.000000 0.000000 -0.000000
-1.000000 0.000000 -0.000000
-1.000000 0.000007 0.000009
-1.000000 0.000002 0.000002
-1.000000 0.000002 0.000002
-1.000000 0.000000 0.000000
-1.000000 0.000000 -0.000000
-1.000000 0.000000 -0.000000
-1.000000 0.000002 0.000002
-1.000000 0.000000 -0.000000
-1.000000 0.000001 -0.000000
-1.000000 0.000000 -0.000000
-1.000000 0.000000 -0.000000
-1.000000 0.000000 -0.000000
-1.000000 0.000000 0.000000
-1.000000 0.000000 0.000000
-1.000000 0.000000 0.000000
-1.000000 0.000000 0.000000
-1.000000 0.000001 -0.000001
-1.000000 0.000000 -0.000000
-1.000000 0.000000 0.000000
-1.000000 0.000001 -0.000001
-1.000000 0.000001 -0.000001
-1.000000 0.000009 -0.000007
-1.000000 0.000004 -0.000004
-1.000000 0.000004 -0.000004
-1.000000 0.000007 -0.000009
-1.000000 0.000001 -0.000001
-1.000000 0.000001 -0.000001
-1.000000 0.000004 -0.000004
-1.000000 0.000001 -0.000001
-1.000000 0.000000 -0.000000
-1.000000 0.000001 -0.000001
-1.000000 0.000001 -0.000001
-1.000000 0.000001 -0.000001
-1.000000 0.000000 0.000000
-1.000000 0.000000 0.000000
-1.000000 0.000000 0.000000
-1.000000 0.000000 0.000000
-1.000000 0.000000 -0.000001
-1.000000 0.000001 -0.000001
-1.000000 0.000000 0.000000
-1.000000 0.000000 -0.000001
-1.000000 0.000000 -0.000001
-1.000000 0.000007 0.000009
-1.000000 0.000001 -0.000001
-1.000000 0.000001 -0.000001
-1.000000 -0.000009 -0.000007
-1.000000 0.000000 -0.000001
-1.000000 0.000000 -0.000001
-1.000000 0.000001 -0.000001
-1.000000 0.000000 -0.000001
-1.000000 0.000001 -0.000001
-1.000000 0.000000 -0.000001
-1.000000 0.000000 -0.000001
-1.000000 0.000000 -0.000000
-1.000000 0.000001 -0.000001
-1.000000 0.000000 -0.000001
-1.000000 0.000001 -0.000000
-1.000000 0.000000 -0.000000
-1.000000 0.000000 -0.000001
-1.000000 0.000001 -0.000000
-1.000000 0.000001 -0.000000
-1.000000 0.000000 -0.000001
-1.000000 0.000000 0.000000
-1.000000 0.000001 -0.000000
-1.000000 0.000000 -0.000001
-1.000000 0.000000 0.000000
-1.000000 0.000000 0.000000
-1.000000 0.000000 -0.000001
-1.000000 0.000000 0.000000
-1.000000 0.000000 0.000000
-1.000000 0.000000 0.000000
-1.000000 0.000000 0.000000
-1.000000 0.000000 0.000000
-1.000000 0.000000 0.000000
-1.000000 0.000000 0.000000
-1.000000 0.000000 0.000000
-1.000000 0.000000 0.000000
-1.000000 0.000000 0.000000
-1.000000 0.000000 0.000000
-1.000000 0.000000 0.000000
-1.000000 0.000000 0.000000
-1.000000 0.000000 0.000000
-1.000000 0.000000 0.000000
-1.000000 0.000000 0.000000
-1.000000 0.000000 0.000000
-1.000000 0.000000 0.000000
-1.000000 0.000000 0.000000
-1.000000 0.000000 0.000000
-1.000000 0.000000 0.000000
-1.000000 0.000000 0.000000
-1.000000 0.000000 0.000000
-1.000000 0.000000 0.000000
-1.000000 0.000000 0.000000
-1.000000 0.000000 -0.000000
-1.000000 0.000001 0.000001
-1.000000 0.000001 0.000001
-1.000000 0.000000 0.000000
-1.000000 0.000000 0.000000
-1.000000 0.000000 -0.000000
-1.000000 0.000001 -0.000000
-1.000000 0.000001 -0.000000
-1.000000 0.000001 -0.000000
-1.000000 0.000001 0.000001
-1.000000 0.000000 -0.000000
-1.000000 0.000001 -0.000000
-1.000000 0.000001 0.000000
-1.000000 0.000000 -0.000000
-1.000000 0.000000 -0.000000
-1.000000 0.000001 -0.000000
-1.000000 0.000001 -0.000000
-1.000000 0.000001 0.000000
-1.000000 0.000000 0.000000
-1.000000 0.000000 0.000000
-1.000000 0.000000 0.000000
-1.000000 0.000000 -0.000000
-1.000000 0.000001 0.000000
-1.000000 0.000000 0.000000
-1.000000 0.000001 0.000000
-1.000000 0.000000 0.000000
-1.000000 0.000000 0.000000
-1.000000 0.000000 0.000000
-1.000000 0.000000 0.000000
-1.000000 0.000001 0.000000
-1.000000 0.000001 0.000000
-1.000000 0.000002 0.000000
-1.000000 0.000002 0.000000
-1.000000 0.000000 0.000000
-1.000000 0.000001 0.000000
-1.000000 0.000001 0.000000
-1.000000 0.000000 0.000000
-1.000000 0.000001 -0.000000
-1.000000 0.000001 -0.000000
-1.000000 0.000002 0.000000
-1.000000 0.000001 0.000000
-1.000000 0.000000 0.000000
-1.000000 0.000000 0.000000
-1.000000 0.000000 0.000000
-1.000000 0.000000 0.000000
-1.000000 0.000001 -0.000000
-1.000000 0.000000 0.000000
-1.000000 0.000000 0.000000
-1.000000 0.000000 0.000000
-1.000000 0.000000 0.000000
-1.000000 0.000000 0.000000
-1.000000 0.000000 0.000000
-1.000000 0.000000 0.000000
-1.000000 0.000000 0.000000
-1.000000 0.000000 0.000000
-1.000000 0.000000 0.000000
-1.000000 0.000000 0.000000
-1.000000 0.000000 0.000000
-1.000000 0.000000 0.000000
-1.000000 0.000000 0.000000
-1.000000 0.000000 0.000000
-1.000000 0.000000 0.000000
-1.000000 0.000000 0.000000
-1.000000 0.000000 0.000000
-1.000000 0.000000 0.000000
-1.000000 0.000000 0.000000
-1.000000 0.000000 0.000000
-1.000000 0.000000 0.000000
-1.000000 0.000000 0.000000
-1.000000 0.000000 0.000000
-1.000000 0.000000 0.000000
-1.000000 0.000000 0.000000
-1.000000 0.000000 0.000000
-1.000000 0.000000 0.000000
-1.000000 0.000000 0.000000
-1.000000 0.000000 0.000000
-1.000000 0.000000 0.000000
-1.000000 0.000000 0.000000
-1.000000 0.000000 0.000000
-1.000000 0.000000 0.000000
-1.000000 0.000000 0.000000
-1.000000 0.000000 0.000000
-1.000000 0.000000 0.000000
-1.000000 0.000000 0.000000
-1.000000 0.000000 0.000000
-1.000000 0.000000 0.000000
-1.000000 0.000000 0.000000
-1.000000 0.000000 0.000000
-1.000000 0.000000 0.000000
-1.000000 0.000000 0.000000
-1.000000 0.000000 0.000000
-1.000000 0.000000 0.000000
-1.000000 0.000000 0.000000
-1.000000 0.000000 0.000000
-1.000000 0.000000 0.000000
-1.000000 0.000000 0.000000
-1.000000 0.000000 -0.000000
-1.000000 0.000001 0.000001
-1.000000 0.000001 0.000001
-1.000000 0.000000 0.000000
-1.000000 0.000000 0.000000
-1.000000 0.000000 -0.000000
-1.000000 0.000001 -0.000000
-1.000000 0.000001 -0.000000
-1.000000 0.000001 -0.000000
-1.000000 0.000001 0.000001
-1.000000 0.000000 -0.000000
-1.000000 0.000001 -0.000000
-1.000000 0.000001 0.000000
-1.000000 0.000000 -0.000000
-1.000000 0.000000 -0.000000
-1.000000 0.000001 -0.000000
-1.000000 0.000001 -0.000000
-1.000000 0.000001 0.000000
-1.000000 0.000000 0.000000
-1.000000 0.000000 0.000000
-1.000000 0.000000 0.000000
-1.000000 0.000000 -0.000000
-1.000000 0.000001 0.000000
-1.000000 0.000000 0.000000
-1.000000 0.000001 0.000000
-1.000000 0.000000 0.000000
-1.000000 0.000000 0.000000
-1.000000 0.000000 0.000000
-1.000000 0.000000 0.000000
-1.000000 0.000001 0.000000
-1.000000 0.000001 0.000000
-1.000000 0.000002 0.000000
-1.000000 0.000002 0.000000
-1.000000 0.000000 0.000000
-1.000000 0.000001 0.000000
-1.000000 0.000001 0.000000
-1.000000 0.000000 0.000000
-1.000000 0.000001 -0.000000
-1.000000 0.000001 -0.000000
-1.000000 0.000002 0.000000
-1.000000 0.000001 0.000000
-1.000000 0.000000 0.000000
-1.000000 0.000000 0.000000
-1.000000 0.000000 0.000000
-1.000000 0.000000 0.000000
-1.000000 0.000001 -0.000000
-1.000000 0.000000 0.000000
-1.000000 0.000000 0.000000
-1.000000 0.000000 0.000000
-1.000000 0.000000 0.000000
-1.000000 0.000000 0.000000
-1.000000 0.000000 0.000000
-1.000000 0.000000 0.000000
-1.000000 0.000000 0.000000
-1.000000 0.000000 0.000000
-1.000000 0.000000 0.000000
-1.000000 0.000000 0.000000
-1.000000 0.000000 0.000000
-1.000000 0.000000 0.000000
-1.000000 0.000000 0.000000
-1.000000 0.000000 0.000000
-1.000000 0.000000 0.000000
-1.000000 0.000000 0.000000
-1.000000 0.000000 0.000000
-1.000000 0.000000 0.000000
-1.000000 0.000000 0.000000
-1.000000 0.000000 0.000000
-1.000000 0.000000 0.000000
-1.000000 0.000000 0.000000
-1.000000 0.000000 0.000000
-1.000000 0.000000 0.000000
0.000001 1.000000 -0.000000
0.000001 0.980785 -0.195091
0.000001 0.980785 -0.195091
0.000001 0.980785 -0.195091
0.000001 1.000000 -0.000000
0.000001 1.000000 -0.000000
0.000001 0.980785 -0.195091
0.000001 0.923880 -0.382683
0.000001 0.923880 -0.382683
0.000001 0.923880 -0.382683
0.000001 0.980785 -0.195091
0.000001 0.980785 -0.195091
0.000001 0.923880 -0.382683
0.000000 0.831470 -0.555569
0.000000 0.831470 -0.555569
0.000000 0.831470 -0.555569
0.000001 0.923880 -0.382683
0.000001 0.923880 -0.382683
0.000000 0.831470 -0.555569
0.000000 0.707107 -0.707107
0.000000 0.707107 -0.707106
0.000000 0.707107 -0.707106
0.000000 0.831470 -0.555569
0.000000 0.831470 -0.555569
0.000000 0.707107 -0.707107
0.000000 0.555570 -0.831470
0.000000 0.555570 -0.831470
0.000000 0.555570 -0.831470
0.000000 0.707107 -0.707106
0.000000 0.707107 -0.707107
0.000000 0.555570 -0.831470
0.000000 0.382684 -0.923879
0.000000 0.382684 -0.923879
0.000000 0.382684 -0.923879
0.000000 0.555570 -0.831470
0.000000 0.555570 -0.831470
0.000000 0.382684 -0.923879
0.000000 0.195090 -0.980785
0.000000 0.195090 -0.980785
0.000000 0.195090 -0.980785
0.000000 0.382684 -0.923879
0.000000 0.382684 -0.923879
0.000000 0.195090 -0.980785
0.000000 -0.000000 -1.000000
-0.000000 0.000000 -1.000000
-0.000000 0.000000 -1.000000
0.000000 0.195090 -0.980785
0.000000 0.195090 -0.980785
0.000000 -0.000000 -1.000000
-0.000000 -0.195090 -0.980785
-0.000000 -0.195090 -0.980785
-0.000000 -0.195090 -0.980785
-0.000000 0.000000 -1.000000
0.000000 -0.000000 -1.000000
-0.000000 -0.195090 -0.980785
-0.000000 -0.382684 -0.923879
-0.000000 -0.382684 -0.923879
-0.000000 -0.382684 -0.923879
-0.000000 -0.195090 -0.980785
-0.000000 -0.195090 -0.980785
-0.000000 -0.382684 -0.923879
-0.000000 -0.555570 -0.831470
-0.000000 -0.555570 -0.831470
-0.000000 -0.555570 -0.831470
-0.000000 -0.382684 -0.923879
-0.000000 -0.382684 -0.923879
-0.000000 -0.555570 -0.831470
-0.000000 -0.707108 -0.707106
-0.000000 -0.707108 -0.707106
-0.000000 -0.707108 -0.707106
-0.000000 -0.555570 -0.831470
-0.000000 -0.555570 -0.831470
-0.000000 -0.707108 -0.707106
-0.000000 -0.831470 -0.555569
-0.000000 -0.831470 -0.555569
-0.000000 -0.831470 -0.555569
-0.000000 -0.707108 -0.707106
-0.000000 -0.707108 -0.707106
-0.000000 -0.831470 -0.555569
-0.000001 -0.923879 -0.382684
-0.000001 -0.923879 -0.382684
-0.000001 -0.923879 -0.382684
-0.000000 -0.831470 -0.555569
-0.000000 -0.831470 -0.555569
-0.000001 -0.923879 -0.382684
-0.000000 -0.980785 -0.195090
-0.000001 -0.980785 -0.195090
-0.000001 -0.980785 -0.195090
-0.000001 -0.923879 -0.382684
-0.000001 -0.923879 -0.382684
-0.000000 -0.980785 -0.195090
-0.000000 -1.000000 0.000001
-0.000001 -1.000000 -0.000000
-0.000001 -1.000000 -0.000000
-0.000001 -0.980785 -0.195090
-0.000000 -0.980785 -0.195090
-0.000000 -1.000000 0.000001
-0.000001 -0.980785 0.195091
-0.000001 -0.980785 0.195091
-0.000001 -0.980785 0.195091
-0.000001 -1.000000 -0.000000
-0.000000 -1.000000 0.000001
-0.000001 -0.980785 0.195091
-0.000001 -0.923879 0.382684
-0.000001 -0.923879 0.382684
-0.000001 -0.923879 0.382684
-0.000001 -0.980785 0.195091
-0.000001 -0.980785 0.195091
-0.000001 -0.923879 0.382684
-0.000000 -0.831469 0.555571
-0.000000 -0.831469 0.555571
-0.000000 -0.831469 0.555571
-0.000001 -0.923879 0.382684
-0.000001 -0.923879 0.382684
-0.000000 -0.831469 0.555571
-0.000000 -0.707107 0.707107
-0.000000 -0.707106 0.707107
-0.000000 -0.707106 0.707107
-0.000000 -0.831469 0.555571
-0.000000 -0.831469 0.555571
-0.000000 -0.707107 0.707107
-0.000000 -0.555570 0.831470
-0.000000 -0.555570 0.831470
-0.000000 -0.555570 0.831470
-0.000000 -0.707106 0.707107
-0.000000 -0.707107 0.707107
-0.000000 -0.555570 0.831470
-0.000000 -0.382684 0.923879
-0.000000 -0.382684 0.923879
-0.000000 -0.382684 0.923879
-0.000000 -0.555570 0.831470
-0.000000 -0.555570 0.831470
-0.000000 -0.382684 0.923879
-0.000000 -0.195090 0.980785
-0.000000 -0.195090 0.980785
-0.000000 -0.195090 0.980785
-0.000000 -0.382684 0.923879
-0.000000 -0.382684 0.923879
-0.000000 -0.195090 0.980785
-0.000000 0.000002 1.000000
0.000000 0.000002 1.000000
0.000000 0.000002 1.000000
-0.000000 -0.195090 0.980785
-0.000000 -0.195090 0.980785
-0.000000 0.000002 1.000000
0.000000 0.195092 0.980785
0.000000 0.195092 0.980785
0.000000 0.195092 0.980785
0.000000 0.000002 1.000000
-0.000000 0.000002 1.000000
0.000000 0.195092 0.980785
0.000000 0.382684 0.923879
0.000000 0.382684 0.923879
0.000000 0.382684 0.923879
0.000000 0.195092 0.980785
0.000000 0.195092 0.980785
0.000000 0.382684 0.923879
0.000000 0.555572 0.831469
0.000000 0.555572 0.831469
0.000000 0.555572 0.831469
0.000000 0.382684 0.923879
0.000000 0.382684 0.923879
0.000000 0.555572 0.831469
-0.000000 0.707108 0.707106
0.000000 0.707109 0.707105
0.000000 0.707109 0.707105
0.000000 0.555572 0.831469
0.000000 0.555572 0.831469
-0.000000 0.707108 0.707106
-0.000002 0.831469 0.555570
-0.000001 0.831470 0.555570
-0.000001 0.831470 0.555570
0.000000 0.707109 0.707105
-0.000000 0.707108 0.707106
-0.000002 0.831469 0.555570
0.000001 0.923881 0.382681
0.000000 0.923880 0.382682
0.000000 0.923880 0.382682
-0.000001 0.831470 0.555570
-0.000002 0.831469 0.555570
0.000001 0.923881 0.382681
0.000001 0.980786 0.195089
0.000001 0.980786 0.195089
0.000001 0.980786 0.195089
0.000000 0.923880 0.382682
0.000001 0.923881 0.382681
0.000001 0.980786 0.195089
0.000001 1.000000 -0.000000
0.000001 1.000000 -0.000000
0.000001 1.000000 -0.000000
0.000001 0.980786 0.195089
0.000001 0.980786 0.195089
0.652892 0.652892 0.384011
0.652892 -0.652892 0.384011
0.707106 -0.707107 0.000000
0.707106 -0.707107 0.000000
0.707107 0.707106 -0.000000
0.652892 0.652892 0.384011
0.520435 0.520437 0.676974
0.520437 -0.520435 0.676973
0.652892 -0.652892 0.384011
0.652892 -0.652892 0.384011
0.652892 0.652892 0.384011
0.520435 0.520437 0.676974
0.361862 0.361860 0.859135
0.361860 -0.361862 0.859135
0.520437 -0.520435 0.676973
0.520437 -0.520435 0.676973
0.520435 0.520437 0.676974
0.361862 0.361860 0.859135
0.200832 0.200832 0.958818
0.200832 -0.200831 0.958819
0.361860 -0.361862 0.859135
0.361860 -0.361862 0.859135
0.361862 0.361860 0.859135
0.200832 0.200832 0.958818
0.039990 0.039990 0.998400
0.039990 -0.039990 0.998399
0.200832 -0.200831 0.958819
0.200832 -0.200831 0.958819
0.200832 0.200832 0.958818
0.039990 0.039990 0.998400
-0.122389 -0.122388 0.984907
-0.122388 0.122389 0.984907
0.039990 -0.039990 0.998399
0.039990 -0.039990 0.998399
0.039990 0.039990 0.998400
-0.122389 -0.122388 0.984907
-0.290611 -0.290611 0.911641
-0.290611 0.290612 0.911641
-0.122388 0.122389 0.984907
-0.122388 0.122389 0.984907
-0.122389 -0.122388 0.984907
-0.290611 -0.290611 0.911641
-0.465322 -0.465322 0.752961
-0.465322 0.465322 0.752961
-0.290611 0.290612 0.911641
-0.290611 0.290612 0.911641
-0.290611 -0.290611 0.911641
-0.465322 -0.465322 0.752961
-0.629768 -0.629767 0.454737
-0.629767 0.629768 0.454737
-0.465322 0.465322 0.752961
-0.465322 0.465322 0.752961
-0.465322 -0.465322 0.752961
-0.629768 -0.629767 0.454737
-0.707107 -0.707107 0.000000
-0.707106 0.707107 -0.000000
-0.629767 0.629768 0.454737
-0.629767 0.629768 0.454737
-0.629768 -0.629767 0.454737
-0.707107 -0.707107 0.000000
-0.629768 -0.629767 -0.454737
-0.629767 0.629768 -0.454737
-0.707106 0.707107 -0.000000
-0.707106 0.707107 -0.000000
-0.707107 -0.707107 0.000000
-0.629768 -0.629767 -0.454737
-0.465321 -0.465321 -0.752962
-0.465321 0.465322 -0.752962
-0.629767 0.629768 -0.454737
-0.629767 0.629768 -0.454737
-0.629768 -0.629767 -0.454737
-0.465321 -0.465321 -0.752962
-0.290612 -0.290611 -0.911641
-0.290611 0.290611 -0.911641
-0.465321 0.465322 -0.752962
-0.465321 0.465322 -0.752962
-0.465321 -0.465321 -0.752962
-0.290612 -0.290611 -0.911641
-0.122389 -0.122388 -0.984907
-0.122388 0.122388 -0.984907
-0.290611 0.290611 -0.911641
-0.290611 0.290611 -0.911641
-0.290612 -0.290611 -0.911641
-0.122389 -0.122388 -0.984907
0.039990 0.039990 -0.998399
0.039990 -0.039990 -0.998400
-0.122388 0.122388 -0.984907
-0.122388 0.122388 -0.984907
-0.122389 -0.122388 -0.984907
0.039990 0.039990 -0.998399
0.200832 0.200831 -0.958819
0.200831 -0.200832 -0.958819
0.039990 -0.039990 -0.998400
0.039990 -0.039990 -0.998400
0.039990 0.039990 -0.998399
0.200832 0.200831 -0.958819
0.361861 0.361862 -0.859135
0.361862 -0.361861 -0.859135
0.200831 -0.200832 -0.958819
0.200831 -0.200832 -0.958819
0.200832 0.200831 -0.958819
0.361861 0.361862 -0.859135
0.520435 0.520436 -0.676974
0.520436 -0.520435 -0.676974
0.361862 -0.361861 -0.859135
0.361862 -0.361861 -0.859135
0.361861 0.361862 -0.859135
0.520435 0.520436 -0.676974
0.652893 0.652891 -0.384011
0.652891 -0.652893 -0.384011
0.520436 -0.520435 -0.676974
0.520436 -0.520435 -0.676974
0.520435 0.520436 -0.676974
0.652893 0.652891 -0.384011
0.707107 0.707106 -0.000000
0.707106 -0.707107 0.000000
0.652891 -0.652893 -0.384011
0.652891 -0.652893 -0.384011
0.652893 0.652891 -0.384011
0.707107 0.707106 -0.000000
-0.652892 0.652892 0.384011
0.652892 0.652892 0.384011
0.707107 0.707106 -0.000000
0.707107 0.707106 -0.000000
-0.707106 0.707107 0.000000
-0.652892 0.652892 0.384011
-0.520437 0.520435 0.676974
0.520435 0.520437 0.676974
0.652892 0.652892 0.384011
0.652892 0.652892 0.384011
-0.652892 0.652892 0.384011
-0.520437 0.520435 0.676974
-0.361860 0.361862 0.859135
0.361862 0.361860 0.859135
0.520435 0.520437 0.676974
0.520435 0.520437 0.676974
-0.520437 0.520435 0.676974
-0.361860 0.361862 0.859135
-0.200832 0.200832 0.958818
0.200832 0.200832 0.958818
0.361862 0.361860 0.859135
0.361862 0.361860 0.859135
-0.361860 0.361862 0.859135
-0.200832 0.200832 0.958818
-0.039990 0.039990 0.998399
0.039990 0.039990 0.998400
0.200832 0.200832 0.958818
0.200832 0.200832 0.958818
-0.200832 0.200832 0.958818
-0.039990 0.039990 0.998399
0.122388 -0.122388 0.984907
-0.122389 -0.122388 0.984907
0.039990 0.039990 0.998400
0.039990 0.039990 0.998400
-0.039990 0.039990 0.998399
0.122388 -0.122388 0.984907
0.290611 -0.290611 0.911642
-0.290611 -0.290611 0.911641
-0.122389 -0.122388 0.984907
-0.122389 -0.122388 0.984907
0.122388 -0.122388 0.984907
0.290611 -0.290611 0.911642
0.465322 -0.465322 0.752961
-0.465322 -0.465322 0.752961
-0.290611 -0.290611 0.911641
-0.290611 -0.290611 0.911641
0.290611 -0.290611 0.911642
0.465322 -0.465322 0.752961
0.629767 -0.629768 0.454737
-0.629768 -0.629767 0.454737
-0.465322 -0.465322 0.752961
-0.465322 -0.465322 0.752961
0.465322 -0.465322 0.752961
0.629767 -0.629768 0.454737
0.707106 -0.707107 -0.000000
-0.707107 -0.707107 0.000000
-0.629768 -0.629767 0.454737
-0.629768 -0.629767 0.454737
0.629767 -0.629768 0.454737
0.707106 -0.707107 -0.000000
0.629767 -0.629768 -0.454737
-0.629768 -0.629767 -0.454737
-0.707107 -0.707107 0.000000
-0.707107 -0.707107 0.000000
0.707106 -0.707107 -0.000000
0.629767 -0.629768 -0.454737
0.465321 -0.465321 -0.752962
-0.465321 -0.465321 -0.752962
-0.629768 -0.629767 -0.454737
-0.629768 -0.629767 -0.454737
0.629767 -0.629768 -0.454737
0.465321 -0.465321 -0.752962
0.290611 -0.290612 -0.911641
-0.290612 -0.290611 -0.911641
-0.465321 -0.465321 -0.752962
-0.465321 -0.465321 -0.752962
0.465321 -0.465321 -0.752962
0.290611 -0.290612 -0.911641
0.122388 -0.122389 -0.984907
-0.122389 -0.122388 -0.984907
-0.290612 -0.290611 -0.911641
-0.290612 -0.290611 -0.911641
0.290611 -0.290612 -0.911641
0.122388 -0.122389 -0.984907
-0.039990 0.039990 -0.998399
0.039990 0.039990 -0.998399
-0.122389 -0.122388 -0.984907
-0.122389 -0.122388 -0.984907
0.122388 -0.122389 -0.984907
-0.039990 0.039990 -0.998399
-0.200831 0.200832 -0.958819
0.200832 0.200831 -0.958819
0.039990 0.039990 -0.998399
0.039990 0.039990 -0.998399
-0.039990 0.039990 -0.998399
-0.200831 0.200832 -0.958819
-0.361862 0.361861 -0.859135
0.361861 0.361862 -0.859135
0.200832 0.200831 -0.958819
0.200832 0.200831 -0.958819
-0.200831 0.200832 -0.958819
-0.361862 0.361861 -0.859135
-0.520436 0.520435 -0.676974
0.520435 0.520436 -0.676974
0.361861 0.361862 -0.859135
0.361861 0.361862 -0.859135
-0.361862 0.361861 -0.859135
-0.520436 0.520435 -0.676974
-0.652891 0.652893 -0.384011
0.652893 0.652891 -0.384011
0.520435 0.520436 -0.676974
0.520435 0.520436 -0.676974
-0.520436 0.520435 -0.676974
-0.652891 0.652893 -0.384011
-0.707106 0.707107 0.000000
0.707107 0.707106 -0.000000
0.652893 0.652891 -0.384011
0.652893 0.652891 -0.384011
-0.652891 0.652893 -0.384011
-0.707106 0.707107 0.000000
-0.652892 -0.652892 0.384011
-0.652892 0.652892 0.384011
-0.707106 0.707107 0.000000
-0.707106 0.707107 0.000000
-0.707107 -0.707106 -0.000000
-0.652892 -0.652892 0.384011
-0.520435 -0.520437 0.676973
-0.520437 0.520435 0.676974
-0.652892 0.652892 0.384011
-0.652892 0.652892 0.384011
-0.652892 -0.652892 0.384011
-0.520435 -0.520437 0.676973
-0.361862 -0.361860 0.859135
-0.361860 0.361862 0.859135
-0.520437 0.520435 0.676974
-0.520437 0.520435 0.676974
-0.520435 -0.520437 0.676973
-0.361862 -0.361860 0.859135
-0.200831 -0.200832 0.958819
-0.200832 0.200832 0.958818
-0.361860 0.361862 0.859135
-0.361860 0.361862 0.859135
-0.361862 -0.361860 0.859135
-0.200831 -0.200832 0.958819
-0.039990 -0.039990 0.998399
-0.039990 0.039990 0.998399
-0.200832 0.200832 0.958818
-0.200832 0.200832 0.958818
-0.200831 -0.200832 0.958819
-0.039990 -0.039990 0.998399
0.122388 0.122388 0.984907
0.122388 -0.122388 0.984907
-0.039990 0.039990 0.998399
-0.039990 0.039990 0.998399
-0.039990 -0.039990 0.998399
0.122388 0.122388 0.984907
0.290612 0.290610 0.911642
0.290611 -0.290611 0.911642
0.122388 -0.122388 0.984907
0.122388 -0.122388 0.984907
0.122388 0.122388 0.984907
0.290612 0.290610 0.911642
0.465322 0.465322 0.752961
0.465322 -0.465322 0.752961
0.290611 -0.290611 0.911642
0.290611 -0.290611 0.911642
0.290612 0.290610 0.911642
0.465322 0.465322 0.752961
0.629768 0.629767 0.454737
0.629767 -0.629768 0.454737
0.465322 -0.465322 0.752961
0.465322 -0.465322 0.752961
0.465322 0.465322 0.752961
0.629768 0.629767 0.454737
0.707107 0.707107 0.000000
0.707106 -0.707107 -0.000000
0.629767 -0.629768 0.454737
0.629767 -0.629768 0.454737
0.629768 0.629767 0.454737
0.707107 0.707107 0.000000
0.629768 0.629767 -0.454737
0.629767 -0.629768 -0.454737
0.707106 -0.707107 -0.000000
0.707106 -0.707107 -0.000000
0.707107 0.707107 0.000000
0.629768 0.629767 -0.454737
0.465322 0.465321 -0.752962
0.465321 -0.465321 -0.752962
0.629767 -0.629768 -0.454737
0.629767 -0.629768 -0.454737
0.629768 0.629767 -0.454737
0.465322 0.465321 -0.752962
0.290611 0.290611 -0.911641
0.290611 -0.290612 -0.911641
0.465321 -0.465321 -0.752962
0.465321 -0.465321 -0.752962
0.465322 0.465321 -0.752962
0.290611 0.290611 -0.911641
0.122388 0.122388 -0.984907
0.122388 -0.122389 -0.984907
0.290611 -0.290612 -0.911641
0.290611 -0.290612 -0.911641
0.290611 0.290611 -0.911641
0.122388 0.122388 -0.984907
-0.039990 -0.039990 -0.998399
-0.039990 0.039990 -0.998399
0.122388 -0.122389 -0.984907
0.122388 -0.122389 -0.984907
0.122388 0.122388 -0.984907
-0.039990 -0.039990 -0.998399
-0.200832 -0.200831 -0.958819
-0.200831 0.200832 -0.958819
-0.039990 0.039990 -0.998399
-0.039990 0.039990 -0.998399
-0.039990 -0.039990 -0.998399
-0.200832 -0.200831 -0.958819
-0.361861 -0.361862 -0.859135
-0.361862 0.361861 -0.859135
-0.200831 0.200832 -0.958819
-0.200831 0.200832 -0.958819
-0.200832 -0.200831 -0.958819
-0.361861 -0.361862 -0.859135
-0.520435 -0.520436 -0.676974
-0.520436 0.520435 -0.676974
-0.361862 0.361861 -0.859135
-0.361862 0.361861 -0.859135
-0.361861 -0.361862 -0.859135
-0.520435 -0.520436 -0.676974
-0.652893 -0.652891 -0.384011
-0.652891 0.652893 -0.384011
-0.520436 0.520435 -0.676974
-0.520436 0.520435 -0.676974
-0.520435 -0.520436 -0.676974
-0.652893 -0.652891 -0.384011
-0.707107 -0.707106 -0.000000
-0.707106 0.707107 0.000000
-0.652891 0.652893 -0.384011
-0.652891 0.652893 -0.384011
-0.652893 -0.652891 -0.384011
-0.707107 -0.707106 -0.000000
0.652892 -0.652892 0.384011
-0.652892 -0.652892 0.384011
-0.707107 -0.707106 -0.000000
-0.707107 -0.707106 -0.000000
0.707106 -0.707107 0.000000
0.652892 -0.652892 0.384011
0.520437 -0.520435 0.676973
-0.520435 -0.520437 0.676973
-0.652892 -0.652892 0.384011
-0.652892 -0.652892 0.384011
0.652892 -0.652892 0.384011
0.520437 -0.520435 0.676973
0.361860 -0.361862 0.859135
-0.361862 -0.361860 0.859135
-0.520435 -0.520437 0.676973
-0.520435 -0.520437 0.676973
0.520437 -0.520435 0.676973
0.361860 -0.361862 0.859135
0.200832 -0.200831 0.958819
-0.200831 -0.200832 0.958819
-0.361862 -0.361860 0.859135
-0.361862 -0.361860 0.859135
0.361860 -0.361862 0.859135
0.200832 -0.200831 0.958819
0.039990 -0.039990 0.998399
-0.039990 -0.039990 0.998399
-0.200831 -0.200832 0.958819
-0.200831 -0.200832 0.958819
0.200832 -0.200831 0.958819
0.039990 -0.039990 0.998399
-0.122388 0.122389 0.984907
0.122388 0.122388 0.984907
-0.039990 -0.039990 0.998399
-0.039990 -0.039990 0.998399
0.039990 -0.039990 0.998399
-0.122388 0.122389 0.984907
-0.290611 0.290612 0.911641
0.290612 0.290610 0.911642
0.122388 0.122388 0.984907
0.122388 0.122388 0.984907
-0.122388 0.122389 0.984907
-0.290611 0.290612 0.911641
-0.465322 0.465322 0.752961
0.465322 0.465322 0.752961
0.290612 0.290610 0.911642
0.290612 0.290610 0.911642
-0.290611 0.290612 0.911641
-0.465322 0.465322 0.752961
-0.629767 0.629768 0.454737
0.629768 0.629767 0.454737
0.465322 0.465322 0.752961
0.465322 0.465322 0.752961
-0.465322 0.465322 0.752961
-0.629767 0.629768 0.454737
-0.707106 0.707107 -0.000000
0.707107 0.707107 0.000000
0.629768 0.629767 0.454737
0.629768 0.629767 0.454737
-0.629767 0.629768 0.454737
-0.707106 0.707107 -0.000000
-0.629767 0.629768 -0.454737
0.629768 0.629767 -0.454737
0.707107 0.707107 0.000000
0.707107 0.707107 0.000000
-0.707106 0.707107 -0.000000
-0.629767 0.629768 -0.454737
-0.465321 0.465322 -0.752962
0.465322 0.465321 -0.752962
0.629768 0.629767 -0.454737
0.629768 0.629767 -0.454737
-0.629767 0.629768 -0.454737
-0.465321 0.465322 -0.752962
-0.290611 0.290611 -0.911641
0.290611 0.290611 -0.911641
0.465322 0.465321 -0.752962
0.465322 0.465321 -0.752962
-0.465321 0.465322 -0.752962
-0.290611 0.290611 -0.911641
-0.122388 0.122388 -0.984907
0.122388 0.122388 -0.984907
0.290611 0.290611 -0.911641
0.290611 0.290611 -0.911641
-0.290611 0.290611 -0.911641
-0.122388 0.122388 -0.984907
0.039990 -0.039990 -0.998400
-0.039990 -0.039990 -0.998399
0.122388 0.122388 -0.984907
0.122388 0.122388 -0.984907
-0.122388 0.122388 -0.984907
0.039990 -0.039990 -0.998400
0.200831 -0.200832 -0.958819
-0.200832 -0.200831 -0.958819
-0.039990 -0.039990 -0.998399
-0.039990 -0.039990 -0.998399
0.039990 -0.039990 -0.998400
0.200831 -0.200832 -0.958819
0.361862 -0.361861 -0.859135
-0.361861 -0.361862 -0.859135
-0.200832 -0.200831 -0.958819
-0.200832 -0.200831 -0.958819
0.200831 -0.200832 -0.958819
0.361862 -0.361861 -0.859135
0.520436 -0.520435 -0.676974
-0.520435 -0.520436 -0.676974
-0.361861 -0.361862 -0.859135
-0.361861 -0.361862 -0.859135
0.361862 -0.361861 -0.859135
0.520436 -0.520435 -0.676974
0.652891 -0.652893 -0.384011
-0.652893 -0.652891 -0.384011
-0.520435 -0.520436 -0.676974
-0.520435 -0.520436 -0.676974
0.520436 -0.520435 -0.676974
0.652891 -0.652893 -0.384011
0.707106 -0.707107 0.000000
-0.707107 -0.707106 -0.000000
-0.652893 -0.652891 -0.384011
-0.652893 -0.652891 -0.384011
0.652891 -0.652893 -0.384011
0.707106 -0.707107 0.000000
0.671404 0.671402 0.313745
0.671462 0.671463 0.313491
0.707106 0.707107 -0.000000
0.707106 0.707107 -0.000000
0.707108 0.707106 0.000269
0.671404 0.671402 0.313745
0.570632 0.570630 0.590560
0.570740 0.570741 0.590347
0.671462 0.671463 0.313491
0.671462 0.671463 0.313491
0.671404 0.671402 0.313745
0.570632 0.570630 0.590560
0.417291 0.417289 0.807303
0.417438 0.417439 0.807150
0.570740 0.570741 0.590347
0.570740 0.570741 0.590347
0.570632 0.570630 0.590560
0.417291 0.417289 0.807303
0.221504 0.221502 0.949670
0.221672 0.221674 0.949590
0.417438 0.417439 0.807150
0.417438 0.417439 0.807150
0.417291 0.417289 0.807303
0.221504 0.221502 0.949670
-0.000172 -0.000174 1.000000
-0.000001 0.000001 1.000000
0.221672 0.221674 0.949590
0.221672 0.221674 0.949590
0.221504 0.221502 0.949670
-0.000172 -0.000174 1.000000
-0.221831 -0.221833 0.949516
-0.221674 -0.221672 0.949591
-0.000001 0.000001 1.000000
-0.000001 0.000001 1.000000
-0.000172 -0.000174 1.000000
-0.221831 -0.221833 0.949516
-0.417569 -0.417570 0.807014
-0.417439 -0.417437 0.807150
-0.221674 -0.221672 0.949591
-0.221674 -0.221672 0.949591
-0.221831 -0.221833 0.949516
-0.417569 -0.417570 0.807014
-0.570835 -0.570836 0.590165
-0.570741 -0.570739 0.590348
-0.417439 -0.417437 0.807150
-0.417439 -0.417437 0.807150
-0.417569 -0.417570 0.807014
-0.570835 -0.570836 0.590165
-0.671511 -0.671512 0.313282
-0.671463 -0.671461 0.313491
-0.570741 -0.570739 0.590348
-0.570741 -0.570739 0.590348
-0.570835 -0.570836 0.590165
-0.671511 -0.671512 0.313282
-0.707106 -0.707107 -0.000219
-0.707108 -0.707106 -0.000000
-0.671463 -0.671461 0.313491
-0.671463 -0.671461 0.313491
-0.671511 -0.671512 0.313282
-0.707106 -0.707107 -0.000219
-0.671413 -0.671414 -0.313701
-0.671463 -0.671461 -0.313491
-0.707108 -0.707106 -0.000000
-0.707108 -0.707106 -0.000000
-0.707106 -0.707107 -0.000219
-0.671413 -0.671414 -0.313701
-0.570646 -0.570647 -0.590529
-0.570742 -0.570740 -0.590347
-0.671463 -0.671461 -0.313491
-0.671463 -0.671461 -0.313491
-0.671413 -0.671414 -0.313701
-0.570646 -0.570647 -0.590529
-0.417306 -0.417307 -0.807286
-0.417439 -0.417437 -0.807150
-0.570742 -0.570740 -0.590347
-0.570742 -0.570740 -0.590347
-0.570646 -0.570647 -0.590529
-0.417306 -0.417307 -0.807286
-0.221513 -0.221515 -0.949665
-0.221674 -0.221672 -0.949591
-0.417439 -0.417437 -0.807150
-0.417439 -0.417437 -0.807150
-0.417306 -0.417307 -0.807286
-0.221513 -0.221515 -0.949665
0.000173 0.000172 -1.000000
-0.000001 0.000001 -1.000000
-0.221674 -0.221672 -0.949591
-0.221674 -0.221672 -0.949591
-0.221513 -0.221515 -0.949665
0.000173 0.000172 -1.000000
0.221843 0.221841 -0.949512
0.221672 0.221673 -0.949591
-0.000001 0.000001 -1.000000
-0.000001 0.000001 -1.000000
0.000173 0.000172 -1.000000
0.221843 0.221841 -0.949512
0.417587 0.417585 -0.806997
0.417438 0.417439 -0.807150
0.221672 0.221673 -0.949591
0.221672 0.221673 -0.949591
0.221843 0.221841 -0.949512
0.417587 0.417585 -0.806997
0.570852 0.570850 -0.590134
0.570740 0.570741 -0.590348
0.417438 0.417439 -0.807150
0.417438 0.417439 -0.807150
0.417587 0.417585 -0.806997
0.570852 0.570850 -0.590134
0.671523 0.671521 -0.313237
0.671462 0.671463 -0.313492
0.570740 0.570741 -0.590348
0.570740 0.570741 -0.590348
0.570852 0.570850 -0.590134
0.671523 0.671521 -0.313237
0.707108 0.707106 0.000269
0.707106 0.707107 -0.000000
0.671462 0.671463 -0.313492
0.671462 0.671463 -0.313492
0.671523 0.671521 -0.313237
0.707108 0.707106 0.000269
0.707107 -0.707107 0.000000
0.707107 -0.707107 0.000000
0.707107 -0.707107 0.000000
0.707107 -0.707107 0.000000
0.707107 -0.707107 0.000000
0.707107 -0.707107 0.000000
0.707107 -0.707107 0.000000
0.707107 -0.707107 0.000000
0.707107 -0.707107 0.000000
0.707107 -0.707107 0.000000
0.707107 -0.707107 0.000000
0.707107 -0.707107 0.000000
0.707107 -0.707107 0.000000
0.707107 -0.707107 0.000000
0.707107 -0.707107 0.000000
0.707107 -0.707107 0.000000
0.707107 -0.707107 0.000000
0.707107 -0.707107 0.000000
0.707107 -0.707107 0.000000
0.707107 -0.707107 0.000000
0.707107 -0.707107 0.000000
0.707107 -0.707107 0.000000
0.707107 -0.707107 0.000000
0.707107 -0.707107 0.000000
0.707107 -0.707107 0.000000
0.707107 -0.707107 0.000000
0.707107 -0.707107 0.000000
0.707107 -0.707107 0.000000
0.707107 -0.707107 0.000000
0.707107 -0.707107 0.000000
0.707107 -0.707107 0.000000
0.707107 -0.707107 0.000000
0.707107 -0.707107 0.000000
0.707107 -0.707107 0.000000
0.707107 -0.707107 0.000000
0.707107 -0.707107 0.000000
0.707107 -0.707107 0.000000
0.707107 -0.707107 0.000000
0.707107 -0.707107 0.000000
0.707107 -0.707107 0.000000
0.707107 -0.707107 0.000000
0.707107 -0.707107 0.000000
0.707107 -0.707107 0.000000
0.707107 -0.707107 0.000000
0.707107 -0.707107 0.000000
0.707107 -0.707107 0.000000
0.707107 -0.707107 0.000000
0.707107 -0.707107 0.000000
0.707107 -0.707107 0.000000
0.707107 -0.707107 0.000000
0.707107 -0.707107 0.000000
0.707107 -0.707107 0.000000
0.707107 -0.707107 0.000000
0.707107 -0.707107 0.000000
-0.707107 0.707107 -0.000244
-0.707105 0.707108 -0.000247
-0.707107 0.707106 -0.000244
-0.707107 0.707107 -0.000244
-0.707107 0.707106 -0.000244
-0.707106 0.707107 -0.000245
-0.707107 0.707107 -0.000244
-0.707106 0.707107 -0.000245
-0.707106 0.707107 -0.000247
-0.707107 0.707107 -0.000244
-0.707106 0.707107 -0.000247
-0.707107 0.707107 -0.000243
-0.707107 0.707107 -0.000244
-0.707107 0.707107 -0.000243
-0.707107 0.707107 -0.000242
-0.707107 0.707107 -0.000244
-0.707107 0.707107 -0.000242
-0.707107 0.707107 -0.000245
-0.707107 0.707107 -0.000244
-0.707107 0.707107 -0.000245
-0.707107 0.707107 -0.000244
-0.707107 0.707107 -0.000244
-0.707107 0.707107 -0.000244
-0.707107 0.707107 -0.000244
-0.707107 0.707107 -0.000244
-0.707107 0.707107 -0.000244
-0.707107 0.707106 -0.000245
-0.707107 0.707107 -0.000244
-0.707107 0.707106 -0.000245
-0.707107 0.707107 -0.000244
-0.707107 0.707107 -0.000244
-0.707107 0.707107 -0.000244
-0.707107 0.707107 -0.000244
-0.707107 0.707107 -0.000244
-0.707107 0.707107 -0.000244
-0.707107 0.707107 -0.000244
-0.707107 0.707107 -0.000244
-0.707107 0.707107 -0.000244
-0.707106 0.707108 -0.000244
-0.707107 0.707107 -0.000244
-0.707106 0.707108 -0.000244
-0.707105 0.707108 -0.000243
-0.707107 0.707107 -0.000244
-0.707105 0.707108 -0.000243
-0.707109 0.707105 -0.000244
-0.707107 0.707107 -0.000244
-0.707109 0.707105 -0.000244
-0.707108 0.707105 -0.000244
-0.707108 0.707105 -0.000244
-0.707107 0.707107 -0.000244
-0.707108 0.707105 -0.000244
-0.707108 0.707105 -0.000244
-0.707108 0.707105 -0.000244
-0.707101 0.707113 -0.000244
0.671412 -0.671414 0.313701
0.671463 -0.671462 0.313491
0.707107 -0.707106 0.000000
0.707107 -0.707106 0.000000
0.707106 -0.707108 0.000219
0.671412 -0.671414 0.313701
0.570645 -0.570647 0.590530
0.570741 -0.570740 0.590348
0.671463 -0.671462 0.313491
0.671463 -0.671462 0.313491
0.671412 -0.671414 0.313701
0.570645 -0.570647 0.590530
0.417306 -0.417308 0.807286
0.417438 -0.417437 0.807150
0.570741 -0.570740 0.590348
0.570741 -0.570740 0.590348
0.570645 -0.570647 0.590530
0.417306 -0.417308 0.807286
0.221513 -0.221515 0.949665
0.221674 -0.221672 0.949591
0.417438 -0.417437 0.807150
0.417438 -0.417437 0.807150
0.417306 -0.417308 0.807286
0.221513 -0.221515 0.949665
-0.000173 0.000171 1.000000
0.000001 0.000001 1.000000
0.221674 -0.221672 0.949591
0.221674 -0.221672 0.949591
0.221513 -0.221515 0.949665
-0.000173 0.000171 1.000000
-0.221843 0.221842 0.949511
-0.221672 0.221673 0.949591
0.000001 0.000001 1.000000
0.000001 0.000001 1.000000
-0.000173 0.000171 1.000000
-0.221843 0.221842 0.949511
-0.417586 0.417585 0.806997
-0.417437 0.417439 0.807150
-0.221672 0.221673 0.949591
-0.221672 0.221673 0.949591
-0.221843 0.221842 0.949511
-0.417586 0.417585 0.806997
-0.570852 0.570850 0.590134
-0.570739 0.570741 0.590348
-0.417437 0.417439 0.807150
-0.417437 0.417439 0.807150
-0.417586 0.417585 0.806997
-0.570852 0.570850 0.590134
-0.671522 0.671521 0.313237
-0.671461 0.671463 0.313491
-0.570739 0.570741 0.590348
-0.570739 0.570741 0.590348
-0.570852 0.570850 0.590134
-0.671522 0.671521 0.313237
-0.707107 0.707106 -0.000269
-0.707106 0.707108 0.000000
-0.671461 0.671463 0.313491
-0.671461 0.671463 0.313491
-0.671522 0.671521 0.313237
-0.707107 0.707106 -0.000269
-0.671403 0.671402 -0.313745
-0.671461 0.671463 -0.313491
-0.707106 0.707108 0.000000
-0.707106 0.707108 0.000000
-0.707107 0.707106 -0.000269
-0.671403 0.671402 -0.313745
-0.570631 0.570630 -0.590561
-0.570739 0.570741 -0.590348
-0.671461 0.671463 -0.313491
-0.671461 0.671463 -0.313491
-0.671403 0.671402 -0.313745
-0.570631 0.570630 -0.590561
-0.417291 0.417290 -0.807302
-0.417437 0.417439 -0.807150
-0.570739 0.570741 -0.590348
-0.570739 0.570741 -0.590348
-0.570631 0.570630 -0.590561
-0.417291 0.417290 -0.807302
-0.221504 0.221503 -0.949670
-0.221672 0.221674 -0.949590
-0.417437 0.417439 -0.807150
-0.417437 0.417439 -0.807150
-0.417291 0.417290 -0.807302
-0.221504 0.221503 -0.949670
0.000172 -0.000174 -1.000000
0.000000 0.000001 -1.000000
-0.221672 0.221674 -0.949590
-0.221672 0.221674 -0.949590
-0.221504 0.221503 -0.949670
0.000172 -0.000174 -1.000000
0.221831 -0.221833 -0.949516
0.221673 -0.221672 -0.949591
0.000000 0.000001 -1.000000
0.000000 0.000001 -1.000000
0.000172 -0.000174 -1.000000
0.221831 -0.221833 -0.949516
0.417568 -0.417570 -0.807014
0.417439 -0.417438 -0.807150
0.221673 -0.221672 -0.949591
0.221673 -0.221672 -0.949591
0.221831 -0.221833 -0.949516
0.417568 -0.417570 -0.807014
0.570834 -0.570836 -0.590165
0.570741 -0.570740 -0.590348
0.417439 -0.417438 -0.807150
0.417439 -0.417438 -0.807150
0.417568 -0.417570 -0.807014
0.570834 -0.570836 -0.590165
0.671510 -0.671512 -0.313282
0.671463 -0.671462 -0.313491
0.570741 -0.570740 -0.590348
0.570741 -0.570740 -0.590348
0.570834 -0.570836 -0.590165
0.671510 -0.671512 -0.313282
0.707106 -0.707108 0.000219
0.707107 -0.707106 0.000000
0.671463 -0.671462 -0.313491
0.671463 -0.671462 -0.313491
0.671510 -0.671512 -0.313282
0.707106 -0.707108 0.000219
-0.707107 -0.707107 0.000000
-0.707107 -0.707107 0.000000
-0.707107 -0.707107 0.000000
-0.707107 -0.707107 0.000000
-0.707107 -0.707107 0.000000
-0.707107 -0.707107 0.000000
-0.707107 -0.707107 0.000000
-0.707107 -0.707107 0.000000
-0.707107 -0.707107 0.000000
-0.707107 -0.707107 0.000000
-0.707107 -0.707107 0.000000
-0.707107 -0.707107 0.000000
-0.707107 -0.707107 0.000000
-0.707107 -0.707107 0.000000
-0.707107 -0.707107 0.000000
-0.707107 -0.707107 0.000000
-0.707107 -0.707107 0.000000
-0.707107 -0.707107 0.000000
-0.707107 -0.707107 0.000000
-0.707107 -0.707107 0.000000
-0.707107 -0.707107 0.000000
-0.707107 -0.707107 0.000000
-0.707107 -0.707107 0.000000
-0.707107 -0.707107 0.000000
-0.707107 -0.707107 0.000000
-0.707107 -0.707107 0.000000
-0.707107 -0.707107 0.000000
-0.707107 -0.707107 0.000000
-0.707107 -0.707107 0.000000
-0.707107 -0.707107 0.000000
-0.707107 -0.707107 0.000000
-0.707107 -0.707107 0.000000
-0.707107 -0.707107 0.000000
-0.707107 -0.707107 0.000000
-0.707107 -0.707107 0.000000
-0.707107 -0.707107 0.000000
-0.707107 -0.707107 0.000000
-0.707107 -0.707107 0.000000
-0.707107 -0.707107 0.000000
-0.707107 -0.707107 0.000000
-0.707107 -0.707107 0.000000
-0.707107 -0.707107 0.000000
-0.707107 -0.707107 0.000000
-0.707107 -0.707107 0.000000
-0.707107 -0.707107 0.000000
-0.707107 -0.707107 0.000000
-0.707107 -0.707107 0.000000
-0.707107 -0.707107 0.000000
-0.707107 -0.707107 0.000000
-0.707107 -0.707107 0.000000
-0.707107 -0.707107 0.000000
-0.707107 -0.707107 0.000000
-0.707107 -0.707107 0.000000
-0.707107 -0.707107 0.000000
0.707107 0.707106 0.000244
0.707105 0.707108 0.000247
0.707107 0.707106 0.000244
0.707107 0.707106 0.000244
0.707107 0.707106 0.000244
0.707106 0.707107 0.000245
0.707107 0.707106 0.000244
0.707106 0.707107 0.000245
0.707107 0.707107 0.000244
0.707107 0.707106 0.000244
0.707107 0.707107 0.000244
0.707107 0.707107 0.000245
0.707107 0.707106 0.000244
0.707107 0.707107 0.000245
0.707107 0.707107 0.000243
0.707107 0.707106 0.000244
0.707107 0.707107 0.000243
0.707107 0.707107 0.000245
0.707107 0.707106 0.000244
0.707107 0.707107 0.000245
0.707107 0.707107 0.000244
0.707107 0.707106 0.000244
0.707107 0.707107 0.000244
0.707107 0.707107 0.000244
0.707107 0.707106 0.000244
0.707107 0.707107 0.000244
0.707107 0.707106 0.000245
0.707107 0.707106 0.000244
0.707107 0.707106 0.000245
0.707107 0.707107 0.000244
0.707107 0.707106 0.000244
0.707107 0.707107 0.000244
0.707107 0.707107 0.000244
0.707107 0.707106 0.000244
0.707107 0.707107 0.000244
0.707107 0.707107 0.000244
0.707107 0.707106 0.000244
0.707107 0.707107 0.000244
0.707107 0.707107 0.000244
0.707107 0.707106 0.000244
0.707107 0.707107 0.000244
0.707107 0.707107 0.000244
0.707107 0.707106 0.000244
0.707107 0.707107 0.000244
0.707106 0.707107 0.000244
0.707107 0.707106 0.000244
0.707106 0.707107 0.000244
0.707108 0.707105 0.000244
0.707108 0.707105 0.000244
0.707107 0.707106 0.000244
0.707108 0.707105 0.000244
0.707108 0.707105 0.000244
0.707108 0.707105 0.000244
0.707101 0.707113 0.000244
0.999806 0.019708 -0.000000
0.980785 -0.195091 0.000000
0.980785 -0.195089 -0.000000
0.999806 0.019708 -0.000000
0.980785 -0.195089 -0.000000
0.995184 -0.098025 -0.000000
0.999806 0.019708 -0.000000
0.995184 -0.098025 -0.000000
0.999806 -0.019708 0.000000
0.000000 0.000000 -1.000000
0.000000 0.000000 -1.000000
0.000000 0.000000 -1.000000
0.000000 0.000000 -1.000000
0.000000 0.000000 -1.000000
0.000000 0.000000 -1.000000
0.000000 0.000000 -1.000000
0.000000 0.000000 -1.000000
0.000000 0.000000 -1.000000
-1.000000 0.000001 0.000000
-0.980785 0.195091 0.000000
-0.980785 0.195091 0.000000
-0.980785 0.195091 0.000000
-1.000000 -0.000000 -0.000000
-1.000000 0.000001 0.000000
-0.000000 0.000000 1.000000
0.000000 0.000000 1.000000
-0.000000 0.000000 1.000000
-0.000000 0.000000 1.000000
-0.000000 0.000000 1.000000
-0.000000 0.000000 1.000000
0.980785 -0.195091 0.000000
0.923880 -0.382683 0.000000
0.923880 -0.382683 0.000000
0.923880 -0.382683 0.000000
0.980785 -0.195089 -0.000000
0.980785 -0.195091 0.000000
0.000000 0.000000 -1.000000
0.000000 0.000000 -1.000000
0.000000 0.000000 -1.000000
0.000000 0.000000 -1.000000
0.000000 0.000000 -1.000000
0.000000 0.000000 -1.000000
-0.980785 0.195091 0.000000
-0.923880 0.382683 -0.000000
-0.923879 0.382684 0.000000
-0.923879 0.382684 0.000000
-0.980785 0.195091 0.000000
-0.980785 0.195091 0.000000
0.000000 0.000000 1.000000
-0.000000 0.000000 1.000000
-0.000000 0.000000 1.000000
-0.000000 0.000000 1.000000
-0.000000 0.000000 1.000000
0.000000 0.000000 1.000000
0.923880 -0.382683 0.000000
0.831470 -0.555570 0.000000
0.831469 -0.555571 0.000000
0.831469 -0.555571 0.000000
0.923880 -0.382683 0.000000
0.923880 -0.382683 0.000000
0.000000 0.000000 -1.000000
0.000000 0.000000 -1.000000
0.000000 0.000000 -1.000000
0.000000 0.000000 -1.000000
0.000000 0.000000 -1.000000
0.000000 0.000000 -1.000000
-0.923880 0.382683 -0.000000
-0.831470 0.555569 -0.000000
-0.831470 0.555570 -0.000000
-0.831470 0.555570 -0.000000
-0.923879 0.382684 0.000000
-0.923880 0.382683 -0.000000
-0.000000 0.000000 1.000000
0.000000 0.000000 1.000000
0.000000 0.000000 1.000000
0.000000 0.000000 1.000000
-0.000000 0.000000 1.000000
-0.000000 0.000000 1.000000
0.831470 -0.555570 0.000000
0.707107 -0.707107 0.000000
0.707106 -0.707107 0.000000
0.707106 -0.707107 0.000000
0.831469 -0.555571 0.000000
0.831470 -0.555570 0.000000
0.000000 0.000000 -1.000000
0.000000 0.000000 -1.000000
0.000000 0.000000 -1.000000
0.000000 0.000000 -1.000000
0.000000 0.000000 -1.000000
0.000000 0.000000 -1.000000
-0.831470 0.555569 -0.000000
-0.707106 0.707107 -0.000000
-0.707107 0.707107 -0.000000
-0.707107 0.707107 -0.000000
-0.831470 0.555570 -0.000000
-0.831470 0.555569 -0.000000
0.000000 0.000000 1.000000
-0.000000 0.000000 1.000000
-0.000000 0.000000 1.000000
-0.000000 0.000000 1.000000
0.000000 0.000000 1.000000
0.000000 0.000000 1.000000
0.707107 -0.707107 0.000000
0.555570 -0.831470 0.000000
0.555570 -0.831470 0.000000
0.555570 -0.831470 0.000000
0.707106 -0.707107 0.000000
0.707107 -0.707107 0.000000
0.000000 0.000000 -1.000000
0.000000 0.000000 -1.000000
0.000000 0.000000 -1.000000
0.000000 0.000000 -1.000000
0.000000 0.000000 -1.000000
0.000000 0.000000 -1.000000
-0.707106 0.707107 -0.000000
-0.555569 0.831470 -0.000000
-0.555570 0.831470 -0.000000
-0.555570 0.831470 -0.000000
-0.707107 0.707107 -0.000000
-0.707106 0.707107 -0.000000
-0.000000 0.000000 1.000000
-0.000000 0.000000 1.000000
-0.000000 0.000000 1.000000
-0.000000 0.000000 1.000000
-0.000000 0.000000 1.000000
-0.000000 0.000000 1.000000
0.555570 -0.831470 0.000000
0.382682 -0.923880 0.000000
0.382683 -0.923880 0.000000
0.382683 -0.923880 0.000000
0.555570 -0.831470 0.000000
0.555570 -0.831470 0.000000
0.000000 0.000000 -1.000000
0.000000 0.000000 -1.000000
0.000000 0.000000 -1.000000
0.000000 0.000000 -1.000000
0.000000 0.000000 -1.000000
0.000000 0.000000 -1.000000
-0.555569 0.831470 -0.000000
-0.382683 0.923880 -0.000000
-0.382682 0.923880 -0.000000
-0.382682 0.923880 -0.000000
-0.555570 0.831470 -0.000000
-0.555569 0.831470 -0.000000
-0.000000 0.000000 1.000000
-0.000000 0.000000 1.000000
-0.000000 0.000000 1.000000
-0.000000 0.000000 1.000000
-0.000000 0.000000 1.000000
-0.000000 0.000000 1.000000
0.382682 -0.923880 0.000000
0.195090 -0.980785 0.000000
0.195090 -0.980785 0.000000
0.195090 -0.980785 0.000000
0.382683 -0.923880 0.000000
0.382682 -0.923880 0.000000
0.000000 0.000000 -1.000000
0.000000 0.000000 -1.000000
0.000000 0.000000 -1.000000
0.000000 0.000000 -1.000000
0.000000 0.000000 -1.000000
0.000000 0.000000 -1.000000
-0.382683 0.923880 -0.000000
-0.195090 0.980785 -0.000000
-0.195090 0.980785 -0.000000
-0.195090 0.980785 -0.000000
-0.382682 0.923880 -0.000000
-0.382683 0.923880 -0.000000
-0.000000 0.000000 1.000000
-0.000000 0.000000 1.000000
-0.000000 0.000000 1.000000
-0.000000 0.000000 1.000000
-0.000000 0.000000 1.000000
-0.000000 0.000000 1.000000
0.195090 -0.980785 0.000000
-0.000001 -1.000000 0.000000
-0.000000 -1.000000 0.000000
-0.000000 -1.000000 0.000000
0.195090 -0.980785 0.000000
0.195090 -0.980785 0.000000
0.000000 0.000000 -1.000000
0.000000 0.000000 -1.000000
0.000000 0.000000 -1.000000
0.000000 0.000000 -1.000000
0.000000 0.000000 -1.000000
0.000000 0.000000 -1.000000
-0.195090 0.980785 -0.000000
0.000000 1.000000 0.000000
0.000000 1.000000 -0.000000
0.000000 1.000000 -0.000000
-0.195090 0.980785 -0.000000
-0.195090 0.980785 -0.000000
-0.000000 0.000000 1.000000
-0.000000 0.000000 1.000000
-0.000000 0.000000 1.000000
-0.000000 0.000000 1.000000
-0.000000 0.000000 1.000000
-0.000000 0.000000 1.000000
-0.000001 -1.000000 0.000000
-0.195091 -0.980785 0.000000
-0.195090 -0.980785 0.000000
-0.195090 -0.980785 0.000000
-0.000000 -1.000000 0.000000
-0.000001 -1.000000 0.000000
0.000000 0.000000 -1.000000
0.000000 -0.000000 -1.000000
0.000000 -0.000000 -1.000000
0.000000 -0.000000 -1.000000
0.000000 0.000000 -1.000000
0.000000 0.000000 -1.000000
0.000000 1.000000 0.000000
0.195091 0.980785 0.000000
0.195091 0.980785 0.000000
0.195091 0.980785 0.000000
0.000000 1.000000 -0.000000
0.000000 1.000000 0.000000
-0.000000 0.000000 1.000000
-0.000000 0.000000 1.000000
-0.000000 0.000000 1.000000
-0.000000 0.000000 1.000000
-0.000000 0.000000 1.000000
-0.000000 0.000000 1.000000
-0.195091 -0.980785 0.000000
-0.382683 -0.923880 0.000000
-0.382684 -0.923879 0.000000
-0.382684 -0.923879 0.000000
-0.195090 -0.980785 0.000000
-0.195091 -0.980785 0.000000
0.000000 -0.000000 -1.000000
0.000000 -0.000000 -1.000000
0.000000 -0.000000 -1.000000
0.000000 -0.000000 -1.000000
0.000000 -0.000000 -1.000000
0.000000 -0.000000 -1.000000
0.195091 0.980785 0.000000
0.382684 0.923880 0.000000
0.382683 0.923880 0.000000
0.382683 0.923880 0.000000
0.195091 0.980785 0.000000
0.195091 0.980785 0.000000
-0.000000 0.000000 1.000000
-0.000000 0.000000 1.000000
-0.000000 0.000000 1.000000
-0.000000 0.000000 1.000000
-0.000000 0.000000 1.000000
-0.000000 0.000000 1.000000
-0.382683 -0.923880 0.000000
-0.555571 -0.831469 -0.000000
-0.555572 -0.831469 0.000000
-0.555572 -0.831469 0.000000
-0.382684 -0.923879 0.000000
-0.382683 -0.923880 0.000000
0.000000 -0.000000 -1.000000
0.000000 0.000000 -1.000000
0.000000 0.000000 -1.000000
0.000000 0.000000 -1.000000
0.000000 -0.000000 -1.000000
0.000000 -0.000000 -1.000000
0.382684 0.923880 0.000000
0.555570 0.831470 -0.000000
0.555571 0.831469 0.000000
0.555571 0.831469 0.000000
0.382683 0.923880 0.000000
0.382684 0.923880 0.000000
-0.000000 0.000000 1.000000
-0.000000 0.000000 1.000000
-0.000000 0.000000 1.000000
-0.000000 0.000000 1.000000
-0.000000 0.000000 1.000000
-0.000000 0.000000 1.000000
-0.555571 -0.831469 -0.000000
-0.707108 -0.707106 -0.000000
-0.707107 -0.707106 -0.000000
-0.707107 -0.707106 -0.000000
-0.555572 -0.831469 0.000000
-0.555571 -0.831469 -0.000000
0.000000 0.000000 -1.000000
0.000000 0.000000 -1.000000
0.000000 0.000000 -1.000000
0.000000 0.000000 -1.000000
0.000000 0.000000 -1.000000
0.000000 0.000000 -1.000000
0.555570 0.831470 -0.000000
0.707107 0.707106 -0.000000
0.707108 0.707106 -0.000000
0.707108 0.707106 -0.000000
0.555571 0.831469 0.000000
0.555570 0.831470 -0.000000
-0.000000 0.000000 1.000000
-0.000000 0.000000 1.000000
-0.000000 0.000000 1.000000
-0.000000 0.000000 1.000000
-0.000000 0.000000 1.000000
-0.000000 0.000000 1.000000
-0.707108 -0.707106 -0.000000
-0.831470 -0.555569 0.000000
-0.831470 -0.555570 -0.000000
-0.831470 -0.555570 -0.000000
-0.707107 -0.707106 -0.000000
-0.707108 -0.707106 -0.000000
0.000000 0.000000 -1.000000
0.000000 0.000000 -1.000000
0.000000 0.000000 -1.000000
0.000000 0.000000 -1.000000
0.000000 0.000000 -1.000000
0.000000 0.000000 -1.000000
0.707107 0.707106 -0.000000
0.831470 0.555570 -0.000000
0.831470 0.555570 -0.000000
0.831470 0.555570 -0.000000
0.707108 0.707106 -0.000000
0.707107 0.707106 -0.000000
-0.000000 0.000000 1.000000
-0.000000 0.000000 1.000000
-0.000000 0.000000 1.000000
-0.000000 0.000000 1.000000
-0.000000 0.000000 1.000000
-0.000000 0.000000 1.000000
-0.831470 -0.555569 0.000000
-0.923880 -0.382683 0.000000
-0.923880 -0.382683 0.000000
-0.923880 -0.382683 0.000000
-0.831470 -0.555570 -0.000000
-0.831470 -0.555569 0.000000
0.000000 0.000000 -1.000000
0.000000 -0.000000 -1.000000
0.000000 -0.000000 -1.000000
0.000000 -0.000000 -1.000000
0.000000 0.000000 -1.000000
0.000000 0.000000 -1.000000
0.831470 0.555570 -0.000000
0.923880 0.382683 0.000000
0.923880 0.382683 -0.000000
0.923880 0.382683 -0.000000
0.831470 0.555570 -0.000000
0.831470 0.555570 -0.000000
-0.000000 0.000000 1.000000
-0.000000 -0.000000 1.000000
-0.000000 -0.000000 1.000000
-0.000000 -0.000000 1.000000
-0.000000 0.000000 1.000000
-0.000000 0.000000 1.000000
-0.923880 -0.382683 0.000000
-0.980785 -0.195091 -0.000000
-0.980785 -0.195090 0.000000
-0.980785 -0.195090 0.000000
-0.923880 -0.382683 0.000000
-0.923880 -0.382683 0.000000
0.000000 -0.000000 -1.000000
0.000000 -0.000000 -1.000000
0.000000 -0.000000 -1.000000
0.000000 -0.000000 -1.000000
0.000000 -0.000000 -1.000000
0.000000 -0.000000 -1.000000
0.923880 0.382683 0.000000
0.980785 0.195090 0.000000
0.980785 0.195091 0.000000
0.980785 0.195091 0.000000
0.923880 0.382683 -0.000000
0.923880 0.382683 0.000000
-0.000000 -0.000000 1.000000
-0.000000 0.000000 1.000000
-0.000000 0.000000 1.000000
-0.000000 0.000000 1.000000
-0.000000 -0.000000 1.000000
-0.000000 -0.000000 1.000000
-0.980785 -0.195091 -0.000000
-1.000000 0.000001 -0.000000
-1.000000 0.000000 -0.000000
-1.000000 0.000000 -0.000000
-0.980785 -0.195090 0.000000
-0.980785 -0.195091 -0.000000
0.000000 -0.000000 -1.000000
0.000000 0.000000 -1.000000
0.000000 0.000000 -1.000000
0.000000 0.000000 -1.000000
0.000000 -0.000000 -1.000000
0.000000 -0.000000 -1.000000
0.980785 0.195090 0.000000
1.000000 0.000001 0.000000
1.000000 0.000000 0.000000
1.000000 0.000000 0.000000
0.980785 0.195091 0.000000
0.980785 0.195090 0.000000
-0.000000 0.000000 1.000000
-0.000000 0.000000 1.000000
-0.000000 0.000000 1.000000
-0.000000 0.000000 1.000000
-0.000000 0.000000 1.000000
-0.000000 0.000000 1.000000
-1.000000 0.000001 -0.000000
-0.980785 0.195092 -0.000000
-0.980785 0.195091 -0.000000
-0.980785 0.195091 -0.000000
-1.000000 0.000000 -0.000000
-1.000000 0.000001 -0.000000
0.000000 0.000000 -1.000000
0.000000 0.000000 -1.000000
0.000000 0.000000 -1.000000
0.000000 0.000000 -1.000000
0.000000 0.000000 -1.000000
0.000000 0.000000 -1.000000
1.000000 0.000001 0.000000
0.980785 -0.195091 0.000000
0.980785 -0.195092 0.000000
0.980785 -0.195092 0.000000
1.000000 0.000000 0.000000
1.000000 0.000001 0.000000
-0.000000 0.000000 1.000000
0.000000 0.000000 1.000000
-0.000000 0.000000 1.000000
-0.000000 0.000000 1.000000
-0.000000 0.000000 1.000000
-0.000000 0.000000 1.000000
-0.980785 0.195092 -0.000000
-0.923879 0.382684 -0.000000
-0.923879 0.382684 -0.000000
-0.923879 0.382684 -0.000000
-0.980785 0.195091 -0.000000
-0.980785 0.195092 -0.000000
0.000000 0.000000 -1.000000
0.000000 0.000000 -1.000000
0.000000 0.000000 -1.000000
0.000000 0.000000 -1.000000
0.000000 0.000000 -1.000000
0.000000 0.000000 -1.000000
0.980785 -0.195091 0.000000
0.923879 -0.382685 0.000000
0.923879 -0.382684 0.000000
0.923879 -0.382684 0.000000
0.980785 -0.195092 0.000000
0.980785 -0.195091 0.000000
0.000000 0.000000 1.000000
-0.000000 0.000000 1.000000
-0.000000 0.000000 1.000000
-0.000000 0.000000 1.000000
-0.000000 0.000000 1.000000
0.000000 0.000000 1.000000
-0.923879 0.382684 -0.000000
-0.831469 0.555571 -0.000000
-0.831469 0.555571 -0.000000
-0.831469 0.555571 -0.000000
-0.923879 0.382684 -0.000000
-0.923879 0.382684 -0.000000
0.000000 0.000000 -1.000000
0.000000 0.000000 -1.000000
0.000000 0.000000 -1.000000
0.000000 0.000000 -1.000000
0.000000 0.000000 -1.000000
0.000000 0.000000 -1.000000
0.923879 -0.382685 0.000000
0.831469 -0.555571 0.000000
0.831469 -0.555571 0.000000
0.831469 -0.555571 0.000000
0.923879 -0.382684 0.000000
0.923879 -0.382685 0.000000
-0.000000 0.000000 1.000000
0.000000 0.000000 1.000000
0.000000 0.000000 1.000000
0.000000 0.000000 1.000000
-0.000000 0.000000 1.000000
-0.000000 0.000000 1.000000
-0.831469 0.555571 -0.000000
-0.707106 0.707107 -0.000000
-0.707106 0.707107 -0.000000
-0.707106 0.707107 -0.000000
-0.831469 0.555571 -0.000000
-0.831469 0.555571 -0.000000
0.000000 0.000000 -1.000000
0.000000 0.000000 -1.000000
0.000000 0.000000 -1.000000
0.000000 0.000000 -1.000000
0.000000 0.000000 -1.000000
0.000000 0.000000 -1.000000
0.831469 -0.555571 0.000000
0.707106 -0.707107 0.000000
0.707106 -0.707107 0.000000
0.707106 -0.707107 0.000000
0.831469 -0.555571 0.000000
0.831469 -0.555571 0.000000
0.000000 0.000000 1.000000
-0.000000 0.000000 1.000000
-0.000000 0.000000 1.000000
-0.000000 0.000000 1.000000
0.000000 0.000000 1.000000
0.000000 0.000000 1.000000
-0.707106 0.707107 -0.000000
-0.555570 0.831470 -0.000000
-0.555571 0.831469 -0.000000
-0.555571 0.831469 -0.000000
-0.707106 0.707107 -0.000000
-0.707106 0.707107 -0.000000
0.000000 0.000000 -1.000000
0.000000 0.000000 -1.000000
0.000000 0.000000 -1.000000
0.000000 0.000000 -1.000000
0.000000 0.000000 -1.000000
0.000000 0.000000 -1.000000
0.707106 -0.707107 0.000000
0.555570 -0.831470 0.000000
0.555570 -0.831470 0.000000
0.555570 -0.831470 0.000000
0.707106 -0.707107 0.000000
0.707106 -0.707107 0.000000
-0.000000 0.000000 1.000000
-0.000000 0.000000 1.000000
-0.000000 0.000000 1.000000
-0.000000 0.000000 1.000000
-0.000000 0.000000 1.000000
-0.000000 0.000000 1.000000
-0.555570 0.831470 -0.000000
-0.382683 0.923880 -0.000000
-0.382683 0.923880 -0.000000
-0.382683 0.923880 -0.000000
-0.555571 0.831469 -0.000000
-0.555570 0.831470 -0.000000
0.000000 0.000000 -1.000000
0.000000 0.000000 -1.000000
0.000000 0.000000 -1.000000
0.000000 0.000000 -1.000000
0.000000 0.000000 -1.000000
0.000000 0.000000 -1.000000
0.555570 -0.831470 0.000000
0.382683 -0.923880 0.000000
0.382683 -0.923880 0.000000
0.382683 -0.923880 0.000000
0.555570 -0.831470 0.000000
0.555570 -0.831470 0.000000
-0.000000 0.000000 1.000000
-0.000000 0.000000 1.000000
-0.000000 0.000000 1.000000
-0.000000 0.000000 1.000000
-0.000000 0.000000 1.000000
-0.000000 0.000000 1.000000
-0.382683 0.923880 -0.000000
-0.195091 0.980785 -0.000000
-0.195090 0.980785 -0.000000
-0.195090 0.980785 -0.000000
-0.382683 0.923880 -0.000000
-0.382683 0.923880 -0.000000
0.000000 0.000000 -1.000000
0.000000 0.000000 -1.000000
0.000000 0.000000 -1.000000
0.000000 0.000000 -1.000000
0.000000 0.000000 -1.000000
0.000000 0.000000 -1.000000
0.382683 -0.923880 0.000000
0.195091 -0.980785 0.000000
0.195091 -0.980785 0.000000
0.195091 -0.980785 0.000000
0.382683 -0.923880 0.000000
0.382683 -0.923880 0.000000
-0.000000 0.000000 1.000000
-0.000000 0.000000 1.000000
-0.000000 0.000000 1.000000
-0.000000 0.000000 1.000000
-0.000000 0.000000 1.000000
-0.000000 0.000000 1.000000
-0.195091 0.980785 -0.000000
0.000000 1.000000 -0.000000
-0.000000 1.000000 -0.000000
-0.000000 1.000000 -0.000000
-0.195090 0.980785 -0.000000
-0.195091 0.980785 -0.000000
0.000000 0.000000 -1.000000
0.000000 0.000000 -1.000000
0.000000 0.000000 -1.000000
0.000000 0.000000 -1.000000
0.000000 0.000000 -1.000000
0.000000 0.000000 -1.000000
0.195091 -0.980785 0.000000
-0.000001 -1.000000 0.000000
-0.000000 -1.000000 0.000000
-0.000000 -1.000000 0.000000
0.195091 -0.980785 0.000000
0.195091 -0.980785 0.000000
-0.000000 0.000000 1.000000
-0.000000 0.000000 1.000000
-0.000000 0.000000 1.000000
-0.000000 0.000000 1.000000
-0.000000 0.000000 1.000000
-0.000000 0.000000 1.000000
0.000000 1.000000 -0.000000
0.195092 0.980785 -0.000000
0.195092 0.980785 -0.000000
0.195092 0.980785 -0.000000
-0.000000 1.000000 -0.000000
0.000000 1.000000 -0.000000
0.000000 0.000000 -1.000000
0.000000 -0.000000 -1.000000
0.000000 -0.000000 -1.000000
0.000000 -0.000000 -1.000000
0.000000 0.000000 -1.000000
0.000000 0.000000 -1.000000
-0.000001 -1.000000 0.000000
-0.195092 -0.980785 0.000000
-0.195092 -0.980785 0.000000
-0.195092 -0.980785 0.000000
-0.000000 -1.000000 0.000000
-0.000001 -1.000000 0.000000
-0.000000 0.000000 1.000000
-0.000000 0.000000 1.000000
-0.000000 0.000000 1.000000
-0.000000 0.000000 1.000000
-0.000000 0.000000 1.000000
-0.000000 0.000000 1.000000
0.195092 0.980785 -0.000000
0.382685 0.923879 -0.000000
0.382685 0.923879 -0.000000
0.382685 0.923879 -0.000000
0.195092 0.980785 -0.000000
0.195092 0.980785 -0.000000
0.000000 -0.000000 -1.000000
0.000000 -0.000000 -1.000000
0.000000 -0.000000 -1.000000
0.000000 -0.000000 -1.000000
0.000000 -0.000000 -1.000000
0.000000 -0.000000 -1.000000
-0.195092 -0.980785 0.000000
-0.382684 -0.923879 -0.000000
-0.382685 -0.923879 0.000000
-0.382685 -0.923879 0.000000
-0.195092 -0.980785 0.000000
-0.195092 -0.980785 0.000000
-0.000000 0.000000 1.000000
-0.000000 0.000000 1.000000
-0.000000 0.000000 1.000000
-0.000000 0.000000 1.000000
-0.000000 0.000000 1.000000
-0.000000 0.000000 1.000000
0.382685 0.923879 -0.000000
0.555571 0.831469 0.000000
0.555570 0.831470 -0.000000
0.555570 0.831470 -0.000000
0.382685 0.923879 -0.000000
0.382685 0.923879 -0.000000
0.000000 -0.000000 -1.000000
0.000000 0.000000 -1.000000
0.000000 0.000000 -1.000000
0.000000 0.000000 -1.000000
0.000000 -0.000000 -1.000000
0.000000 -0.000000 -1.000000
-0.382684 -0.923879 -0.000000
-0.555571 -0.831469 0.000000
-0.555571 -0.831469 -0.000000
-0.555571 -0.831469 -0.000000
-0.382685 -0.923879 0.000000
-0.382684 -0.923879 -0.000000
-0.000000 0.000000 1.000000
-0.000000 0.000000 1.000000
-0.000000 0.000000 1.000000
-0.000000 0.000000 1.000000
-0.000000 0.000000 1.000000
-0.000000 0.000000 1.000000
0.555571 0.831469 0.000000
0.707107 0.707106 0.000000
0.707107 0.707106 0.000000
0.707107 0.707106 0.000000
0.555570 0.831470 -0.000000
0.555571 0.831469 0.000000
0.000000 0.000000 -1.000000
0.000000 0.000000 -1.000000
0.000000 0.000000 -1.000000
0.000000 0.000000 -1.000000
0.000000 0.000000 -1.000000
0.000000 0.000000 -1.000000
-0.555571 -0.831469 0.000000
-0.707107 -0.707106 0.000000
-0.707107 -0.707106 0.000000
-0.707107 -0.707106 0.000000
-0.555571 -0.831469 -0.000000
-0.555571 -0.831469 0.000000
-0.000000 0.000000 1.000000
-0.000000 0.000000 1.000000
-0.000000 0.000000 1.000000
-0.000000 0.000000 1.000000
-0.000000 0.000000 1.000000
-0.000000 0.000000 1.000000
0.707107 0.707106 0.000000
0.831470 0.555569 0.000000
0.831470 0.555569 0.000000
0.831470 0.555569 0.000000
0.707107 0.707106 0.000000
0.707107 0.707106 0.000000
0.000000 0.000000 -1.000000
0.000000 0.000000 -1.000000
0.000000 0.000000 -1.000000
0.000000 0.000000 -1.000000
0.000000 0.000000 -1.000000
0.000000 0.000000 -1.000000
-0.707107 -0.707106 0.000000
-0.831470 -0.555569 0.000000
-0.831470 -0.555570 0.000000
-0.831470 -0.555570 0.000000
-0.707107 -0.707106 0.000000
-0.707107 -0.707106 0.000000
-0.000000 0.000000 1.000000
-0.000000 0.000000 1.000000
-0.000000 0.000000 1.000000
-0.000000 0.000000 1.000000
-0.000000 0.000000 1.000000
-0.000000 0.000000 1.000000
0.831470 0.555569 0.000000
0.923880 0.382681 0.000000
0.923880 0.382682 -0.000000
0.923880 0.382682 -0.000000
0.831470 0.555569 0.000000
0.831470 0.555569 0.000000
0.000000 0.000000 -1.000000
0.000000 -0.000000 -1.000000
0.000000 -0.000000 -1.000000
0.000000 -0.000000 -1.000000
0.000000 0.000000 -1.000000
0.000000 0.000000 -1.000000
-0.831470 -0.555569 0.000000
-0.923880 -0.382682 -0.000000
-0.923880 -0.382681 0.000000
-0.923880 -0.382681 0.000000
-0.831470 -0.555570 0.000000
-0.831470 -0.555569 0.000000
-0.000000 0.000000 1.000000
-0.000000 -0.000000 1.000000
-0.000000 -0.000000 1.000000
-0.000000 -0.000000 1.000000
-0.000000 0.000000 1.000000
-0.000000 0.000000 1.000000
0.923880 0.382681 0.000000
0.984438 0.175735 -0.000004
0.976753 0.214367 -0.000004
0.976753 0.214367 -0.000004
0.956941 0.290282 -0.000023
0.923880 0.382682 -0.000000
0.923880 0.382681 0.000000
0.976753 0.214367 -0.000004
0.923880 0.382682 -0.000000
0.000000 -0.000000 -1.000000
0.000000 0.000000 -1.000000
0.000000 -0.000000 -1.000000
0.000000 -0.000000 -1.000000
0.000000 -0.000000 -1.000000
0.000000 -0.000000 -1.000000
0.000000 -0.000000 -1.000000
0.000000 -0.000000 -1.000000
0.000000 -0.000000 -1.000000
-0.923880 -0.382682 -0.000000
-0.980786 -0.195089 -0.000000
-0.980785 -0.195089 -0.000000
-0.980785 -0.195089 -0.000000
-0.923880 -0.382681 0.000000
-0.923880 -0.382682 -0.000000
-0.000000 -0.000000 1.000000
-0.000000 0.000000 1.000000
-0.000000 0.000000 1.000000
-0.000000 0.000000 1.000000
-0.000000 -0.000000 1.000000
-0.000000 -0.000000 1.000000
0.995184 0.098025 -0.000000
0.999806 0.019708 -0.000000
0.999806 -0.019708 0.000000
0.999806 -0.019708 0.000000
0.976753 0.214367 -0.000004
0.984438 0.175735 -0.000004
0.995184 0.098025 -0.000000
0.999806 -0.019708 0.000000
0.984438 0.175735 -0.000004
0.995185 0.098017 -0.000023
0.995184 0.098025 -0.000000
0.984438 0.175735 -0.000004
0.000000 0.000000 -1.000000
0.000000 0.000000 -1.000000
0.000000 0.000000 -1.000000
0.000000 0.000000 -1.000000
0.000000 -0.000000 -1.000000
0.000000 0.000000 -1.000000
-0.980786 -0.195089 -0.000000
-1.000000 0.000001 0.000000
-1.000000 -0.000000 -0.000000
-1.000000 -0.000000 -0.000000
-0.980785 -0.195089 -0.000000
-0.980786 -0.195089 -0.000000
-0.000000 0.000000 1.000000
-0.000000 0.000000 1.000000
-0.000000 0.000000 1.000000
-0.000000 0.000000 1.000000
-0.000000 0.000000 1.000000
-0.000000 0.000000 1.000000
-0.000000 0.000000 1.000000
-0.000000 0.000000 1.000000
-0.000000 0.000000 1.000000
-0.000000 0.000000 1.000000
-0.000000 0.000000 1.000000
-0.000000 0.000000 1.000000
0.681993 -0.264107 0.682007
0.595327 -0.539589 0.595340
0.682100 -0.263554 0.682114
0.681992 0.264106 -0.682008
0.595327 0.539588 -0.595341
0.682099 0.263553 -0.682115
0.478613 0.645377 0.595331
0.617371 0.392087 0.681998
0.617581 0.391572 0.682103
0.720398 -0.125991 -0.682022
0.720394 -0.125418 -0.682131
0.689144 -0.413087 -0.595348
0.693526 -0.137952 0.707100
0.681993 -0.264107 0.682007
0.682100 -0.263554 0.682114
0.682100 -0.263554 0.682114
0.693527 -0.137950 0.707100
0.693526 -0.137952 0.707100
0.653295 -0.270605 0.707092
0.693526 -0.137952 0.707100
0.693527 -0.137950 0.707100
0.693527 -0.137950 0.707100
0.653296 -0.270602 0.707092
0.653295 -0.270605 0.707092
0.587938 -0.392845 0.707108
0.653295 -0.270605 0.707092
0.653296 -0.270602 0.707092
0.653296 -0.270602 0.707092
0.587936 -0.392849 0.707108
0.587938 -0.392845 0.707108
0.499985 -0.499986 0.707127
0.587938 -0.392845 0.707108
0.587936 -0.392849 0.707108
0.587936 -0.392849 0.707108
0.499985 -0.499986 0.707127
0.499985 -0.499986 0.707127
0.392836 -0.587921 0.707127
0.499985 -0.499986 0.707127
0.499985 -0.499986 0.707127
0.499985 -0.499986 0.707127
0.392836 -0.587922 0.707126
0.392836 -0.587921 0.707127
0.270605 -0.653295 0.707092
0.392836 -0.587921 0.707127
0.392836 -0.587922 0.707126
0.392836 -0.587922 0.707126
0.270602 -0.653296 0.707092
0.270605 -0.653295 0.707092
0.137950 -0.693533 0.707093
0.270605 -0.653295 0.707092
0.270602 -0.653296 0.707092
0.270602 -0.653296 0.707092
0.137954 -0.693532 0.707094
0.137950 -0.693533 0.707093
-0.000001 -0.707100 0.707114
0.137950 -0.693533 0.707093
0.137954 -0.693532 0.707094
0.137954 -0.693532 0.707094
-0.000001 -0.707100 0.707114
-0.000001 -0.707100 0.707114
-0.137952 -0.693526 0.707100
-0.000001 -0.707100 0.707114
-0.000001 -0.707100 0.707114
-0.000001 -0.707100 0.707114
-0.137950 -0.693527 0.707100
-0.137952 -0.693526 0.707100
-0.270605 -0.653295 0.707092
-0.137952 -0.693526 0.707100
-0.137950 -0.693527 0.707100
-0.137950 -0.693527 0.707100
-0.270602 -0.653296 0.707092
-0.270605 -0.653295 0.707092
-0.392846 -0.587938 0.707108
-0.270605 -0.653295 0.707092
-0.270602 -0.653296 0.707092
-0.270602 -0.653296 0.707092
-0.392849 -0.587935 0.707108
-0.392846 -0.587938 0.707108
-0.499986 -0.499984 0.707128
-0.392846 -0.587938 0.707108
-0.392849 -0.587935 0.707108
-0.392849 -0.587935 0.707108
-0.499986 -0.499984 0.707128
-0.499986 -0.499984 0.707128
-0.587938 -0.392845 0.707108
-0.499986 -0.499984 0.707128
-0.499986 -0.499984 0.707128
-0.499986 -0.499984 0.707128
-0.587936 -0.392849 0.707108
-0.587938 -0.392845 0.707108
-0.653294 -0.270605 0.707093
-0.587938 -0.392845 0.707108
-0.587936 -0.392849 0.707108
-0.587936 -0.392849 0.707108
-0.653295 -0.270602 0.707093
-0.653294 -0.270605 0.707093
-0.693534 -0.137951 0.707092
-0.653294 -0.270605 0.707093
-0.653295 -0.270602 0.707093
-0.653295 -0.270602 0.707093
-0.693533 -0.137955 0.707093
-0.693534 -0.137951 0.707092
-0.707099 0.000001 0.707115
-0.693534 -0.137951 0.707092
-0.693533 -0.137955 0.707093
-0.693533 -0.137955 0.707093
-0.707098 0.000001 0.707115
-0.707099 0.000001 0.707115
-0.693526 0.137953 0.707100
-0.707099 0.000001 0.707115
-0.707098 0.000001 0.707115
-0.707098 0.000001 0.707115
-0.693527 0.137951 0.707100
-0.693526 0.137953 0.707100
-0.653294 0.270605 0.707093
-0.693526 0.137953 0.707100
-0.693527 0.137951 0.707100
-0.693527 0.137951 0.707100
-0.653295 0.270602 0.707093
-0.653294 0.270605 0.707093
-0.587939 0.392846 0.707107
-0.653294 0.270605 0.707093
-0.653295 0.270602 0.707093
-0.653295 0.270602 0.707093
-0.587936 0.392850 0.707107
-0.587939 0.392846 0.707107
-0.499984 0.499986 0.707128
-0.587939 0.392846 0.707107
-0.587936 0.392850 0.707107
-0.587936 0.392850 0.707107
-0.499984 0.499986 0.707128
-0.499984 0.499986 0.707128
-0.392846 0.587939 0.707107
-0.499984 0.499986 0.707128
-0.499984 0.499986 0.707128
-0.499984 0.499986 0.707128
-0.392850 0.587937 0.707107
-0.392846 0.587939 0.707107
-0.270605 0.653294 0.707093
-0.392846 0.587939 0.707107
-0.392850 0.587937 0.707107
-0.392850 0.587937 0.707107
-0.270602 0.653295 0.707093
-0.270605 0.653294 0.707093
-0.137952 0.693526 0.707100
-0.270605 0.653294 0.707093
-0.270602 0.653295 0.707093
-0.270602 0.653295 0.707093
-0.137950 0.693527 0.707100
-0.137952 0.693526 0.707100
0.000000 0.707098 0.707115
-0.137952 0.693526 0.707100
-0.137950 0.693527 0.707100
-0.137950 0.693527 0.707100
0.000000 0.707098 0.707115
0.000000 0.707098 0.707115
0.137953 0.693527 0.707099
0.000000 0.707098 0.707115
0.000000 0.707098 0.707115
0.000000 0.707098 0.707115
0.137951 0.693527 0.707099
0.137953 0.693527 0.707099
0.270593 0.653265 0.707124
0.137953 0.693527 0.707099
0.137951 0.693527 0.707099
0.137951 0.693527 0.707099
0.270593 0.653265 0.707124
0.270593 0.653265 0.707124
0.392837 0.587921 0.707126
0.270593 0.653265 0.707124
0.270593 0.653265 0.707124
0.270593 0.653265 0.707124
0.392837 0.587922 0.707126
0.392837 0.587921 0.707126
0.500000 0.500003 0.707105
0.392837 0.587921 0.707126
0.392837 0.587922 0.707126
0.392837 0.587922 0.707126
0.500003 0.500000 0.707105
0.500000 0.500003 0.707105
0.587938 0.392845 0.707108
0.500000 0.500003 0.707105
0.500003 0.500000 0.707105
0.500003 0.500000 0.707105
0.587936 0.392848 0.707108
0.587938 0.392845 0.707108
0.653280 0.270593 0.707110
0.587938 0.392845 0.707108
0.587936 0.392848 0.707108
0.587936 0.392848 0.707108
0.653279 0.270598 0.707110
0.653280 0.270593 0.707110
0.617371 0.392087 0.681998
0.653280 0.270593 0.707110
0.653279 0.270598 0.707110
0.653279 0.270598 0.707110
0.617581 0.391572 0.682103
0.617371 0.392087 0.681998
0.720398 -0.125991 -0.682022
0.681992 0.264106 -0.682008
0.682099 0.263553 -0.682115
0.682099 0.263553 -0.682115
0.720394 -0.125418 -0.682131
0.720398 -0.125991 -0.682022
-0.999806 0.019708 0.000000
-0.999808 -0.019594 0.000000
-0.995190 -0.097964 0.000000
-0.999806 0.019708 0.000000
-0.995190 -0.097964 0.000000
-0.980785 -0.195090 0.000000
-0.999806 0.019708 0.000000
-0.980785 -0.195090 0.000000
-0.980786 -0.195089 0.000000
-0.000000 0.000000 -1.000000
0.000000 0.000000 -1.000000
-0.000000 0.000000 -1.000000
-0.000000 0.000000 -1.000000
-0.000000 0.000000 -1.000000
-0.000000 0.000000 -1.000000
-0.000001 0.000000 -1.000000
-0.000000 0.000000 -1.000000
-0.000000 0.000000 -1.000000
1.000000 -0.000000 -0.000000
1.000000 0.000002 0.000000
0.980785 0.195091 -0.000000
0.980785 0.195091 -0.000000
0.980785 0.195091 -0.000000
1.000000 -0.000000 -0.000000
0.000000 -0.000000 1.000000
-0.000000 -0.000000 1.000000
0.000000 -0.000000 1.000000
0.000000 -0.000000 1.000000
0.000000 -0.000000 1.000000
0.000000 -0.000000 1.000000
-0.980786 -0.195089 0.000000
-0.980785 -0.195090 0.000000
-0.923880 -0.382683 0.000000
-0.923880 -0.382683 0.000000
-0.923880 -0.382683 0.000000
-0.980786 -0.195089 0.000000
-0.000000 0.000000 -1.000000
-0.000000 0.000000 -1.000000
0.000000 0.000000 -1.000000
0.000000 0.000000 -1.000000
0.000000 0.000000 -1.000000
-0.000000 0.000000 -1.000000
0.980785 0.195091 -0.000000
0.980785 0.195091 -0.000000
0.923880 0.382683 -0.000000
0.923880 0.382683 -0.000000
0.923879 0.382684 -0.000000
0.980785 0.195091 -0.000000
0.000000 -0.000000 1.000000
0.000000 -0.000000 1.000000
0.000000 -0.000000 1.000000
0.000000 -0.000000 1.000000
0.000000 -0.000000 1.000000
0.000000 -0.000000 1.000000
-0.923880 -0.382683 0.000000
-0.923880 -0.382683 0.000000
-0.831470 -0.555570 0.000000
-0.831470 -0.555570 0.000000
-0.831469 -0.555571 0.000000
-0.923880 -0.382683 0.000000
0.000000 0.000000 -1.000000
0.000000 0.000000 -1.000000
0.000000 0.000000 -1.000000
0.000000 0.000000 -1.000000
0.000000 0.000000 -1.000000
0.000000 0.000000 -1.000000
0.923879 0.382684 -0.000000
0.923880 0.382683 -0.000000
0.831469 0.555570 -0.000000
0.831469 0.555570 -0.000000
0.831470 0.555570 -0.000000
0.923879 0.382684 -0.000000
0.000000 -0.000000 1.000000
0.000000 -0.000000 1.000000
0.000000 -0.000000 1.000000
0.000000 -0.000000 1.000000
0.000000 -0.000000 1.000000
0.000000 -0.000000 1.000000
-0.831469 -0.555571 0.000000
-0.831470 -0.555570 0.000000
-0.707107 -0.707106 0.000000
-0.707107 -0.707106 0.000000
-0.707107 -0.707107 0.000000
-0.831469 -0.555571 0.000000
0.000000 0.000000 -1.000000
0.000000 0.000000 -1.000000
0.000000 0.000000 -1.000000
0.000000 0.000000 -1.000000
0.000000 0.000000 -1.000000
0.000000 0.000000 -1.000000
0.831470 0.555570 -0.000000
0.831469 0.555570 -0.000000
0.707108 0.707106 -0.000000
0.707108 0.707106 -0.000000
0.707107 0.707106 0.000000
0.831470 0.555570 -0.000000
0.000000 -0.000000 1.000000
0.000000 -0.000000 1.000000
0.000000 -0.000000 1.000000
0.000000 -0.000000 1.000000
0.000000 -0.000000 1.000000
0.000000 -0.000000 1.000000
-0.707107 -0.707107 0.000000
-0.707107 -0.707106 0.000000
-0.555570 -0.831469 0.000000
-0.555570 -0.831469 0.000000
-0.555571 -0.831469 0.000000
-0.707107 -0.707107 0.000000
0.000000 0.000000 -1.000000
0.000000 0.000000 -1.000000
0.000000 0.000000 -1.000000
0.000000 0.000000 -1.000000
0.000000 0.000000 -1.000000
0.000000 0.000000 -1.000000
0.707107 0.707106 0.000000
0.707108 0.707106 -0.000000
0.555571 0.831469 0.000000
0.555571 0.831469 0.000000
0.555571 0.831469 0.000000
0.707107 0.707106 0.000000
0.000000 -0.000000 1.000000
0.000000 -0.000000 1.000000
0.000000 -0.000000 1.000000
0.000000 -0.000000 1.000000
0.000000 -0.000000 1.000000
0.000000 -0.000000 1.000000
-0.555571 -0.831469 0.000000
-0.555570 -0.831469 0.000000
-0.382683 -0.923880 0.000000
-0.382683 -0.923880 0.000000
-0.382684 -0.923880 0.000000
-0.555571 -0.831469 0.000000
0.000000 0.000000 -1.000000
0.000000 0.000000 -1.000000
0.000000 0.000000 -1.000000
0.000000 0.000000 -1.000000
0.000000 0.000000 -1.000000
0.000000 0.000000 -1.000000
0.555571 0.831469 0.000000
0.555571 0.831469 0.000000
0.382684 0.923879 0.000000
0.382684 0.923879 0.000000
0.382683 0.923880 0.000000
0.555571 0.831469 0.000000
0.000000 -0.000000 1.000000
0.000000 -0.000000 1.000000
-0.000000 -0.000000 1.000000
-0.000000 -0.000000 1.000000
-0.000000 -0.000000 1.000000
0.000000 -0.000000 1.000000
-0.382684 -0.923880 0.000000
-0.382683 -0.923880 0.000000
-0.195091 -0.980785 -0.000000
-0.195091 -0.980785 -0.000000
-0.195092 -0.980785 -0.000000
-0.382684 -0.923880 0.000000
0.000000 0.000000 -1.000000
0.000000 0.000000 -1.000000
-0.000000 0.000000 -1.000000
-0.000000 0.000000 -1.000000
-0.000000 0.000000 -1.000000
0.000000 0.000000 -1.000000
0.382683 0.923880 0.000000
0.382684 0.923879 0.000000
0.195092 0.980785 0.000000
0.195092 0.980785 0.000000
0.195091 0.980785 0.000000
0.382683 0.923880 0.000000
-0.000000 -0.000000 1.000000
-0.000000 -0.000000 1.000000
0.000000 -0.000000 1.000000
0.000000 -0.000000 1.000000
0.000000 -0.000000 1.000000
-0.000000 -0.000000 1.000000
-0.195092 -0.980785 -0.000000
-0.195091 -0.980785 -0.000000
-0.000001 -1.000000 -0.000000
-0.000001 -1.000000 -0.000000
-0.000001 -1.000000 -0.000000
-0.195092 -0.980785 -0.000000
-0.000000 0.000000 -1.000000
-0.000000 0.000000 -1.000000
-0.000000 0.000000 -1.000000
-0.000000 0.000000 -1.000000
-0.000000 -0.000000 -1.000000
-0.000000 0.000000 -1.000000
0.195091 0.980785 0.000000
0.195092 0.980785 0.000000
0.000000 1.000000 0.000000
0.000000 1.000000 0.000000
-0.000000 1.000000 0.000000
0.195091 0.980785 0.000000
0.000000 -0.000000 1.000000
0.000000 -0.000000 1.000000
0.000000 0.000000 1.000000
0.000000 0.000000 1.000000
0.000000 0.000000 1.000000
0.000000 -0.000000 1.000000
-0.000001 -1.000000 -0.000000
-0.000001 -1.000000 -0.000000
0.195090 -0.980785 -0.000000
0.195090 -0.980785 -0.000000
0.195091 -0.980785 -0.000000
-0.000001 -1.000000 -0.000000
-0.000000 -0.000000 -1.000000
-0.000000 0.000000 -1.000000
0.000001 -0.000002 -1.000000
0.000001 -0.000002 -1.000000
0.000001 -0.000002 -1.000000
-0.000000 -0.000000 -1.000000
-0.000000 1.000000 0.000000
0.000000 1.000000 0.000000
-0.195091 0.980785 0.000000
-0.195091 0.980785 0.000000
-0.195090 0.980785 0.000000
-0.000000 1.000000 0.000000
0.000000 0.000000 1.000000
0.000000 0.000000 1.000000
0.000000 0.000000 1.000000
0.000000 0.000000 1.000000
0.000000 -0.000000 1.000000
0.000000 0.000000 1.000000
0.195091 -0.980785 -0.000000
0.195090 -0.980785 -0.000000
0.382684 -0.923879 -0.000000
0.382684 -0.923879 -0.000000
0.382684 -0.923880 -0.000000
0.195091 -0.980785 -0.000000
0.000001 -0.000002 -1.000000
0.000001 -0.000002 -1.000000
0.000000 -0.000000 -1.000000
0.000000 -0.000000 -1.000000
0.000000 0.000000 -1.000000
0.000001 -0.000002 -1.000000
-0.195090 0.980785 0.000000
-0.195091 0.980785 0.000000
-0.382683 0.923880 0.000000
-0.382683 0.923880 0.000000
-0.382683 0.923880 0.000000
-0.195090 0.980785 0.000000
0.000000 -0.000000 1.000000
0.000000 0.000000 1.000000
0.000000 -0.000000 1.000000
0.000000 -0.000000 1.000000
0.000000 -0.000000 1.000000
0.000000 -0.000000 1.000000
0.382684 -0.923880 -0.000000
0.382684 -0.923879 -0.000000
0.555570 -0.831470 -0.000000
0.555570 -0.831470 -0.000000
0.555569 -0.831470 -0.000000
0.382684 -0.923880 -0.000000
0.000000 0.000000 -1.000000
0.000000 -0.000000 -1.000000
0.000000 0.000000 -1.000000
0.000000 0.000000 -1.000000
0.000000 0.000000 -1.000000
0.000000 0.000000 -1.000000
-0.382683 0.923880 0.000000
-0.382683 0.923880 0.000000
-0.555570 0.831470 0.000000
-0.555570 0.831470 0.000000
-0.555570 0.831470 0.000000
-0.382683 0.923880 0.000000
0.000000 -0.000000 1.000000
0.000000 -0.000000 1.000000
-0.000000 -0.000000 1.000000
-0.000000 -0.000000 1.000000
-0.000000 -0.000000 1.000000
0.000000 -0.000000 1.000000
0.555569 -0.831470 -0.000000
0.555570 -0.831470 -0.000000
0.707105 -0.707108 -0.000000
0.707105 -0.707108 -0.000000
0.707106 -0.707108 -0.000000
0.555569 -0.831470 -0.000000
0.000000 0.000000 -1.000000
0.000000 0.000000 -1.000000
0.000000 0.000000 -1.000000
0.000000 0.000000 -1.000000
0.000000 0.000000 -1.000000
0.000000 0.000000 -1.000000
-0.555570 0.831470 0.000000
-0.555570 0.831470 0.000000
-0.707106 0.707108 0.000000
-0.707106 0.707108 0.000000
-0.707106 0.707107 0.000000
-0.555570 0.831470 0.000000
-0.000000 -0.000000 1.000000
-0.000000 -0.000000 1.000000
-0.000000 -0.000000 1.000000
-0.000000 -0.000000 1.000000
-0.000000 -0.000000 1.000000
-0.000000 -0.000000 1.000000
0.707106 -0.707108 -0.000000
0.707105 -0.707108 -0.000000
0.831468 -0.555572 -0.000000
0.831468 -0.555572 -0.000000
0.831469 -0.555570 -0.000000
0.707106 -0.707108 -0.000000
0.000000 0.000000 -1.000000
0.000000 0.000000 -1.000000
0.000000 0.000000 -1.000000
0.000000 0.000000 -1.000000
0.000000 0.000000 -1.000000
0.000000 0.000000 -1.000000
-0.707106 0.707107 0.000000
-0.707106 0.707108 0.000000
-0.831469 0.555571 0.000000
-0.831469 0.555571 0.000000
-0.831469 0.555571 0.000000
-0.707106 0.707107 0.000000
-0.000000 -0.000000 1.000000
-0.000000 -0.000000 1.000000
-0.000000 -0.000000 1.000000
-0.000000 -0.000000 1.000000
-0.000000 -0.000000 1.000000
-0.000000 -0.000000 1.000000
0.831469 -0.555570 -0.000000
0.831468 -0.555572 -0.000000
0.923880 -0.382683 -0.000000
0.923880 -0.382683 -0.000000
0.923880 -0.382683 -0.000000
0.831469 -0.555570 -0.000000
0.000000 0.000000 -1.000000
0.000000 0.000000 -1.000000
0.000000 -0.000000 -1.000000
0.000000 -0.000000 -1.000000
0.000000 -0.000000 -1.000000
0.000000 0.000000 -1.000000
-0.831469 0.555571 0.000000
-0.831469 0.555571 0.000000
-0.923880 0.382682 0.000000
-0.923880 0.382682 0.000000
-0.923880 0.382684 0.000000
-0.831469 0.555571 0.000000
-0.000000 -0.000000 1.000000
-0.000000 -0.000000 1.000000
-0.000000 -0.000000 1.000000
-0.000000 -0.000000 1.000000
-0.000000 -0.000000 1.000000
-0.000000 -0.000000 1.000000
0.923880 -0.382683 -0.000000
0.923880 -0.382683 -0.000000
0.980786 -0.195089 -0.000000
0.980786 -0.195089 -0.000000
0.980786 -0.195089 -0.000000
0.923880 -0.382683 -0.000000
0.000000 -0.000000 -1.000000
0.000000 -0.000000 -1.000000
0.000002 -0.000000 -1.000000
0.000002 -0.000000 -1.000000
0.000002 -0.000000 -1.000000
0.000000 -0.000000 -1.000000
-0.923880 0.382684 0.000000
-0.923880 0.382682 0.000000
-0.980785 0.195091 0.000000
-0.980785 0.195091 0.000000
-0.980785 0.195091 0.000000
-0.923880 0.382684 0.000000
-0.000000 -0.000000 1.000000
-0.000000 -0.000000 1.000000
-0.000000 -0.000000 1.000000
-0.000000 -0.000000 1.000000
-0.000000 -0.000000 1.000000
-0.000000 -0.000000 1.000000
0.980786 -0.195089 -0.000000
0.980786 -0.195089 -0.000000
1.000000 -0.000000 0.000000
1.000000 -0.000000 0.000000
1.000000 -0.000001 -0.000000
0.980786 -0.195089 -0.000000
0.000002 -0.000000 -1.000000
0.000002 -0.000000 -1.000000
0.000000 0.000000 -1.000000
0.000000 0.000000 -1.000000
-0.000000 0.000000 -1.000000
0.000002 -0.000000 -1.000000
-0.980785 0.195091 0.000000
-0.980785 0.195091 0.000000
-1.000000 0.000000 0.000000
-1.000000 0.000000 0.000000
-1.000000 0.000000 -0.000000
-0.980785 0.195091 0.000000
-0.000000 -0.000000 1.000000
-0.000000 -0.000000 1.000000
-0.000000 -0.000000 1.000000
-0.000000 -0.000000 1.000000
0.000000 -0.000000 1.000000
-0.000000 -0.000000 1.000000
1.000000 -0.000001 -0.000000
1.000000 -0.000000 0.000000
0.980785 0.195090 0.000000
0.980785 0.195090 0.000000
0.980786 0.195088 -0.000000
1.000000 -0.000001 -0.000000
-0.000000 0.000000 -1.000000
0.000000 0.000000 -1.000000
-0.000000 0.000000 -1.000000
-0.000000 0.000000 -1.000000
-0.000000 0.000000 -1.000000
-0.000000 0.000000 -1.000000
-1.000000 0.000000 -0.000000
-1.000000 0.000000 0.000000
-0.980785 -0.195090 -0.000000
-0.980785 -0.195090 -0.000000
-0.980785 -0.195090 -0.000000
-1.000000 0.000000 -0.000000
0.000000 -0.000000 1.000000
-0.000000 -0.000000 1.000000
0.000000 -0.000000 1.000000
0.000000 -0.000000 1.000000
0.000000 -0.000000 1.000000
0.000000 -0.000000 1.000000
0.980786 0.195088 -0.000000
0.980785 0.195090 0.000000
0.923880 0.382683 -0.000000
0.923880 0.382683 -0.000000
0.923880 0.382682 -0.000000
0.980786 0.195088 -0.000000
-0.000000 0.000000 -1.000000
-0.000000 0.000000 -1.000000
0.000000 0.000000 -1.000000
0.000000 0.000000 -1.000000
0.000000 0.000000 -1.000000
-0.000000 0.000000 -1.000000
-0.980785 -0.195090 -0.000000
-0.980785 -0.195090 -0.000000
-0.923880 -0.382682 -0.000000
-0.923880 -0.382682 -0.000000
-0.923880 -0.382683 -0.000000
-0.980785 -0.195090 -0.000000
0.000000 -0.000000 1.000000
0.000000 -0.000000 1.000000
0.000000 -0.000000 1.000000
0.000000 -0.000000 1.000000
0.000000 -0.000000 1.000000
0.000000 -0.000000 1.000000
0.923880 0.382682 -0.000000
0.923880 0.382683 -0.000000
0.831470 0.555569 -0.000000
0.831470 0.555569 -0.000000
0.831469 0.555571 0.000000
0.923880 0.382682 -0.000000
0.000000 0.000000 -1.000000
0.000000 0.000000 -1.000000
-0.000000 0.000000 -1.000000
-0.000000 0.000000 -1.000000
-0.000000 0.000000 -1.000000
0.000000 0.000000 -1.000000
-0.923880 -0.382683 -0.000000
-0.923880 -0.382682 -0.000000
-0.831470 -0.555569 -0.000000
-0.831470 -0.555569 -0.000000
-0.831470 -0.555570 0.000000
-0.923880 -0.382683 -0.000000
0.000000 -0.000000 1.000000
0.000000 -0.000000 1.000000
0.000000 -0.000000 1.000000
0.000000 -0.000000 1.000000
0.000000 -0.000000 1.000000
0.000000 -0.000000 1.000000
0.831469 0.555571 0.000000
0.831470 0.555569 -0.000000
0.707107 0.707107 0.000000
0.707107 0.707107 0.000000
0.707107 0.707107 0.000000
0.831469 0.555571 0.000000
-0.000000 0.000000 -1.000000
-0.000000 0.000000 -1.000000
0.000000 -0.000000 -1.000000
0.000000 -0.000000 -1.000000
0.000000 -0.000000 -1.000000
-0.000000 0.000000 -1.000000
-0.831470 -0.555570 0.000000
-0.831470 -0.555569 -0.000000
-0.707108 -0.707106 0.000000
-0.707108 -0.707106 0.000000
-0.707107 -0.707106 0.000000
-0.831470 -0.555570 0.000000
0.000000 -0.000000 1.000000
0.000000 -0.000000 1.000000
0.000000 -0.000000 1.000000
0.000000 -0.000000 1.000000
0.000000 -0.000000 1.000000
0.000000 -0.000000 1.000000
0.707107 0.707107 0.000000
0.707107 0.707107 0.000000
0.555571 0.831469 0.000000
0.555571 0.831469 0.000000
0.555571 0.831469 0.000000
0.707107 0.707107 0.000000
0.000000 -0.000000 -1.000000
0.000000 -0.000000 -1.000000
0.000000 -0.000000 -1.000000
0.000000 -0.000000 -1.000000
0.000000 -0.000000 -1.000000
0.000000 -0.000000 -1.000000
-0.707107 -0.707106 0.000000
-0.707108 -0.707106 0.000000
-0.555570 -0.831469 0.000000
-0.555570 -0.831469 0.000000
-0.555570 -0.831470 0.000000
-0.707107 -0.707106 0.000000
0.000000 -0.000000 1.000000
0.000000 -0.000000 1.000000
0.000000 -0.000000 1.000000
0.000000 -0.000000 1.000000
0.000000 -0.000000 1.000000
0.000000 -0.000000 1.000000
0.555571 0.831469 0.000000
0.555571 0.831469 0.000000
0.382683 0.923880 0.000000
0.382683 0.923880 0.000000
0.382683 0.923880 0.000000
0.555571 0.831469 0.000000
0.000000 -0.000000 -1.000000
0.000000 -0.000000 -1.000000
0.000000 0.000000 -1.000000
0.000000 0.000000 -1.000000
0.000000 0.000000 -1.000000
0.000000 -0.000000 -1.000000
-0.555570 -0.831470 0.000000
-0.555570 -0.831469 0.000000
-0.382683 -0.923880 0.000000
-0.382683 -0.923880 0.000000
-0.382683 -0.923880 -0.000000
-0.555570 -0.831470 0.000000
0.000000 -0.000000 1.000000
0.000000 -0.000000 1.000000
-0.000000 -0.000000 1.000000
-0.000000 -0.000000 1.000000
-0.000000 -0.000000 1.000000
0.000000 -0.000000 1.000000
0.382683 0.923880 0.000000
0.382683 0.923880 0.000000
0.195089 0.980785 0.000000
0.195089 0.980785 0.000000
0.195090 0.980785 0.000000
0.382683 0.923880 0.000000
0.000000 0.000000 -1.000000
0.000000 0.000000 -1.000000
-0.000000 0.000000 -1.000000
-0.000000 0.000000 -1.000000
-0.000000 0.000000 -1.000000
0.000000 0.000000 -1.000000
-0.382683 -0.923880 -0.000000
-0.382683 -0.923880 0.000000
-0.195090 -0.980785 -0.000000
-0.195090 -0.980785 -0.000000
-0.195089 -0.980785 -0.000000
-0.382683 -0.923880 -0.000000
-0.000000 -0.000000 1.000000
-0.000000 -0.000000 1.000000
0.000000 -0.000000 1.000000
0.000000 -0.000000 1.000000
0.000000 -0.000000 1.000000
-0.000000 -0.000000 1.000000
0.195090 0.980785 0.000000
0.195089 0.980785 0.000000
-0.000001 1.000000 0.000000
-0.000001 1.000000 0.000000
-0.000000 1.000000 0.000000
0.195090 0.980785 0.000000
-0.000000 0.000000 -1.000000
-0.000000 0.000000 -1.000000
-0.000000 0.000000 -1.000000
-0.000000 0.000000 -1.000000
-0.000000 0.000000 -1.000000
-0.000000 0.000000 -1.000000
-0.195089 -0.980785 -0.000000
-0.195090 -0.980785 -0.000000
0.000000 -1.000000 -0.000000
0.000000 -1.000000 -0.000000
0.000001 -1.000000 0.000000
-0.195089 -0.980785 -0.000000
0.000000 -0.000000 1.000000
0.000000 -0.000000 1.000000
0.000000 0.000000 1.000000
0.000000 0.000000 1.000000
0.000000 0.000000 1.000000
0.000000 -0.000000 1.000000
-0.000000 1.000000 0.000000
-0.000001 1.000000 0.000000
-0.195090 0.980785 0.000000
-0.195090 0.980785 0.000000
-0.195091 0.980785 0.000000
-0.000000 1.000000 0.000000
-0.000000 0.000000 -1.000000
-0.000000 0.000000 -1.000000
0.000000 0.000000 -1.000000
0.000000 0.000000 -1.000000
0.000000 -0.000000 -1.000000
-0.000000 0.000000 -1.000000
0.000001 -1.000000 0.000000
0.000000 -1.000000 -0.000000
0.195090 -0.980785 0.000000
0.195090 -0.980785 0.000000
0.195090 -0.980785 0.000000
0.000001 -1.000000 0.000000
0.000000 0.000000 1.000000
0.000000 0.000000 1.000000
0.000000 0.000000 1.000000
0.000000 0.000000 1.000000
0.000000 -0.000000 1.000000
0.000000 0.000000 1.000000
-0.195091 0.980785 0.000000
-0.195090 0.980785 0.000000
-0.382683 0.923880 0.000000
-0.382683 0.923880 0.000000
-0.382683 0.923880 0.000000
-0.195091 0.980785 0.000000
0.000000 -0.000000 -1.000000
0.000000 0.000000 -1.000000
0.000001 -0.000001 -1.000000
0.000001 -0.000001 -1.000000
0.000001 -0.000001 -1.000000
0.000000 -0.000000 -1.000000
0.195090 -0.980785 0.000000
0.195090 -0.980785 0.000000
0.382684 -0.923879 0.000000
0.382684 -0.923879 0.000000
0.382683 -0.923880 -0.000000
0.195090 -0.980785 0.000000
0.000000 -0.000000 1.000000
0.000000 0.000000 1.000000
0.000000 -0.000000 1.000000
0.000000 -0.000000 1.000000
0.000000 -0.000000 1.000000
0.000000 -0.000000 1.000000
-0.382683 0.923880 0.000000
-0.382683 0.923880 0.000000
-0.555571 0.831469 0.000000
-0.555571 0.831469 0.000000
-0.555570 0.831470 0.000000
-0.382683 0.923880 0.000000
0.000001 -0.000001 -1.000000
0.000001 -0.000001 -1.000000
0.000000 -0.000000 -1.000000
0.000000 -0.000000 -1.000000
0.000000 0.000000 -1.000000
0.000001 -0.000001 -1.000000
0.382683 -0.923880 -0.000000
0.382684 -0.923879 0.000000
0.555571 -0.831469 -0.000000
0.555571 -0.831469 -0.000000
0.555571 -0.831469 -0.000000
0.382683 -0.923880 -0.000000
0.000000 -0.000000 1.000000
0.000000 -0.000000 1.000000
-0.000000 -0.000000 1.000000
-0.000000 -0.000000 1.000000
-0.000000 -0.000000 1.000000
0.000000 -0.000000 1.000000
-0.555570 0.831470 0.000000
-0.555571 0.831469 0.000000
-0.707107 0.707107 0.000000
-0.707107 0.707107 0.000000
-0.707108 0.707106 0.000000
-0.555570 0.831470 0.000000
0.000000 0.000000 -1.000000
0.000000 -0.000000 -1.000000
0.000000 0.000000 -1.000000
0.000000 0.000000 -1.000000
0.000000 0.000000 -1.000000
0.000000 0.000000 -1.000000
0.555571 -0.831469 -0.000000
0.555571 -0.831469 -0.000000
0.707107 -0.707107 -0.000000
0.707107 -0.707107 -0.000000
0.707108 -0.707106 0.000000
0.555571 -0.831469 -0.000000
-0.000000 -0.000000 1.000000
-0.000000 -0.000000 1.000000
-0.000000 -0.000000 1.000000
-0.000000 -0.000000 1.000000
-0.000000 -0.000000 1.000000
-0.000000 -0.000000 1.000000
-0.707108 0.707106 0.000000
-0.707107 0.707107 0.000000
-0.831470 0.555569 0.000000
-0.831470 0.555569 0.000000
-0.831470 0.555569 0.000000
-0.707108 0.707106 0.000000
0.000000 0.000000 -1.000000
0.000000 0.000000 -1.000000
0.000000 0.000000 -1.000000
0.000000 0.000000 -1.000000
0.000000 -0.000000 -1.000000
0.000000 0.000000 -1.000000
0.707108 -0.707106 0.000000
0.707107 -0.707107 -0.000000
0.831470 -0.555570 0.000000
0.831470 -0.555570 0.000000
0.831470 -0.555570 -0.000000
0.707108 -0.707106 0.000000
-0.000000 -0.000000 1.000000
-0.000000 -0.000000 1.000000
-0.000000 -0.000000 1.000000
-0.000000 -0.000000 1.000000
-0.000000 -0.000000 1.000000
-0.000000 -0.000000 1.000000
-0.831470 0.555569 0.000000
-0.831470 0.555569 0.000000
-0.923880 0.382682 0.000000
-0.923880 0.382682 0.000000
-0.923879 0.382684 0.000000
-0.831470 0.555569 0.000000
0.000000 -0.000000 -1.000000
0.000000 0.000000 -1.000000
0.000002 -0.000000 -1.000000
0.000002 -0.000000 -1.000000
0.000002 -0.000001 -1.000000
0.000000 -0.000000 -1.000000
0.831470 -0.555570 -0.000000
0.831470 -0.555570 0.000000
0.923879 -0.382684 -0.000000
0.923879 -0.382684 -0.000000
0.923879 -0.382684 -0.000000
0.831470 -0.555570 -0.000000
-0.000000 -0.000000 1.000000
-0.000000 -0.000000 1.000000
-0.000000 -0.000000 1.000000
-0.000000 -0.000000 1.000000
-0.000000 -0.000000 1.000000
-0.000000 -0.000000 1.000000
-0.923880 0.382682 0.000000
-0.956941 0.290284 -0.000020
-0.976753 0.214368 -0.000004
-0.923879 0.382684 0.000000
-0.923880 0.382682 0.000000
-0.976753 0.214368 -0.000004
-0.923879 0.382684 0.000000
-0.976753 0.214368 -0.000004
-0.984437 0.175736 -0.000003
0.000002 -0.000001 -1.000000
0.000002 -0.000000 -1.000000
0.000000 -0.000000 -1.000000
0.000000 -0.000000 -1.000000
0.000000 0.000000 -1.000000
-0.000000 -0.000000 -1.000000
0.000002 -0.000001 -1.000000
0.000000 -0.000000 -1.000000
-0.000000 -0.000000 -1.000000
0.923879 -0.382684 -0.000000
0.923879 -0.382684 -0.000000
0.980785 -0.195090 -0.000000
0.980785 -0.195090 -0.000000
0.980785 -0.195090 0.000000
0.923879 -0.382684 -0.000000
-0.000000 -0.000000 1.000000
-0.000000 -0.000000 1.000000
-0.000000 -0.000000 1.000000
-0.000000 -0.000000 1.000000
-0.000000 -0.000000 1.000000
-0.000000 -0.000000 1.000000
-0.984437 0.175736 -0.000003
-0.976753 0.214368 -0.000004
-0.999808 -0.019594 0.000000
-0.999808 -0.019594 0.000000
-0.999806 0.019708 0.000000
-0.995184 0.098024 -0.000000
-0.984437 0.175736 -0.000003
-0.999808 -0.019594 0.000000
-0.995184 0.098024 -0.000000
-0.995185 0.098015 -0.000015
-0.984437 0.175736 -0.000003
-0.995184 0.098024 -0.000000
0.000000 0.000000 -1.000000
0.000000 -0.000000 -1.000000
0.000000 0.000000 -1.000000
0.000000 0.000000 -1.000000
-0.000000 0.000000 -1.000000
0.000000 0.000000 -1.000000
0.980785 -0.195090 0.000000
0.980785 -0.195090 -0.000000
1.000000 0.000002 0.000000
1.000000 0.000002 0.000000
1.000000 -0.000000 -0.000000
0.980785 -0.195090 0.000000
-0.000000 -0.000000 1.000000
-0.000000 -0.000000 1.000000
-0.000000 -0.000000 1.000000
-0.000000 -0.000000 1.000000
-0.000000 -0.000000 1.000000
-0.000000 -0.000000 1.000000
-0.000000 -0.000000 1.000000
-0.000000 -0.000000 1.000000
-0.000000 -0.000000 1.000000
-0.000000 -0.000000 1.000000
-0.000000 -0.000000 1.000000
0.000000 -0.000000 1.000000
-0.682061 -0.264083 0.681947
-0.682164 -0.263550 0.682051
-0.595404 -0.539544 0.595304
-0.682052 0.264133 -0.681938
-0.682158 0.263579 -0.682046
-0.595367 0.539624 -0.595268
-0.478641 0.645338 0.595350
-0.617588 0.391559 0.682105
-0.617378 0.392073 0.682000
-0.720432 -0.125973 -0.681989
-0.689183 -0.413053 -0.595327
-0.720428 -0.125406 -0.682097
-0.693534 -0.137951 0.707093
-0.693532 -0.137954 0.707094
-0.682164 -0.263550 0.682051
-0.682164 -0.263550 0.682051
-0.682061 -0.264083 0.681947
-0.693534 -0.137951 0.707093
-0.653266 -0.270593 0.707123
-0.653266 -0.270592 0.707123
-0.693532 -0.137954 0.707094
-0.693532 -0.137954 0.707094
-0.693534 -0.137951 0.707093
-0.653266 -0.270593 0.707123
-0.587961 -0.392863 0.707079
-0.587961 -0.392863 0.707079
-0.653266 -0.270592 0.707123
-0.653266 -0.270592 0.707123
-0.653266 -0.270593 0.707123
-0.587961 -0.392863 0.707079
-0.500001 -0.500004 0.707103
-0.500004 -0.500001 0.707104
-0.587961 -0.392863 0.707079
-0.587961 -0.392863 0.707079
-0.587961 -0.392863 0.707079
-0.500001 -0.500004 0.707103
-0.392837 -0.587921 0.707126
-0.392836 -0.587922 0.707126
-0.500004 -0.500001 0.707104
-0.500004 -0.500001 0.707104
-0.500001 -0.500004 0.707103
-0.392837 -0.587921 0.707126
-0.270608 -0.653306 0.707080
-0.270611 -0.653305 0.707080
-0.392836 -0.587922 0.707126
-0.392836 -0.587922 0.707126
-0.392837 -0.587921 0.707126
-0.270608 -0.653306 0.707080
-0.137953 -0.693526 0.707100
-0.137951 -0.693526 0.707100
-0.270611 -0.653305 0.707080
-0.270611 -0.653305 0.707080
-0.270608 -0.653306 0.707080
-0.137953 -0.693526 0.707100
-0.000000 -0.707100 0.707114
0.000000 -0.707100 0.707114
-0.137951 -0.693526 0.707100
-0.137951 -0.693526 0.707100
-0.137953 -0.693526 0.707100
-0.000000 -0.707100 0.707114
0.137952 -0.693526 0.707100
0.137950 -0.693527 0.707100
0.000000 -0.707100 0.707114
0.000000 -0.707100 0.707114
-0.000000 -0.707100 0.707114
0.137952 -0.693526 0.707100
0.270602 -0.653281 0.707106
0.270594 -0.653284 0.707105
0.137950 -0.693527 0.707100
0.137950 -0.693527 0.707100
0.137952 -0.693526 0.707100
0.270602 -0.653281 0.707106
0.392853 -0.587955 0.707089
0.392860 -0.587950 0.707090
0.270594 -0.653284 0.707105
0.270594 -0.653284 0.707105
0.270602 -0.653281 0.707106
0.392853 -0.587955 0.707089
0.499971 -0.499967 0.707151
0.499968 -0.499970 0.707151
0.392860 -0.587950 0.707090
0.392860 -0.587950 0.707090
0.392853 -0.587955 0.707089
0.499971 -0.499967 0.707151
0.587943 -0.392855 0.707098
0.587946 -0.392852 0.707098
0.499968 -0.499970 0.707151
0.499968 -0.499970 0.707151
0.499971 -0.499967 0.707151
0.587943 -0.392855 0.707098
0.653266 -0.270591 0.707123
0.653266 -0.270591 0.707124
0.587946 -0.392852 0.707098
0.587946 -0.392852 0.707098
0.587943 -0.392855 0.707098
0.653266 -0.270591 0.707123
0.693526 -0.137951 0.707100
0.693527 -0.137949 0.707100
0.653266 -0.270591 0.707124
0.653266 -0.270591 0.707124
0.653266 -0.270591 0.707123
0.693526 -0.137951 0.707100
0.707165 -0.000001 0.707048
0.707165 -0.000001 0.707048
0.693527 -0.137949 0.707100
0.693527 -0.137949 0.707100
0.693526 -0.137951 0.707100
0.707165 -0.000001 0.707048
0.693535 0.137950 0.707092
0.693534 0.137953 0.707093
0.707165 -0.000001 0.707048
0.707165 -0.000001 0.707048
0.707165 -0.000001 0.707048
0.693535 0.137950 0.707092
0.653266 0.270592 0.707123
0.653266 0.270591 0.707124
0.693534 0.137953 0.707093
0.693534 0.137953 0.707093
0.693535 0.137950 0.707092
0.653266 0.270592 0.707123
0.587943 0.392853 0.707099
0.587946 0.392850 0.707098
0.653266 0.270591 0.707124
0.653266 0.270591 0.707124
0.653266 0.270592 0.707123
0.587943 0.392853 0.707099
0.500019 0.500018 0.707081
0.500019 0.500018 0.707081
0.587946 0.392850 0.707098
0.587946 0.392850 0.707098
0.587943 0.392853 0.707099
0.500019 0.500018 0.707081
0.392854 0.587944 0.707098
0.392850 0.587946 0.707099
0.500019 0.500018 0.707081
0.500019 0.500018 0.707081
0.500019 0.500018 0.707081
0.392854 0.587944 0.707098
0.270594 0.653280 0.707110
0.270599 0.653278 0.707110
0.392850 0.587946 0.707099
0.392850 0.587946 0.707099
0.392854 0.587944 0.707098
0.270594 0.653280 0.707110
0.137952 0.693526 0.707100
0.137950 0.693527 0.707100
0.270599 0.653278 0.707110
0.270599 0.653278 0.707110
0.270594 0.653280 0.707110
0.137952 0.693526 0.707100
-0.000001 0.707099 0.707115
-0.000001 0.707098 0.707115
0.137950 0.693527 0.707100
0.137950 0.693527 0.707100
0.137952 0.693526 0.707100
-0.000001 0.707099 0.707115
-0.137952 0.693526 0.707100
-0.137950 0.693527 0.707100
-0.000001 0.707098 0.707115
-0.000001 0.707098 0.707115
-0.000001 0.707099 0.707115
-0.137952 0.693526 0.707100
-0.270607 0.653308 0.707079
-0.270609 0.653307 0.707079
-0.137950 0.693527 0.707100
-0.137950 0.693527 0.707100
-0.137952 0.693526 0.707100
-0.270607 0.653308 0.707079
-0.392838 0.587921 0.707126
-0.392837 0.587921 0.707126
-0.270609 0.653307 0.707079
-0.270609 0.653307 0.707079
-0.270607 0.653308 0.707079
-0.392838 0.587921 0.707126
-0.500000 0.500002 0.707105
-0.500004 0.499999 0.707105
-0.392837 0.587921 0.707126
-0.392837 0.587921 0.707126
-0.392838 0.587921 0.707126
-0.500000 0.500002 0.707105
-0.587944 0.392853 0.707099
-0.587946 0.392850 0.707099
-0.500004 0.499999 0.707105
-0.500004 0.499999 0.707105
-0.500000 0.500002 0.707105
-0.587944 0.392853 0.707099
-0.653266 0.270592 0.707123
-0.653266 0.270591 0.707124
-0.587946 0.392850 0.707099
-0.587946 0.392850 0.707099
-0.587944 0.392853 0.707099
-0.653266 0.270592 0.707123
-0.617378 0.392073 0.682000
-0.617588 0.391559 0.682105
-0.653266 0.270591 0.707124
-0.653266 0.270591 0.707124
-0.653266 0.270592 0.707123
-0.617378 0.392073 0.682000
-0.720432 -0.125973 -0.681989
-0.720428 -0.125406 -0.682097
-0.682158 0.263579 -0.682046
-0.682158 0.263579 -0.682046
-0.682052 0.264133 -0.681938
-0.720432 -0.125973 -0.681989
-0.999806 -0.019702 -0.000000
-0.980786 0.195089 0.000000
-0.980786 0.195089 -0.000000
-0.999806 -0.019702 -0.000000
-0.980786 0.195089 -0.000000
-0.995184 0.098026 -0.000000
-0.999806 -0.019702 -0.000000
-0.995184 0.098026 -0.000000
-0.999806 0.019715 0.000000
0.000000 0.000000 -1.000000
0.000000 0.000000 -1.000000
0.000000 0.000000 -1.000000
0.000000 0.000000 -1.000000
0.000000 0.000000 -1.000000
0.000000 0.000000 -1.000000
0.000000 0.000000 -1.000000
0.000000 0.000000 -1.000000
0.000000 0.000000 -1.000000
1.000000 -0.000002 0.000000
0.980785 -0.195091 0.000000
0.980785 -0.195091 0.000000
0.980785 -0.195091 0.000000
1.000000 -0.000002 0.000000
1.000000 -0.000002 0.000000
-0.000000 0.000000 1.000000
0.000000 0.000000 1.000000
0.000000 0.000000 1.000000
0.000000 0.000000 1.000000
-0.000000 0.000000 1.000000
-0.000000 0.000000 1.000000
-0.980786 0.195089 0.000000
-0.923880 0.382683 0.000000
-0.923880 0.382683 0.000000
-0.923880 0.382683 0.000000
-0.980786 0.195089 -0.000000
-0.980786 0.195089 0.000000
0.000000 0.000000 -1.000000
0.000000 0.000000 -1.000000
0.000000 0.000000 -1.000000
0.000000 0.000000 -1.000000
0.000000 0.000000 -1.000000
0.000000 0.000000 -1.000000
0.980785 -0.195091 0.000000
0.923880 -0.382683 0.000000
0.923880 -0.382683 0.000000
0.923880 -0.382683 0.000000
0.980785 -0.195091 0.000000
0.980785 -0.195091 0.000000
0.000000 0.000000 1.000000
0.000000 0.000000 1.000000
0.000000 0.000000 1.000000
0.000000 0.000000 1.000000
0.000000 0.000000 1.000000
0.000000 0.000000 1.000000
-0.923880 0.382683 0.000000
-0.831470 0.555570 0.000000
-0.831470 0.555570 0.000000
-0.831470 0.555570 0.000000
-0.923880 0.382683 0.000000
-0.923880 0.382683 0.000000
0.000000 0.000000 -1.000000
-0.000000 -0.000000 -1.000000
-0.000000 -0.000000 -1.000000
-0.000000 -0.000000 -1.000000
0.000000 0.000000 -1.000000
0.000000 0.000000 -1.000000
0.923880 -0.382683 0.000000
0.831469 -0.555570 0.000000
0.831469 -0.555570 0.000000
0.831469 -0.555570 0.000000
0.923880 -0.382683 0.000000
0.923880 -0.382683 0.000000
0.000000 0.000000 1.000000
-0.000000 0.000000 1.000000
-0.000000 0.000000 1.000000
-0.000000 0.000000 1.000000
0.000000 0.000000 1.000000
0.000000 0.000000 1.000000
-0.831470 0.555570 0.000000
-0.707107 0.707107 0.000000
-0.707107 0.707107 0.000000
-0.707107 0.707107 0.000000
-0.831470 0.555570 0.000000
-0.831470 0.555570 0.000000
-0.000000 -0.000000 -1.000000
-0.000000 -0.000000 -1.000000
-0.000000 -0.000000 -1.000000
-0.000000 -0.000000 -1.000000
-0.000000 -0.000000 -1.000000
-0.000000 -0.000000 -1.000000
0.831469 -0.555570 0.000000
0.707106 -0.707107 0.000000
0.707106 -0.707107 0.000000
0.707106 -0.707107 0.000000
0.831469 -0.555570 0.000000
0.831469 -0.555570 0.000000
-0.000000 0.000000 1.000000
-0.000000 0.000000 1.000000
-0.000000 0.000000 1.000000
-0.000000 0.000000 1.000000
-0.000000 0.000000 1.000000
-0.000000 0.000000 1.000000
-0.707107 0.707107 0.000000
-0.555571 0.831469 -0.000000
-0.555569 0.831470 0.000000
-0.555569 0.831470 0.000000
-0.707107 0.707107 0.000000
-0.707107 0.707107 0.000000
-0.000000 -0.000000 -1.000000
0.000000 0.000000 -1.000000
0.000000 0.000000 -1.000000
0.000000 0.000000 -1.000000
-0.000000 -0.000000 -1.000000
-0.000000 -0.000000 -1.000000
0.707106 -0.707107 0.000000
0.555570 -0.831470 0.000000
0.555570 -0.831470 0.000000
0.555570 -0.831470 0.000000
0.707106 -0.707107 0.000000
0.707106 -0.707107 0.000000
-0.000000 0.000000 1.000000
-0.000000 0.000000 1.000000
-0.000000 0.000000 1.000000
-0.000000 0.000000 1.000000
-0.000000 0.000000 1.000000
-0.000000 0.000000 1.000000
-0.555571 0.831469 -0.000000
-0.382683 0.923880 -0.000000
-0.382683 0.923880 -0.000000
-0.382683 0.923880 -0.000000
-0.555569 0.831470 0.000000
-0.555571 0.831469 -0.000000
0.000000 0.000000 -1.000000
0.000000 0.000000 -1.000000
0.000000 0.000000 -1.000000
0.000000 0.000000 -1.000000
0.000000 0.000000 -1.000000
0.000000 0.000000 -1.000000
0.555570 -0.831470 0.000000
0.382682 -0.923880 0.000000
0.382682 -0.923880 0.000000
0.382682 -0.923880 0.000000
0.555570 -0.831470 0.000000
0.555570 -0.831470 0.000000
-0.000000 0.000000 1.000000
-0.000000 0.000000 1.000000
-0.000000 0.000000 1.000000
-0.000000 0.000000 1.000000
-0.000000 0.000000 1.000000
-0.000000 0.000000 1.000000
-0.382683 0.923880 -0.000000
-0.195087 0.980786 0.000000
-0.195089 0.980785 -0.000000
-0.195089 0.980785 -0.000000
-0.382683 0.923880 -0.000000
-0.382683 0.923880 -0.000000
0.000000 0.000000 -1.000000
0.000000 0.000000 -1.000000
0.000000 0.000000 -1.000000
0.000000 0.000000 -1.000000
0.000000 0.000000 -1.000000
0.000000 0.000000 -1.000000
0.382682 -0.923880 0.000000
0.195090 -0.980785 0.000000
0.195090 -0.980785 0.000000
0.195090 -0.980785 0.000000
0.382682 -0.923880 0.000000
0.382682 -0.923880 0.000000
-0.000000 0.000000 1.000000
-0.000000 -0.000000 1.000000
-0.000000 0.000000 1.000000
-0.000000 0.000000 1.000000
-0.000000 0.000000 1.000000
-0.000000 0.000000 1.000000
-0.195087 0.980786 0.000000
0.000001 1.000000 0.000000
0.000000 1.000000 0.000000
0.000000 1.000000 0.000000
-0.195089 0.980785 -0.000000
-0.195087 0.980786 0.000000
0.000000 0.000000 -1.000000
0.000000 0.000000 -1.000000
0.000000 0.000000 -1.000000
0.000000 0.000000 -1.000000
0.000000 0.000000 -1.000000
0.000000 0.000000 -1.000000
0.195090 -0.980785 0.000000
-0.000000 -1.000000 0.000000
0.000000 -1.000000 0.000000
0.000000 -1.000000 0.000000
0.195090 -0.980785 0.000000
0.195090 -0.980785 0.000000
-0.000000 -0.000000 1.000000
-0.000000 0.000000 1.000000
-0.000000 -0.000000 1.000000
-0.000000 -0.000000 1.000000
-0.000000 0.000000 1.000000
-0.000000 -0.000000 1.000000
0.000001 1.000000 0.000000
0.195088 0.980786 0.000000
0.195088 0.980786 0.000000
0.195088 0.980786 0.000000
0.000000 1.000000 0.000000
0.000001 1.000000 0.000000
0.000000 0.000000 -1.000000
0.000000 -0.000000 -1.000000
0.000000 -0.000000 -1.000000
0.000000 -0.000000 -1.000000
0.000000 0.000000 -1.000000
0.000000 0.000000 -1.000000
-0.000000 -1.000000 0.000000
-0.195091 -0.980785 0.000000
-0.195091 -0.980785 0.000000
-0.195091 -0.980785 0.000000
0.000000 -1.000000 0.000000
-0.000000 -1.000000 0.000000
-0.000000 0.000000 1.000000
-0.000000 0.000000 1.000000
-0.000000 0.000000 1.000000
-0.000000 0.000000 1.000000
-0.000000 -0.000000 1.000000
-0.000000 0.000000 1.000000
0.195088 0.980786 0.000000
0.382683 0.923880 0.000000
0.382683 0.923880 0.000000
0.382683 0.923880 0.000000
0.195088 0.980786 0.000000
0.195088 0.980786 0.000000
0.000000 -0.000000 -1.000000
0.000000 -0.000000 -1.000000
0.000000 -0.000000 -1.000000
0.000000 -0.000000 -1.000000
0.000000 -0.000000 -1.000000
0.000000 -0.000000 -1.000000
-0.195091 -0.980785 0.000000
-0.382683 -0.923880 0.000000
-0.382683 -0.923880 0.000000
-0.382683 -0.923880 0.000000
-0.195091 -0.980785 0.000000
-0.195091 -0.980785 0.000000
-0.000000 0.000000 1.000000
-0.000000 0.000000 1.000000
-0.000000 0.000000 1.000000
-0.000000 0.000000 1.000000
-0.000000 0.000000 1.000000
-0.000000 0.000000 1.000000
0.382683 0.923880 0.000000
0.555573 0.831468 0.000000
0.555573 0.831468 0.000000
0.555573 0.831468 0.000000
0.382683 0.923880 0.000000
0.382683 0.923880 0.000000
0.000000 -0.000000 -1.000000
0.000000 0.000000 -1.000000
0.000000 0.000000 -1.000000
0.000000 0.000000 -1.000000
0.000000 -0.000000 -1.000000
0.000000 -0.000000 -1.000000
-0.382683 -0.923880 0.000000
-0.555571 -0.831469 0.000000
-0.555571 -0.831469 0.000000
-0.555571 -0.831469 0.000000
-0.382683 -0.923880 0.000000
-0.382683 -0.923880 0.000000
-0.000000 0.000000 1.000000
-0.000000 0.000000 1.000000
-0.000000 0.000000 1.000000
-0.000000 0.000000 1.000000
-0.000000 0.000000 1.000000
-0.000000 0.000000 1.000000
0.555573 0.831468 0.000000
0.707108 0.707106 0.000000
0.707108 0.707106 0.000000
0.707108 0.707106 0.000000
0.555573 0.831468 0.000000
0.555573 0.831468 0.000000
0.000000 0.000000 -1.000000
0.000000 -0.000000 -1.000000
0.000000 -0.000000 -1.000000
0.000000 -0.000000 -1.000000
0.000000 0.000000 -1.000000
0.000000 0.000000 -1.000000
-0.555571 -0.831469 0.000000
-0.707108 -0.707106 0.000000
-0.707108 -0.707106 0.000000
-0.707108 -0.707106 0.000000
-0.555571 -0.831469 0.000000
-0.555571 -0.831469 0.000000
-0.000000 0.000000 1.000000
0.000000 0.000000 1.000000
0.000000 0.000000 1.000000
0.000000 0.000000 1.000000
-0.000000 0.000000 1.000000
-0.000000 0.000000 1.000000
0.707108 0.707106 0.000000
0.831469 0.555572 -0.000000
0.831469 0.555571 0.000000
0.831469 0.555571 0.000000
0.707108 0.707106 0.000000
0.707108 0.707106 0.000000
0.000000 -0.000000 -1.000000
0.000000 -0.000000 -1.000000
0.000000 -0.000000 -1.000000
0.000000 -0.000000 -1.000000
0.000000 -0.000000 -1.000000
0.000000 -0.000000 -1.000000
-0.707108 -0.707106 0.000000
-0.831470 -0.555570 0.000000
-0.831470 -0.555570 0.000000
-0.831470 -0.555570 0.000000
-0.707108 -0.707106 0.000000
-0.707108 -0.707106 0.000000
0.000000 0.000000 1.000000
-0.000000 0.000000 1.000000
-0.000000 0.000000 1.000000
-0.000000 0.000000 1.000000
0.000000 0.000000 1.000000
0.000000 0.000000 1.000000
0.831469 0.555572 -0.000000
0.923880 0.382684 -0.000000
0.923880 0.382683 -0.000000
0.923880 0.382683 -0.000000
0.831469 0.555571 0.000000
0.831469 0.555572 -0.000000
0.000000 -0.000000 -1.000000
0.000000 -0.000000 -1.000000
0.000000 -0.000000 -1.000000
0.000000 -0.000000 -1.000000
0.000000 -0.000000 -1.000000
0.000000 -0.000000 -1.000000
-0.831470 -0.555570 0.000000
-0.923880 -0.382683 0.000000
-0.923880 -0.382683 0.000000
-0.923880 -0.382683 0.000000
-0.831470 -0.555570 0.000000
-0.831470 -0.555570 0.000000
-0.000000 0.000000 1.000000
-0.000000 0.000000 1.000000
-0.000000 0.000000 1.000000
-0.000000 0.000000 1.000000
-0.000000 0.000000 1.000000
-0.000000 0.000000 1.000000
0.923880 0.382684 -0.000000
0.980786 0.195088 0.000000
0.980785 0.195089 -0.000000
0.980785 0.195089 -0.000000
0.923880 0.382683 -0.000000
0.923880 0.382684 -0.000000
0.000000 -0.000000 -1.000000
0.000000 -0.000000 -1.000000
0.000000 -0.000000 -1.000000
0.000000 -0.000000 -1.000000
0.000000 -0.000000 -1.000000
0.000000 -0.000000 -1.000000
-0.923880 -0.382683 0.000000
-0.980785 -0.195091 0.000000
-0.980785 -0.195091 0.000000
-0.980785 -0.195091 0.000000
-0.923880 -0.382683 0.000000
-0.923880 -0.382683 0.000000
-0.000000 0.000000 1.000000
-0.000000 0.000000 1.000000
-0.000000 0.000000 1.000000
-0.000000 0.000000 1.000000
-0.000000 0.000000 1.000000
-0.000000 0.000000 1.000000
0.980786 0.195088 0.000000
1.000000 -0.000001 0.000000
1.000000 -0.000000 0.000000
1.000000 -0.000000 0.000000
0.980785 0.195089 -0.000000
0.980786 0.195088 0.000000
0.000000 -0.000000 -1.000000
0.000000 0.000000 -1.000000
0.000000 0.000000 -1.000000
0.000000 0.000000 -1.000000
0.000000 -0.000000 -1.000000
0.000000 -0.000000 -1.000000
-0.980785 -0.195091 0.000000
-1.000000 -0.000000 0.000000
-1.000000 0.000000 0.000000
-1.000000 0.000000 0.000000
-0.980785 -0.195091 0.000000
-0.980785 -0.195091 0.000000
-0.000000 0.000000 1.000000
0.000000 0.000000 1.000000
-0.000000 0.000000 1.000000
-0.000000 0.000000 1.000000
-0.000000 0.000000 1.000000
-0.000000 0.000000 1.000000
1.000000 -0.000001 0.000000
0.980785 -0.195090 0.000000
0.980785 -0.195089 0.000000
0.980785 -0.195089 0.000000
1.000000 -0.000000 0.000000
1.000000 -0.000001 0.000000
0.000000 0.000000 -1.000000
0.000000 0.000000 -1.000000
0.000000 0.000000 -1.000000
0.000000 0.000000 -1.000000
0.000000 0.000000 -1.000000
0.000000 0.000000 -1.000000
-1.000000 -0.000000 0.000000
-0.980785 0.195092 0.000000
-0.980785 0.195092 0.000000
-0.980785 0.195092 0.000000
-1.000000 0.000000 0.000000
-1.000000 -0.000000 0.000000
0.000000 0.000000 1.000000
0.000000 0.000000 1.000000
0.000000 0.000000 1.000000
0.000000 0.000000 1.000000
-0.000000 0.000000 1.000000
0.000000 0.000000 1.000000
0.980785 -0.195090 0.000000
0.923879 -0.382684 0.000000
0.923879 -0.382684 0.000000
0.923879 -0.382684 0.000000
0.980785 -0.195089 0.000000
0.980785 -0.195090 0.000000
0.000000 0.000000 -1.000000
0.000000 0.000000 -1.000000
0.000000 0.000000 -1.000000
0.000000 0.000000 -1.000000
0.000000 0.000000 -1.000000
0.000000 0.000000 -1.000000
-0.980785 0.195092 0.000000
-0.923879 0.382684 0.000000
-0.923879 0.382684 0.000000
-0.923879 0.382684 0.000000
-0.980785 0.195092 0.000000
-0.980785 0.195092 0.000000
0.000000 0.000000 1.000000
-0.000000 0.000000 1.000000
-0.000000 0.000000 1.000000
-0.000000 0.000000 1.000000
0.000000 0.000000 1.000000
0.000000 0.000000 1.000000
0.923879 -0.382684 0.000000
0.831468 -0.555572 0.000000
0.831469 -0.555572 0.000000
0.831469 -0.555572 0.000000
0.923879 -0.382684 0.000000
0.923879 -0.382684 0.000000
0.000000 0.000000 -1.000000
-0.000000 -0.000000 -1.000000
-0.000000 -0.000000 -1.000000
-0.000000 -0.000000 -1.000000
0.000000 0.000000 -1.000000
0.000000 0.000000 -1.000000
-0.923879 0.382684 0.000000
-0.831469 0.555571 0.000000
-0.831469 0.555571 0.000000
-0.831469 0.555571 0.000000
-0.923879 0.382684 0.000000
-0.923879 0.382684 0.000000
-0.000000 0.000000 1.000000
0.000000 0.000000 1.000000
0.000000 0.000000 1.000000
0.000000 0.000000 1.000000
-0.000000 0.000000 1.000000
-0.000000 0.000000 1.000000
0.831468 -0.555572 0.000000
0.707106 -0.707107 0.000000
0.707106 -0.707108 0.000000
0.707106 -0.707108 0.000000
0.831469 -0.555572 0.000000
0.831468 -0.555572 0.000000
-0.000000 -0.000000 -1.000000
-0.000000 -0.000000 -1.000000
-0.000000 -0.000000 -1.000000
-0.000000 -0.000000 -1.000000
-0.000000 -0.000000 -1.000000
-0.000000 -0.000000 -1.000000
-0.831469 0.555571 0.000000
-0.707107 0.707106 -0.000000
-0.707106 0.707107 0.000000
-0.707106 0.707107 0.000000
-0.831469 0.555571 0.000000
-0.831469 0.555571 0.000000
0.000000 0.000000 1.000000
0.000000 0.000000 1.000000
0.000000 0.000000 1.000000
0.000000 0.000000 1.000000
0.000000 0.000000 1.000000
0.000000 0.000000 1.000000
0.707106 -0.707107 0.000000
0.555571 -0.831469 0.000000
0.555570 -0.831470 0.000000
0.555570 -0.831470 0.000000
0.707106 -0.707108 0.000000
0.707106 -0.707107 0.000000
-0.000000 -0.000000 -1.000000
0.000000 0.000000 -1.000000
0.000000 0.000000 -1.000000
0.000000 0.000000 -1.000000
-0.000000 -0.000000 -1.000000
-0.000000 -0.000000 -1.000000
-0.707107 0.707106 -0.000000
-0.555570 0.831470 -0.000000
-0.555571 0.831469 -0.000000
-0.555571 0.831469 -0.000000
-0.707106 0.707107 0.000000
-0.707107 0.707106 -0.000000
0.000000 0.000000 1.000000
-0.000000 0.000000 1.000000
-0.000000 0.000000 1.000000
-0.000000 0.000000 1.000000
0.000000 0.000000 1.000000
0.000000 0.000000 1.000000
0.555571 -0.831469 0.000000
0.382683 -0.923880 0.000000
0.382683 -0.923880 0.000000
0.382683 -0.923880 0.000000
0.555570 -0.831470 0.000000
0.555571 -0.831469 0.000000
0.000000 0.000000 -1.000000
0.000000 0.000000 -1.000000
0.000000 0.000000 -1.000000
0.000000 0.000000 -1.000000
0.000000 0.000000 -1.000000
0.000000 0.000000 -1.000000
-0.555570 0.831470 -0.000000
-0.382683 0.923880 -0.000000
-0.382683 0.923880 -0.000000
-0.382683 0.923880 -0.000000
-0.555571 0.831469 -0.000000
-0.555570 0.831470 -0.000000
-0.000000 0.000000 1.000000
-0.000000 0.000000 1.000000
-0.000000 0.000000 1.000000
-0.000000 0.000000 1.000000
-0.000000 0.000000 1.000000
-0.000000 0.000000 1.000000
0.382683 -0.923880 0.000000
0.195089 -0.980786 0.000000
0.195089 -0.980785 0.000000
0.195089 -0.980785 0.000000
0.382683 -0.923880 0.000000
0.382683 -0.923880 0.000000
0.000000 0.000000 -1.000000
0.000000 0.000000 -1.000000
0.000000 0.000000 -1.000000
0.000000 0.000000 -1.000000
0.000000 0.000000 -1.000000
0.000000 0.000000 -1.000000
-0.382683 0.923880 -0.000000
-0.195091 0.980785 -0.000000
-0.195091 0.980785 -0.000000
-0.195091 0.980785 -0.000000
-0.382683 0.923880 -0.000000
-0.382683 0.923880 -0.000000
-0.000000 0.000000 1.000000
-0.000000 0.000000 1.000000
-0.000000 0.000000 1.000000
-0.000000 0.000000 1.000000
-0.000000 0.000000 1.000000
-0.000000 0.000000 1.000000
0.195089 -0.980786 0.000000
0.000000 -1.000000 0.000000
0.000000 -1.000000 0.000000
0.000000 -1.000000 0.000000
0.195089 -0.980785 0.000000
0.195089 -0.980786 0.000000
0.000000 0.000000 -1.000000
0.000000 0.000000 -1.000000
0.000000 0.000000 -1.000000
0.000000 0.000000 -1.000000
0.000000 0.000000 -1.000000
0.000000 0.000000 -1.000000
-0.195091 0.980785 -0.000000
0.000002 1.000000 0.000000
-0.000000 1.000000 -0.000000
-0.000000 1.000000 -0.000000
-0.195091 0.980785 -0.000000
-0.195091 0.980785 -0.000000
-0.000000 0.000000 1.000000
-0.000000 0.000000 1.000000
-0.000000 0.000000 1.000000
-0.000000 0.000000 1.000000
-0.000000 0.000000 1.000000
-0.000000 0.000000 1.000000
0.000000 -1.000000 0.000000
-0.195092 -0.980785 0.000000
-0.195090 -0.980785 0.000000
-0.195090 -0.980785 0.000000
0.000000 -1.000000 0.000000
0.000000 -1.000000 0.000000
0.000000 0.000000 -1.000000
0.000000 -0.000000 -1.000000
0.000000 -0.000000 -1.000000
0.000000 -0.000000 -1.000000
0.000000 0.000000 -1.000000
0.000000 0.000000 -1.000000
0.000002 1.000000 0.000000
0.195092 0.980785 0.000000
0.195092 0.980785 0.000000
0.195092 0.980785 0.000000
-0.000000 1.000000 -0.000000
0.000002 1.000000 0.000000
-0.000000 0.000000 1.000000
-0.000000 0.000000 1.000000
-0.000000 0.000000 1.000000
-0.000000 0.000000 1.000000
-0.000000 0.000000 1.000000
-0.000000 0.000000 1.000000
-0.195092 -0.980785 0.000000
-0.382684 -0.923879 0.000000
-0.382684 -0.923879 0.000000
-0.382684 -0.923879 0.000000
-0.195090 -0.980785 0.000000
-0.195092 -0.980785 0.000000
0.000000 -0.000000 -1.000000
0.000000 -0.000000 -1.000000
0.000000 -0.000000 -1.000000
0.000000 -0.000000 -1.000000
0.000000 -0.000000 -1.000000
0.000000 -0.000000 -1.000000
0.195092 0.980785 0.000000
0.382685 0.923879 0.000000
0.382685 0.923879 0.000000
0.382685 0.923879 0.000000
0.195092 0.980785 0.000000
0.195092 0.980785 0.000000
-0.000000 0.000000 1.000000
-0.000000 0.000000 1.000000
-0.000000 0.000000 1.000000
-0.000000 0.000000 1.000000
-0.000000 0.000000 1.000000
-0.000000 0.000000 1.000000
-0.382684 -0.923879 0.000000
-0.555570 -0.831470 0.000000
-0.555571 -0.831469 0.000000
-0.555571 -0.831469 0.000000
-0.382684 -0.923879 0.000000
-0.382684 -0.923879 0.000000
0.000000 -0.000000 -1.000000
0.000000 0.000000 -1.000000
0.000000 0.000000 -1.000000
0.000000 0.000000 -1.000000
0.000000 -0.000000 -1.000000
0.000000 -0.000000 -1.000000
0.382685 0.923879 0.000000
0.555570 0.831470 0.000000
0.555570 0.831470 0.000000
0.555570 0.831470 0.000000
0.382685 0.923879 0.000000
0.382685 0.923879 0.000000
-0.000000 0.000000 1.000000
-0.000000 0.000000 1.000000
-0.000000 0.000000 1.000000
-0.000000 0.000000 1.000000
-0.000000 0.000000 1.000000
-0.000000 0.000000 1.000000
-0.555570 -0.831470 0.000000
-0.707108 -0.707106 0.000000
-0.707108 -0.707106 0.000000
-0.707108 -0.707106 0.000000
-0.555571 -0.831469 0.000000
-0.555570 -0.831470 0.000000
0.000000 0.000000 -1.000000
0.000000 -0.000000 -1.000000
0.000000 -0.000000 -1.000000
0.000000 -0.000000 -1.000000
0.000000 0.000000 -1.000000
0.000000 0.000000 -1.000000
0.555570 0.831470 0.000000
0.707107 0.707107 0.000000
0.707107 0.707107 0.000000
0.707107 0.707107 0.000000
0.555570 0.831470 0.000000
0.555570 0.831470 0.000000
-0.000000 0.000000 1.000000
-0.000000 0.000000 1.000000
-0.000000 0.000000 1.000000
-0.000000 0.000000 1.000000
-0.000000 0.000000 1.000000
-0.000000 0.000000 1.000000
-0.707108 -0.707106 0.000000
-0.831470 -0.555570 0.000000
-0.831470 -0.555570 0.000000
-0.831470 -0.555570 0.000000
-0.707108 -0.707106 0.000000
-0.707108 -0.707106 0.000000
0.000000 -0.000000 -1.000000
0.000000 -0.000000 -1.000000
0.000000 -0.000000 -1.000000
0.000000 -0.000000 -1.000000
0.000000 -0.000000 -1.000000
0.000000 -0.000000 -1.000000
0.707107 0.707107 0.000000
0.831471 0.555568 0.000000
0.831471 0.555568 0.000000
0.831471 0.555568 0.000000
0.707107 0.707107 0.000000
0.707107 0.707107 0.000000
-0.000000 0.000000 1.000000
-0.000000 0.000000 1.000000
-0.000000 0.000000 1.000000
-0.000000 0.000000 1.000000
-0.000000 0.000000 1.000000
-0.000000 0.000000 1.000000
-0.831470 -0.555570 0.000000
-0.923880 -0.382682 0.000000
-0.923880 -0.382682 -0.000000
-0.923880 -0.382682 -0.000000
-0.831470 -0.555570 0.000000
-0.831470 -0.555570 0.000000
0.000000 -0.000000 -1.000000
0.000000 -0.000000 -1.000000
0.000000 -0.000000 -1.000000
0.000000 -0.000000 -1.000000
0.000000 -0.000000 -1.000000
0.000000 -0.000000 -1.000000
0.831471 0.555568 0.000000
0.923880 0.382682 0.000000
0.923880 0.382682 0.000000
0.923880 0.382682 0.000000
0.831471 0.555568 0.000000
0.831471 0.555568 0.000000
-0.000000 0.000000 1.000000
-0.000000 0.000000 1.000000
-0.000000 0.000000 1.000000
-0.000000 0.000000 1.000000
-0.000000 0.000000 1.000000
-0.000000 0.000000 1.000000
-0.923880 -0.382682 0.000000
-0.984438 -0.175735 -0.000003
-0.976754 -0.214365 -0.000005
-0.976754 -0.214365 -0.000005
-0.956942 -0.290280 -0.000025
-0.923880 -0.382682 -0.000000
-0.923880 -0.382682 0.000000
-0.976754 -0.214365 -0.000005
-0.923880 -0.382682 -0.000000
0.000000 -0.000000 -1.000000
0.000000 0.000000 -1.000000
0.000000 -0.000000 -1.000000
0.000000 -0.000000 -1.000000
0.000000 -0.000000 -1.000000
0.000000 -0.000000 -1.000000
0.000000 -0.000000 -1.000000
0.000000 -0.000000 -1.000000
0.000000 -0.000000 -1.000000
0.923880 0.382682 0.000000
0.980785 0.195090 0.000000
0.980785 0.195090 0.000000
0.980785 0.195090 0.000000
0.923880 0.382682 0.000000
0.923880 0.382682 0.000000
-0.000000 0.000000 1.000000
-0.000000 0.000000 1.000000
-0.000000 0.000000 1.000000
-0.000000 0.000000 1.000000
-0.000000 0.000000 1.000000
-0.000000 0.000000 1.000000
-0.995184 -0.098021 -0.000000
-0.999806 -0.019702 -0.000000
-0.999806 0.019715 0.000000
-0.999806 0.019715 0.000000
-0.976754 -0.214365 -0.000005
-0.984438 -0.175735 -0.000003
-0.995184 -0.098021 -0.000000
-0.999806 0.019715 0.000000
-0.984438 -0.175735 -0.000003
-0.995185 -0.098016 -0.000015
-0.995184 -0.098021 -0.000000
-0.984438 -0.175735 -0.000003
0.000000 0.000000 -1.000000
0.000000 0.000000 -1.000000
0.000000 0.000000 -1.000000
0.000000 0.000000 -1.000000
0.000000 -0.000000 -1.000000
0.000000 0.000000 -1.000000
0.980785 0.195090 0.000000
1.000000 -0.000002 0.000000
1.000000 -0.000002 0.000000
1.000000 -0.000002 0.000000
0.980785 0.195090 0.000000
0.980785 0.195090 0.000000
-0.000000 0.000000 1.000000
-0.000000 0.000000 1.000000
-0.000000 0.000000 1.000000
-0.000000 0.000000 1.000000
-0.000000 0.000000 1.000000
-0.000000 0.000000 1.000000
-0.000000 0.000000 1.000000
-0.000000 0.000000 1.000000
-0.000000 0.000000 1.000000
-0.000000 0.000000 1.000000
-0.000000 0.000000 1.000000
-0.000000 0.000000 1.000000
-0.682064 0.264071 0.681950
-0.595420 0.539507 0.595321
-0.682167 0.263536 0.682054
-0.682059 -0.264096 -0.681945
-0.595387 -0.539580 -0.595288
-0.682161 -0.263563 -0.682049
-0.478641 -0.645338 0.595351
-0.617377 -0.392071 0.682001
-0.617587 -0.391557 0.682106
-0.720432 0.125973 -0.681989
-0.720428 0.125406 -0.682097
-0.689183 0.413053 -0.595327
-0.693527 0.137952 0.707099
-0.682064 0.264071 0.681950
-0.682167 0.263536 0.682054
-0.682167 0.263536 0.682054
-0.693527 0.137950 0.707100
-0.693527 0.137952 0.707099
-0.653280 0.270595 0.707110
-0.693527 0.137952 0.707099
-0.693527 0.137950 0.707100
-0.693527 0.137950 0.707100
-0.653278 0.270599 0.707110
-0.653280 0.270595 0.707110
-0.587944 0.392853 0.707099
-0.653280 0.270595 0.707110
-0.653278 0.270599 0.707110
-0.653278 0.270599 0.707110
-0.587946 0.392850 0.707099
-0.587944 0.392853 0.707099
-0.499987 0.499983 0.707128
-0.587944 0.392853 0.707099
-0.587946 0.392850 0.707099
-0.587946 0.392850 0.707099
-0.499981 0.499989 0.707128
-0.499987 0.499983 0.707128
-0.392854 0.587943 0.707099
-0.499987 0.499983 0.707128
-0.499981 0.499989 0.707128
-0.499981 0.499989 0.707128
-0.392851 0.587945 0.707099
-0.392854 0.587943 0.707099
-0.270588 0.653254 0.707136
-0.392854 0.587943 0.707099
-0.392851 0.587945 0.707099
-0.392851 0.587945 0.707099
-0.270582 0.653256 0.707136
-0.270588 0.653254 0.707136
-0.137951 0.693527 0.707099
-0.270588 0.653254 0.707136
-0.270582 0.653256 0.707136
-0.270582 0.653256 0.707136
-0.137949 0.693529 0.707098
-0.137951 0.693527 0.707099
-0.000001 0.707166 0.707047
-0.137951 0.693527 0.707099
-0.137949 0.693529 0.707098
-0.137949 0.693529 0.707098
-0.000001 0.707166 0.707047
-0.000001 0.707166 0.707047
0.137952 0.693527 0.707099
-0.000001 0.707166 0.707047
-0.000001 0.707166 0.707047
-0.000001 0.707166 0.707047
0.137949 0.693527 0.707100
0.137952 0.693527 0.707099
0.270590 0.653253 0.707136
0.137952 0.693527 0.707099
0.137949 0.693527 0.707100
0.137949 0.693527 0.707100
0.270584 0.653255 0.707136
0.270590 0.653253 0.707136
0.392855 0.587943 0.707098
0.270590 0.653253 0.707136
0.270584 0.653255 0.707136
0.270584 0.653255 0.707136
0.392852 0.587946 0.707097
0.392855 0.587943 0.707098
0.500018 0.500018 0.707081
0.392855 0.587943 0.707098
0.392852 0.587946 0.707097
0.392852 0.587946 0.707097
0.500018 0.500018 0.707081
0.500018 0.500018 0.707081
0.587943 0.392855 0.707098
0.500018 0.500018 0.707081
0.500018 0.500018 0.707081
0.500018 0.500018 0.707081
0.587945 0.392851 0.707099
0.587943 0.392855 0.707098
0.653253 0.270589 0.707136
0.587943 0.392855 0.707098
0.587945 0.392851 0.707099
0.587945 0.392851 0.707099
0.653256 0.270583 0.707136
0.653253 0.270589 0.707136
0.693526 0.137951 0.707100
0.653253 0.270589 0.707136
0.653256 0.270583 0.707136
0.653256 0.270583 0.707136
0.693527 0.137949 0.707100
0.693526 0.137951 0.707100
0.707165 0.000001 0.707048
0.693526 0.137951 0.707100
0.693527 0.137949 0.707100
0.693527 0.137949 0.707100
0.707165 0.000001 0.707048
0.707165 0.000001 0.707048
0.693527 -0.137953 0.707100
0.707165 0.000001 0.707048
0.707165 0.000001 0.707048
0.707165 0.000001 0.707048
0.693527 -0.137951 0.707100
0.693527 -0.137953 0.707100
0.653280 -0.270595 0.707110
0.693527 -0.137953 0.707100
0.693527 -0.137951 0.707100
0.693527 -0.137951 0.707100
0.653278 -0.270600 0.707110
0.653280 -0.270595 0.707110
0.587943 -0.392855 0.707099
0.653280 -0.270595 0.707110
0.653278 -0.270600 0.707110
0.653278 -0.270600 0.707110
0.587945 -0.392851 0.707098
0.587943 -0.392855 0.707099
0.500018 -0.500018 0.707081
0.587943 -0.392855 0.707099
0.587945 -0.392851 0.707098
0.587945 -0.392851 0.707098
0.500018 -0.500018 0.707081
0.500018 -0.500018 0.707081
0.392854 -0.587943 0.707098
0.500018 -0.500018 0.707081
0.500018 -0.500018 0.707081
0.500018 -0.500018 0.707081
0.392851 -0.587945 0.707099
0.392854 -0.587943 0.707098
0.270594 -0.653279 0.707111
0.392854 -0.587943 0.707098
0.392851 -0.587945 0.707099
0.392851 -0.587945 0.707099
0.270598 -0.653277 0.707111
0.270594 -0.653279 0.707111
0.137951 -0.693527 0.707099
0.270594 -0.653279 0.707111
0.270598 -0.653277 0.707111
0.270598 -0.653277 0.707111
0.137949 -0.693528 0.707098
0.137951 -0.693527 0.707099
0.000001 -0.707166 0.707047
0.137951 -0.693527 0.707099
0.137949 -0.693528 0.707098
0.137949 -0.693528 0.707098
0.000001 -0.707166 0.707047
0.000001 -0.707166 0.707047
-0.137954 -0.693526 0.707100
0.000001 -0.707166 0.707047
0.000001 -0.707166 0.707047
0.000001 -0.707166 0.707047
-0.137952 -0.693527 0.707100
-0.137954 -0.693526 0.707100
-0.270620 -0.653335 0.707049
-0.137954 -0.693526 0.707100
-0.137952 -0.693527 0.707100
-0.137952 -0.693527 0.707100
-0.270620 -0.653334 0.707050
-0.270620 -0.653335 0.707049
-0.392823 -0.587899 0.707152
-0.270620 -0.653335 0.707049
-0.270620 -0.653334 0.707050
-0.270620 -0.653334 0.707050
-0.392825 -0.587898 0.707153
-0.392823 -0.587899 0.707152
-0.500018 -0.500018 0.707081
-0.392823 -0.587899 0.707152
-0.392825 -0.587898 0.707153
-0.392825 -0.587898 0.707153
-0.500018 -0.500018 0.707081
-0.500018 -0.500018 0.707081
-0.587944 -0.392853 0.707098
-0.500018 -0.500018 0.707081
-0.500018 -0.500018 0.707081
-0.500018 -0.500018 0.707081
-0.587946 -0.392849 0.707099
-0.587944 -0.392853 0.707098
-0.653254 -0.270587 0.707136
-0.587944 -0.392853 0.707098
-0.587946 -0.392849 0.707099
-0.587946 -0.392849 0.707099
-0.653256 -0.270581 0.707136
-0.653254 -0.270587 0.707136
-0.617377 -0.392071 0.682001
-0.653254 -0.270587 0.707136
-0.653256 -0.270581 0.707136
-0.653256 -0.270581 0.707136
-0.617587 -0.391557 0.682106
-0.617377 -0.392071 0.682001
-0.720432 0.125973 -0.681989
-0.682059 -0.264096 -0.681945
-0.682161 -0.263563 -0.682049
-0.682161 -0.263563 -0.682049
-0.720428 0.125406 -0.682097
-0.720432 0.125973 -0.681989
0.999806 -0.019702 -0.000000
0.999806 0.019701 0.000000
0.995184 0.098022 -0.000000
0.999806 -0.019702 -0.000000
0.995184 0.098022 -0.000000
0.980785 0.195091 -0.000000
0.999806 -0.019702 -0.000000
0.980785 0.195091 -0.000000
0.980785 0.195091 0.000000
0.000000 0.000000 -1.000000
0.000000 0.000000 -1.000000
0.000000 0.000000 -1.000000
0.000000 0.000000 -1.000000
0.000000 0.000000 -1.000000
0.000000 0.000000 -1.000000
0.000000 0.000000 -1.000000
0.000000 0.000000 -1.000000
0.000000 0.000000 -1.000000
-1.000000 0.000000 0.000000
-1.000000 0.000000 0.000000
-0.980785 -0.195091 0.000000
-0.980785 -0.195091 0.000000
-0.980785 -0.195091 0.000000
-1.000000 0.000000 0.000000
-0.000000 0.000000 1.000000
0.000000 0.000000 1.000000
-0.000000 0.000000 1.000000
-0.000000 0.000000 1.000000
-0.000000 0.000000 1.000000
-0.000000 0.000000 1.000000
0.980785 0.195091 0.000000
0.980785 0.195091 -0.000000
0.923880 0.382683 0.000000
0.923880 0.382683 0.000000
0.923880 0.382683 0.000000
0.980785 0.195091 0.000000
0.000000 0.000000 -1.000000
0.000000 0.000000 -1.000000
0.000000 0.000000 -1.000000
0.000000 0.000000 -1.000000
0.000000 0.000000 -1.000000
0.000000 0.000000 -1.000000
-0.980785 -0.195091 0.000000
-0.980785 -0.195091 0.000000
-0.923880 -0.382683 0.000000
-0.923880 -0.382683 0.000000
-0.923880 -0.382683 0.000000
-0.980785 -0.195091 0.000000
-0.000000 0.000000 1.000000
-0.000000 0.000000 1.000000
-0.000000 0.000000 1.000000
-0.000000 0.000000 1.000000
-0.000000 0.000000 1.000000
-0.000000 0.000000 1.000000
0.923880 0.382683 0.000000
0.923880 0.382683 0.000000
0.831470 0.555570 0.000000
0.831470 0.555570 0.000000
0.831470 0.555570 0.000000
0.923880 0.382683 0.000000
0.000000 0.000000 -1.000000
0.000000 0.000000 -1.000000
0.000000 -0.000000 -1.000000
0.000000 -0.000000 -1.000000
0.000000 -0.000000 -1.000000
0.000000 0.000000 -1.000000
-0.923880 -0.382683 0.000000
-0.923880 -0.382683 0.000000
-0.831470 -0.555570 0.000000
-0.831470 -0.555570 0.000000
-0.831469 -0.555570 0.000000
-0.923880 -0.382683 0.000000
-0.000000 0.000000 1.000000
-0.000000 0.000000 1.000000
-0.000000 0.000000 1.000000
-0.000000 0.000000 1.000000
-0.000000 0.000000 1.000000
-0.000000 0.000000 1.000000
0.831470 0.555570 0.000000
0.831470 0.555570 0.000000
0.707108 0.707106 0.000000
0.707108 0.707106 0.000000
0.707108 0.707106 0.000000
0.831470 0.555570 0.000000
0.000000 -0.000000 -1.000000
0.000000 -0.000000 -1.000000
-0.000000 0.000000 -1.000000
-0.000000 0.000000 -1.000000
-0.000000 0.000000 -1.000000
0.000000 -0.000000 -1.000000
-0.831469 -0.555570 0.000000
-0.831470 -0.555570 0.000000
-0.707107 -0.707107 0.000000
-0.707107 -0.707107 0.000000
-0.707107 -0.707107 0.000000
-0.831469 -0.555570 0.000000
-0.000000 0.000000 1.000000
-0.000000 0.000000 1.000000
-0.000000 0.000000 1.000000
-0.000000 0.000000 1.000000
-0.000000 0.000000 1.000000
-0.000000 0.000000 1.000000
0.707108 0.707106 0.000000
0.707108 0.707106 0.000000
0.555572 0.831468 0.000000
0.555572 0.831468 0.000000
0.555572 0.831468 0.000000
0.707108 0.707106 0.000000
-0.000000 0.000000 -1.000000
-0.000000 0.000000 -1.000000
-0.000000 0.000000 -1.000000
-0.000000 0.000000 -1.000000
-0.000000 0.000000 -1.000000
-0.000000 0.000000 -1.000000
-0.707107 -0.707107 0.000000
-0.707107 -0.707107 0.000000
-0.555571 -0.831469 0.000000
-0.555571 -0.831469 0.000000
-0.555571 -0.831469 0.000000
-0.707107 -0.707107 0.000000
-0.000000 0.000000 1.000000
-0.000000 0.000000 1.000000
-0.000000 0.000000 1.000000
-0.000000 0.000000 1.000000
-0.000000 0.000000 1.000000
-0.000000 0.000000 1.000000
0.555572 0.831468 0.000000
0.555572 0.831468 0.000000
0.382683 0.923880 0.000000
0.382683 0.923880 0.000000
0.382683 0.923880 0.000000
0.555572 0.831468 0.000000
-0.000000 0.000000 -1.000000
-0.000000 0.000000 -1.000000
0.000000 0.000000 -1.000000
0.000000 0.000000 -1.000000
0.000000 0.000000 -1.000000
-0.000000 0.000000 -1.000000
-0.555571 -0.831469 0.000000
-0.555571 -0.831469 0.000000
-0.382684 -0.923879 0.000000
-0.382684 -0.923879 0.000000
-0.382684 -0.923879 0.000000
-0.555571 -0.831469 0.000000
-0.000000 0.000000 1.000000
-0.000000 0.000000 1.000000
-0.000000 0.000000 1.000000
-0.000000 0.000000 1.000000
-0.000000 0.000000 1.000000
-0.000000 0.000000 1.000000
0.382683 0.923880 0.000000
0.382683 0.923880 0.000000
0.195090 0.980785 0.000000
0.195090 0.980785 0.000000
0.195090 0.980785 0.000000
0.382683 0.923880 0.000000
0.000000 0.000000 -1.000000
0.000000 0.000000 -1.000000
0.000000 0.000000 -1.000000
0.000000 0.000000 -1.000000
0.000000 0.000000 -1.000000
0.000000 0.000000 -1.000000
-0.382684 -0.923879 0.000000
-0.382684 -0.923879 0.000000
-0.195092 -0.980785 0.000000
-0.195092 -0.980785 0.000000
-0.195092 -0.980785 0.000000
-0.382684 -0.923879 0.000000
-0.000000 0.000000 1.000000
-0.000000 0.000000 1.000000
-0.000000 0.000000 1.000000
-0.000000 0.000000 1.000000
-0.000000 0.000000 1.000000
-0.000000 0.000000 1.000000
0.195090 0.980785 0.000000
0.195090 0.980785 0.000000
0.000001 1.000000 0.000000
0.000001 1.000000 0.000000
0.000001 1.000000 0.000000
0.195090 0.980785 0.000000
0.000000 0.000000 -1.000000
0.000000 0.000000 -1.000000
0.000000 0.000000 -1.000000
0.000000 0.000000 -1.000000
0.000000 -0.000000 -1.000000
0.000000 0.000000 -1.000000
-0.195092 -0.980785 0.000000
-0.195092 -0.980785 0.000000
0.000000 -1.000000 0.000000
0.000000 -1.000000 0.000000
-0.000000 -1.000000 0.000000
-0.195092 -0.980785 0.000000
-0.000000 0.000000 1.000000
-0.000000 0.000000 1.000000
0.000000 0.000000 1.000000
0.000000 0.000000 1.000000
0.000000 0.000000 1.000000
-0.000000 0.000000 1.000000
0.000001 1.000000 0.000000
0.000001 1.000000 0.000000
-0.195089 0.980786 0.000000
-0.195089 0.980786 0.000000
-0.195089 0.980786 0.000000
0.000001 1.000000 0.000000
0.000000 -0.000000 -1.000000
0.000000 0.000000 -1.000000
0.000001 -0.000002 -1.000000
0.000001 -0.000002 -1.000000
0.000001 -0.000002 -1.000000
0.000000 -0.000000 -1.000000
-0.000000 -1.000000 0.000000
0.000000 -1.000000 0.000000
0.195091 -0.980785 0.000000
0.195091 -0.980785 0.000000
0.195091 -0.980785 0.000000
-0.000000 -1.000000 0.000000
0.000000 0.000000 1.000000
0.000000 0.000000 1.000000
0.000000 0.000000 1.000000
0.000000 0.000000 1.000000
0.000000 0.000000 1.000000
0.000000 0.000000 1.000000
-0.195089 0.980786 0.000000
-0.195089 0.980786 0.000000
-0.382683 0.923880 0.000000
-0.382683 0.923880 0.000000
-0.382683 0.923880 0.000000
-0.195089 0.980786 0.000000
0.000001 -0.000002 -1.000000
0.000001 -0.000002 -1.000000
0.000000 -0.000000 -1.000000
0.000000 -0.000000 -1.000000
0.000000 0.000000 -1.000000
0.000001 -0.000002 -1.000000
0.195091 -0.980785 0.000000
0.195091 -0.980785 0.000000
0.382683 -0.923880 0.000000
0.382683 -0.923880 0.000000
0.382683 -0.923880 0.000000
0.195091 -0.980785 0.000000
0.000000 0.000000 1.000000
0.000000 0.000000 1.000000
0.000000 0.000000 1.000000
0.000000 0.000000 1.000000
0.000000 0.000000 1.000000
0.000000 0.000000 1.000000
-0.382683 0.923880 0.000000
-0.382683 0.923880 0.000000
-0.555571 0.831469 0.000000
-0.555571 0.831469 0.000000
-0.555571 0.831469 0.000000
-0.382683 0.923880 0.000000
0.000000 0.000000 -1.000000
0.000000 -0.000000 -1.000000
-0.000000 -0.000000 -1.000000
-0.000000 -0.000000 -1.000000
-0.000000 -0.000000 -1.000000
0.000000 0.000000 -1.000000
0.382683 -0.923880 0.000000
0.382683 -0.923880 0.000000
0.555570 -0.831470 0.000000
0.555570 -0.831470 0.000000
0.555570 -0.831470 0.000000
0.382683 -0.923880 0.000000
0.000000 0.000000 1.000000
0.000000 0.000000 1.000000
0.000000 0.000000 1.000000
0.000000 0.000000 1.000000
0.000000 0.000000 1.000000
0.000000 0.000000 1.000000
-0.555571 0.831469 0.000000
-0.555571 0.831469 0.000000
-0.707106 0.707108 0.000000
-0.707106 0.707108 0.000000
-0.707106 0.707108 0.000000
-0.555571 0.831469 0.000000
-0.000000 -0.000000 -1.000000
-0.000000 -0.000000 -1.000000
-0.000000 -0.000000 -1.000000
-0.000000 -0.000000 -1.000000
-0.000000 -0.000000 -1.000000
-0.000000 -0.000000 -1.000000
0.555570 -0.831470 0.000000
0.555570 -0.831470 0.000000
0.707105 -0.707108 0.000000
0.707105 -0.707108 0.000000
0.707105 -0.707108 0.000000
0.555570 -0.831470 0.000000
0.000000 0.000000 1.000000
0.000000 0.000000 1.000000
0.000000 0.000000 1.000000
0.000000 0.000000 1.000000
0.000000 0.000000 1.000000
0.000000 0.000000 1.000000
-0.707106 0.707108 0.000000
-0.707106 0.707108 0.000000
-0.831469 0.555571 0.000000
-0.831469 0.555571 0.000000
-0.831469 0.555571 0.000000
-0.707106 0.707108 0.000000
-0.000000 -0.000000 -1.000000
-0.000000 -0.000000 -1.000000
0.000000 0.000000 -1.000000
0.000000 0.000000 -1.000000
0.000000 0.000000 -1.000000
-0.000000 -0.000000 -1.000000
0.707105 -0.707108 0.000000
0.707105 -0.707108 0.000000
0.831469 -0.555571 0.000000
0.831469 -0.555571 0.000000
0.831469 -0.555571 0.000000
0.707105 -0.707108 0.000000
0.000000 0.000000 1.000000
0.000000 0.000000 1.000000
0.000000 0.000000 1.000000
0.000000 0.000000 1.000000
0.000000 0.000000 1.000000
0.000000 0.000000 1.000000
-0.831469 0.555571 0.000000
-0.831469 0.555571 0.000000
-0.923880 0.382684 0.000000
-0.923880 0.382684 0.000000
-0.923880 0.382683 0.000000
-0.831469 0.555571 0.000000
0.000000 0.000000 -1.000000
0.000000 0.000000 -1.000000
-0.000000 -0.000000 -1.000000
-0.000000 -0.000000 -1.000000
0.000000 -0.000000 -1.000000
0.000000 0.000000 -1.000000
0.831469 -0.555571 0.000000
0.831469 -0.555571 0.000000
0.923880 -0.382683 0.000000
0.923880 -0.382683 0.000000
0.923880 -0.382683 0.000000
0.831469 -0.555571 0.000000
0.000000 0.000000 1.000000
0.000000 0.000000 1.000000
0.000000 0.000000 1.000000
0.000000 0.000000 1.000000
0.000000 0.000000 1.000000
0.000000 0.000000 1.000000
-0.923880 0.382683 0.000000
-0.923880 0.382684 0.000000
-0.980785 0.195090 0.000000
-0.980785 0.195090 0.000000
-0.980785 0.195090 0.000000
-0.923880 0.382683 0.000000
0.000000 -0.000000 -1.000000
-0.000000 -0.000000 -1.000000
0.000002 -0.000000 -1.000000
0.000002 -0.000000 -1.000000
0.000002 -0.000000 -1.000000
0.000000 -0.000000 -1.000000
0.923880 -0.382683 0.000000
0.923880 -0.382683 0.000000
0.980785 -0.195091 0.000000
0.980785 -0.195091 0.000000
0.980785 -0.195091 0.000000
0.923880 -0.382683 0.000000
0.000000 0.000000 1.000000
0.000000 0.000000 1.000000
0.000000 0.000000 1.000000
0.000000 0.000000 1.000000
0.000000 0.000000 1.000000
0.000000 0.000000 1.000000
-0.980785 0.195090 0.000000
-0.980785 0.195090 0.000000
-1.000000 0.000001 0.000000
-1.000000 0.000001 0.000000
-1.000000 0.000000 0.000000
-0.980785 0.195090 0.000000
0.000002 -0.000000 -1.000000
0.000002 -0.000000 -1.000000
0.000000 -0.000000 -1.000000
0.000000 -0.000000 -1.000000
0.000000 -0.000000 -1.000000
0.000002 -0.000000 -1.000000
0.980785 -0.195091 0.000000
0.980785 -0.195091 0.000000
1.000000 0.000000 0.000000
1.000000 0.000000 0.000000
1.000000 -0.000000 0.000000
0.980785 -0.195091 0.000000
0.000000 0.000000 1.000000
0.000000 0.000000 1.000000
0.000000 0.000000 1.000000
0.000000 0.000000 1.000000
-0.000000 0.000000 1.000000
0.000000 0.000000 1.000000
-1.000000 0.000000 0.000000
-1.000000 0.000001 0.000000
-0.980785 -0.195090 0.000000
-0.980785 -0.195090 0.000000
-0.980785 -0.195090 0.000000
-1.000000 0.000000 0.000000
0.000000 -0.000000 -1.000000
0.000000 -0.000000 -1.000000
0.000000 0.000000 -1.000000
0.000000 0.000000 -1.000000
0.000000 0.000000 -1.000000
0.000000 -0.000000 -1.000000
1.000000 -0.000000 0.000000
1.000000 0.000000 0.000000
0.980785 0.195090 0.000000
0.980785 0.195090 0.000000
0.980785 0.195090 0.000000
1.000000 -0.000000 0.000000
-0.000000 0.000000 1.000000
0.000000 0.000000 1.000000
-0.000000 0.000000 1.000000
-0.000000 0.000000 1.000000
-0.000000 0.000000 1.000000
-0.000000 0.000000 1.000000
-0.980785 -0.195090 0.000000
-0.980785 -0.195090 0.000000
-0.923880 -0.382683 0.000000
-0.923880 -0.382683 0.000000
-0.923880 -0.382683 0.000000
-0.980785 -0.195090 0.000000
0.000000 0.000000 -1.000000
0.000000 0.000000 -1.000000
0.000000 0.000000 -1.000000
0.000000 0.000000 -1.000000
0.000000 0.000000 -1.000000
0.000000 0.000000 -1.000000
0.980785 0.195090 0.000000
0.980785 0.195090 0.000000
0.923880 0.382682 0.000000
0.923880 0.382682 0.000000
0.923880 0.382682 0.000000
0.980785 0.195090 0.000000
-0.000000 0.000000 1.000000
-0.000000 0.000000 1.000000
-0.000000 0.000000 1.000000
-0.000000 0.000000 1.000000
-0.000000 0.000000 1.000000
-0.000000 0.000000 1.000000
-0.923880 -0.382683 0.000000
-0.923880 -0.382683 0.000000
-0.831470 -0.555569 0.000000
-0.831470 -0.555569 0.000000
-0.831470 -0.555569 0.000000
-0.923880 -0.382683 0.000000
0.000000 0.000000 -1.000000
0.000000 0.000000 -1.000000
0.000000 0.000000 -1.000000
0.000000 0.000000 -1.000000
0.000000 0.000000 -1.000000
0.000000 0.000000 -1.000000
0.923880 0.382682 0.000000
0.923880 0.382682 0.000000
0.831470 0.555570 0.000000
0.831470 0.555570 0.000000
0.831470 0.555570 0.000000
0.923880 0.382682 0.000000
-0.000000 0.000000 1.000000
-0.000000 0.000000 1.000000
-0.000000 0.000000 1.000000
-0.000000 0.000000 1.000000
-0.000000 0.000000 1.000000
-0.000000 0.000000 1.000000
-0.831470 -0.555569 0.000000
-0.831470 -0.555569 0.000000
-0.707107 -0.707106 0.000000
-0.707107 -0.707106 0.000000
-0.707107 -0.707106 0.000000
-0.831470 -0.555569 0.000000
0.000000 0.000000 -1.000000
0.000000 0.000000 -1.000000
0.000000 0.000000 -1.000000
0.000000 0.000000 -1.000000
0.000000 0.000000 -1.000000
0.000000 0.000000 -1.000000
0.831470 0.555570 0.000000
0.831470 0.555570 0.000000
0.707107 0.707107 0.000000
0.707107 0.707107 0.000000
0.707107 0.707107 0.000000
0.831470 0.555570 0.000000
-0.000000 0.000000 1.000000
-0.000000 0.000000 1.000000
-0.000000 0.000000 1.000000
-0.000000 0.000000 1.000000
-0.000000 0.000000 1.000000
-0.000000 0.000000 1.000000
-0.707107 -0.707106 0.000000
-0.707107 -0.707106 0.000000
-0.555571 -0.831469 0.000000
-0.555571 -0.831469 0.000000
-0.555571 -0.831469 0.000000
-0.707107 -0.707106 0.000000
0.000000 0.000000 -1.000000
0.000000 0.000000 -1.000000
0.000000 0.000000 -1.000000
0.000000 0.000000 -1.000000
0.000000 0.000000 -1.000000
0.000000 0.000000 -1.000000
0.707107 0.707107 0.000000
0.707107 0.707107 0.000000
0.555570 0.831469 0.000000
0.555570 0.831469 0.000000
0.555570 0.831469 0.000000
0.707107 0.707107 0.000000
-0.000000 0.000000 1.000000
-0.000000 0.000000 1.000000
-0.000000 0.000000 1.000000
-0.000000 0.000000 1.000000
-0.000000 0.000000 1.000000
-0.000000 0.000000 1.000000
-0.555571 -0.831469 0.000000
-0.555571 -0.831469 0.000000
-0.382683 -0.923880 0.000000
-0.382683 -0.923880 0.000000
-0.382683 -0.923880 0.000000
-0.555571 -0.831469 0.000000
0.000000 0.000000 -1.000000
0.000000 0.000000 -1.000000
0.000000 0.000000 -1.000000
0.000000 0.000000 -1.000000
0.000000 0.000000 -1.000000
0.000000 0.000000 -1.000000
0.555570 0.831469 0.000000
0.555570 0.831469 0.000000
0.382683 0.923880 0.000000
0.382683 0.923880 0.000000
0.382683 0.923880 0.000000
0.555570 0.831469 0.000000
-0.000000 0.000000 1.000000
-0.000000 0.000000 1.000000
-0.000000 0.000000 1.000000
-0.000000 0.000000 1.000000
-0.000000 0.000000 1.000000
-0.000000 0.000000 1.000000
-0.382683 -0.923880 0.000000
-0.382683 -0.923880 0.000000
-0.195089 -0.980786 0.000000
-0.195089 -0.980786 0.000000
-0.195089 -0.980786 0.000000
-0.382683 -0.923880 0.000000
0.000000 0.000000 -1.000000
0.000000 0.000000 -1.000000
0.000000 0.000000 -1.000000
0.000000 0.000000 -1.000000
0.000000 0.000000 -1.000000
0.000000 0.000000 -1.000000
0.382683 0.923880 0.000000
0.382683 0.923880 0.000000
0.195091 0.980785 0.000000
0.195091 0.980785 0.000000
0.195091 0.980785 0.000000
0.382683 0.923880 0.000000
-0.000000 0.000000 1.000000
-0.000000 0.000000 1.000000
0.000000 0.000000 1.000000
0.000000 0.000000 1.000000
0.000000 0.000000 1.000000
-0.000000 0.000000 1.000000
-0.195089 -0.980786 0.000000
-0.195089 -0.980786 0.000000
0.000000 -1.000000 0.000000
0.000000 -1.000000 0.000000
0.000000 -1.000000 0.000000
-0.195089 -0.980786 0.000000
0.000000 0.000000 -1.000000
0.000000 0.000000 -1.000000
0.000000 0.000000 -1.000000
0.000000 0.000000 -1.000000
0.000000 0.000000 -1.000000
0.000000 0.000000 -1.000000
0.195091 0.980785 0.000000
0.195091 0.980785 0.000000
-0.000000 1.000000 0.000000
-0.000000 1.000000 0.000000
-0.000000 1.000000 0.000000
0.195091 0.980785 0.000000
0.000000 0.000000 1.000000
0.000000 0.000000 1.000000
0.000000 0.000000 1.000000
0.000000 0.000000 1.000000
0.000000 0.000000 1.000000
0.000000 0.000000 1.000000
0.000000 -1.000000 0.000000
0.000000 -1.000000 0.000000
0.195090 -0.980785 0.000000
0.195090 -0.980785 0.000000
0.195090 -0.980785 0.000000
0.000000 -1.000000 0.000000
0.000000 0.000000 -1.000000
0.000000 0.000000 -1.000000
0.000000 0.000000 -1.000000
0.000000 0.000000 -1.000000
0.000000 0.000000 -1.000000
0.000000 0.000000 -1.000000
-0.000000 1.000000 0.000000
-0.000000 1.000000 0.000000
-0.195090 0.980785 0.000000
-0.195090 0.980785 0.000000
-0.195090 0.980785 0.000000
-0.000000 1.000000 0.000000
0.000000 0.000000 1.000000
0.000000 0.000000 1.000000
0.000000 0.000000 1.000000
0.000000 0.000000 1.000000
0.000000 0.000000 1.000000
0.000000 0.000000 1.000000
0.195090 -0.980785 0.000000
0.195090 -0.980785 0.000000
0.382682 -0.923880 0.000000
0.382682 -0.923880 0.000000
0.382682 -0.923880 0.000000
0.195090 -0.980785 0.000000
0.000000 0.000000 -1.000000
0.000000 0.000000 -1.000000
0.000000 0.000000 -1.000000
0.000000 0.000000 -1.000000
0.000000 0.000000 -1.000000
0.000000 0.000000 -1.000000
-0.195090 0.980785 0.000000
-0.195090 0.980785 0.000000
-0.382682 0.923880 0.000000
-0.382682 0.923880 0.000000
-0.382682 0.923880 0.000000
-0.195090 0.980785 0.000000
0.000000 0.000000 1.000000
0.000000 0.000000 1.000000
0.000000 0.000000 1.000000
0.000000 0.000000 1.000000
0.000000 0.000000 1.000000
0.000000 0.000000 1.000000
0.382682 -0.923880 0.000000
0.382682 -0.923880 0.000000
0.555570 -0.831470 0.000000
0.555570 -0.831470 0.000000
0.555570 -0.831470 0.000000
0.382682 -0.923880 0.000000
0.000000 0.000000 -1.000000
0.000000 0.000000 -1.000000
-0.000000 -0.000000 -1.000000
-0.000000 -0.000000 -1.000000
-0.000000 -0.000000 -1.000000
0.000000 0.000000 -1.000000
-0.382682 0.923880 0.000000
-0.382682 0.923880 0.000000
-0.555570 0.831470 0.000000
-0.555570 0.831470 0.000000
-0.555570 0.831470 0.000000
-0.382682 0.923880 0.000000
0.000000 0.000000 1.000000
0.000000 0.000000 1.000000
0.000000 0.000000 1.000000
0.000000 0.000000 1.000000
0.000000 0.000000 1.000000
0.000000 0.000000 1.000000
0.555570 -0.831470 0.000000
0.555570 -0.831470 0.000000
0.707107 -0.707106 0.000000
0.707107 -0.707106 0.000000
0.707107 -0.707106 0.000000
0.555570 -0.831470 0.000000
-0.000000 -0.000000 -1.000000
-0.000000 -0.000000 -1.000000
-0.000000 -0.000000 -1.000000
-0.000000 -0.000000 -1.000000
-0.000000 -0.000000 -1.000000
-0.000000 -0.000000 -1.000000
-0.555570 0.831470 0.000000
-0.555570 0.831470 0.000000
-0.707107 0.707106 0.000000
-0.707107 0.707106 0.000000
-0.707107 0.707106 0.000000
-0.555570 0.831470 0.000000
0.000000 0.000000 1.000000
0.000000 0.000000 1.000000
0.000000 0.000000 1.000000
0.000000 0.000000 1.000000
0.000000 0.000000 1.000000
0.000000 0.000000 1.000000
0.707107 -0.707106 0.000000
0.707107 -0.707106 0.000000
0.831470 -0.555570 0.000000
0.831470 -0.555570 0.000000
0.831470 -0.555570 0.000000
0.707107 -0.707106 0.000000
-0.000000 -0.000000 -1.000000
-0.000000 -0.000000 -1.000000
0.000000 0.000000 -1.000000
0.000000 0.000000 -1.000000
0.000000 0.000000 -1.000000
-0.000000 -0.000000 -1.000000
-0.707107 0.707106 0.000000
-0.707107 0.707106 0.000000
-0.831471 0.555568 0.000000
-0.831471 0.555568 0.000000
-0.831471 0.555568 0.000000
-0.707107 0.707106 0.000000
0.000000 0.000000 1.000000
0.000000 0.000000 1.000000
0.000000 0.000000 1.000000
0.000000 0.000000 1.000000
0.000000 0.000000 1.000000
0.000000 0.000000 1.000000
0.831470 -0.555570 0.000000
0.831470 -0.555570 0.000000
0.923880 -0.382683 0.000001
0.923880 -0.382683 0.000001
0.923880 -0.382683 0.000000
0.831470 -0.555570 0.000000
0.000000 0.000000 -1.000000
0.000000 0.000000 -1.000000
-0.000000 -0.000000 -1.000000
-0.000000 -0.000000 -1.000000
-0.000000 -0.000000 -1.000000
0.000000 0.000000 -1.000000
-0.831471 0.555568 0.000000
-0.831471 0.555568 0.000000
-0.923880 0.382683 0.000000
-0.923880 0.382683 0.000000
-0.923880 0.382683 0.000000
-0.831471 0.555568 0.000000
0.000000 0.000000 1.000000
0.000000 0.000000 1.000000
0.000000 0.000000 1.000000
0.000000 0.000000 1.000000
0.000000 0.000000 1.000000
0.000000 0.000000 1.000000
0.923880 -0.382683 0.000001
0.956940 -0.290286 0.000072
0.976753 -0.214369 0.000014
0.923880 -0.382683 0.000000
0.923880 -0.382683 0.000001
0.976753 -0.214369 0.000014
0.923880 -0.382683 0.000000
0.976753 -0.214369 0.000014
0.984437 -0.175737 -0.000003
-0.000000 -0.000000 -1.000000
-0.000000 -0.000000 -1.000000
-0.000000 -0.000000 -1.000000
-0.000000 -0.000000 -1.000000
0.000000 0.000000 -1.000000
-0.000000 -0.000000 -1.000000
-0.000000 -0.000000 -1.000000
-0.000000 -0.000000 -1.000000
-0.000000 -0.000000 -1.000000
-0.923880 0.382683 0.000000
-0.923880 0.382683 0.000000
-0.980785 0.195091 0.000000
-0.980785 0.195091 0.000000
-0.980785 0.195091 0.000000
-0.923880 0.382683 0.000000
0.000000 0.000000 1.000000
0.000000 0.000000 1.000000
0.000000 0.000000 1.000000
0.000000 0.000000 1.000000
0.000000 0.000000 1.000000
0.000000 0.000000 1.000000
0.984437 -0.175737 -0.000003
0.976753 -0.214369 0.000014
0.999806 0.019701 0.000000
0.999806 0.019701 0.000000
0.999806 -0.019702 -0.000000
0.995184 -0.098022 -0.000000
0.984437 -0.175737 -0.000003
0.999806 0.019701 0.000000
0.995184 -0.098022 -0.000000
0.995185 -0.098018 -0.000013
0.984437 -0.175737 -0.000003
0.995184 -0.098022 -0.000000
0.000000 0.000000 -1.000000
-0.000000 -0.000000 -1.000000
0.000000 0.000000 -1.000000
0.000000 0.000000 -1.000000
0.000000 0.000000 -1.000000
0.000000 0.000000 -1.000000
-0.980785 0.195091 0.000000
-0.980785 0.195091 0.000000
-1.000000 0.000000 0.000000
-1.000000 0.000000 0.000000
-1.000000 0.000000 0.000000
-0.980785 0.195091 0.000000
0.000000 0.000000 1.000000
0.000000 0.000000 1.000000
0.000000 0.000000 1.000000
0.000000 0.000000 1.000000
0.000000 0.000000 1.000000
0.000000 0.000000 1.000000
0.000000 0.000000 1.000000
0.000000 0.000000 1.000000
0.000000 0.000000 1.000000
0.000000 0.000000 1.000000
0.000000 0.000000 1.000000
-0.000000 0.000000 1.000000
0.681995 0.264094 0.682009
0.682102 0.263541 0.682116
0.595344 0.539552 0.595356
0.681994 -0.264094 -0.682010
0.682102 -0.263540 -0.682117
0.595343 -0.539551 -0.595358
0.478641 -0.645338 0.595351
0.617587 -0.391559 0.682106
0.617377 -0.392072 0.682001
0.720431 0.126000 -0.681985
0.689171 0.413103 -0.595306
0.720428 0.125424 -0.682094
0.693526 0.137952 0.707100
0.693527 0.137950 0.707100
0.682102 0.263541 0.682116
0.682102 0.263541 0.682116
0.681995 0.264094 0.682009
0.693526 0.137952 0.707100
0.653307 0.270607 0.707080
0.653306 0.270609 0.707080
0.693527 0.137950 0.707100
0.693527 0.137950 0.707100
0.693526 0.137952 0.707100
0.653307 0.270607 0.707080
0.587921 0.392838 0.707126
0.587921 0.392837 0.707126
0.653306 0.270609 0.707080
0.653306 0.270609 0.707080
0.653307 0.270607 0.707080
0.587921 0.392838 0.707126
0.500004 0.499999 0.707105
0.500001 0.500002 0.707105
0.587921 0.392837 0.707126
0.587921 0.392837 0.707126
0.587921 0.392838 0.707126
0.500004 0.499999 0.707105
0.392855 0.587943 0.707098
0.392851 0.587945 0.707099
0.500001 0.500002 0.707105
0.500001 0.500002 0.707105
0.500004 0.499999 0.707105
0.392855 0.587943 0.707098
0.270592 0.653267 0.707122
0.270591 0.653267 0.707122
0.392851 0.587945 0.707099
0.392851 0.587945 0.707099
0.392855 0.587943 0.707098
0.270592 0.653267 0.707122
0.137951 0.693533 0.707094
0.137955 0.693533 0.707093
0.270591 0.653267 0.707122
0.270591 0.653267 0.707122
0.270592 0.653267 0.707122
0.137951 0.693533 0.707094
0.000001 0.707165 0.707048
0.000001 0.707165 0.707048
0.137955 0.693533 0.707093
0.137955 0.693533 0.707093
0.137951 0.693533 0.707094
0.000001 0.707165 0.707048
-0.137952 0.693527 0.707099
-0.137950 0.693527 0.707100
0.000001 0.707165 0.707048
0.000001 0.707165 0.707048
0.000001 0.707165 0.707048
-0.137952 0.693527 0.707099
-0.270593 0.653267 0.707123
-0.270592 0.653267 0.707122
-0.137950 0.693527 0.707100
-0.137950 0.693527 0.707100
-0.137952 0.693527 0.707099
-0.270593 0.653267 0.707123
-0.392862 0.587960 0.707080
-0.392862 0.587960 0.707080
-0.270592 0.653267 0.707122
-0.270592 0.653267 0.707122
-0.270593 0.653267 0.707123
-0.392862 0.587960 0.707080
-0.500003 0.500001 0.707104
-0.500000 0.500003 0.707105
-0.392862 0.587960 0.707080
-0.392862 0.587960 0.707080
-0.392862 0.587960 0.707080
-0.500003 0.500001 0.707104
-0.587921 0.392838 0.707126
-0.587921 0.392837 0.707126
-0.500000 0.500003 0.707105
-0.500000 0.500003 0.707105
-0.500003 0.500001 0.707104
-0.587921 0.392838 0.707126
-0.653281 0.270602 0.707106
-0.653284 0.270595 0.707106
-0.587921 0.392837 0.707126
-0.587921 0.392837 0.707126
-0.587921 0.392838 0.707126
-0.653281 0.270602 0.707106
-0.693526 0.137952 0.707100
-0.693527 0.137950 0.707100
-0.653284 0.270595 0.707106
-0.653284 0.270595 0.707106
-0.653281 0.270602 0.707106
-0.693526 0.137952 0.707100
-0.707100 0.000000 0.707114
-0.707099 0.000000 0.707114
-0.693527 0.137950 0.707100
-0.693527 0.137950 0.707100
-0.693526 0.137952 0.707100
-0.707100 0.000000 0.707114
-0.693526 -0.137951 0.707100
-0.693527 -0.137949 0.707100
-0.707099 0.000000 0.707114
-0.707099 0.000000 0.707114
-0.707100 0.000000 0.707114
-0.693526 -0.137951 0.707100
-0.653307 -0.270606 0.707080
-0.653306 -0.270609 0.707080
-0.693527 -0.137949 0.707100
-0.693527 -0.137949 0.707100
-0.693526 -0.137951 0.707100
-0.653307 -0.270606 0.707080
-0.587921 -0.392837 0.707126
-0.587922 -0.392837 0.707126
-0.653306 -0.270609 0.707080
-0.653306 -0.270609 0.707080
-0.653307 -0.270606 0.707080
-0.587921 -0.392837 0.707126
-0.500004 -0.499999 0.707105
-0.500001 -0.500002 0.707104
-0.587922 -0.392837 0.707126
-0.587922 -0.392837 0.707126
-0.587921 -0.392837 0.707126
-0.500004 -0.499999 0.707105
-0.392863 -0.587959 0.707080
-0.392864 -0.587959 0.707080
-0.500001 -0.500002 0.707104
-0.500001 -0.500002 0.707104
-0.500004 -0.499999 0.707105
-0.392863 -0.587959 0.707080
-0.270591 -0.653266 0.707123
-0.270590 -0.653267 0.707124
-0.392864 -0.587959 0.707080
-0.392864 -0.587959 0.707080
-0.392863 -0.587959 0.707080
-0.270591 -0.653266 0.707123
-0.137951 -0.693526 0.707100
-0.137949 -0.693527 0.707099
-0.270590 -0.653267 0.707124
-0.270590 -0.653267 0.707124
-0.270591 -0.653266 0.707123
-0.137951 -0.693526 0.707100
-0.000001 -0.707165 0.707048
-0.000001 -0.707165 0.707048
-0.137949 -0.693527 0.707099
-0.137949 -0.693527 0.707099
-0.137951 -0.693526 0.707100
-0.000001 -0.707165 0.707048
0.137953 -0.693527 0.707099
0.137951 -0.693527 0.707100
-0.000001 -0.707165 0.707048
-0.000001 -0.707165 0.707048
-0.000001 -0.707165 0.707048
0.137953 -0.693527 0.707099
0.270616 -0.653323 0.707062
0.270611 -0.653324 0.707062
0.137951 -0.693527 0.707100
0.137951 -0.693527 0.707100
0.137953 -0.693527 0.707099
0.270616 -0.653323 0.707062
0.392822 -0.587899 0.707154
0.392824 -0.587897 0.707154
0.270611 -0.653324 0.707062
0.270611 -0.653324 0.707062
0.270616 -0.653323 0.707062
0.392822 -0.587899 0.707154
0.500017 -0.500018 0.707081
0.500017 -0.500019 0.707081
0.392824 -0.587897 0.707154
0.392824 -0.587897 0.707154
0.392822 -0.587899 0.707154
0.500017 -0.500018 0.707081
0.587922 -0.392836 0.707126
0.587922 -0.392835 0.707127
0.500017 -0.500019 0.707081
0.500017 -0.500019 0.707081
0.500017 -0.500018 0.707081
0.587922 -0.392836 0.707126
0.653253 -0.270588 0.707137
0.653256 -0.270583 0.707136
0.587922 -0.392835 0.707127
0.587922 -0.392835 0.707127
0.587922 -0.392836 0.707126
0.653253 -0.270588 0.707137
0.617377 -0.392072 0.682001
0.617587 -0.391559 0.682106
0.653256 -0.270583 0.707136
0.653256 -0.270583 0.707136
0.653253 -0.270588 0.707137
0.617377 -0.392072 0.682001
0.720431 0.126000 -0.681985
0.720428 0.125424 -0.682094
0.682102 -0.263540 -0.682117
0.682102 -0.263540 -0.682117
0.681994 -0.264094 -0.682010
0.720431 0.126000 -0.681985
0.000000 0.000000 -1.000000
0.000000 0.000000 -1.000000
0.000000 0.000000 -1.000000
0.000000 0.000000 -1.000000
0.000000 0.000000 -1.000000
0.000000 0.000000 -1.000000
0.000000 0.000000 -1.000000
0.000000 0.000000 -1.000000
0.000000 0.000000 -1.000000
0.000000 0.000000 -1.000000
0.000000 0.000000 -1.000000
0.000000 0.000000 -1.000000
0.000000 0.000000 -1.000000
0.000000 0.000000 -1.000000
0.000000 0.000000 -1.000000
0.000000 0.000000 -1.000000
0.000000 0.000000 -1.000000
0.000000 0.000000 -1.000000
0.000000 0.000000 -1.000000
0.000000 0.000000 -1.000000
0.000000 0.000000 -1.000000
0.000000 0.000000 -1.000000
0.000000 0.000000 -1.000000
0.000000 0.000000 -1.000000
0.000000 0.000000 -1.000000
0.000000 0.000000 -1.000000
0.000000 0.000000 -1.000000
0.000000 0.000000 -1.000000
0.000000 0.000000 -1.000000
0.000000 0.000000 -1.000000
0.000000 0.000000 -1.000000
0.000000 0.000000 -1.000000
0.000000 0.000000 -1.000000
0.000000 0.000000 -1.000000
0.000000 0.000000 -1.000000
0.000000 0.000000 -1.000000
0.000000 0.000000 -1.000000
0.000000 0.000000 -1.000000
0.000000 0.000000 -1.000000
0.000000 0.000000 -1.000000
0.000000 0.000000 -1.000000
0.000000 0.000000 -1.000000
0.000000 0.000000 -1.000000
0.000000 0.000000 -1.000000
0.000000 0.000000 -1.000000
0.000000 0.000000 -1.000000
0.000000 0.000000 -1.000000
0.000000 0.000000 -1.000000
0.000000 0.000000 -1.000000
0.000000 0.000000 -1.000000
0.000000 0.000000 -1.000000
0.000000 0.000000 -1.000000
0.000000 0.000000 -1.000000
0.000000 0.000000 -1.000000
0.000000 0.000000 -1.000000
0.000000 0.000000 -1.000000
0.000000 0.000000 -1.000000
0.000000 0.000000 -1.000000
0.000000 0.000000 -1.000000
0.000000 0.000000 -1.000000
0.000000 0.000000 -1.000000
0.000000 0.000000 -1.000000
0.000000 0.000000 -1.000000
0.000000 0.000000 -1.000000
0.000000 0.000000 -1.000000
0.000000 0.000000 -1.000000
0.000000 0.000000 -1.000000
0.000000 0.000000 -1.000000
0.000000 0.000000 -1.000000
0.000000 0.000000 -1.000000
0.000000 0.000000 -1.000000
0.000000 0.000000 -1.000000
0.000000 0.000000 -1.000000
0.000000 0.000000 -1.000000
0.000000 0.000000 -1.000000
0.000000 0.000000 -1.000000
0.000000 0.000000 -1.000000
0.000000 0.000000 -1.000000
0.000000 0.000000 -1.000000
0.000000 0.000000 -1.000000
0.000000 0.000000 -1.000000
0.000000 0.000000 -1.000000
0.000000 0.000000 -1.000000
0.000000 0.000000 -1.000000
0.000000 0.000000 -1.000000
0.000000 0.000000 -1.000000
0.000000 0.000000 -1.000000
0.000000 0.000000 -1.000000
0.000000 0.000000 -1.000000
0.000000 0.000000 -1.000000
-0.000001 1.000000 0.000000
-0.195090 0.980785 0.000000
-0.195090 0.980785 0.000000
-0.195090 0.980785 0.000000
-0.000001 1.000000 0.000000
-0.000001 1.000000 0.000000
-0.195090 0.980785 0.000000
-0.382682 0.923880 0.000000
-0.382682 0.923880 0.000000
-0.382682 0.923880 0.000000
-0.195090 0.980785 0.000000
-0.195090 0.980785 0.000000
-0.382682 0.923880 0.000000
-0.555570 0.831470 0.000000
-0.555570 0.831470 0.000000
-0.555570 0.831470 0.000000
-0.382682 0.923880 0.000000
-0.382682 0.923880 0.000000
-0.555570 0.831470 0.000000
-0.707107 0.707106 0.000000
-0.707107 0.707106 0.000000
-0.707107 0.707106 0.000000
-0.555570 0.831470 0.000000
-0.555570 0.831470 0.000000
-0.707107 0.707106 0.000000
-0.831470 0.555570 0.000000
-0.831470 0.555570 0.000000
-0.831470 0.555570 0.000000
-0.707107 0.707106 0.000000
-0.707107 0.707106 0.000000
-0.831470 0.555570 0.000000
-0.923879 0.382684 0.000000
-0.923879 0.382684 0.000000
-0.923879 0.382684 0.000000
-0.831470 0.555570 0.000000
-0.831470 0.555570 0.000000
-0.923879 0.382684 0.000000
-0.980785 0.195092 0.000000
-0.980785 0.195092 0.000000
-0.980785 0.195092 0.000000
-0.923879 0.382684 0.000000
-0.923879 0.382684 0.000000
-0.980785 0.195092 0.000000
-1.000000 0.000000 0.000000
-1.000000 0.000000 0.000000
-1.000000 0.000000 0.000000
-0.980785 0.195092 0.000000
-0.980785 0.195092 0.000000
-1.000000 0.000000 0.000000
-0.980785 -0.195091 0.000000
-0.980785 -0.195091 0.000000
-0.980785 -0.195091 0.000000
-1.000000 0.000000 0.000000
-1.000000 0.000000 0.000000
-0.980785 -0.195091 0.000000
-0.923880 -0.382683 0.000000
-0.923880 -0.382683 0.000000
-0.923880 -0.382683 0.000000
-0.980785 -0.195091 0.000000
-0.980785 -0.195091 0.000000
-0.923880 -0.382683 0.000000
-0.831470 -0.555570 0.000000
-0.831470 -0.555570 0.000000
-0.831470 -0.555570 0.000000
-0.923880 -0.382683 0.000000
-0.923880 -0.382683 0.000000
-0.831470 -0.555570 0.000000
-0.707107 -0.707106 0.000000
-0.707107 -0.707106 0.000000
-0.707107 -0.707106 0.000000
-0.831470 -0.555570 0.000000
-0.831470 -0.555570 0.000000
-0.707107 -0.707106 0.000000
-0.555570 -0.831469 0.000000
-0.555570 -0.831469 0.000000
-0.555570 -0.831469 0.000000
-0.707107 -0.707106 0.000000
-0.707107 -0.707106 0.000000
-0.555570 -0.831469 0.000000
-0.382684 -0.923880 0.000000
-0.382684 -0.923880 0.000000
-0.382684 -0.923880 0.000000
-0.555570 -0.831469 0.000000
-0.555570 -0.831469 0.000000
-0.382684 -0.923880 0.000000
-0.195091 -0.980785 0.000000
-0.195091 -0.980785 0.000000
-0.195091 -0.980785 0.000000
-0.382684 -0.923880 0.000000
-0.382684 -0.923880 0.000000
-0.195091 -0.980785 0.000000
-0.000001 -1.000000 0.000000
-0.000001 -1.000000 0.000000
-0.000001 -1.000000 0.000000
-0.195091 -0.980785 0.000000
-0.195091 -0.980785 0.000000
-0.000001 -1.000000 0.000000
0.195091 -0.980785 0.000000
0.195091 -0.980785 0.000000
0.195091 -0.980785 0.000000
-0.000001 -1.000000 0.000000
-0.000001 -1.000000 0.000000
0.195091 -0.980785 0.000000
0.382684 -0.923879 0.000000
0.382684 -0.923879 0.000000
0.382684 -0.923879 0.000000
0.195091 -0.980785 0.000000
0.195091 -0.980785 0.000000
0.382684 -0.923879 0.000000
0.555570 -0.831470 0.000000
0.555570 -0.831470 0.000000
0.555570 -0.831470 0.000000
0.382684 -0.923879 0.000000
0.382684 -0.923879 0.000000
0.555570 -0.831470 0.000000
0.707106 -0.707107 0.000000
0.707106 -0.707107 0.000000
0.707106 -0.707107 0.000000
0.555570 -0.831470 0.000000
0.555570 -0.831470 0.000000
0.707106 -0.707107 0.000000
0.831470 -0.555570 0.000000
0.831470 -0.555570 0.000000
0.831470 -0.555570 0.000000
0.707106 -0.707107 0.000000
0.707106 -0.707107 0.000000
0.831470 -0.555570 0.000000
0.923880 -0.382682 0.000000
0.923880 -0.382682 0.000000
0.923880 -0.382682 0.000000
0.831470 -0.555570 0.000000
0.831470 -0.555570 0.000000
0.923880 -0.382682 0.000000
0.980785 -0.195090 0.000000
0.980785 -0.195090 0.000000
0.980785 -0.195090 0.000000
0.923880 -0.382682 0.000000
0.923880 -0.382682 0.000000
0.980785 -0.195090 0.000000
1.000000 0.000000 0.000000
1.000000 0.000000 0.000000
1.000000 0.000000 0.000000
0.980785 -0.195090 0.000000
0.980785 -0.195090 0.000000
1.000000 0.000000 0.000000
0.980785 0.195091 0.000000
0.980785 0.195091 0.000000
0.980785 0.195091 0.000000
1.000000 0.000000 0.000000
1.000000 0.000000 0.000000
0.980785 0.195091 0.000000
0.923879 0.382685 0.000000
0.923879 0.382685 0.000000
0.923879 0.382685 0.000000
0.980785 0.195091 0.000000
0.980785 0.195091 0.000000
0.923879 0.382685 0.000000
0.831469 0.555571 0.000000
0.831469 0.555571 0.000000
0.831469 0.555571 0.000000
0.923879 0.382685 0.000000
0.923879 0.382685 0.000000
0.831469 0.555571 0.000000
0.707107 0.707107 0.000000
0.707107 0.707107 0.000000
0.707107 0.707107 0.000000
0.831469 0.555571 0.000000
0.831469 0.555571 0.000000
0.707107 0.707107 0.000000
0.555569 0.831471 0.000000
0.555569 0.831471 0.000000
0.555569 0.831471 0.000000
0.707107 0.707107 0.000000
0.707107 0.707107 0.000000
0.555569 0.831471 0.000000
0.382682 0.923880 0.000000
0.382682 0.923880 0.000000
0.382682 0.923880 0.000000
0.555569 0.831471 0.000000
0.555569 0.831471 0.000000
0.382682 0.923880 0.000000
0.195090 0.980785 0.000000
0.195090 0.980785 0.000000
0.195090 0.980785 0.000000
0.382682 0.923880 0.000000
0.382682 0.923880 0.000000
0.195090 0.980785 0.000000
-0.000001 1.000000 0.000000
-0.000001 1.000000 0.000000
-0.000001 1.000000 0.000000
0.195090 0.980785 0.000000
0.195090 0.980785 0.000000
0.000000 0.000000 1.000000
0.000000 0.000000 1.000000
0.000000 0.000000 1.000000
0.000000 0.000000 1.000000
0.000000 0.000000 1.000000
0.000000 0.000000 1.000000
0.000000 0.000000 1.000000
0.000000 0.000000 1.000000
0.000000 0.000000 1.000000
0.000000 0.000000 1.000000
0.000000 0.000000 1.000000
0.000000 0.000000 1.000000
0.000000 0.000000 1.000000
0.000000 0.000000 1.000000
0.000000 0.000000 1.000000
0.000000 0.000000 1.000000
0.000000 0.000000 1.000000
0.000000 0.000000 1.000000
0.000000 0.000000 1.000000
0.000000 0.000000 1.000000
0.000000 0.000000 1.000000
0.000000 0.000000 1.000000
0.000000 0.000000 1.000000
0.000000 0.000000 1.000000
0.000000 0.000000 1.000000
0.000000 0.000000 1.000000
0.000000 0.000000 1.000000
0.000000 0.000000 1.000000
0.000000 0.000000 1.000000
0.000000 0.000000 1.000000
0.000000 0.000000 1.000000
0.000000 0.000000 1.000000
0.000000 0.000000 1.000000
0.000000 0.000000 1.000000
0.000000 0.000000 1.000000
0.000000 0.000000 1.000000
0.000000 0.000000 1.000000
0.000000 0.000000 1.000000
0.000000 0.000000 1.000000
0.000000 0.000000 1.000000
0.000000 0.000000 1.000000
0.000000 0.000000 1.000000
0.000000 0.000000 1.000000
0.000000 0.000000 1.000000
0.000000 0.000000 1.000000
0.000000 0.000000 1.000000
0.000000 0.000000 1.000000
0.000000 0.000000 1.000000
0.000000 0.000000 1.000000
0.000000 0.000000 1.000000
0.000000 0.000000 1.000000
0.000000 0.000000 1.000000
0.000000 0.000000 1.000000
0.000000 0.000000 1.000000
0.000000 0.000000 1.000000
0.000000 0.000000 1.000000
0.000000 0.000000 1.000000
0.000000 0.000000 1.000000
0.000000 0.000000 1.000000
0.000000 0.000000 1.000000
0.000000 0.000000 1.000000
0.000000 0.000000 1.000000
0.000000 0.000000 1.000000
0.000000 0.000000 1.000000
0.000000 0.000000 1.000000
0.000000 0.000000 1.000000
0.000000 0.000000 1.000000
0.000000 0.000000 1.000000
0.000000 0.000000 1.000000
0.000000 0.000000 1.000000
0.000000 0.000000 1.000000
0.000000 0.000000 1.000000
0.000000 0.000000 1.000000
0.000000 0.000000 1.000000
0.000000 0.000000 1.000000
0.000000 0.000000 1.000000
0.000000 0.000000 1.000000
0.000000 0.000000 1.000000
0.000000 0.000000 1.000000
0.000000 0.000000 1.000000
0.000000 0.000000 1.000000
0.000000 0.000000 1.000000
0.000000 0.000000 1.000000
0.000000 0.000000 1.000000
0.000000 0.000000 1.000000
0.000000 0.000000 1.000000
0.000000 0.000000 1.000000
0.000000 0.000000 1.000000
0.000000 0.000000 1.000000
0.000000 0.000000 1.000000
0.000000 -0.000000 -1.000000
0.000000 -0.000000 -1.000000
0.000000 -0.000000 -1.000000
0.000000 -0.000000 -1.000000
0.000000 -0.000000 -1.000000
0.000000 -0.000000 -1.000000
0.000000 -0.000000 -1.000000
0.000000 -0.000000 -1.000000
0.000000 -0.000000 -1.000000
0.000000 -0.000000 -1.000000
0.000000 0.000000 -1.000000
0.000000 0.000000 -1.000000
0.000000 0.000000 -1.000000
-0.000000 -0.000000 -1.000000
0.000000 -0.000000 -1.000000
0.000000 -0.000000 -1.000000
0.000000 0.000000 -1.000000
0.000000 -0.000000 -1.000000
0.000000 -0.000000 -1.000000
0.000000 -0.000000 -1.000000
0.000000 -0.000000 -1.000000
0.000000 -0.000000 -1.000000
-0.000000 0.000000 -1.000000
0.000000 -0.000000 -1.000000
0.000000 -0.000000 -1.000000
0.000000 -0.000000 -1.000000
0.000000 0.000000 -1.000000
0.000000 -0.000000 -1.000000
0.000000 -0.000000 -1.000000
0.000000 0.000000 -1.000000
0.000000 0.000000 -1.000000
0.000000 0.000000 -1.000000
0.000000 0.000000 -1.000000
0.000000 0.000000 -1.000000
0.000000 0.000000 -1.000000
0.000000 -0.000000 -1.000000
0.000000 0.000000 -1.000000
0.000000 0.000000 -1.000000
0.000000 -0.000000 -1.000000
0.000000 -0.000000 -1.000000
0.000000 0.000000 -1.000000
0.000000 -0.000000 -1.000000
0.000000 -0.000000 -1.000000
0.000000 -0.000000 -1.000000
0.000000 -0.000000 -1.000000
0.000000 -0.000000 -1.000000
0.000000 -0.000000 -1.000000
0.000000 -0.000000 -1.000000
0.000000 -0.000000 -1.000000
0.000000 -0.000000 -1.000000
0.000000 -0.000000 -1.000000
0.000000 -0.000000 -1.000000
0.000000 -0.000000 -1.000000
0.000000 -0.000000 -1.000000
0.000000 -0.000000 -1.000000
0.000000 0.000000 -1.000000
0.000000 0.000000 -1.000000
0.000000 0.000000 -1.000000
-0.000000 -0.000000 -1.000000
0.000000 -0.000000 -1.000000
0.000000 -0.000000 -1.000000
0.000000 0.000000 -1.000000
0.000000 -0.000000 -1.000000
0.000000 -0.000000 -1.000000
0.000000 -0.000000 -1.000000
0.000000 -0.000000 -1.000000
0.000000 -0.000000 -1.000000
0.000000 -0.000000 -1.000000
0.000000 -0.000000 -1.000000
0.000000 -0.000000 -1.000000
-0.000000 0.000000 -1.000000
0.000000 -0.000000 -1.000000
0.000000 -0.000000 -1.000000
0.000000 -0.000000 -1.000000
0.000000 0.000000 -1.000000
0.000000 -0.000000 -1.000000
0.000000 -0.000000 -1.000000
0.000000 0.000000 -1.000000
0.000000 -0.000000 -1.000000
0.000000 -0.000000 -1.000000
0.000000 0.000000 -1.000000
0.000000 0.000000 -1.000000
0.000000 0.000000 -1.000000
0.000000 0.000000 -1.000000
0.000000 -0.000000 -1.000000
0.000000 0.000000 -1.000000
0.000000 0.000000 -1.000000
0.000000 0.000000 -1.000000
0.000000 -0.000000 -1.000000
0.000000 0.000000 -1.000000
0.000000 -1.000000 0.000000
0.000000 -1.000000 0.000000
-0.195090 -0.980785 0.000000
-0.195090 -0.980785 0.000000
-0.195090 -0.980785 0.000000
0.000000 -1.000000 0.000000
-0.195090 -0.980785 0.000000
-0.195090 -0.980785 0.000000
-0.382684 -0.923879 0.000000
-0.382684 -0.923879 0.000000
-0.382684 -0.923879 0.000000
-0.195090 -0.980785 0.000000
-0.382684 -0.923879 0.000000
-0.382684 -0.923879 0.000000
-0.555572 -0.831469 0.000000
-0.555572 -0.831469 0.000000
-0.555572 -0.831469 0.000000
-0.382684 -0.923879 0.000000
-0.555572 -0.831469 0.000000
-0.555572 -0.831469 0.000000
-0.707107 -0.707106 0.000000
-0.707107 -0.707106 0.000000
-0.707107 -0.707106 0.000000
-0.555572 -0.831469 0.000000
-0.707107 -0.707106 0.000000
-0.707107 -0.707106 0.000000
-0.831470 -0.555570 0.000000
-0.831470 -0.555570 0.000000
-0.831470 -0.555570 0.000000
-0.707107 -0.707106 0.000000
-0.831470 -0.555570 0.000000
-0.831470 -0.555570 0.000000
-0.923880 -0.382682 0.000000
-0.923880 -0.382682 0.000000
-0.923880 -0.382682 0.000000
-0.831470 -0.555570 0.000000
-0.923880 -0.382682 0.000000
-0.923880 -0.382682 0.000000
-0.980785 -0.195090 0.000000
-0.980785 -0.195090 0.000000
-0.980785 -0.195090 0.000000
-0.923880 -0.382682 0.000000
-0.980785 -0.195090 0.000000
-0.980785 -0.195090 0.000000
-1.000000 0.000000 0.000000
-1.000000 0.000000 0.000000
-1.000000 0.000000 0.000000
-0.980785 -0.195090 0.000000
-1.000000 0.000000 0.000000
-1.000000 0.000000 0.000000
-0.980785 0.195089 0.000000
-0.980785 0.195089 0.000000
-0.980785 0.195089 0.000000
-1.000000 0.000000 0.000000
-0.980785 0.195089 0.000000
-0.980785 0.195089 0.000000
-0.923880 0.382683 0.000000
-0.923880 0.382683 0.000000
-0.923880 0.382683 0.000000
-0.980785 0.195089 0.000000
-0.923880 0.382683 0.000000
-0.923880 0.382683 0.000000
-0.831469 0.555571 0.000000
-0.831469 0.555571 0.000000
-0.831469 0.555571 0.000000
-0.923880 0.382683 0.000000
-0.831469 0.555571 0.000000
-0.831469 0.555571 0.000000
-0.707106 0.707107 0.000000
-0.707106 0.707107 0.000000
-0.707106 0.707107 0.000000
-0.831469 0.555571 0.000000
-0.707106 0.707107 0.000000
-0.707106 0.707107 0.000000
-0.555569 0.831470 0.000000
-0.555569 0.831470 0.000000
-0.555569 0.831470 0.000000
-0.707106 0.707107 0.000000
-0.555569 0.831470 0.000000
-0.555569 0.831470 0.000000
-0.382683 0.923880 0.000000
-0.382683 0.923880 0.000000
-0.382683 0.923880 0.000000
-0.555569 0.831470 0.000000
-0.382683 0.923880 0.000000
-0.382683 0.923880 0.000000
-0.195088 0.980786 0.000000
-0.195088 0.980786 0.000000
-0.195088 0.980786 0.000000
-0.382683 0.923880 0.000000
-0.195088 0.980786 0.000000
-0.195088 0.980786 0.000000
0.000001 1.000000 0.000000
0.000001 1.000000 0.000000
0.000001 1.000000 0.000000
-0.195088 0.980786 0.000000
0.000001 1.000000 0.000000
0.000001 1.000000 0.000000
0.195091 0.980785 0.000000
0.195091 0.980785 0.000000
0.195091 0.980785 0.000000
0.000001 1.000000 0.000000
0.195091 0.980785 0.000000
0.195091 0.980785 0.000000
0.382683 0.923880 0.000000
0.382683 0.923880 0.000000
0.382683 0.923880 0.000000
0.195091 0.980785 0.000000
0.382683 0.923880 0.000000
0.382683 0.923880 0.000000
0.555571 0.831469 0.000000
0.555571 0.831469 0.000000
0.555570 0.831469 0.000000
0.382683 0.923880 0.000000
0.555570 0.831469 0.000000
0.555571 0.831469 0.000000
0.707109 0.707104 0.000000
0.707109 0.707104 0.000000
0.707109 0.707104 0.000000
0.555570 0.831469 0.000000
0.707109 0.707104 0.000000
0.707109 0.707104 0.000000
0.831470 0.555569 0.000000
0.831470 0.555569 0.000000
0.831470 0.555569 0.000000
0.707109 0.707104 0.000000
0.831470 0.555569 0.000000
0.831470 0.555569 0.000000
0.923880 0.382683 0.000000
0.923880 0.382683 0.000000
0.923880 0.382683 0.000000
0.831470 0.555569 0.000000
0.923880 0.382683 0.000000
0.923880 0.382683 0.000000
0.980786 0.195089 0.000000
0.980786 0.195089 0.000000
0.980785 0.195089 0.000000
0.923880 0.382683 0.000000
0.980785 0.195089 0.000000
0.980786 0.195089 0.000000
1.000000 -0.000001 0.000000
1.000000 -0.000001 0.000000
1.000000 -0.000001 0.000000
0.980785 0.195089 0.000000
1.000000 -0.000001 0.000000
1.000000 -0.000001 0.000000
0.980785 -0.195092 0.000000
0.980785 -0.195092 0.000000
0.980785 -0.195092 0.000000
1.000000 -0.000001 0.000000
0.980785 -0.195092 0.000000
0.980785 -0.195092 0.000000
0.923879 -0.382685 0.000000
0.923879 -0.382685 0.000000
0.923879 -0.382685 0.000000
0.980785 -0.195092 0.000000
0.923879 -0.382685 0.000000
0.923879 -0.382685 0.000000
0.831468 -0.555572 0.000000
0.831468 -0.555572 0.000000
0.831468 -0.555572 0.000000
0.923879 -0.382685 0.000000
0.831468 -0.555572 0.000000
0.831468 -0.555572 0.000000
0.707105 -0.707108 0.000000
0.707105 -0.707108 0.000000
0.707105 -0.707108 0.000000
0.831468 -0.555572 0.000000
0.707105 -0.707108 0.000000
0.707105 -0.707108 0.000000
0.555569 -0.831471 0.000000
0.555569 -0.831471 0.000000
0.555569 -0.831471 0.000000
0.707105 -0.707108 0.000000
0.555569 -0.831471 0.000000
0.555569 -0.831471 0.000000
0.382681 -0.923881 0.000000
0.382681 -0.923881 0.000000
0.382681 -0.923881 0.000000
0.555569 -0.831471 0.000000
0.382681 -0.923881 0.000000
0.382681 -0.923881 0.000000
0.195089 -0.980786 0.000000
0.195089 -0.980786 0.000000
0.195089 -0.980786 0.000000
0.382681 -0.923881 0.000000
0.195089 -0.980786 0.000000
0.195089 -0.980786 0.000000
0.000000 -1.000000 0.000000
0.000000 -1.000000 0.000000
0.000000 -1.000000 0.000000
0.195089 -0.980786 0.000000
-0.000000 0.000000 1.000000
-0.000000 -0.000000 1.000000
-0.000000 0.000000 1.000000
-0.000000 0.000000 1.000000
-0.000001 0.000000 1.000000
-0.000000 0.000000 1.000000
-0.000000 0.000000 1.000000
-0.000000 0.000000 1.000000
-0.000000 0.000000 1.000000
-0.000000 0.000000 1.000000
-0.000001 0.000000 1.000000
-0.000000 0.000000 1.000000
-0.000000 0.000000 1.000000
-0.000001 -0.000000 1.000000
-0.000000 -0.000000 1.000000
-0.000000 0.000000 1.000000
-0.000000 0.000000 1.000000
-0.000000 -0.000000 1.000000
-0.000000 0.000000 1.000000
-0.000000 0.000000 1.000000
-0.000000 -0.000000 1.000000
-0.000000 -0.000000 1.000000
-0.000001 -0.000000 1.000000
-0.000000 -0.000000 1.000000
-0.000000 -0.000000 1.000000
-0.000000 0.000000 1.000000
-0.000000 0.000000 1.000000
-0.000000 -0.000000 1.000000
-0.000000 -0.000000 1.000000
-0.000000 0.000000 1.000000
-0.000000 0.000000 1.000000
-0.000000 0.000000 1.000000
-0.000000 0.000000 1.000000
-0.000000 0.000000 1.000000
-0.000000 -0.000000 1.000000
-0.000000 0.000000 1.000000
-0.000000 0.000000 1.000000
-0.000000 0.000000 1.000000
-0.000000 0.000000 1.000000
-0.000000 -0.000000 1.000000
-0.000000 0.000000 1.000000
-0.000000 0.000000 1.000000
-0.000000 0.000000 1.000000
-0.000000 -0.000000 1.000000
-0.000000 0.000000 1.000000
-0.000000 0.000000 1.000000
-0.000000 -0.000000 1.000000
-0.000000 0.000000 1.000000
-0.000000 0.000000 1.000000
-0.000001 0.000000 1.000000
-0.000000 0.000000 1.000000
-0.000000 0.000000 1.000000
-0.000000 0.000000 1.000000
-0.000000 0.000000 1.000000
-0.000000 0.000000 1.000000
-0.000001 0.000000 1.000000
-0.000000 -0.000000 1.000000
-0.000000 -0.000000 1.000000
-0.000001 -0.000000 1.000000
-0.000000 -0.000000 1.000000
-0.000000 0.000000 1.000000
-0.000000 -0.000000 1.000000
-0.000000 -0.000000 1.000000
-0.000000 0.000000 1.000000
-0.000000 0.000000 1.000000
-0.000000 -0.000000 1.000000
-0.000000 0.000000 1.000000
-0.000000 0.000000 1.000000
-0.000000 -0.000000 1.000000
-0.000000 -0.000000 1.000000
-0.000001 -0.000000 1.000000
-0.000000 -0.000000 1.000000
-0.000000 -0.000000 1.000000
-0.000000 0.000000 1.000000
-0.000000 0.000000 1.000000
-0.000000 -0.000000 1.000000
-0.000000 -0.000000 1.000000
-0.000000 0.000000 1.000000
-0.000000 0.000000 1.000000
-0.000000 -0.000000 1.000000
-0.000000 0.000000 1.000000
-0.000000 0.000000 1.000000
-0.000000 0.000000 1.000000
-0.000000 -0.000000 1.000000
-0.000000 0.000000 1.000000
-0.000000 0.000000 1.000000
-0.000000 -0.000000 1.000000
-0.000000 -0.000000 1.000000
-0.000000 0.000000 1.000000
-0.000000 -0.000000 1.000000
-0.000000 0.000000 -1.000000
-0.000000 0.000000 -1.000000
-0.000000 0.000000 -1.000000
-0.000000 0.000000 -1.000000
-0.000000 0.000000 -1.000000
-0.000000 0.000000 -1.000000
-0.000000 0.000000 -1.000000
-0.000000 0.000000 -1.000000
-0.000000 0.000000 -1.000000
-0.000000 0.000000 -1.000000
-0.000000 -0.000000 -1.000000
-0.000000 -0.000000 -1.000000
-0.000000 -0.000000 -1.000000
0.000000 0.000000 -1.000000
-0.000000 0.000000 -1.000000
-0.000000 0.000000 -1.000000
-0.000000 -0.000000 -1.000000
-0.000000 0.000000 -1.000000
-0.000000 0.000000 -1.000000
-0.000000 0.000000 -1.000000
-0.000000 0.000000 -1.000000
-0.000000 0.000000 -1.000000
0.000000 -0.000000 -1.000000
-0.000000 0.000000 -1.000000
-0.000000 0.000000 -1.000000
-0.000000 0.000000 -1.000000
-0.000000 -0.000000 -1.000000
-0.000000 0.000000 -1.000000
-0.000000 0.000000 -1.000000
-0.000000 -0.000000 -1.000000
-0.000000 -0.000000 -1.000000
-0.000000 -0.000000 -1.000000
-0.000000 -0.000000 -1.000000
-0.000000 -0.000000 -1.000000
-0.000000 -0.000000 -1.000000
-0.000000 0.000000 -1.000000
-0.000000 -0.000000 -1.000000
-0.000000 -0.000000 -1.000000
-0.000000 0.000000 -1.000000
-0.000000 0.000000 -1.000000
-0.000000 -0.000000 -1.000000
-0.000000 0.000000 -1.000000
-0.000000 0.000000 -1.000000
-0.000000 0.000000 -1.000000
-0.000000 0.000000 -1.000000
-0.000000 0.000000 -1.000000
-0.000000 0.000000 -1.000000
-0.000000 0.000000 -1.000000
-0.000000 0.000000 -1.000000
-0.000000 0.000000 -1.000000
-0.000000 0.000000 -1.000000
-0.000000 0.000000 -1.000000
-0.000000 0.000000 -1.000000
-0.000000 0.000000 -1.000000
-0.000000 0.000000 -1.000000
-0.000000 -0.000000 -1.000000
-0.000000 -0.000000 -1.000000
-0.000000 -0.000000 -1.000000
0.000000 0.000000 -1.000000
-0.000000 0.000000 -1.000000
-0.000000 0.000000 -1.000000
-0.000000 -0.000000 -1.000000
-0.000000 0.000000 -1.000000
-0.000000 0.000000 -1.000000
-0.000000 0.000000 -1.000000
-0.000000 0.000000 -1.000000
-0.000000 0.000000 -1.000000
-0.000000 0.000000 -1.000000
-0.000000 0.000000 -1.000000
-0.000000 0.000000 -1.000000
0.000000 -0.000000 -1.000000
-0.000000 0.000000 -1.000000
-0.000000 0.000000 -1.000000
-0.000000 0.000000 -1.000000
-0.000000 -0.000000 -1.000000
-0.000000 0.000000 -1.000000
-0.000000 0.000000 -1.000000
-0.000000 -0.000000 -1.000000
-0.000000 0.000000 -1.000000
-0.000000 0.000000 -1.000000
-0.000000 -0.000000 -1.000000
-0.000000 -0.000000 -1.000000
-0.000000 -0.000000 -1.000000
-0.000000 -0.000000 -1.000000
-0.000000 0.000000 -1.000000
-0.000000 -0.000000 -1.000000
-0.000000 -0.000000 -1.000000
-0.000000 -0.000000 -1.000000
-0.000000 0.000000 -1.000000
-0.000000 -0.000000 -1.000000
-0.000000 1.000000 0.000000
-0.000000 1.000000 0.000000
0.195091 0.980785 0.000000
0.195091 0.980785 0.000000
0.195091 0.980785 0.000000
-0.000000 1.000000 0.000000
0.195091 0.980785 0.000000
0.195091 0.980785 0.000000
0.382684 0.923879 0.000000
0.382684 0.923879 0.000000
0.382684 0.923879 0.000000
0.195091 0.980785 0.000000
0.382684 0.923879 0.000000
0.382684 0.923879 0.000000
0.555569 0.831470 0.000000
0.555569 0.831470 0.000000
0.555569 0.831470 0.000000
0.382684 0.923879 0.000000
0.555569 0.831470 0.000000
0.555569 0.831470 0.000000
0.707106 0.707107 0.000000
0.707106 0.707107 0.000000
0.707106 0.707107 0.000000
0.555569 0.831470 0.000000
0.707106 0.707107 0.000000
0.707106 0.707107 0.000000
0.831470 0.555570 0.000000
0.831470 0.555570 0.000000
0.831470 0.555570 0.000000
0.707106 0.707107 0.000000
0.831470 0.555570 0.000000
0.831470 0.555570 0.000000
0.923880 0.382682 0.000000
0.923880 0.382682 0.000000
0.923880 0.382682 0.000000
0.831470 0.555570 0.000000
0.923880 0.382682 0.000000
0.923880 0.382682 0.000000
0.980785 0.195090 0.000000
0.980785 0.195090 0.000000
0.980785 0.195090 0.000000
0.923880 0.382682 0.000000
0.980785 0.195090 0.000000
0.980785 0.195090 0.000000
1.000000 0.000000 0.000000
1.000000 0.000000 0.000000
1.000000 -0.000000 0.000000
0.980785 0.195090 0.000000
1.000000 -0.000000 0.000000
1.000000 0.000000 0.000000
0.980786 -0.195089 0.000000
0.980786 -0.195089 0.000000
0.980786 -0.195089 0.000000
1.000000 -0.000000 0.000000
0.980786 -0.195089 0.000000
0.980786 -0.195089 0.000000
0.923880 -0.382683 0.000000
0.923880 -0.382683 0.000000
0.923880 -0.382683 0.000000
0.980786 -0.195089 0.000000
0.923880 -0.382683 0.000000
0.923880 -0.382683 0.000000
0.831470 -0.555570 0.000000
0.831470 -0.555570 0.000000
0.831470 -0.555570 0.000000
0.923880 -0.382683 0.000000
0.831470 -0.555570 0.000000
0.831470 -0.555570 0.000000
0.707107 -0.707106 0.000000
0.707107 -0.707106 0.000000
0.707107 -0.707106 0.000000
0.831470 -0.555570 0.000000
0.707107 -0.707106 0.000000
0.707107 -0.707106 0.000000
0.555570 -0.831470 0.000000
0.555570 -0.831470 0.000000
0.555570 -0.831470 0.000000
0.707107 -0.707106 0.000000
0.555570 -0.831470 0.000000
0.555570 -0.831470 0.000000
0.382682 -0.923880 0.000000
0.382682 -0.923880 0.000000
0.382682 -0.923880 0.000000
0.555570 -0.831470 0.000000
0.382682 -0.923880 0.000000
0.382682 -0.923880 0.000000
0.195089 -0.980785 0.000000
0.195089 -0.980785 0.000000
0.195089 -0.980785 0.000000
0.382682 -0.923880 0.000000
0.195089 -0.980785 0.000000
0.195089 -0.980785 0.000000
0.000000 -1.000000 0.000000
0.000000 -1.000000 0.000000
-0.000000 -1.000000 0.000000
0.195089 -0.980785 0.000000
-0.000000 -1.000000 0.000000
0.000000 -1.000000 0.000000
-0.195090 -0.980785 0.000000
-0.195090 -0.980785 0.000000
-0.195090 -0.980785 0.000000
-0.000000 -1.000000 0.000000
-0.195090 -0.980785 0.000000
-0.195090 -0.980785 0.000000
-0.382684 -0.923879 0.000000
-0.382684 -0.923879 0.000000
-0.382684 -0.923879 0.000000
-0.195090 -0.980785 0.000000
-0.382684 -0.923879 0.000000
-0.382684 -0.923879 0.000000
-0.555570 -0.831469 0.000000
-0.555570 -0.831469 0.000000
-0.555570 -0.831470 0.000000
-0.382684 -0.923879 0.000000
-0.555570 -0.831470 0.000000
-0.555570 -0.831469 0.000000
-0.707108 -0.707106 0.000000
-0.707108 -0.707106 0.000000
-0.707108 -0.707106 0.000000
-0.555570 -0.831470 0.000000
-0.707108 -0.707106 0.000000
-0.707108 -0.707106 0.000000
-0.831470 -0.555569 0.000000
-0.831470 -0.555569 0.000000
-0.831470 -0.555569 0.000000
-0.707108 -0.707106 0.000000
-0.831470 -0.555569 0.000000
-0.831470 -0.555569 0.000000
-0.923880 -0.382683 0.000000
-0.923880 -0.382683 0.000000
-0.923880 -0.382683 0.000000
-0.831470 -0.555569 0.000000
-0.923880 -0.382683 0.000000
-0.923880 -0.382683 0.000000
-0.980786 -0.195089 0.000000
-0.980786 -0.195089 0.000000
-0.980786 -0.195089 0.000000
-0.923880 -0.382683 0.000000
-0.980786 -0.195089 0.000000
-0.980786 -0.195089 0.000000
-1.000000 0.000001 0.000000
-1.000000 0.000001 0.000000
-1.000000 0.000001 0.000000
-0.980786 -0.195089 0.000000
-1.000000 0.000001 0.000000
-1.000000 0.000001 0.000000
-0.980785 0.195092 0.000000
-0.980785 0.195092 0.000000
-0.980785 0.195092 0.000000
-1.000000 0.000001 0.000000
-0.980785 0.195092 0.000000
-0.980785 0.195092 0.000000
-0.923879 0.382685 0.000000
-0.923879 0.382685 0.000000
-0.923879 0.382685 0.000000
-0.980785 0.195092 0.000000
-0.923879 0.382685 0.000000
-0.923879 0.382685 0.000000
-0.831469 0.555571 0.000000
-0.831469 0.555571 0.000000
-0.831469 0.555571 0.000000
-0.923879 0.382685 0.000000
-0.831469 0.555571 0.000000
-0.831469 0.555571 0.000000
-0.707106 0.707108 0.000000
-0.707106 0.707108 0.000000
-0.707106 0.707108 0.000000
-0.831469 0.555571 0.000000
-0.707106 0.707108 0.000000
-0.707106 0.707108 0.000000
-0.555569 0.831470 0.000000
-0.555569 0.831470 0.000000
-0.555569 0.831470 0.000000
-0.707106 0.707108 0.000000
-0.555569 0.831470 0.000000
-0.555569 0.831470 0.000000
-0.382682 0.923880 0.000000
-0.382682 0.923880 0.000000
-0.382682 0.923880 0.000000
-0.555569 0.831470 0.000000
-0.382682 0.923880 0.000000
-0.382682 0.923880 0.000000
-0.195089 0.980786 0.000000
-0.195089 0.980786 0.000000
-0.195089 0.980786 0.000000
-0.382682 0.923880 0.000000
-0.195089 0.980786 0.000000
-0.195089 0.980786 0.000000
-0.000000 1.000000 0.000000
-0.000000 1.000000 0.000000
-0.000000 1.000000 0.000000
-0.195089 0.980786 0.000000
0.000000 -0.000000 1.000000
0.000000 0.000000 1.000000
0.000000 -0.000000 1.000000
0.000000 -0.000000 1.000000
0.000001 -0.000000 1.000000
0.000000 -0.000000 1.000000
0.000000 -0.000000 1.000000
0.000000 -0.000000 1.000000
0.000000 -0.000000 1.000000
0.000000 -0.000000 1.000000
0.000001 -0.000000 1.000000
0.000000 -0.000000 1.000000
0.000000 -0.000000 1.000000
0.000001 0.000000 1.000000
0.000000 0.000000 1.000000
0.000000 -0.000000 1.000000
0.000000 -0.000000 1.000000
0.000000 0.000000 1.000000
0.000000 -0.000000 1.000000
0.000000 -0.000000 1.000000
0.000000 0.000000 1.000000
0.000000 0.000000 1.000000
0.000001 0.000000 1.000000
0.000000 0.000000 1.000000
0.000000 0.000000 1.000000
0.000000 -0.000000 1.000000
0.000000 -0.000000 1.000000
0.000000 0.000000 1.000000
0.000000 0.000000 1.000000
0.000000 -0.000000 1.000000
0.000000 -0.000000 1.000000
0.000000 -0.000000 1.000000
0.000000 0.000000 1.000000
0.000000 0.000000 1.000000
0.000000 0.000000 1.000000
0.000000 -0.000000 1.000000
0.000000 -0.000000 1.000000
0.000000 0.000000 1.000000
0.000000 -0.000000 1.000000
0.000000 0.000000 1.000000
0.000000 -0.000000 1.000000
0.000000 -0.000000 1.000000
0.000000 -0.000000 1.000000
0.000000 0.000000 1.000000
0.000000 -0.000000 1.000000
0.000000 -0.000000 1.000000
0.000000 0.000000 1.000000
0.000000 -0.000000 1.000000
0.000000 -0.000000 1.000000
0.000001 -0.000000 1.000000
0.000000 -0.000000 1.000000
0.000000 -0.000000 1.000000
0.000000 -0.000000 1.000000
0.000000 -0.000000 1.000000
0.000000 -0.000000 1.000000
0.000001 -0.000000 1.000000
0.000000 0.000000 1.000000
0.000000 0.000000 1.000000
0.000001 0.000000 1.000000
0.000000 0.000000 1.000000
0.000000 -0.000000 1.000000
0.000000 0.000000 1.000000
0.000000 0.000000 1.000000
0.000000 -0.000000 1.000000
0.000000 -0.000000 1.000000
0.000000 0.000000 1.000000
0.000000 -0.000000 1.000000
0.000000 -0.000000 1.000000
0.000000 0.000000 1.000000
0.000000 0.000000 1.000000
0.000001 0.000000 1.000000
0.000000 0.000000 1.000000
0.000000 0.000000 1.000000
0.000000 -0.000000 1.000000
0.000000 -0.000000 1.000000
0.000000 0.000000 1.000000
0.000000 0.000000 1.000000
0.000000 -0.000000 1.000000
0.000000 -0.000000 1.000000
0.000000 0.000000 1.000000
0.000000 -0.000000 1.000000
0.000000 -0.000000 1.000000
0.000000 -0.000000 1.000000
0.000000 0.000000 1.000000
0.000000 -0.000000 1.000000
0.000000 -0.000000 1.000000
0.000000 0.000000 1.000000
0.000000 0.000000 1.000000
0.000000 -0.000000 1.000000
0.000000 0.000000 1.000000
0.000000 0.000000 -1.000000
0.000000 0.000000 -1.000000
0.000000 0.000000 -1.000000
0.000000 0.000000 -1.000000
0.000000 0.000000 -1.000000
0.000000 0.000000 -1.000000
0.000000 0.000000 -1.000000
0.000000 0.000000 -1.000000
0.000000 0.000000 -1.000000
0.000000 0.000000 -1.000000
0.000000 0.000000 -1.000000
0.000000 0.000000 -1.000000
0.000000 0.000000 -1.000000
0.000000 0.000000 -1.000000
0.000000 0.000000 -1.000000
0.000000 0.000000 -1.000000
0.000000 0.000000 -1.000000
0.000000 0.000000 -1.000000
0.000000 0.000000 -1.000000
0.000000 0.000000 -1.000000
0.000000 0.000000 -1.000000
0.000000 0.000000 -1.000000
0.000000 0.000000 -1.000000
0.000000 0.000000 -1.000000
0.000000 0.000000 -1.000000
0.000000 0.000000 -1.000000
0.000000 0.000000 -1.000000
0.000000 0.000000 -1.000000
0.000000 0.000000 -1.000000
0.000000 0.000000 -1.000000
0.000000 0.000000 -1.000000
0.000000 0.000000 -1.000000
0.000000 0.000000 -1.000000
0.000000 0.000000 -1.000000
0.000000 0.000000 -1.000000
0.000000 0.000000 -1.000000
0.000000 0.000000 -1.000000
0.000000 0.000000 -1.000000
0.000000 0.000000 -1.000000
0.000000 0.000000 -1.000000
0.000000 0.000000 -1.000000
0.000000 0.000000 -1.000000
0.000000 0.000000 -1.000000
0.000000 0.000000 -1.000000
0.000000 0.000000 -1.000000
0.000000 0.000000 -1.000000
0.000000 0.000000 -1.000000
0.000000 0.000000 -1.000000
0.000000 0.000000 -1.000000
0.000000 0.000000 -1.000000
0.000000 0.000000 -1.000000
0.000000 0.000000 -1.000000
0.000000 0.000000 -1.000000
0.000000 0.000000 -1.000000
0.000000 0.000000 -1.000000
0.000000 0.000000 -1.000000
0.000000 0.000000 -1.000000
0.000000 0.000000 -1.000000
0.000000 0.000000 -1.000000
0.000000 0.000000 -1.000000
0.000000 0.000000 -1.000000
0.000000 0.000000 -1.000000
0.000000 0.000000 -1.000000
0.000000 0.000000 -1.000000
0.000000 0.000000 -1.000000
0.000000 0.000000 -1.000000
0.000000 0.000000 -1.000000
0.000000 0.000000 -1.000000
0.000000 0.000000 -1.000000
0.000000 0.000000 -1.000000
0.000000 0.000000 -1.000000
0.000000 0.000000 -1.000000
0.000000 0.000000 -1.000000
0.000000 0.000000 -1.000000
0.000000 0.000000 -1.000000
0.000000 0.000000 -1.000000
0.000000 0.000000 -1.000000
0.000000 0.000000 -1.000000
0.000000 0.000000 -1.000000
0.000000 0.000000 -1.000000
0.000000 0.000000 -1.000000
0.000000 0.000000 -1.000000
0.000000 0.000000 -1.000000
0.000000 0.000000 -1.000000
0.000000 0.000000 -1.000000
0.000000 0.000000 -1.000000
0.000000 0.000000 -1.000000
0.000000 0.000000 -1.000000
0.000000 0.000000 -1.000000
0.000000 0.000000 -1.000000
-0.000000 -1.000000 0.000000
0.195087 -0.980786 0.000000
0.195087 -0.980786 0.000000
0.195087 -0.980786 0.000000
-0.000000 -1.000000 0.000000
-0.000000 -1.000000 0.000000
0.195087 -0.980786 0.000000
0.382683 -0.923880 0.000000
0.382683 -0.923880 0.000000
0.382683 -0.923880 0.000000
0.195087 -0.980786 0.000000
0.195087 -0.980786 0.000000
0.382683 -0.923880 0.000000
0.555571 -0.831469 0.000000
0.555571 -0.831469 0.000000
0.555571 -0.831469 0.000000
0.382683 -0.923880 0.000000
0.382683 -0.923880 0.000000
0.555571 -0.831469 0.000000
0.707106 -0.707107 0.000000
0.707107 -0.707107 0.000000
0.707107 -0.707107 0.000000
0.555571 -0.831469 0.000000
0.555571 -0.831469 0.000000
0.707106 -0.707107 0.000000
0.831469 -0.555571 0.000000
0.831469 -0.555571 0.000000
0.831469 -0.555571 0.000000
0.707107 -0.707107 0.000000
0.707106 -0.707107 0.000000
0.831469 -0.555571 0.000000
0.923879 -0.382684 0.000000
0.923879 -0.382684 0.000000
0.923879 -0.382684 0.000000
0.831469 -0.555571 0.000000
0.831469 -0.555571 0.000000
0.923879 -0.382684 0.000000
0.980785 -0.195089 0.000000
0.980785 -0.195089 0.000000
0.980785 -0.195089 0.000000
0.923879 -0.382684 0.000000
0.923879 -0.382684 0.000000
0.980785 -0.195089 0.000000
1.000000 0.000000 0.000000
1.000000 -0.000000 0.000000
1.000000 -0.000000 0.000000
0.980785 -0.195089 0.000000
0.980785 -0.195089 0.000000
1.000000 0.000000 0.000000
0.980786 0.195089 0.000000
0.980786 0.195089 0.000000
0.980786 0.195089 0.000000
1.000000 -0.000000 0.000000
1.000000 0.000000 0.000000
0.980786 0.195089 0.000000
0.923880 0.382683 0.000000
0.923880 0.382683 0.000000
0.923880 0.382683 0.000000
0.980786 0.195089 0.000000
0.980786 0.195089 0.000000
0.923880 0.382683 0.000000
0.831470 0.555570 0.000000
0.831470 0.555570 0.000000
0.831470 0.555570 0.000000
0.923880 0.382683 0.000000
0.923880 0.382683 0.000000
0.831470 0.555570 0.000000
0.707107 0.707106 0.000000
0.707107 0.707106 0.000000
0.707107 0.707106 0.000000
0.831470 0.555570 0.000000
0.831470 0.555570 0.000000
0.707107 0.707106 0.000000
0.555571 0.831469 0.000000
0.555571 0.831469 0.000000
0.555571 0.831469 0.000000
0.707107 0.707106 0.000000
0.707107 0.707106 0.000000
0.555571 0.831469 0.000000
0.382684 0.923879 0.000000
0.382684 0.923880 0.000000
0.382684 0.923880 0.000000
0.555571 0.831469 0.000000
0.555571 0.831469 0.000000
0.382684 0.923879 0.000000
0.195090 0.980785 0.000000
0.195090 0.980785 0.000000
0.195090 0.980785 0.000000
0.382684 0.923880 0.000000
0.382684 0.923879 0.000000
0.195090 0.980785 0.000000
0.000001 1.000000 0.000000
0.000001 1.000000 0.000000
0.000001 1.000000 0.000000
0.195090 0.980785 0.000000
0.195090 0.980785 0.000000
0.000001 1.000000 0.000000
-0.195090 0.980785 0.000000
-0.195090 0.980785 0.000000
-0.195090 0.980785 0.000000
0.000001 1.000000 0.000000
0.000001 1.000000 0.000000
-0.195090 0.980785 0.000000
-0.382683 0.923880 0.000000
-0.382683 0.923880 0.000000
-0.382683 0.923880 0.000000
-0.195090 0.980785 0.000000
-0.195090 0.980785 0.000000
-0.382683 0.923880 0.000000
-0.555569 0.831470 0.000000
-0.555569 0.831470 0.000000
-0.555569 0.831470 0.000000
-0.382683 0.923880 0.000000
-0.382683 0.923880 0.000000
-0.555569 0.831470 0.000000
-0.707107 0.707107 0.000000
-0.707107 0.707107 0.000000
-0.707107 0.707107 0.000000
-0.555569 0.831470 0.000000
-0.555569 0.831470 0.000000
-0.707107 0.707107 0.000000
-0.831469 0.555571 0.000000
-0.831469 0.555571 0.000000
-0.831469 0.555571 0.000000
-0.707107 0.707107 0.000000
-0.707107 0.707107 0.000000
-0.831469 0.555571 0.000000
-0.923880 0.382683 0.000000
-0.923880 0.382683 0.000000
-0.923880 0.382683 0.000000
-0.831469 0.555571 0.000000
-0.831469 0.555571 0.000000
-0.923880 0.382683 0.000000
-0.980786 0.195088 0.000000
-0.980786 0.195088 0.000000
-0.980786 0.195088 0.000000
-0.923880 0.382683 0.000000
-0.923880 0.382683 0.000000
-0.980786 0.195088 0.000000
-1.000000 0.000001 0.000000
-1.000000 0.000001 0.000000
-1.000000 0.000001 0.000000
-0.980786 0.195088 0.000000
-0.980786 0.195088 0.000000
-1.000000 0.000001 0.000000
-0.980785 -0.195089 0.000000
-0.980785 -0.195089 0.000000
-0.980785 -0.195089 0.000000
-1.000000 0.000001 0.000000
-1.000000 0.000001 0.000000
-0.980785 -0.195089 0.000000
-0.923879 -0.382685 0.000000
-0.923879 -0.382685 0.000000
-0.923879 -0.382685 0.000000
-0.980785 -0.195089 0.000000
-0.980785 -0.195089 0.000000
-0.923879 -0.382685 0.000000
-0.831469 -0.555572 0.000000
-0.831469 -0.555572 0.000000
-0.831469 -0.555572 0.000000
-0.923879 -0.382685 0.000000
-0.923879 -0.382685 0.000000
-0.831469 -0.555572 0.000000
-0.707107 -0.707106 0.000000
-0.707107 -0.707106 0.000000
-0.707107 -0.707106 0.000000
-0.831469 -0.555572 0.000000
-0.831469 -0.555572 0.000000
-0.707107 -0.707106 0.000000
-0.555570 -0.831470 0.000000
-0.555570 -0.831470 0.000000
-0.555570 -0.831470 0.000000
-0.707107 -0.707106 0.000000
-0.707107 -0.707106 0.000000
-0.555570 -0.831470 0.000000
-0.382681 -0.923881 0.000000
-0.382681 -0.923881 0.000000
-0.382681 -0.923881 0.000000
-0.555570 -0.831470 0.000000
-0.555570 -0.831470 0.000000
-0.382681 -0.923881 0.000000
-0.195089 -0.980786 0.000000
-0.195089 -0.980786 0.000000
-0.195089 -0.980786 0.000000
-0.382681 -0.923881 0.000000
-0.382681 -0.923881 0.000000
-0.195089 -0.980786 0.000000
-0.000000 -1.000000 0.000000
-0.000000 -1.000000 0.000000
-0.000000 -1.000000 0.000000
-0.195089 -0.980786 0.000000
-0.195089 -0.980786 0.000000
0.000000 0.000000 1.000000
0.000000 0.000000 1.000000
0.000000 0.000000 1.000000
0.000000 0.000000 1.000000
0.000000 0.000000 1.000000
0.000000 0.000000 1.000000
0.000000 0.000000 1.000000
0.000000 0.000000 1.000000
0.000000 0.000000 1.000000
0.000000 0.000000 1.000000
0.000000 0.000000 1.000000
0.000000 0.000000 1.000000
0.000000 0.000000 1.000000
0.000000 0.000000 1.000000
0.000000 0.000000 1.000000
0.000000 0.000000 1.000000
0.000000 0.000000 1.000000
0.000000 0.000000 1.000000
0.000000 0.000000 1.000000
0.000000 0.000000 1.000000
0.000000 0.000000 1.000000
0.000000 0.000000 1.000000
0.000000 0.000000 1.000000
0.000000 0.000000 1.000000
0.000000 0.000000 1.000000
0.000000 0.000000 1.000000
0.000000 0.000000 1.000000
0.000000 0.000000 1.000000
0.000000 0.000000 1.000000
0.000000 0.000000 1.000000
0.000000 0.000000 1.000000
0.000000 0.000000 1.000000
0.000000 0.000000 1.000000
0.000000 0.000000 1.000000
0.000000 0.000000 1.000000
0.000000 0.000000 1.000000
0.000000 0.000000 1.000000
0.000000 0.000000 1.000000
0.000000 0.000000 1.000000
0.000000 0.000000 1.000000
0.000000 0.000000 1.000000
0.000000 0.000000 1.000000
0.000000 0.000000 1.000000
0.000000 0.000000 1.000000
0.000000 0.000000 1.000000
0.000000 0.000000 1.000000
0.000000 0.000000 1.000000
0.000000 0.000000 1.000000
0.000000 0.000000 1.000000
0.000000 0.000000 1.000000
0.000000 0.000000 1.000000
0.000000 0.000000 1.000000
0.000000 0.000000 1.000000
0.000000 0.000000 1.000000
0.000000 0.000000 1.000000
0.000000 0.000000 1.000000
0.000000 0.000000 1.000000
0.000000 0.000000 1.000000
0.000000 0.000000 1.000000
0.000000 0.000000 1.000000
0.000000 0.000000 1.000000
0.000000 0.000000 1.000000
0.000000 0.000000 1.000000
0.000000 0.000000 1.000000
0.000000 0.000000 1.000000
0.000000 0.000000 1.000000
0.000000 0.000000 1.000000
0.000000 0.000000 1.000000
0.000000 0.000000 1.000000
0.000000 0.000000 1.000000
0.000000 0.000000 1.000000
0.000000 0.000000 1.000000
0.000000 0.000000 1.000000
0.000000 0.000000 1.000000
0.000000 0.000000 1.000000
0.000000 0.000000 1.000000
0.000000 0.000000 1.000000
0.000000 0.000000 1.000000
0.000000 0.000000 1.000000
0.000000 0.000000 1.000000
0.000000 0.000000 1.000000
0.000000 0.000000 1.000000
0.000000 0.000000 1.000000
0.000000 0.000000 1.000000
0.000000 0.000000 1.000000
0.000000 0.000000 1.000000
0.000000 0.000000 1.000000
0.000000 0.000000 1.000000
0.000000 0.000000 1.000000
0.000000 0.000000 1.000000
0.000000 0.000000 -1.000000
0.000000 0.000000 -1.000000
0.000000 0.000000 -1.000000
0.000000 0.000000 -1.000000
0.000000 0.000000 -1.000000
0.000000 0.000000 -1.000000
-0.661311 0.000000 0.750111
-0.661312 0.000000 0.750111
-0.661311 0.000000 0.750111
-0.661311 0.000000 0.750111
-0.661312 0.000000 0.750111
-0.661311 0.000000 0.750111
1.000000 0.000000 0.000000
1.000000 0.000000 0.000000
1.000000 0.000000 0.000000
1.000000 0.000000 0.000000
1.000000 0.000000 0.000000
1.000000 0.000000 0.000000
0.000001 1.000000 0.000000
0.000001 1.000000 0.000000
0.000001 1.000000 0.000000
-0.000001 -1.000000 0.000000
-0.000001 -1.000000 0.000000
-0.000001 -1.000000 0.000000
0.000000 0.000000 -1.000000
0.000000 0.000000 -1.000000
0.000000 0.000000 -1.000000
0.000000 0.000000 -1.000000
0.000000 0.000000 -1.000000
0.000000 0.000000 -1.000000
-0.467621 -0.467614 0.750111
-0.467621 -0.467614 0.750111
-0.467621 -0.467614 0.750111
-0.467621 -0.467614 0.750111
-0.467621 -0.467614 0.750111
-0.467621 -0.467614 0.750111
0.707112 0.707102 0.000000
0.707112 0.707102 0.000000
0.707112 0.707102 0.000000
0.707112 0.707102 0.000000
0.707112 0.707102 0.000000
0.707112 0.707102 0.000000
-0.707106 0.707108 0.000000
-0.707106 0.707108 0.000000
-0.707106 0.707108 0.000000
0.707106 -0.707108 0.000000
0.707106 -0.707108 0.000000
0.707106 -0.707108 0.000000
-0.000001 0.000000 -1.000000
-0.000001 0.000000 -1.000000
-0.000001 0.000000 -1.000000
-0.000001 0.000000 -1.000000
-0.000001 0.000000 -1.000000
-0.000001 0.000000 -1.000000
0.000014 -0.661312 0.750111
0.000014 -0.661312 0.750111
0.000001 -0.661311 0.750111
0.000001 -0.661311 0.750111
0.000000 -0.661311 0.750111
0.000014 -0.661312 0.750111
-0.000001 1.000000 -0.000000
0.000000 1.000000 0.000000
-0.000020 1.000000 -0.000001
-0.000020 1.000000 -0.000001
-0.000021 1.000000 -0.000001
-0.000001 1.000000 -0.000000
-1.000000 0.000001 0.000000
-1.000000 0.000001 0.000000
-1.000000 0.000001 0.000000
1.000000 -0.000001 0.000000
1.000000 -0.000001 0.000000
1.000000 -0.000001 0.000000
0.000000 0.000000 -1.000000
0.000000 0.000000 -1.000000
0.000000 0.000000 -1.000000
0.000000 0.000000 -1.000000
0.000000 0.000000 -1.000000
0.000000 0.000000 -1.000000
-0.661312 0.000000 0.750111
-0.661312 0.000000 0.750111
-0.661312 0.000000 0.750111
-0.661312 0.000000 0.750111
-0.661312 0.000000 0.750111
-0.661312 0.000000 0.750111
1.000000 0.000010 0.000001
1.000000 0.000000 0.000000
1.000000 0.000000 0.000000
1.000000 0.000000 0.000000
1.000000 0.000011 0.000001
1.000000 0.000010 0.000001
-0.000001 -1.000000 -0.000000
-0.000001 -1.000000 -0.000000
-0.000001 -1.000000 -0.000000
0.000001 1.000000 0.000000
0.000001 1.000000 0.000000
0.000001 1.000000 0.000000
0.000000 0.000000 -1.000000
0.000000 0.000000 -1.000000
0.000000 0.000000 -1.000000
0.000000 0.000000 -1.000000
0.000000 0.000000 -1.000000
0.000000 0.000000 -1.000000
-0.467621 0.467614 0.750111
-0.467621 0.467614 0.750111
-0.467621 0.467614 0.750111
-0.467621 0.467614 0.750111
-0.467621 0.467614 0.750111
-0.467621 0.467614 0.750111
0.707102 -0.707112 0.000000
0.707112 -0.707101 0.000001
0.707112 -0.707102 0.000001
0.707112 -0.707102 0.000001
0.707102 -0.707112 0.000000
0.707102 -0.707112 0.000000
-0.707107 -0.707106 0.000000
-0.707107 -0.707106 0.000000
-0.707107 -0.707106 0.000000
0.707108 0.707106 -0.000001
0.707108 0.707106 -0.000001
0.707108 0.707106 -0.000001
0.000000 -0.000000 -1.000000
0.000000 -0.000000 -1.000000
0.000000 -0.000000 -1.000000
0.000000 -0.000000 -1.000000
0.000000 -0.000000 -1.000000
0.000000 -0.000000 -1.000000
0.000000 0.661312 0.750111
0.000000 0.661312 0.750111
0.000000 0.661312 0.750111
0.000000 0.661312 0.750111
0.000000 0.661312 0.750111
0.000000 0.661312 0.750111
0.000000 -1.000000 0.000001
0.000000 -1.000000 0.000001
0.000000 -1.000000 0.000001
0.000000 -1.000000 0.000001
0.000000 -1.000000 0.000001
0.000000 -1.000000 0.000001
-1.000000 0.000001 -0.000000
-1.000000 0.000001 -0.000000
-1.000000 0.000001 -0.000000
1.000000 -0.000001 0.000000
1.000000 -0.000001 0.000000
1.000000 -0.000001 0.000000
0.000000 -0.000000 -1.000000
0.000000 -0.000000 -1.000000
0.000001 -0.000000 -1.000000
0.000001 -0.000000 -1.000000
0.000001 -0.000000 -1.000000
0.000000 -0.000000 -1.000000
0.000000 0.661312 0.750111
0.000000 0.661312 0.750111
0.000000 0.661312 0.750111
0.000000 0.661312 0.750111
0.000000 0.661312 0.750111
0.000000 0.661312 0.750111
-0.000000 -1.000000 0.000001
-0.000000 -1.000000 0.000001
-0.000000 -1.000000 0.000001
-0.000000 -1.000000 0.000001
0.000000 -1.000000 0.000001
-0.000000 -1.000000 0.000001
1.000000 -0.000001 0.000000
1.000000 -0.000001 0.000000
1.000000 -0.000001 0.000000
-1.000000 0.000001 -0.000000
-1.000000 0.000001 -0.000000
-1.000000 0.000001 -0.000000
-0.000000 0.000000 -1.000000
-0.000000 0.000000 -1.000000
0.000000 0.000000 -1.000000
0.000000 0.000000 -1.000000
0.000000 0.000000 -1.000000
-0.000000 0.000000 -1.000000
0.467625 0.467611 0.750111
0.467625 0.467611 0.750111
0.467625 0.467611 0.750111
0.467625 0.467611 0.750111
0.467625 0.467611 0.750111
0.467625 0.467611 0.750111
-0.707117 -0.707096 0.000000
-0.707117 -0.707096 0.000000
-0.707117 -0.707096 0.000000
-0.707117 -0.707096 0.000000
-0.707117 -0.707096 0.000000
-0.707117 -0.707096 0.000000
0.707106 -0.707107 0.000000
0.707106 -0.707107 0.000000
0.707106 -0.707107 0.000000
-0.707106 0.707107 0.000000
-0.707106 0.707107 0.000000
-0.707106 0.707107 0.000000
-0.000000 -0.000001 -1.000000
-0.000000 -0.000001 -1.000000
-0.000000 -0.000001 -1.000000
-0.000000 -0.000001 -1.000000
-0.000000 -0.000001 -1.000000
-0.000000 -0.000001 -1.000000
0.661312 0.000000 0.750111
0.661312 0.000000 0.750111
0.661312 0.000000 0.750111
0.661312 0.000000 0.750111
0.661312 0.000000 0.750111
0.661312 0.000000 0.750111
-1.000000 0.000000 0.000000
-1.000000 0.000000 0.000000
-1.000000 0.000000 0.000000
-1.000000 0.000000 0.000000
-1.000000 0.000000 0.000000
-1.000000 0.000000 0.000000
-0.000001 -1.000000 0.000000
-0.000001 -1.000000 0.000000
-0.000001 -1.000000 0.000000
0.000001 1.000000 0.000000
0.000001 1.000000 0.000000
0.000001 1.000000 0.000000
-0.000000 0.000001 -1.000000
-0.000000 0.000001 -1.000000
-0.000000 0.000001 -1.000000
-0.000000 0.000001 -1.000000
-0.000000 0.000001 -1.000000
-0.000000 0.000001 -1.000000
0.661312 -0.000000 0.750111
0.661312 -0.000001 0.750111
0.661312 -0.000001 0.750111
0.661312 -0.000001 0.750111
0.661312 0.000000 0.750111
0.661312 -0.000000 0.750111
-1.000000 0.000000 0.000000
-1.000000 0.000000 0.000000
-1.000000 0.000000 0.000000
-1.000000 0.000000 0.000000
-1.000000 0.000000 0.000000
-1.000000 0.000000 0.000000
0.000001 1.000000 0.000000
0.000001 1.000000 0.000000
0.000001 1.000000 0.000000
-0.000001 -1.000000 0.000000
-0.000001 -1.000000 0.000000
-0.000001 -1.000000 0.000000
0.000000 0.000000 -1.000000
-0.000000 0.000000 -1.000000
-0.000000 0.000000 -1.000000
-0.000000 0.000000 -1.000000
0.000000 0.000000 -1.000000
0.000000 0.000000 -1.000000
0.467617 -0.467618 0.750112
0.467617 -0.467618 0.750111
0.467617 -0.467618 0.750112
0.467617 -0.467618 0.750112
0.467617 -0.467618 0.750112
0.467617 -0.467618 0.750112
-0.707117 0.707097 -0.000000
-0.707107 0.707107 -0.000001
-0.707107 0.707106 -0.000001
-0.707107 0.707106 -0.000001
-0.707117 0.707096 0.000000
-0.707117 0.707097 -0.000000
0.707107 0.707107 0.000000
0.707107 0.707107 0.000000
0.707107 0.707107 0.000000
-0.707107 -0.707106 -0.000001
-0.707107 -0.707106 -0.000001
-0.707107 -0.707106 -0.000001
0.000000 0.000000 -1.000000
0.000000 0.000000 -1.000000
0.000000 0.000000 -1.000000
0.000000 0.000000 -1.000000
0.000000 0.000000 -1.000000
0.000000 0.000000 -1.000000
0.000000 -0.661311 0.750111
0.000000 -0.661311 0.750111
0.000000 -0.661311 0.750111
0.000000 -0.661311 0.750111
0.000000 -0.661311 0.750111
0.000000 -0.661311 0.750111
0.000000 1.000000 0.000000
0.000000 1.000000 0.000000
0.000000 1.000000 0.000000
0.000000 1.000000 0.000000
0.000000 1.000000 0.000000
0.000000 1.000000 0.000000
1.000000 -0.000001 0.000000
1.000000 -0.000001 0.000000
1.000000 -0.000001 0.000000
-1.000000 0.000001 0.000000
-1.000000 0.000001 0.000000
-1.000000 0.000001 0.000000
</float_array>
          <technique_common>
            <accessor source="#TidalTurbine_Base-Normal0-array" count="12840" stride="3">
              <param name="X" type="float"/>
              <param name="Y" type="float"/>
              <param name="Z" type="float"/>
            </accessor>
          </technique_common>
        </source>
        <source id="TidalTurbine_Base-UV0">
          <float_array id="TidalTurbine_Base-UV0-array" count="6700">
0.750000 0.000000
0.781250 0.000000
0.812500 0.000000
0.843750 0.000000
0.875000 0.000000
0.906250 0.000000
0.937500 0.000000
0.968750 0.000000
1.000000 0.000000
0.031250 0.000000
0.062500 0.000000
0.093750 0.000000
0.125000 0.000000
0.156250 0.000000
0.187500 0.000000
0.218750 0.000000
0.250000 0.000000
0.281250 0.000000
0.312500 0.000000
0.343750 0.000000
0.375000 0.000000
0.406250 0.000000
0.437500 0.000000
0.468750 0.000000
0.500000 0.000000
0.531250 0.000000
0.562500 0.000000
0.593750 0.000000
0.625000 0.000000
0.656250 0.000000
0.687500 0.000000
0.718750 0.000000
0.750000 1.000000
0.781250 1.000000
0.812500 1.000000
0.843750 1.000000
0.875000 1.000000
0.906250 1.000000
0.937500 1.000000
0.968750 1.000000
1.000000 1.000000
0.031250 1.000000
0.062500 1.000000
0.093750 1.000000
0.125000 1.000000
0.156250 1.000000
0.187500 1.000000
0.218750 1.000000
0.250000 1.000000
0.281250 1.000000
0.312500 1.000000
0.343750 1.000000
0.375000 1.000000
0.406250 1.000000
0.437500 1.000000
0.468750 1.000000
0.500000 1.000000
0.531250 1.000000
0.562500 1.000000
0.593750 1.000000
0.625000 1.000000
0.656250 1.000000
0.687500 1.000000
0.718750 1.000000
-0.000000 0.000000
-0.000000 1.000000
1.012035 0.000000
1.004393 0.000000
0.977367 0.000000
0.931997 0.000000
0.870025 0.000000
0.793833 0.000000
0.706349 0.000000
0.610936 0.000000
0.511259 0.000000
0.411150 0.000000
0.314456 0.000000
0.224893 0.000000
0.145901 0.000000
0.080518 0.000000
0.031255 0.000000
0.000006 0.000000
-0.012029 0.000000
-0.004386 0.000000
0.022640 0.000000
0.068010 0.000000
0.129982 0.000000
0.206173 0.000000
0.293656 0.000000
1.012035 1.000000
1.004393 1.000000
0.977368 1.000000
0.931997 1.000000
0.870026 1.000000
0.793834 1.000000
0.706350 1.000000
0.610936 1.000000
0.511259 1.000000
0.411150 1.000000
0.314455 1.000000
0.224890 1.000000
0.145898 1.000000
0.080513 1.000000
0.031249 1.000000
-0.000001 1.000000
-0.012036 1.000000
-0.004394 1.000000
0.022632 1.000000
0.068003 1.000000
0.129975 1.000000
0.206167 1.000000
0.750000 0.075000
0.779332 0.000000
0.810118 0.000000
0.840844 0.000000
0.871494 0.000000
0.902053 0.000000
0.932514 0.000000
0.962870 0.000000
0.993120 0.000000
0.031250 0.075000
0.062500 0.075000
0.093750 0.075000
0.125000 0.075000
0.156250 0.075000
0.187500 0.075000
0.218750 0.075000
0.250000 0.075000
0.281250 0.075000
0.312500 0.075000
0.343750 0.075000
0.375000 0.075000
0.406250 0.075000
0.437500 0.075000
0.468750 0.075000
0.500000 0.075000
0.531250 0.075000
0.562500 0.075000
0.593750 0.075000
0.625000 0.075000
0.656250 0.075000
0.687500 0.075000
0.718750 0.075000
0.750000 0.925000
0.781250 0.925000
0.812500 0.925000
0.843750 0.925000
0.875000 0.925000
0.906250 0.925000
0.937500 0.925000
0.968750 0.925000
1.000000 0.925000
0.031250 0.925000
0.062500 0.925000
0.093750 0.925000
0.125000 0.925000
0.156250 0.925000
0.187500 0.925000
0.218750 0.925000
0.250000 0.925000
0.281250 0.925000
0.312500 0.925000
0.343750 0.925000
0.375000 0.925000
0.406250 0.925000
0.437500 0.925000
0.468750 0.925000
0.500000 0.925000
0.531250 0.925000
0.562500 0.925000
0.593750 0.925000
0.625000 0.925000
0.656250 0.925000
0.687500 0.925000
0.718750 0.925000
-0.000000 0.075000
-0.000000 0.925000
1.004627 0.000000
0.996950 0.000000
0.970384 0.000000
0.925949 0.000000
0.865353 0.000000
0.790925 0.000000
0.705525 0.000000
0.612435 0.000000
0.514636 0.000000
0.416482 0.000000
0.321746 0.000000
0.234069 0.000000
0.156819 0.000000
0.092966 0.000000
0.044962 0.000000
0.014654 0.000000
0.003206 0.000000
0.011057 0.000000
0.037906 0.000000
0.082721 0.000000
0.143780 0.000000
0.218736 0.000000
0.304709 0.000000
1.001137 1.000000
0.993640 1.000000
0.967174 1.000000
0.922754 1.000000
0.862088 1.000000
0.787507 1.000000
0.701907 1.000000
0.608548 1.000000
0.511017 1.000000
0.413063 1.000000
0.318450 1.000000
0.230814 1.000000
0.153523 1.000000
0.089546 1.000000
0.041343 1.000000
0.010766 1.000000
-0.001010 1.000000
0.006467 1.000000
0.032911 1.000000
0.077305 1.000000
0.137942 1.000000
0.212494 1.000000
0.748503 0.000000
0.781250 0.075000
0.812500 0.075000
0.843750 0.075000
0.875000 0.075000
0.906250 0.075000
0.937500 0.075000
0.968750 0.075000
1.000000 0.075000
0.741619 1.000000
0.772802 1.000000
0.803985 1.000000
0.835135 1.000000
0.866220 1.000000
0.897210 1.000000
0.928080 1.000000
0.958806 1.000000
0.989375 1.000000
0.710470 1.000000
0.030914 0.103782
0.000336 0.103782
0.062164 0.103782
0.031586 0.103782
0.093414 0.103781
0.062836 0.103781
0.124664 0.103781
0.094086 0.103781
0.155914 0.103781
0.125336 0.103781
0.187164 0.103781
0.156586 0.103781
0.218414 0.103781
0.187836 0.103781
0.249664 0.103781
0.219086 0.103781
0.280914 0.103781
0.250336 0.103781
0.312164 0.103781
0.281587 0.103781
0.343414 0.103781
0.312837 0.103781
0.374664 0.103781
0.344087 0.103781
0.405914 0.103781
0.375337 0.103781
0.437164 0.103781
0.406587 0.103781
0.468414 0.103781
0.437837 0.103781
0.499664 0.103781
0.469087 0.103781
0.530914 0.103781
0.500337 0.103781
0.562164 0.103781
0.531587 0.103781
0.593414 0.103781
0.562837 0.103781
0.624664 0.103781
0.594087 0.103781
0.655914 0.103781
0.625337 0.103781
0.687164 0.103781
0.656587 0.103781
0.718414 0.103782
0.687837 0.103781
0.749664 0.103782
0.719087 0.103782
1.002928 0.994889
0.988960 0.995991
1.001073 1.009273
1.013254 1.006710
0.975432 1.014158
1.008271 1.010876
0.931573 1.018603
0.983864 1.014694
0.871150 1.022378
0.940910 1.017979
0.796478 1.025319
0.881039 1.020591
0.710415 1.027204
0.806482 1.022341
0.616299 1.028160
0.720245 1.023326
0.517721 1.028047
0.625558 1.023423
0.418469 1.026870
0.526060 1.022631
0.322358 1.024677
0.425578 1.020980
0.233084 1.021557
0.327979 1.018537
0.154084 1.017642
0.237025 1.015405
0.088411 1.013115
0.156245 1.011726
0.038645 1.008267
0.088868 1.007724
0.007121 1.004136
0.038371 1.004136
-0.002868 1.005080
0.011083 1.003995
-0.000984 0.990789
-0.013130 0.993341
0.024645 0.985920
-0.008150 0.989189
0.068490 0.981487
0.016248 0.985380
0.128895 0.977720
0.059190 0.982102
0.203549 0.974783
0.119044 0.979493
0.666813 0.837091
0.102100 0.868347
0.629404 0.000000
0.739142 0.000000
0.781211 0.000000
0.968750 0.697418
1.000000 0.000000
1.000000 0.717918
0.968750 0.000000
0.937500 0.636706
0.937500 0.000000
0.031250 0.000000
0.062500 0.636706
0.031250 0.697418
-0.000000 0.000000
0.031250 0.697418
-0.000000 0.717918
0.906250 0.538116
0.937500 0.000000
0.937500 0.636706
0.062500 0.000000
0.093750 0.538116
0.062500 0.636706
0.906250 0.000000
0.875000 0.450070
0.875000 0.000000
0.093750 0.000000
0.125000 0.450070
0.094851 0.533440
0.846665 0.354595
0.843750 0.000000
0.875000 0.000000
0.156250 0.000000
0.187500 0.280843
0.156250 0.349021
0.153335 0.354595
0.156250 0.000000
0.156250 0.349021
0.812500 0.280843
0.843750 0.000000
0.843750 0.349021
0.202867 0.244464
0.218750 0.000000
0.218750 0.232256
0.750000 0.207278
0.781250 0.000000
0.781250 0.232256
0.797133 0.244464
0.781250 0.000000
0.812500 0.000000
0.218750 0.000000
0.250000 0.207278
0.218750 0.232256
0.250000 0.207278
0.281250 0.000000
0.281250 0.232257
0.718750 0.000000
0.750000 0.207278
0.718750 0.232256
0.297133 0.244465
0.281250 0.000000
0.312500 0.000000
0.656250 0.000000
0.687500 0.280842
0.656250 0.349021
0.702867 0.244465
0.718750 0.000000
0.718750 0.232256
0.312500 0.280843
0.343750 0.000000
0.343750 0.349021
0.346666 0.354596
0.343750 0.000000
0.375000 0.000000
0.593750 0.000000
0.625000 0.450069
0.594851 0.533440
0.653334 0.354596
0.656250 0.000000
0.656250 0.349021
0.406250 0.538115
0.437500 0.000000
0.437500 0.636706
0.406250 0.000000
0.375000 0.450070
0.375000 0.000000
0.562500 0.000000
0.593750 0.538114
0.562500 0.636705
0.531250 0.000000
0.562500 0.636705
0.531250 0.697417
0.500000 0.000000
0.531250 0.697417
0.500000 0.717918
0.468750 0.697418
0.500000 0.000000
0.500000 0.717917
0.437500 0.636706
0.468750 0.000000
0.468750 0.697418
0.229009 0.896920
0.218750 0.137143
0.218750 0.885550
0.270991 0.125773
0.281250 0.885550
0.281250 0.137144
0.281250 0.137144
0.310918 0.184473
0.291572 0.148144
0.343750 0.731855
0.329182 0.233363
0.312500 0.189035
0.365041 0.434651
0.344357 0.292937
0.343750 0.290838
0.218750 0.885550
0.189082 0.838220
0.208428 0.874549
0.156250 0.731856
0.170817 0.233364
0.156250 0.290837
0.134959 0.434651
0.155643 0.292937
0.142842 0.360903
0.687942 0.000000
0.781250 0.000000
0.739192 0.000000
0.812500 0.000000
0.831741 0.000000
0.838233 0.000000
0.629469 0.000000
0.566021 0.000000
0.500036 0.000000
0.434049 0.000000
0.370597 0.000000
0.312118 0.000000
0.260858 0.000000
0.218789 0.000000
0.187527 0.000000
0.168273 0.000000
0.161767 0.000000
0.168259 0.000000
0.187500 0.000000
0.218750 0.000000
0.260808 0.000000
0.312058 0.000000
0.831727 0.000000
0.812473 0.000000
0.370531 0.000000
0.433980 0.000000
0.499965 0.000000
0.565951 0.000000
0.687883 0.000000
0.968750 0.000000
0.968750 0.697418
0.062500 0.000000
0.031250 0.000000
0.906250 0.000000
0.093750 0.000000
0.905149 0.533440
0.906250 0.538116
0.093750 0.538116
0.125000 0.000000
0.875000 0.450070
0.843750 0.349021
0.187500 0.000000
0.125000 0.000000
0.125000 0.450070
0.812500 0.000000
0.187500 0.000000
0.187500 0.280843
0.750000 0.000000
0.812500 0.280843
0.781250 0.232256
0.250000 0.000000
0.250000 0.000000
0.750000 0.000000
0.312500 0.280843
0.281250 0.232257
0.687500 0.000000
0.687500 0.000000
0.687500 0.280842
0.312500 0.000000
0.375000 0.450070
0.343750 0.349021
0.593750 0.538114
0.625000 0.000000
0.625000 0.000000
0.625000 0.450069
0.406250 0.000000
0.405149 0.533440
0.406250 0.538115
0.593750 0.000000
0.562500 0.000000
0.531250 0.000000
0.468750 0.000000
0.437500 0.000000
0.250000 0.118219
0.250000 0.904474
0.229009 0.125773
0.270991 0.896920
0.250000 0.118219
0.250000 0.904474
0.291572 0.874549
0.281250 0.885550
0.310918 0.838220
0.312500 0.833659
0.312500 0.189035
0.329183 0.789329
0.312500 0.833659
0.343750 0.290838
0.344357 0.729756
0.343750 0.731855
0.357158 0.661790
0.365041 0.588042
0.367702 0.511346
0.357158 0.360903
0.208428 0.148144
0.218750 0.137143
0.189082 0.184473
0.187500 0.189034
0.187500 0.833659
0.187500 0.189034
0.170817 0.789330
0.187500 0.833659
0.156250 0.290837
0.155643 0.729756
0.156250 0.731856
0.142842 0.661790
0.134959 0.588042
0.132298 0.511347
0.750000 0.028552
0.765625 0.000000
0.781250 0.000000
0.796875 0.000000
0.812500 0.000000
0.828125 0.000000
0.843750 0.000000
0.859375 0.000000
0.875000 0.000000
0.890625 0.000000
0.906250 0.000000
0.921875 0.000000
0.937500 0.000000
0.953125 0.000000
0.968750 0.000000
0.984375 0.000000
0.000000 0.028552
0.015625 0.028552
0.031250 0.028552
0.046875 0.028552
0.062500 0.028552
0.078125 0.028552
0.093750 0.028552
0.109375 0.028552
0.125000 0.028552
0.140625 0.028552
0.156250 0.028552
0.171875 0.028552
0.187500 0.028552
0.203125 0.028552
0.218750 0.028552
0.234375 0.028552
0.250000 0.028552
0.265625 0.028552
0.281250 0.028552
0.296875 0.028552
0.312500 0.028552
0.328125 0.028552
0.343750 0.028552
0.359375 0.028552
0.375000 0.028552
0.390625 0.028552
0.406250 0.028552
0.421875 0.028552
0.437500 0.028552
0.453125 0.028552
0.468750 0.028552
0.484375 0.028552
0.500000 0.028552
0.515625 0.028552
0.531250 0.028552
0.546875 0.028552
0.562500 0.028552
0.578125 0.028552
0.593750 0.028552
0.609375 0.028552
0.625000 0.028552
0.640625 0.028552
0.656250 0.028552
0.671875 0.028552
0.687500 0.028552
0.703125 0.028552
0.718750 0.028552
0.734374 0.028552
0.750000 0.962544
0.765625 0.962544
0.781250 0.962544
0.796875 0.962544
0.812500 0.962544
0.828125 0.962544
0.843750 0.962544
0.859375 0.962544
0.875000 0.962544
0.890625 0.962544
0.906250 0.962544
0.921875 0.962544
0.937500 0.962544
0.953125 0.962544
0.968750 0.962544
0.984375 0.962544
0.000000 0.962544
0.015625 0.962544
0.031250 0.962544
0.046875 0.962544
0.062500 0.962544
0.078125 0.962544
0.093750 0.962544
0.109375 0.962544
0.125000 0.962544
0.140625 0.962544
0.156250 0.962544
0.171875 0.962544
0.187500 0.962544
0.203125 0.962544
0.218750 0.962544
0.234375 0.962544
0.250000 0.962544
0.265625 0.962544
0.281250 0.962544
0.296875 0.962544
0.312500 0.962544
0.328125 0.962544
0.343750 0.962544
0.359375 0.962544
0.375000 0.962544
0.390625 0.962544
0.406250 0.962544
0.421875 0.962544
0.437500 0.962544
0.453125 0.962544
0.468750 0.962544
0.484375 0.962544
0.500000 0.962544
0.515625 0.962544
0.531250 0.962544
0.546875 0.962544
0.562500 0.962544
0.578125 0.962544
0.593750 0.962544
0.609375 0.962544
0.625000 0.962544
0.640625 0.962544
0.656250 0.962544
0.671875 0.962544
0.687500 0.962544
0.703125 0.962544
0.718750 0.962544
0.734374 0.962544
-0.015625 0.028552
-0.015625 0.962544
0.995335 0.000000
1.001525 0.000000
1.002885 0.000000
0.999402 0.000000
0.991110 0.000000
0.978087 0.000000
0.960461 0.000000
0.938400 0.000000
0.912117 0.000000
0.881865 0.000000
0.847935 0.000000
0.810655 0.000000
0.770383 0.000000
0.727508 0.000000
0.682441 0.000000
0.635617 0.000000
0.587488 0.000000
0.538516 0.000000
0.489173 0.000000
0.439934 0.000000
0.391274 0.000000
0.343661 0.000000
0.297553 0.000000
0.253395 0.000000
0.211611 0.000000
0.172605 0.000000
0.136753 0.000000
0.104398 0.000000
0.075854 0.000000
0.051394 0.000000
0.031254 0.000000
0.015628 0.000000
0.004667 0.000000
-0.001524 0.000000
-0.002885 0.000000
0.000597 0.000000
0.008889 0.000000
0.021910 0.000000
0.039535 0.000000
0.061595 0.000000
0.087877 0.000000
0.118128 0.000000
0.152056 0.000000
0.189335 0.000000
0.229606 0.000000
0.272481 0.000000
0.317547 0.000000
0.364370 0.000000
0.995335 1.000000
1.001525 1.000000
1.002885 1.000000
0.999402 1.000000
0.991109 1.000000
0.978087 1.000000
0.960461 1.000000
0.938400 1.000000
0.912117 1.000000
0.881864 1.000000
0.847935 1.000000
0.810655 1.000000
0.770383 1.000000
0.727507 1.000000
0.682440 1.000000
0.635616 1.000000
0.587485 1.000000
0.538513 1.000000
0.489169 1.000000
0.439930 1.000000
0.391269 1.000000
0.343656 1.000000
0.297548 1.000000
0.253390 1.000000
0.211606 1.000000
0.172601 1.000000
0.136748 1.000000
0.104393 1.000000
0.075849 1.000000
0.051389 1.000000
0.031250 1.000000
0.015625 1.000000
0.004665 1.000000
-0.001525 1.000000
-0.002885 1.000000
0.000598 1.000000
0.008890 1.000000
0.021912 1.000000
0.039539 1.000000
0.061600 1.000000
0.087882 1.000000
0.118134 1.000000
0.152064 1.000000
0.189344 1.000000
0.229616 1.000000
0.272492 1.000000
0.317558 1.000000
0.750000 1.000000
0.765625 1.000000
0.781250 1.000000
0.796875 1.000000
0.812500 1.000000
0.828125 1.000000
0.843750 1.000000
0.859375 1.000000
0.875000 1.000000
0.890625 1.000000
0.906250 1.000000
0.921875 1.000000
0.937500 1.000000
0.953125 1.000000
0.968750 1.000000
0.984375 1.000000
0.995335 1.000000
1.001525 1.000000
1.002885 1.000000
0.999402 1.000000
0.991109 1.000000
0.978087 1.000000
0.960461 1.000000
0.938400 1.000000
0.912117 1.000000
0.881864 1.000000
0.847935 1.000000
0.810655 1.000000
0.770383 1.000000
0.727507 1.000000
0.682440 1.000000
0.635616 1.000000
0.587485 1.000000
0.538513 1.000000
0.489169 1.000000
0.439930 1.000000
0.391269 1.000000
0.343656 1.000000
0.297548 1.000000
0.253390 1.000000
0.211606 1.000000
0.172601 1.000000
0.136748 1.000000
0.104393 1.000000
0.075849 1.000000
0.051389 1.000000
0.031250 1.000000
0.015625 1.000000
0.004665 1.000000
-0.001525 1.000000
-0.002885 1.000000
0.000598 1.000000
0.008890 1.000000
0.021912 1.000000
0.039539 1.000000
0.061600 1.000000
0.087882 1.000000
0.118134 1.000000
0.152064 1.000000
0.189344 1.000000
0.229616 1.000000
0.272492 1.000000
0.317558 1.000000
0.734374 1.000000
0.750000 0.995967
0.765625 0.995967
0.781250 0.995967
0.796875 0.995967
0.812500 0.995967
0.828125 0.995967
0.843750 0.995967
0.859375 0.995967
0.875000 0.995967
0.890625 0.995967
0.906250 0.995967
0.921875 0.995967
0.937500 0.995967
0.953125 0.995967
0.968750 0.995967
0.984375 0.995967
0.734374 0.995967
-0.015439 0.933697
-0.000186 0.933697
0.000186 0.933697
0.015439 0.933697
0.015811 0.933697
0.031064 0.933697
0.031436 0.933697
0.046689 0.933697
0.047061 0.933697
0.062314 0.933697
0.062686 0.933697
0.077939 0.933697
0.078311 0.933697
0.093564 0.933697
0.093936 0.933697
0.109189 0.933697
0.109561 0.933697
0.124814 0.933697
0.125186 0.933697
0.140439 0.933697
0.140811 0.933697
0.156064 0.933697
0.156436 0.933697
0.171689 0.933697
0.172061 0.933697
0.187314 0.933697
0.187686 0.933697
0.202939 0.933697
0.203311 0.933697
0.218565 0.933697
0.218936 0.933697
0.234190 0.933697
0.234561 0.933697
0.249814 0.933697
0.250186 0.933697
0.265440 0.933697
0.265811 0.933697
0.281065 0.933697
0.281436 0.933697
0.296690 0.933697
0.297061 0.933697
0.312315 0.933697
0.312686 0.933697
0.327940 0.933697
0.328311 0.933697
0.343565 0.933697
0.343936 0.933697
0.359190 0.933697
0.359561 0.933697
0.374815 0.933697
0.375186 0.933697
0.390440 0.933697
0.390811 0.933697
0.406064 0.933697
0.406436 0.933697
0.421689 0.933697
0.422061 0.933697
0.437314 0.933697
0.437686 0.933697
0.452939 0.933697
0.453311 0.933697
0.468564 0.933697
0.468936 0.933697
0.484189 0.933697
0.484561 0.933697
0.499814 0.933697
0.500186 0.933697
0.515439 0.933697
0.515810 0.933697
0.531064 0.933697
0.531435 0.933697
0.546689 0.933697
0.547060 0.933697
0.562314 0.933697
0.562685 0.933697
0.577939 0.933697
0.578310 0.933697
0.593564 0.933697
0.593935 0.933697
0.609189 0.933697
0.609560 0.933697
0.624814 0.933697
0.625185 0.933697
0.640439 0.933697
0.640810 0.933697
0.656064 0.933697
0.656435 0.933697
0.671689 0.933697
0.672060 0.933697
0.687314 0.933697
0.687685 0.933697
0.702939 0.933697
0.703310 0.933697
0.718564 0.933697
0.718935 0.933697
0.734189 0.933697
0.750000 0.972280
0.765625 0.972280
0.781250 0.972280
0.796875 0.972280
0.812500 0.972280
0.828125 0.972280
0.843750 0.972280
0.859375 0.972280
0.875000 0.972280
0.890625 0.972280
0.906250 0.972280
0.921875 0.972280
0.937500 0.972280
0.953125 0.972280
0.968750 0.972280
-0.015598 0.963221
0.984375 0.972280
0.000027 0.963221
0.015652 0.963221
0.031277 0.963221
0.046902 0.963221
0.062527 0.963221
0.078152 0.963221
0.093777 0.963221
0.109402 0.963221
0.125027 0.963221
0.140652 0.963221
0.156277 0.963221
0.171902 0.963221
0.187527 0.963221
0.203152 0.963221
0.218777 0.963221
0.234402 0.963221
0.250027 0.963221
0.265652 0.963221
0.281277 0.963221
0.296902 0.963221
0.312527 0.963221
0.328152 0.963221
0.343777 0.963221
0.359402 0.963221
0.375027 0.963221
0.390652 0.963221
0.406277 0.963221
0.421902 0.963221
0.437527 0.963221
0.453152 0.963221
0.468777 0.963221
0.484402 0.963221
0.500027 0.963221
0.515652 0.963221
0.531277 0.963221
0.546902 0.963221
0.562527 0.963221
0.578152 0.963221
0.593777 0.963221
0.609402 0.963221
0.625027 0.963221
0.640652 0.963221
0.656277 0.963221
0.671902 0.963221
0.687527 0.963221
0.703152 0.963221
0.718777 0.963221
0.734374 0.972280
0.750000 1.000000
0.765625 1.000000
0.781250 1.000000
0.796875 1.000000
0.812500 1.000000
0.828125 1.000000
0.843750 1.000000
0.859375 1.000000
0.875000 1.000000
0.890625 1.000000
0.906250 1.000000
0.921875 1.000000
0.937500 1.000000
0.953125 1.000000
0.968750 1.000000
0.984375 1.000000
0.734374 1.000000
-0.015374 0.930170
-0.000251 0.930170
0.000251 0.930170
0.015374 0.930170
0.015876 0.930170
0.030999 0.930170
0.031501 0.930170
0.046624 0.930170
0.047126 0.930170
0.062249 0.930170
0.062751 0.930170
0.077874 0.930170
0.078376 0.930170
0.093499 0.930170
0.094001 0.930170
0.109124 0.930170
0.109626 0.930170
0.124749 0.930170
0.125251 0.930170
0.140374 0.930170
0.140876 0.930170
0.155999 0.930170
0.156501 0.930170
0.171624 0.930170
0.172126 0.930170
0.187249 0.930170
0.187751 0.930170
0.202874 0.930170
0.203376 0.930170
0.218499 0.930170
0.219001 0.930170
0.234124 0.930170
0.234626 0.930170
0.249749 0.930170
0.250251 0.930170
0.265374 0.930170
0.265876 0.930170
0.280999 0.930170
0.281501 0.930170
0.296624 0.930170
0.297126 0.930170
0.312249 0.930170
0.312751 0.930170
0.327874 0.930170
0.328376 0.930170
0.343499 0.930170
0.344001 0.930170
0.359124 0.930170
0.359626 0.930170
0.374749 0.930170
0.375251 0.930170
0.390374 0.930170
0.390876 0.930170
0.405999 0.930170
0.406501 0.930170
0.421624 0.930170
0.422126 0.930170
0.437249 0.930170
0.437751 0.930170
0.452874 0.930170
0.453376 0.930170
0.468499 0.930170
0.469001 0.930170
0.484124 0.930170
0.484626 0.930170
0.499749 0.930170
0.500251 0.930170
0.515374 0.930170
0.515876 0.930170
0.530999 0.930170
0.531501 0.930170
0.546624 0.930170
0.547126 0.930170
0.562249 0.930170
0.562751 0.930170
0.577874 0.930170
0.578376 0.930170
0.593499 0.930170
0.594001 0.930170
0.609124 0.930170
0.609626 0.930170
0.624749 0.930170
0.625250 0.930170
0.640374 0.930170
0.640876 0.930170
0.655999 0.930170
0.656500 0.930170
0.671624 0.930170
0.672125 0.930170
0.687249 0.930170
0.687750 0.930170
0.702874 0.930170
0.703375 0.930170
0.718499 0.930170
0.719000 0.930170
0.734124 0.930170
0.765625 0.000000
0.750000 0.000000
0.364370 0.000000
0.317547 0.000000
0.272481 0.000000
0.229606 0.000000
0.189335 0.000000
0.152056 0.000000
0.118128 0.000000
0.087877 0.000000
0.061595 0.000000
0.039535 0.000000
0.021910 0.000000
0.008889 0.000000
0.000597 0.000000
-0.002885 0.000000
-0.001524 0.000000
0.004667 0.000000
0.015628 0.000000
0.031254 0.000000
0.051394 0.000000
0.075854 0.000000
0.104398 0.000000
0.136753 0.000000
0.172605 0.000000
0.211611 0.000000
0.253395 0.000000
0.297553 0.000000
0.343661 0.000000
0.391274 0.000000
0.439934 0.000000
0.489173 0.000000
0.538516 0.000000
0.587488 0.000000
0.635617 0.000000
0.682441 0.000000
0.727508 0.000000
0.770383 0.000000
0.810655 0.000000
0.847935 0.000000
0.881865 0.000000
0.912117 0.000000
0.938400 0.000000
0.960461 0.000000
0.978087 0.000000
0.991110 0.000000
0.999402 0.000000
1.002885 0.000000
1.001525 0.000000
0.995335 0.000000
0.984375 0.000000
0.968750 0.000000
0.953125 0.000000
0.937500 0.000000
0.921875 0.000000
0.906250 0.000000
0.890625 0.000000
0.875000 0.000000
0.859375 0.000000
0.843750 0.000000
0.828125 0.000000
0.812500 0.000000
0.796875 0.000000
0.781250 0.000000
0.750000 0.000000
0.765625 0.028552
0.781250 0.028552
0.796875 0.028552
0.812500 0.028552
0.828125 0.028552
0.843750 0.028552
0.859375 0.028552
0.875000 0.028552
0.890625 0.028552
0.906250 0.028552
0.921875 0.028552
0.937500 0.028552
0.953125 0.028552
0.968750 0.028552
0.984375 0.028552
-0.000191 0.061683
-0.015434 0.061683
0.015434 0.061683
0.000191 0.061683
0.031059 0.061683
0.015816 0.061683
0.046684 0.061683
0.031441 0.061683
0.062309 0.061683
0.047066 0.061683
0.077934 0.061683
0.062691 0.061683
0.093559 0.061683
0.078316 0.061683
0.109184 0.061683
0.093941 0.061683
0.124809 0.061683
0.109566 0.061683
0.140434 0.061683
0.125191 0.061683
0.156059 0.061683
0.140816 0.061683
0.171684 0.061683
0.156441 0.061683
0.187309 0.061683
0.172066 0.061683
0.202934 0.061683
0.187691 0.061683
0.218559 0.061683
0.203316 0.061683
0.234184 0.061683
0.218941 0.061683
0.249809 0.061683
0.234566 0.061683
0.265434 0.061683
0.250191 0.061683
0.281059 0.061683
0.265816 0.061683
0.296684 0.061683
0.281441 0.061683
0.312309 0.061683
0.297066 0.061683
0.327934 0.061683
0.312691 0.061683
0.343559 0.061683
0.328316 0.061683
0.359184 0.061683
0.343941 0.061683
0.374809 0.061683
0.359566 0.061683
0.390434 0.061683
0.375191 0.061683
0.406059 0.061683
0.390816 0.061683
0.421684 0.061683
0.406441 0.061683
0.437309 0.061683
0.422066 0.061683
0.452934 0.061683
0.437691 0.061683
0.468559 0.061683
0.453316 0.061683
0.484184 0.061683
0.468941 0.061683
0.499809 0.061683
0.484566 0.061683
0.515434 0.061683
0.500191 0.061683
0.531059 0.061683
0.515816 0.061683
0.546684 0.061683
0.531441 0.061683
0.562309 0.061683
0.547066 0.061683
0.577934 0.061683
0.562691 0.061683
0.593559 0.061683
0.578316 0.061683
0.609183 0.061683
0.593941 0.061683
0.624808 0.061683
0.609566 0.061683
0.640433 0.061683
0.625191 0.061683
0.656058 0.061683
0.640816 0.061683
0.671683 0.061683
0.656441 0.061683
0.687308 0.061683
0.672066 0.061683
0.702933 0.061683
0.687691 0.061683
0.718558 0.061683
0.703316 0.061683
0.734183 0.061683
0.718941 0.061683
0.749809 0.061683
0.734566 0.061683
0.750000 0.021429
0.779332 0.000000
0.810118 0.000000
0.840844 0.000000
0.871494 0.000000
0.902053 0.000000
0.932514 0.000000
0.962870 0.000000
0.993120 0.000000
0.031250 0.021429
0.062500 0.021429
0.093750 0.021429
0.125000 0.021429
0.156250 0.021429
0.187500 0.021429
0.218750 0.021429
0.250000 0.021429
0.281250 0.021429
0.312500 0.021429
0.343750 0.021429
0.375000 0.021429
0.406250 0.021429
0.437500 0.021429
0.468750 0.021429
0.500000 0.021429
0.531250 0.021429
0.562500 0.021429
0.593750 0.021429
0.625000 0.021429
0.656250 0.021429
0.687500 0.021429
0.718750 0.021429
0.750000 0.978571
0.781250 0.978571
0.812500 0.978571
0.843750 0.978571
0.875000 0.978571
0.906250 0.978571
0.937500 0.978571
0.968750 0.978571
1.000000 0.978571
0.031250 0.978571
0.062500 0.978571
0.093750 0.978571
0.125000 0.978571
0.156250 0.978571
0.187500 0.978571
0.218750 0.978571
0.250000 0.978571
0.281250 0.978571
0.312500 0.978571
0.343750 0.978571
0.375000 0.978571
0.406250 0.978571
0.437500 0.978571
0.468750 0.978571
0.500000 0.978571
0.531250 0.978571
0.562500 0.978571
0.593750 0.978571
0.625000 0.978571
0.656250 0.978571
0.687500 0.978571
0.718750 0.978571
-0.000000 0.021429
-0.000000 0.978571
1.004627 0.000000
0.996950 0.000000
0.970384 0.000000
0.925949 0.000000
0.865353 0.000000
0.790925 0.000000
0.705525 0.000000
0.612435 0.000000
0.514636 0.000000
0.416482 0.000000
0.321746 0.000000
0.234069 0.000000
0.156819 0.000000
0.092966 0.000000
0.044962 0.000000
0.014654 0.000000
0.003206 0.000000
0.011057 0.000000
0.037906 0.000000
0.082721 0.000000
0.143780 0.000000
0.218736 0.000000
0.304709 0.000000
1.001137 1.000000
0.993640 1.000000
0.967174 1.000000
0.922754 1.000000
0.862088 1.000000
0.787507 1.000000
0.701907 1.000000
0.608548 1.000000
0.511017 1.000000
0.413063 1.000000
0.318450 1.000000
0.230814 1.000000
0.153523 1.000000
0.089546 1.000000
0.041343 1.000000
0.010766 1.000000
-0.001010 1.000000
0.006467 1.000000
0.032911 1.000000
0.077305 1.000000
0.137942 1.000000
0.212494 1.000000
0.748503 0.000000
0.781250 0.021429
0.812500 0.021429
0.843750 0.021429
0.875000 0.021429
0.906250 0.021429
0.937500 0.021429
0.968750 0.021429
1.000000 0.021429
0.741619 1.000000
0.772802 1.000000
0.803985 1.000000
0.835135 1.000000
0.866220 1.000000
0.897210 1.000000
0.928080 1.000000
0.958806 1.000000
0.989375 1.000000
0.710470 1.000000
0.030914 0.092000
0.000336 0.092000
0.062164 0.092000
0.031586 0.092000
0.093414 0.092000
0.062836 0.092000
0.124664 0.092000
0.094086 0.092000
0.155914 0.092000
0.125336 0.092000
0.187164 0.092000
0.156586 0.092000
0.218414 0.092000
0.187836 0.092000
0.249664 0.092000
0.219086 0.092000
0.280914 0.092000
0.250336 0.092000
0.312164 0.092000
0.281587 0.092000
0.343414 0.092000
0.312837 0.092000
0.374664 0.092000
0.344087 0.092000
0.405914 0.092000
0.375337 0.092000
0.437164 0.092000
0.406587 0.092000
0.468414 0.092000
0.437837 0.092000
0.499664 0.092000
0.469087 0.092000
0.530914 0.092000
0.500337 0.092000
0.562164 0.092000
0.531587 0.092000
0.593414 0.092000
0.562837 0.092000
0.624664 0.092000
0.594087 0.092000
0.655914 0.092000
0.625337 0.092000
0.687164 0.092000
0.656587 0.092000
0.718414 0.092000
0.687837 0.092000
0.749664 0.092000
0.719087 0.092000
1.009387 0.995514
0.996749 0.995630
1.003579 1.008396
1.012668 1.008118
0.976962 1.012524
1.005812 1.012174
0.932036 1.016292
0.979561 1.015878
0.870516 1.019485
0.934900 1.019022
0.794762 1.021959
0.873537 1.021463
0.707682 1.023521
0.797807 1.023013
0.612632 1.024285
0.710664 1.023781
0.513256 1.024130
0.615430 1.023649
0.413373 1.023062
0.515767 1.022623
0.316822 1.021127
0.415503 1.020745
0.227315 1.018402
0.318496 1.018092
0.148293 1.015007
0.228476 1.014778
0.082799 1.011103
0.148916 1.010962
0.033370 1.006958
0.082916 1.006904
0.002035 1.003480
0.033284 1.003480
-0.009371 1.004456
0.003262 1.004341
-0.003554 0.991658
-0.012632 0.991934
0.023061 0.987543
-0.005776 0.987891
0.067983 0.983786
0.020472 0.984197
0.129498 0.980600
0.065130 0.981061
0.205246 0.978129
0.126488 0.978623
0.702739 0.858425
0.173961 0.861708
0.750000 0.000000
0.781250 0.000000
0.812500 0.000000
0.843750 0.000000
0.875000 0.000000
0.906250 0.000000
0.937500 0.000000
0.968750 0.000000
1.000000 0.000000
0.031250 0.000000
0.062500 0.000000
0.093750 0.000000
0.125000 0.000000
0.156250 0.000000
0.187500 0.000000
0.218750 0.000000
0.250000 0.000000
0.281250 0.000000
0.312500 0.000000
0.343750 0.000000
0.375000 0.000000
0.406250 0.000000
0.437500 0.000000
0.468750 0.000000
0.500000 0.000000
0.531250 0.000000
0.562500 0.000000
0.593750 0.000000
0.625000 0.000000
0.656250 0.000000
0.687500 0.000000
0.718750 0.000000
0.750000 1.000000
0.781250 1.000000
0.812500 1.000000
0.843750 1.000000
0.875000 1.000000
0.906250 1.000000
0.937500 1.000000
0.968750 1.000000
1.000000 1.000000
0.031250 1.000000
0.062500 1.000000
0.093750 1.000000
0.125000 1.000000
0.156250 1.000000
0.187500 1.000000
0.218750 1.000000
0.250000 1.000000
0.281250 1.000000
0.312500 1.000000
0.343750 1.000000
0.375000 1.000000
0.406250 1.000000
0.437500 1.000000
0.468750 1.000000
0.500000 1.000000
0.531250 1.000000
0.562500 1.000000
0.593750 1.000000
0.625000 1.000000
0.656250 1.000000
0.687500 1.000000
0.718750 1.000000
-0.000000 0.000000
-0.000000 1.000000
1.012035 0.000000
1.004393 0.000000
0.977367 0.000000
0.931996 0.000000
0.870024 0.000000
0.793832 0.000000
0.706348 0.000000
0.610935 0.000000
0.511258 0.000000
0.411149 0.000000
0.314455 0.000000
0.224891 0.000000
0.145900 0.000000
0.080517 0.000000
0.031255 0.000000
0.000006 0.000000
-0.012029 0.000000
-0.004386 0.000000
0.022640 0.000000
0.068011 0.000000
0.129983 0.000000
0.206174 0.000000
0.293657 0.000000
1.012035 1.000000
1.004393 1.000000
0.977368 1.000000
0.931997 1.000000
0.870025 1.000000
0.793833 1.000000
0.706349 1.000000
0.610936 1.000000
0.511259 1.000000
0.411149 1.000000
0.314454 1.000000
0.224890 1.000000
0.145898 1.000000
0.080513 1.000000
0.031250 1.000000
-0.000000 1.000000
-0.012035 1.000000
-0.004393 1.000000
0.022633 1.000000
0.068003 1.000000
0.129976 1.000000
0.206168 1.000000
0.750000 1.000000
0.781250 1.000000
0.812500 1.000000
0.843750 1.000000
0.875000 1.000000
0.906250 1.000000
0.937500 1.000000
0.968750 1.000000
1.000000 1.000000
1.012035 1.000000
1.004393 1.000000
0.977368 1.000000
0.931997 1.000000
0.870025 1.000000
0.793833 1.000000
0.706349 1.000000
0.610936 1.000000
0.511259 1.000000
0.411149 1.000000
0.314454 1.000000
0.224890 1.000000
0.145898 1.000000
0.080513 1.000000
0.031250 1.000000
-0.000000 1.000000
-0.012035 1.000000
-0.004393 1.000000
0.022633 1.000000
0.068003 1.000000
0.129976 1.000000
0.206168 1.000000
0.718750 1.000000
0.750000 1.000000
0.781250 1.000000
0.812500 1.000000
0.843750 1.000000
0.875000 1.000000
0.906250 1.000000
0.937500 1.000000
0.968750 1.000000
1.000000 1.000000
1.012035 1.000000
1.004393 1.000000
0.977368 1.000000
0.931997 1.000000
0.870025 1.000000
0.793833 1.000000
0.706349 1.000000
0.610936 1.000000
0.511259 1.000000
0.411149 1.000000
0.314454 1.000000
0.224890 1.000000
0.145898 1.000000
0.080513 1.000000
0.031250 1.000000
-0.000000 1.000000
-0.012035 1.000000
-0.004393 1.000000
0.022633 1.000000
0.068003 1.000000
0.129976 1.000000
0.206168 1.000000
0.718750 1.000000
11.000000 11.000000
10.948972 10.948972
10.806914 10.806914
10.590372 10.590371
10.315886 10.315886
10.000000 10.000000
9.684114 9.684114
9.409629 9.409628
9.193086 9.193086
9.051028 9.051028
9.000000 9.000000
9.051028 9.051028
9.193086 9.193086
9.409628 9.409629
9.684114 9.684114
10.000000 10.000000
10.315886 10.315886
10.590371 10.590372
10.806914 10.806914
10.948972 10.948972
-11.000000 11.000000
-10.948972 10.948972
-10.806914 10.806914
-10.590371 10.590371
-10.315886 10.315886
-10.000000 10.000000
-9.684114 9.684114
-9.409628 9.409628
-9.193086 9.193086
-9.051028 9.051028
-9.000000 9.000000
-9.051028 9.051028
-9.193086 9.193086
-9.409629 9.409629
-9.684114 9.684114
-10.000000 10.000000
-10.315886 10.315886
-10.590372 10.590371
-10.806914 10.806914
-10.948972 10.948972
-11.000000 -11.000000
-10.948972 -10.948972
-10.806914 -10.806914
-10.590371 -10.590371
-10.315886 -10.315886
-10.000000 -10.000000
-9.684114 -9.684114
-9.409628 -9.409628
-9.193086 -9.193086
-9.051028 -9.051028
-9.000000 -9.000000
-9.051028 -9.051028
-9.193086 -9.193086
-9.409629 -9.409629
-9.684114 -9.684114
-10.000000 -10.000000
-10.315886 -10.315886
-10.590371 -10.590372
-10.806914 -10.806914
-10.948972 -10.948972
11.000000 -11.000000
10.948972 -10.948972
10.806914 -10.806914
10.590371 -10.590372
10.315886 -10.315886
10.000000 -10.000000
9.684114 -9.684114
9.409628 -9.409629
9.193086 -9.193086
9.051028 -9.051028
9.000000 -9.000000
9.051028 -9.051028
9.193086 -9.193086
9.409629 -9.409628
9.684114 -9.684114
10.000000 -10.000000
10.315886 -10.315886
10.590372 -10.590371
10.806914 -10.806914
10.948972 -10.948972
9.434315 10.565685
9.463181 10.536819
9.543540 10.456460
9.666036 10.333964
9.821308 10.178692
10.000000 10.000000
10.178692 9.821308
10.333964 9.666036
10.456460 9.543540
10.536819 9.463181
10.565685 9.434315
10.536819 9.463181
10.456460 9.543540
10.333964 9.666036
10.178692 9.821308
10.000000 10.000000
9.821308 10.178692
9.666036 10.333964
9.543540 10.456460
9.463181 10.536819
-10.565685 -9.434315
-10.536819 -9.463268
-10.456460 -9.543703
-10.333964 -9.666258
-10.178692 -9.821570
-10.000000 -10.000277
-9.821308 -10.178954
-9.666036 -10.334188
-9.543540 -10.456623
-9.463181 -10.536906
-9.434315 -10.565685
-9.463181 -10.536732
-9.543540 -10.456297
-9.666036 -10.333742
-9.821308 -10.178430
-10.000000 -9.999723
-10.178692 -9.821046
-10.333964 -9.665812
-10.456460 -9.543377
-10.536819 -9.463094
10.565685 -9.434315
10.536819 -9.463181
10.456460 -9.543540
10.333964 -9.666036
10.178692 -9.821308
10.000000 -10.000000
9.821308 -10.178692
9.666036 -10.333964
9.543540 -10.456460
9.463181 -10.536819
9.434315 -10.565685
9.463181 -10.536819
9.543540 -10.456460
9.666036 -10.333964
9.821308 -10.178692
10.000000 -10.000000
10.178692 -9.821308
10.333964 -9.666036
10.456460 -9.543540
10.536819 -9.463181
-9.434315 10.565685
-9.463181 10.536732
-9.543540 10.456297
-9.666036 10.333741
-9.821308 10.178430
-10.000000 9.999723
-10.178692 9.821046
-10.333964 9.665812
-10.456460 9.543377
-10.536819 9.463094
-10.565685 9.434315
-10.536819 9.463268
-10.456460 9.543703
-10.333964 9.666259
-10.178692 9.821570
-10.000000 10.000277
-9.821308 10.178954
-9.666036 10.334188
-9.543540 10.456623
-9.463181 10.536906
0.000715 0.000000
0.249285 0.000000
0.500000 0.000000
0.750000 0.000000
0.979167 0.000000
0.000715 0.031250
0.250000 0.031250
0.500000 0.031250
0.750000 0.031250
0.979167 0.031250
0.000715 0.062500
0.250000 0.062500
0.500000 0.062500
0.750000 0.062500
0.979167 0.062500
0.000715 0.093750
0.250000 0.093750
0.500000 0.093750
0.750000 0.093750
0.979167 0.093750
0.000715 0.125000
0.250000 0.125000
0.500000 0.125000
0.750000 0.125000
0.979167 0.125000
0.000715 0.156250
0.250000 0.156250
0.500000 0.156250
0.750000 0.156250
0.979167 0.156250
0.000715 0.187500
0.250000 0.187500
0.500000 0.187500
0.750000 0.187500
0.979167 0.187500
0.000715 0.218750
0.250000 0.218750
0.500000 0.218750
0.750000 0.218750
0.979167 0.218750
0.000715 0.250000
0.250000 0.250000
0.500000 0.250000
0.750000 0.250000
0.979167 0.250000
0.000715 0.281250
0.250000 0.281250
0.500000 0.281250
0.750000 0.281250
0.979167 0.281250
0.000715 0.312500
0.250000 0.312500
0.500000 0.312500
0.750000 0.312500
0.979167 0.312500
0.000715 0.343750
0.250000 0.343750
0.500000 0.343750
0.750000 0.343750
0.979167 0.343750
0.000715 0.375000
0.250000 0.375000
0.500000 0.375000
0.750000 0.375000
0.979167 0.375000
0.000715 0.406250
0.250000 0.406250
0.500000 0.406250
0.750000 0.406250
0.979167 0.406250
0.000715 0.437500
0.250000 0.437500
0.500000 0.437500
0.750000 0.437500
0.979167 0.437500
0.000715 0.468750
0.250000 0.468750
0.500000 0.468750
0.750000 0.468750
0.979167 0.468750
0.000715 0.500000
0.250000 0.500000
0.500000 0.500000
0.750000 0.500000
0.979167 0.500000
0.000715 0.531250
0.250000 0.531250
0.500000 0.531250
0.750000 0.531250
0.979167 0.531250
0.000715 0.562500
0.250000 0.562500
0.500000 0.562500
0.750000 0.562500
0.979167 0.562500
0.000715 0.593750
0.250000 0.593750
0.500000 0.593750
0.750000 0.593750
0.979167 0.593750
0.000715 0.625000
0.250000 0.625000
0.500000 0.625000
0.750000 0.625000
0.979167 0.625000
0.000715 0.656250
0.250000 0.656250
0.500000 0.656250
0.750000 0.656250
0.979167 0.656250
0.000715 0.687500
0.250000 0.687500
0.500000 0.687500
0.750000 0.687500
0.979167 0.687500
0.000715 0.718750
0.250000 0.718750
0.500000 0.718750
0.750000 0.718750
0.979167 0.718750
0.000715 0.750000
0.250000 0.750000
0.500000 0.750000
0.750000 0.750000
0.979167 0.750000
0.000715 0.781250
0.250000 0.781250
0.500000 0.781250
0.750000 0.781250
0.979167 0.781250
0.000715 0.812500
0.250000 0.812500
0.500000 0.812500
0.750000 0.812500
0.979167 0.812500
0.000715 0.843750
0.250000 0.843750
0.500000 0.843750
0.750000 0.843750
0.979167 0.843750
0.000715 0.875000
0.250000 0.875000
0.500000 0.875000
0.750000 0.875000
0.979167 0.875000
0.000715 0.906250
0.250000 0.906250
0.500000 0.906250
0.750000 0.906250
0.979167 0.906250
0.000715 0.937500
0.250000 0.937500
0.500000 0.937500
0.750000 0.937500
0.979167 0.937500
0.000000 0.969443
0.249285 0.968750
0.500000 0.968750
0.750000 0.968750
1.000000 0.969443
0.000715 1.000000
0.249285 1.000000
0.500000 1.000000
0.750000 1.000000
0.979167 1.000000
0.000000 0.999307
1.000000 0.999307
1.000003 1.005493
0.270833 0.000000
0.270833 1.000000
0.250000 0.000693
0.979167 0.968750
0.000715 0.968750
1.000003 0.963257
0.250000 0.968057
0.270833 0.968750
1.000016 0.031252
1.000016 -0.000002
1.000016 0.062502
1.000016 0.031248
1.000016 0.093752
1.000016 0.062498
1.000016 0.125002
1.000016 0.093748
1.000016 0.156252
1.000016 0.124998
1.000016 0.187502
1.000016 0.156248
1.000016 0.218752
1.000016 0.187498
1.000016 0.250002
1.000016 0.218748
1.000016 0.281252
1.000016 0.249998
1.000016 0.312502
1.000016 0.281248
1.000016 0.343752
1.000016 0.312498
1.000016 0.375002
1.000016 0.343748
1.000016 0.406252
1.000016 0.374998
1.000016 0.437502
1.000016 0.406248
1.000016 0.468752
1.000016 0.437498
1.000016 0.500002
1.000016 0.468748
1.000016 0.531252
1.000016 0.499998
1.000016 0.562502
1.000016 0.531248
1.000016 0.593752
1.000016 0.562498
1.000016 0.625002
1.000016 0.593748
1.000016 0.656252
1.000016 0.624998
1.000016 0.687502
1.000016 0.656248
1.000016 0.718752
1.000016 0.687498
1.000016 0.750002
1.000016 0.718748
1.000016 0.781252
1.000016 0.749998
1.000016 0.812502
1.000016 0.781248
1.000016 0.843752
1.000016 0.812498
1.000016 0.875002
1.000016 0.843748
1.000016 0.906252
1.000016 0.874998
1.000016 0.937502
1.000016 0.906248
1.000016 0.968752
1.000016 0.937498
0.000715 0.000000
0.249285 0.000000
0.500000 0.000000
0.750000 0.000000
0.979167 0.000000
0.000715 0.031250
0.250000 0.031250
0.500000 0.031250
0.750000 0.031250
0.979167 0.031250
0.000715 0.062500
0.250000 0.062500
0.500000 0.062500
0.750000 0.062500
0.979167 0.062500
0.000715 0.093750
0.250000 0.093750
0.500000 0.093750
0.750000 0.093750
0.979167 0.093750
0.000715 0.125000
0.250000 0.125000
0.500000 0.125000
0.750000 0.125000
0.979167 0.125000
0.000715 0.156250
0.250000 0.156250
0.500000 0.156250
0.750000 0.156250
0.979167 0.156250
0.000715 0.187500
0.250000 0.187500
0.500000 0.187500
0.750000 0.187500
0.979167 0.187500
0.000715 0.218750
0.250000 0.218750
0.500000 0.218750
0.750000 0.218750
0.979167 0.218750
0.000715 0.250000
0.250000 0.250000
0.500000 0.250000
0.750000 0.250000
0.979167 0.250000
0.000715 0.281250
0.250000 0.281250
0.500000 0.281250
0.750000 0.281250
0.979167 0.281250
0.000715 0.312500
0.250000 0.312500
0.500000 0.312500
0.750000 0.312500
0.979167 0.312500
0.000715 0.343750
0.250000 0.343750
0.500000 0.343750
0.750000 0.343750
0.979167 0.343750
0.000715 0.375000
0.250000 0.375000
0.500000 0.375000
0.750000 0.375000
0.979167 0.375000
0.000715 0.406250
0.250000 0.406250
0.500000 0.406250
0.750000 0.406250
0.979167 0.406250
0.000715 0.437500
0.250000 0.437500
0.500000 0.437500
0.750000 0.437500
0.979167 0.437500
0.000715 0.468750
0.250000 0.468750
0.500000 0.468750
0.750000 0.468750
0.979167 0.468750
0.000715 0.500000
0.250000 0.500000
0.500000 0.500000
0.750000 0.500000
0.979167 0.500000
0.000715 0.531250
0.250000 0.531250
0.500000 0.531250
0.750000 0.531250
0.979167 0.531250
0.000715 0.562500
0.250000 0.562500
0.500000 0.562500
0.750000 0.562500
0.979167 0.562500
0.000715 0.593750
0.250000 0.593750
0.500000 0.593750
0.750000 0.593750
0.979167 0.593750
0.000715 0.625000
0.250000 0.625000
0.500000 0.625000
0.750000 0.625000
0.979167 0.625000
0.000715 0.656250
0.250000 0.656250
0.500000 0.656250
0.750000 0.656250
0.979167 0.656250
0.000715 0.687500
0.250000 0.687500
0.500000 0.687500
0.750000 0.687500
0.979167 0.687500
0.000715 0.718750
0.250000 0.718750
0.500000 0.718750
0.750000 0.718750
0.979167 0.718750
0.000715 0.750000
0.250000 0.750000
0.500000 0.750000
0.750000 0.750000
0.979167 0.750000
0.000715 0.781250
0.250000 0.781250
0.500000 0.781250
0.750000 0.781250
0.979167 0.781250
0.000715 0.812500
0.250000 0.812500
0.500000 0.812500
0.750000 0.812500
0.979167 0.812500
0.000715 0.843750
0.250000 0.843750
0.500000 0.843750
0.750000 0.843750
0.979167 0.843750
0.000715 0.875000
0.250000 0.875000
0.500000 0.875000
0.750000 0.875000
0.979167 0.875000
0.000715 0.906250
0.250000 0.906250
0.500000 0.906250
0.750000 0.906250
0.979167 0.906250
0.000715 0.937500
0.250000 0.937500
0.500000 0.937500
0.750000 0.937500
0.979167 0.937500
0.000000 0.969443
0.249285 0.968750
0.500000 0.968750
0.750000 0.968750
1.000000 0.969443
0.000715 1.000000
0.249285 1.000000
0.500000 1.000000
0.750000 1.000000
0.979167 1.000000
0.000000 0.999307
1.000000 0.999307
1.000003 1.005493
0.270833 0.000000
0.270833 1.000000
0.250000 0.000693
0.979167 0.968750
0.000715 0.968750
1.000003 0.963257
0.250000 0.968057
0.270833 0.968750
1.000016 0.031252
1.000016 -0.000002
1.000016 0.062502
1.000016 0.031248
1.000016 0.093752
1.000016 0.062498
1.000016 0.125002
1.000016 0.093748
1.000016 0.156252
1.000016 0.124998
1.000016 0.187502
1.000016 0.156248
1.000016 0.218752
1.000016 0.187498
1.000016 0.250002
1.000016 0.218748
1.000016 0.281252
1.000016 0.249998
1.000016 0.312502
1.000016 0.281248
1.000016 0.343752
1.000016 0.312498
1.000016 0.375002
1.000016 0.343748
1.000016 0.406252
1.000016 0.374998
1.000016 0.437502
1.000016 0.406248
1.000016 0.468752
1.000016 0.437498
1.000016 0.500002
1.000016 0.468748
1.000016 0.531252
1.000016 0.499998
1.000016 0.562502
1.000016 0.531248
1.000016 0.593752
1.000016 0.562498
1.000016 0.625002
1.000016 0.593748
1.000016 0.656252
1.000016 0.624998
1.000016 0.687502
1.000016 0.656248
1.000016 0.718752
1.000016 0.687498
1.000016 0.750002
1.000016 0.718748
1.000016 0.781252
1.000016 0.749998
1.000016 0.812502
1.000016 0.781248
1.000016 0.843752
1.000016 0.812498
1.000016 0.875002
1.000016 0.843748
1.000016 0.906252
1.000016 0.874998
1.000016 0.937502
1.000016 0.906248
1.000016 0.968752
1.000016 0.937498
0.000715 0.000000
0.249285 0.000000
0.500000 0.000000
0.750000 0.000000
0.979167 0.000000
0.000715 0.031250
0.250000 0.031250
0.500000 0.031250
0.750000 0.031250
0.979167 0.031250
0.000715 0.062500
0.250000 0.062500
0.500000 0.062500
0.750000 0.062500
0.979167 0.062500
0.000715 0.093750
0.250000 0.093750
0.500000 0.093750
0.750000 0.093750
0.979167 0.093750
0.000715 0.125000
0.250000 0.125000
0.500000 0.125000
0.750000 0.125000
0.979167 0.125000
0.000715 0.156250
0.250000 0.156250
0.500000 0.156250
0.750000 0.156250
0.979167 0.156250
0.000715 0.187500
0.250000 0.187500
0.500000 0.187500
0.750000 0.187500
0.979167 0.187500
0.000715 0.218750
0.250000 0.218750
0.500000 0.218750
0.750000 0.218750
0.979167 0.218750
0.000715 0.250000
0.250000 0.250000
0.500000 0.250000
0.750000 0.250000
0.979167 0.250000
0.000715 0.281250
0.250000 0.281250
0.500000 0.281250
0.750000 0.281250
0.979167 0.281250
0.000715 0.312500
0.250000 0.312500
0.500000 0.312500
0.750000 0.312500
0.979167 0.312500
0.000715 0.343750
0.250000 0.343750
0.500000 0.343750
0.750000 0.343750
0.979167 0.343750
0.000715 0.375000
0.250000 0.375000
0.500000 0.375000
0.750000 0.375000
0.979167 0.375000
0.000715 0.406250
0.250000 0.406250
0.500000 0.406250
0.750000 0.406250
0.979167 0.406250
0.000715 0.437500
0.250000 0.437500
0.500000 0.437500
0.750000 0.437500
0.979167 0.437500
0.000715 0.468750
0.250000 0.468750
0.500000 0.468750
0.750000 0.468750
0.979167 0.468750
0.000715 0.500000
0.250000 0.500000
0.500000 0.500000
0.750000 0.500000
0.979167 0.500000
0.000715 0.531250
0.250000 0.531250
0.500000 0.531250
0.750000 0.531250
0.979167 0.531250
0.000715 0.562500
0.250000 0.562500
0.500000 0.562500
0.750000 0.562500
0.979167 0.562500
0.000715 0.593750
0.250000 0.593750
0.500000 0.593750
0.750000 0.593750
0.979167 0.593750
0.000715 0.625000
0.250000 0.625000
0.500000 0.625000
0.750000 0.625000
0.979167 0.625000
0.000715 0.656250
0.250000 0.656250
0.500000 0.656250
0.750000 0.656250
0.979167 0.656250
0.000715 0.687500
0.250000 0.687500
0.500000 0.687500
0.750000 0.687500
0.979167 0.687500
0.000715 0.718750
0.250000 0.718750
0.500000 0.718750
0.750000 0.718750
0.979167 0.718750
0.000715 0.750000
0.250000 0.750000
0.500000 0.750000
0.750000 0.750000
0.979167 0.750000
0.000715 0.781250
0.250000 0.781250
0.500000 0.781250
0.750000 0.781250
0.979167 0.781250
0.000715 0.812500
0.250000 0.812500
0.500000 0.812500
0.750000 0.812500
0.979167 0.812500
0.000715 0.843750
0.250000 0.843750
0.500000 0.843750
0.750000 0.843750
0.979167 0.843750
0.000715 0.875000
0.250000 0.875000
0.500000 0.875000
0.750000 0.875000
0.979167 0.875000
0.000715 0.906250
0.250000 0.906250
0.500000 0.906250
0.750000 0.906250
0.979167 0.906250
0.000715 0.937500
0.250000 0.937500
0.500000 0.937500
0.750000 0.937500
0.979167 0.937500
0.000000 0.969443
0.249285 0.968750
0.500000 0.968750
0.750000 0.968750
1.000000 0.969443
0.000715 1.000000
0.249285 1.000000
0.500000 1.000000
0.750000 1.000000
0.979167 1.000000
0.000000 0.999307
1.000000 0.999307
1.000003 1.005493
0.270833 0.000000
0.270833 1.000000
0.250000 0.000693
0.979167 0.968750
0.000715 0.968750
1.000003 0.963257
0.250000 0.968057
0.270833 0.968750
1.000016 0.031252
1.000016 -0.000002
1.000016 0.062502
1.000016 0.031248
1.000016 0.093752
1.000016 0.062498
1.000016 0.125002
1.000016 0.093748
1.000016 0.156252
1.000016 0.124998
1.000016 0.187502
1.000016 0.156248
1.000016 0.218752
1.000016 0.187498
1.000016 0.250002
1.000016 0.218748
1.000016 0.281252
1.000016 0.249998
1.000016 0.312502
1.000016 0.281248
1.000016 0.343752
1.000016 0.312498
1.000016 0.375002
1.000016 0.343748
1.000016 0.406252
1.000016 0.374998
1.000016 0.437502
1.000016 0.406248
1.000016 0.468752
1.000016 0.437498
1.000016 0.500002
1.000016 0.468748
1.000016 0.531252
1.000016 0.499998
1.000016 0.562502
1.000016 0.531248
1.000016 0.593752
1.000016 0.562498
1.000016 0.625002
1.000016 0.593748
1.000016 0.656252
1.000016 0.624998
1.000016 0.687502
1.000016 0.656248
1.000016 0.718752
1.000016 0.687498
1.000016 0.750002
1.000016 0.718748
1.000016 0.781252
1.000016 0.749998
1.000016 0.812502
1.000016 0.781248
1.000016 0.843752
1.000016 0.812498
1.000016 0.875002
1.000016 0.843748
1.000016 0.906252
1.000016 0.874998
1.000016 0.937502
1.000016 0.906248
1.000016 0.968752
1.000016 0.937498
0.000715 0.000000
0.249285 0.000000
0.500000 0.000000
0.750000 0.000000
0.979167 0.000000
0.000715 0.031250
0.250000 0.031250
0.500000 0.031250
0.750000 0.031250
0.979167 0.031250
0.000715 0.062500
0.250000 0.062500
0.500000 0.062500
0.750000 0.062500
0.979167 0.062500
0.000715 0.093750
0.250000 0.093750
0.500000 0.093750
0.750000 0.093750
0.979167 0.093750
0.000715 0.125000
0.250000 0.125000
0.500000 0.125000
0.750000 0.125000
0.979167 0.125000
0.000715 0.156250
0.250000 0.156250
0.500000 0.156250
0.750000 0.156250
0.979167 0.156250
0.000715 0.187500
0.250000 0.187500
0.500000 0.187500
0.750000 0.187500
0.979167 0.187500
0.000715 0.218750
0.250000 0.218750
0.500000 0.218750
0.750000 0.218750
0.979167 0.218750
0.000715 0.250000
0.250000 0.250000
0.500000 0.250000
0.750000 0.250000
0.979167 0.250000
0.000715 0.281250
0.250000 0.281250
0.500000 0.281250
0.750000 0.281250
0.979167 0.281250
0.000715 0.312500
0.250000 0.312500
0.500000 0.312500
0.750000 0.312500
0.979167 0.312500
0.000715 0.343750
0.250000 0.343750
0.500000 0.343750
0.750000 0.343750
0.979167 0.343750
0.000715 0.375000
0.250000 0.375000
0.500000 0.375000
0.750000 0.375000
0.979167 0.375000
0.000715 0.406250
0.250000 0.406250
0.500000 0.406250
0.750000 0.406250
0.979167 0.406250
0.000715 0.437500
0.250000 0.437500
0.500000 0.437500
0.750000 0.437500
0.979167 0.437500
0.000715 0.468750
0.250000 0.468750
0.500000 0.468750
0.750000 0.468750
0.979167 0.468750
0.000715 0.500000
0.250000 0.500000
0.500000 0.500000
0.750000 0.500000
0.979167 0.500000
0.000715 0.531250
0.250000 0.531250
0.500000 0.531250
0.750000 0.531250
0.979167 0.531250
0.000715 0.562500
0.250000 0.562500
0.500000 0.562500
0.750000 0.562500
0.979167 0.562500
0.000715 0.593750
0.250000 0.593750
0.500000 0.593750
0.750000 0.593750
0.979167 0.593750
0.000715 0.625000
0.250000 0.625000
0.500000 0.625000
0.750000 0.625000
0.979167 0.625000
0.000715 0.656250
0.250000 0.656250
0.500000 0.656250
0.750000 0.656250
0.979167 0.656250
0.000715 0.687500
0.250000 0.687500
0.500000 0.687500
0.750000 0.687500
0.979167 0.687500
0.000715 0.718750
0.250000 0.718750
0.500000 0.718750
0.750000 0.718750
0.979167 0.718750
0.000715 0.750000
0.250000 0.750000
0.500000 0.750000
0.750000 0.750000
0.979167 0.750000
0.000715 0.781250
0.250000 0.781250
0.500000 0.781250
0.750000 0.781250
0.979167 0.781250
0.000715 0.812500
0.250000 0.812500
0.500000 0.812500
0.750000 0.812500
0.979167 0.812500
0.000715 0.843750
0.250000 0.843750
0.500000 0.843750
0.750000 0.843750
0.979167 0.843750
0.000715 0.875000
0.250000 0.875000
0.500000 0.875000
0.750000 0.875000
0.979167 0.875000
0.000715 0.906250
0.250000 0.906250
0.500000 0.906250
0.750000 0.906250
0.979167 0.906250
0.000715 0.937500
0.250000 0.937500
0.500000 0.937500
0.750000 0.937500
0.979167 0.937500
0.000000 0.969443
0.249285 0.968750
0.500000 0.968750
0.750000 0.968750
1.000000 0.969443
0.000715 1.000000
0.249285 1.000000
0.500000 1.000000
0.750000 1.000000
0.979167 1.000000
0.000000 0.999307
1.000000 0.999307
1.000003 1.005493
0.270833 0.000000
0.270833 1.000000
0.250000 0.000693
0.979167 0.968750
0.000715 0.968750
1.000003 0.963257
0.250000 0.968057
0.270833 0.968750
1.000016 0.031252
1.000016 -0.000002
1.000016 0.062502
1.000016 0.031248
1.000016 0.093752
1.000016 0.062498
1.000016 0.125002
1.000016 0.093748
1.000016 0.156252
1.000016 0.124998
1.000016 0.187502
1.000016 0.156248
1.000016 0.218752
1.000016 0.187498
1.000016 0.250002
1.000016 0.218748
1.000016 0.281252
1.000016 0.249998
1.000016 0.312502
1.000016 0.281248
1.000016 0.343752
1.000016 0.312498
1.000016 0.375002
1.000016 0.343748
1.000016 0.406252
1.000016 0.374998
1.000016 0.437502
1.000016 0.406248
1.000016 0.468752
1.000016 0.437498
1.000016 0.500002
1.000016 0.468748
1.000016 0.531252
1.000016 0.499998
1.000016 0.562502
1.000016 0.531248
1.000016 0.593752
1.000016 0.562498
1.000016 0.625002
1.000016 0.593748
1.000016 0.656252
1.000016 0.624998
1.000016 0.687502
1.000016 0.656248
1.000016 0.718752
1.000016 0.687498
1.000016 0.750002
1.000016 0.718748
1.000016 0.781252
1.000016 0.749998
1.000016 0.812502
1.000016 0.781248
1.000016 0.843752
1.000016 0.812498
1.000016 0.875002
1.000016 0.843748
1.000016 0.906252
1.000016 0.874998
1.000016 0.937502
1.000016 0.906248
1.000016 0.968752
1.000016 0.937498
0.750000 0.000000
0.781250 0.000000
0.812500 0.000000
0.843750 0.000000
0.875000 0.000000
0.906250 0.000000
0.937500 0.000000
0.968750 0.000000
1.000000 0.000000
0.031250 0.000000
0.062500 0.000000
0.093750 0.000000
0.125000 0.000000
0.156250 0.000000
0.187500 0.000000
0.218750 0.000000
0.250000 0.000000
0.281250 0.000000
0.312500 0.000000
0.343750 0.000000
0.375000 0.000000
0.406250 0.000000
0.437500 0.000000
0.468750 0.000000
0.500000 0.000000
0.531250 0.000000
0.562500 0.000000
0.593750 0.000000
0.625000 0.000000
0.656250 0.000000
0.687500 0.000000
0.718750 0.000000
0.750000 1.000000
0.781250 1.000000
0.812500 1.000000
0.843750 1.000000
0.875000 1.000000
0.906250 1.000000
0.937500 1.000000
0.968750 1.000000
1.000000 1.000000
0.031250 1.000000
0.062500 1.000000
0.093750 1.000000
0.125000 1.000000
0.156250 1.000000
0.187500 1.000000
0.218750 1.000000
0.250000 1.000000
0.281250 1.000000
0.312500 1.000000
0.343750 1.000000
0.375000 1.000000
0.406250 1.000000
0.437500 1.000000
0.468750 1.000000
0.500000 1.000000
0.531250 1.000000
0.562500 1.000000
0.593750 1.000000
0.625000 1.000000
0.656250 1.000000
0.687500 1.000000
0.718750 1.000000
-0.000000 0.000000
-0.000000 1.000000
1.012035 0.000000
1.004393 0.000000
0.977368 0.000000
0.931997 0.000000
0.870026 0.000000
0.793834 0.000000
0.706350 0.000000
0.610937 0.000000
0.511260 0.000000
0.411150 0.000000
0.314454 0.000000
0.224889 0.000000
0.145897 0.000000
0.080511 0.000000
0.031247 0.000000
-0.000003 0.000000
-0.012038 0.000000
-0.004397 0.000000
0.022629 0.000000
0.068000 0.000000
0.129972 0.000000
0.206164 0.000000
0.293648 0.000000
1.012035 1.000000
1.004393 1.000000
0.977368 1.000000
0.931997 1.000000
0.870025 1.000000
0.793833 1.000000
0.706350 1.000000
0.610936 1.000000
0.511259 1.000000
0.411150 1.000000
0.314455 1.000000
0.224890 1.000000
0.145898 1.000000
0.080514 1.000000
0.031250 1.000000
-0.000000 1.000000
-0.012035 1.000000
-0.004393 1.000000
0.022633 1.000000
0.068003 1.000000
0.129975 1.000000
0.206167 1.000000
0.750000 0.000000
0.781250 0.000000
0.812500 0.000000
0.843750 0.000000
0.875000 0.000000
0.906250 0.000000
0.937500 0.000000
0.968750 0.000000
1.000000 0.000000
0.031250 0.000000
0.062500 0.000000
0.093750 0.000000
0.125000 0.000000
0.156250 0.000000
0.187500 0.000000
0.218750 0.000000
0.250000 0.000000
0.281250 0.000000
0.312500 0.000000
0.343750 0.000000
0.375000 0.000000
0.406250 0.000000
0.437500 0.000000
0.468750 0.000000
0.500000 0.000000
0.531250 0.000000
0.562500 0.000000
0.593750 0.000000
0.625000 0.000000
0.656250 0.000000
0.687500 0.000000
0.718750 0.000000
0.750000 1.000000
0.781250 1.000000
0.812500 1.000000
0.843750 1.000000
0.875000 1.000000
0.906250 1.000000
0.937500 1.000000
0.968750 1.000000
1.000000 1.000000
0.031250 1.000000
0.062500 1.000000
0.093750 1.000000
0.125000 1.000000
0.156250 1.000000
0.187500 1.000000
0.218750 1.000000
0.250000 1.000000
0.281250 1.000000
0.312500 1.000000
0.343750 1.000000
0.375000 1.000000
0.406250 1.000000
0.437500 1.000000
0.468750 1.000000
0.500000 1.000000
0.531250 1.000000
0.562500 1.000000
0.593750 1.000000
0.625000 1.000000
0.656250 1.000000
0.687500 1.000000
0.718750 1.000000
-0.000000 0.000000
-0.000000 1.000000
1.012035 0.000000
1.004393 0.000000
0.977368 0.000000
0.931997 0.000000
0.870026 0.000000
0.793834 0.000000
0.706350 0.000000
0.610937 0.000000
0.511260 0.000000
0.411150 0.000000
0.314454 0.000000
0.224889 0.000000
0.145897 0.000000
0.080511 0.000000
0.031247 0.000000
-0.000003 0.000000
-0.012038 0.000000
-0.004397 0.000000
0.022629 0.000000
0.068000 0.000000
0.129972 0.000000
0.206164 0.000000
0.293648 0.000000
1.012035 1.000000
1.004393 1.000000
0.977368 1.000000
0.931997 1.000000
0.870025 1.000000
0.793833 1.000000
0.706350 1.000000
0.610936 1.000000
0.511259 1.000000
0.411150 1.000000
0.314455 1.000000
0.224890 1.000000
0.145898 1.000000
0.080514 1.000000
0.031250 1.000000
-0.000000 1.000000
-0.012035 1.000000
-0.004393 1.000000
0.022633 1.000000
0.068003 1.000000
0.129975 1.000000
0.206167 1.000000
0.750000 0.000000
0.781250 0.000000
0.812500 0.000000
0.843750 0.000000
0.875000 0.000000
0.906250 0.000000
0.937500 0.000000
0.968750 0.000000
1.000000 0.000000
0.031250 0.000000
0.062500 0.000000
0.093750 0.000000
0.125000 0.000000
0.156250 0.000000
0.187500 0.000000
0.218750 0.000000
0.250000 0.000000
0.281250 0.000000
0.312500 0.000000
0.343750 0.000000
0.375000 0.000000
0.406250 0.000000
0.437500 0.000000
0.468750 0.000000
0.500000 0.000000
0.531250 0.000000
0.562500 0.000000
0.593750 0.000000
0.625000 0.000000
0.656250 0.000000
0.687500 0.000000
0.718750 0.000000
0.750000 1.000000
0.781250 1.000000
0.812500 1.000000
0.843750 1.000000
0.875000 1.000000
0.906250 1.000000
0.937500 1.000000
0.968750 1.000000
1.000000 1.000000
0.031250 1.000000
0.062500 1.000000
0.093750 1.000000
0.125000 1.000000
0.156250 1.000000
0.187500 1.000000
0.218750 1.000000
0.250000 1.000000
0.281250 1.000000
0.312500 1.000000
0.343750 1.000000
0.375000 1.000000
0.406250 1.000000
0.437500 1.000000
0.468750 1.000000
0.500000 1.000000
0.531250 1.000000
0.562500 1.000000
0.593750 1.000000
0.625000 1.000000
0.656250 1.000000
0.687500 1.000000
0.718750 1.000000
-0.000000 0.000000
-0.000000 1.000000
1.012035 0.000000
1.004393 0.000000
0.977368 0.000000
0.931997 0.000000
0.870026 0.000000
0.793834 0.000000
0.706350 0.000000
0.610937 0.000000
0.511260 0.000000
0.411150 0.000000
0.314454 0.000000
0.224889 0.000000
0.145897 0.000000
0.080511 0.000000
0.031247 0.000000
-0.000003 0.000000
-0.012038 0.000000
-0.004397 0.000000
0.022629 0.000000
0.068000 0.000000
0.129972 0.000000
0.206164 0.000000
0.293648 0.000000
1.012035 1.000000
1.004393 1.000000
0.977368 1.000000
0.931997 1.000000
0.870025 1.000000
0.793833 1.000000
0.706350 1.000000
0.610936 1.000000
0.511259 1.000000
0.411150 1.000000
0.314455 1.000000
0.224890 1.000000
0.145898 1.000000
0.080514 1.000000
0.031250 1.000000
-0.000000 1.000000
-0.012035 1.000000
-0.004393 1.000000
0.022633 1.000000
0.068003 1.000000
0.129975 1.000000
0.206167 1.000000
0.750000 0.000000
0.781250 0.000000
0.812500 0.000000
0.843750 0.000000
0.875000 0.000000
0.906250 0.000000
0.937500 0.000000
0.968750 0.000000
1.000000 0.000000
0.031250 0.000000
0.062500 0.000000
0.093750 0.000000
0.125000 0.000000
0.156250 0.000000
0.187500 0.000000
0.218750 0.000000
0.250000 0.000000
0.281250 0.000000
0.312500 0.000000
0.343750 0.000000
0.375000 0.000000
0.406250 0.000000
0.437500 0.000000
0.468750 0.000000
0.500000 0.000000
0.531250 0.000000
0.562500 0.000000
0.593750 0.000000
0.625000 0.000000
0.656250 0.000000
0.687500 0.000000
0.718750 0.000000
0.750000 1.000000
0.781250 1.000000
0.812500 1.000000
0.843750 1.000000
0.875000 1.000000
0.906250 1.000000
0.937500 1.000000
0.968750 1.000000
1.000000 1.000000
0.031250 1.000000
0.062500 1.000000
0.093750 1.000000
0.125000 1.000000
0.156250 1.000000
0.187500 1.000000
0.218750 1.000000
0.250000 1.000000
0.281250 1.000000
0.312500 1.000000
0.343750 1.000000
0.375000 1.000000
0.406250 1.000000
0.437500 1.000000
0.468750 1.000000
0.500000 1.000000
0.531250 1.000000
0.562500 1.000000
0.593750 1.000000
0.625000 1.000000
0.656250 1.000000
0.687500 1.000000
0.718750 1.000000
-0.000000 0.000000
-0.000000 1.000000
1.012035 0.000000
1.004393 0.000000
0.977368 0.000000
0.931997 0.000000
0.870026 0.000000
0.793834 0.000000
0.706350 0.000000
0.610937 0.000000
0.511260 0.000000
0.411150 0.000000
0.314454 0.000000
0.224889 0.000000
0.145897 0.000000
0.080511 0.000000
0.031247 0.000000
-0.000003 0.000000
-0.012038 0.000000
-0.004397 0.000000
0.022629 0.000000
0.068000 0.000000
0.129972 0.000000
0.206164 0.000000
0.293648 0.000000
1.012035 1.000000
1.004393 1.000000
0.977368 1.000000
0.931997 1.000000
0.870025 1.000000
0.793833 1.000000
0.706350 1.000000
0.610936 1.000000
0.511259 1.000000
0.411150 1.000000
0.314455 1.000000
0.224890 1.000000
0.145898 1.000000
0.080514 1.000000
0.031250 1.000000
-0.000000 1.000000
-0.012035 1.000000
-0.004393 1.000000
0.022633 1.000000
0.068003 1.000000
0.129975 1.000000
0.206167 1.000000
-0.358651 -0.428090
1.098069 -0.428090
-0.358651 0.856180
-0.358651 -0.428090
1.098069 -0.428090
-0.358651 0.856180
-0.253605 -0.428090
0.776452 -0.428089
-0.253605 0.856180
-0.317244 -0.428090
0.712813 -0.428089
-0.317244 0.856180
-1.190307 -0.428090
-1.190307 -0.428089
-1.190308 0.856180
-1.280308 -0.428090
-1.280307 -0.428089
-1.280308 0.856180
-0.358651 -0.428095
1.098069 -0.428095
-0.358651 0.856175
-0.358651 -0.428095
1.098069 -0.428095
-0.358651 0.856175
-0.253605 -0.428095
0.776452 -0.428096
-0.253605 0.856175
-0.317244 -0.428095
0.712812 -0.428096
-0.317244 0.856175
-1.190185 -0.428095
-1.190186 -0.428096
-1.190186 0.856175
-1.280185 -0.428095
-1.280186 -0.428096
-1.280186 0.856175
-20.636230 -0.428095
-20.636230 -0.428096
-20.636230 0.856175
-20.546230 -0.428095
-20.546230 -0.428096
-20.546230 0.856175
-21.572933 -0.428095
-22.602989 -0.428095
-21.572933 0.856175
-21.509295 -0.428095
-22.539351 -0.428095
-21.509295 0.856175
-21.467888 -0.428095
-22.924606 -0.428095
-21.467888 0.856175
-21.467888 -0.428095
-22.924606 -0.428095
-21.467888 0.856175
-21.467888 -0.428090
-22.924606 -0.428090
-21.467888 0.856180
-21.467888 -0.428090
-22.924606 -0.428090
-21.467888 0.856180
-21.572933 -0.428090
-22.602991 -0.428089
-21.572933 0.856180
-21.509295 -0.428090
-22.539351 -0.428089
-21.509293 0.856180
-20.636230 -0.428090
-20.636230 -0.428089
-20.636230 0.856180
-20.546230 -0.428090
-20.546230 -0.428089
-20.546230 0.856180
</float_array>
          <technique_common>
            <accessor source="#TidalTurbine_Base-UV0-array" count="3350" stride="2">
              <param name="S" type="float"/>
              <param name="T" type="float"/>
            </accessor>
          </technique_common>
        </source>
        <vertices id="TidalTurbine_Base-VERTEX">
          <input semantic="POSITION" source="#TidalTurbine_Base-POSITION"/>
        </vertices>
        <triangles count="2952" material="Yellow">
          <input semantic="VERTEX" offset="0" source="#TidalTurbine_Base-VERTEX"/>
          <input semantic="NORMAL" offset="1" source="#TidalTurbine_Base-Normal0"/>
          <input semantic="TEXCOORD" offset="2" set="0" source="#TidalTurbine_Base-UV0"/>
          <p> 30 0 87 29 1 86 28 2 85 28 3 85 27 4 84 26 5 83 26 6 83 25 7 82 24 8 81 28 9 85 26 10 83 24 11 81 24 12 81 23 13 80 22 14 79 22 15 79 21 16 78 20 17 77 24 18 81 22 19 79 20 20 77 20 21 77 19 22 76 18 23 75 18 24 75 17 25 74 16 26 73 20 27 77 18 28 75 16 29 73 24 30 81 20 31 77 16 32 73 16 33 73 15 34 72 14 35 71 14 36 71 13 37 70 12 38 69 16 39 73 14 40 71 12 41 69 12 42 69 11 43 68 10 44 67 10 45 67 9 46 66 8 47 8 12 48 69 10 49 67 8 50 8 16 51 73 12 52 69 8 53 8 8 54 8 7 55 7 6 56 6 6 57 6 5 58 5 4 59 4 8 60 8 6 61 6 4 62 4 4 63 4 3 64 3 2 65 2 2 66 2 1 67 1 0 68 0 4 69 4 2 70 2 0 71 0 8 72 8 4 73 4 0 74 0 16 75 73 8 76 8 0 77 0 24 78 81 16 79 73 0 80 0 28 81 85 24 82 81 0 83 0 30 84 87 28 85 85 0 86 0 31 87 88 30 88 87 0 89 0 0 90 0 1 91 1 33 92 33 33 93 33 32 94 32 0 95 0 1 96 1 2 97 2 34 98 34 34 99 34 33 100 33 1 101 1 2 102 2 3 103 3 35 104 35 35 105 35 34 106 34 2 107 2 3 108 3 4 109 4 36 110 36 36 111 36 35 112 35 3 113 3 4 114 4 5 115 5 37 116 37 37 117 37 36 118 36 4 119 4 5 120 5 6 121 6 38 122 38 38 123 38 37 124 37 5 125 5 6 126 6 7 127 7 39 128 39 39 129 39 38 130 38 6 131 6 7 132 7 8 133 8 40 134 40 40 135 40 39 136 39 7 137 7 8 138 64 9 139 9 41 140 41 41 141 41 40 142 65 8 143 64 9 144 9 10 145 10 42 146 42 42 147 42 41 148 41 9 149 9 10 150 10 11 151 11 43 152 43 43 153 43 42 154 42 10 155 10 11 156 11 12 157 12 44 158 44 44 159 44 43 160 43 11 161 11 12 162 12 13 163 13 45 164 45 45 165 45 44 166 44 12 167 12 13 168 13 14 169 14 46 170 46 46 171 46 45 172 45 13 173 13 14 174 14 15 175 15 47 176 47 47 177 47 46 178 46 14 179 14 15 180 15 16 181 16 48 182 48 48 183 48 47 184 47 15 185 15 16 186 16 17 187 17 49 188 49 49 189 49 48 190 48 16 191 16 17 192 17 18 193 18 50 194 50 50 195 50 49 196 49 17 197 17 18 198 18 19 199 19 51 200 51 51 201 51 50 202 50 18 203 18 19 204 19 20 205 20 52 206 52 52 207 52 51 208 51 19 209 19 20 210 20 21 211 21 53 212 53 53 213 53 52 214 52 20 215 20 21 216 21 22 217 22 54 218 54 54 219 54 53 220 53 21 221 21 22 222 22 23 223 23 55 224 55 55 225 55 54 226 54 22 227 22 23 228 23 24 229 24 56 230 56 56 231 56 55 232 55 23 233 23 24 234 24 25 235 25 57 236 57 57 237 57 56 238 56 24 239 24 25 240 25 26 241 26 58 242 58 58 243 58 57 244 57 25 245 25 26 246 26 27 247 27 59 248 59 59 249 59 58 250 58 26 251 26 27 252 27 28 253 28 60 254 60 60 255 60 59 256 59 27 257 27 28 258 28 29 259 29 61 260 61 61 261 61 60 262 60 28 263 28 29 264 29 30 265 30 62 266 62 62 267 62 61 268 61 29 269 29 30 270 30 31 271 31 63 272 63 63 273 63 62 274 62 30 275 30 31 276 31 0 277 0 32 278 32 32 279 32 63 280 63 31 281 31 32 282 32 33 283 33 34 284 34 34 285 34 35 286 35 36 287 36 36 288 36 37 289 37 38 290 38 34 291 34 36 292 36 38 293 38 38 294 38 39 295 39 40 296 40 40 297 40 41 298 89 42 299 90 38 300 38 40 301 40 42 302 90 42 303 90 43 304 91 44 305 92 44 306 92 45 307 93 46 308 94 42 309 90 44 310 92 46 311 94 38 312 38 42 313 90 46 314 94 46 315 94 47 316 95 48 317 96 48 318 96 49 319 97 50 320 98 46 321 94 48 322 96 50 323 98 50 324 98 51 325 99 52 326 100 52 327 100 53 328 101 54 329 102 50 330 98 52 331 100 54 332 102 46 333 94 50 334 98 54 335 102 54 336 102 55 337 103 56 338 104 56 339 104 57 340 105 58 341 106 54 342 102 56 343 104 58 344 106 58 345 106 59 346 107 60 347 108 60 348 108 61 349 109 62 350 110 58 351 106 60 352 108 62 353 110 54 354 102 58 355 106 62 356 110 46 357 94 54 358 102 62 359 110 38 360 38 46 361 94 62 362 110 34 363 34 38 364 38 62 365 110 32 366 32 34 367 34 62 368 110 63 369 63 32 370 32 62 371 110 94 372 198 93 373 197 92 374 196 92 375 196 91 376 195 90 377 194 90 378 194 89 379 193 88 380 192 92 381 196 90 382 194 88 383 192 88 384 192 87 385 191 86 386 190 86 387 190 85 388 189 84 389 188 88 390 192 86 391 190 84 392 188 84 393 188 83 394 187 82 395 186 82 396 186 81 397 185 80 398 184 84 399 188 82 400 186 80 401 184 88 402 192 84 403 188 80 404 184 80 405 184 79 406 183 78 407 182 78 408 182 77 409 181 76 410 180 80 411 184 78 412 182 76 413 180 76 414 180 75 415 179 74 416 178 74 417 178 73 418 177 72 419 119 76 420 180 74 421 178 72 422 119 80 423 184 76 424 180 72 425 119 72 426 119 71 427 118 70 428 117 70 429 117 69 430 116 68 431 115 72 432 119 70 433 117 68 434 115 68 435 115 67 436 114 66 437 113 66 438 113 65 439 112 128 440 222 68 441 115 66 442 113 128 443 222 72 444 119 68 445 115 128 446 222 80 447 184 72 448 119 128 449 222 88 450 192 80 451 184 128 452 222 92 453 196 88 454 192 128 455 222 94 456 198 92 457 196 128 458 222 159 459 199 94 460 198 128 461 222 64 462 111 129 463 223 97 464 144 97 465 144 96 466 143 64 467 111 129 468 223 130 469 224 98 470 145 98 471 145 97 472 144 129 473 223 130 474 224 131 475 225 99 476 146 99 477 146 98 478 145 130 479 224 131 480 225 132 481 226 100 482 147 100 483 147 99 484 146 131 485 225 132 486 226 133 487 227 101 488 148 101 489 148 100 490 147 132 491 226 133 492 227 134 493 228 102 494 149 102 495 149 101 496 148 133 497 227 134 498 228 135 499 229 103 500 150 103 501 150 102 502 149 134 503 228 135 504 229 136 505 230 104 506 151 104 507 151 103 508 150 135 509 229 136 510 175 137 511 120 105 512 152 105 513 152 104 514 176 136 515 175 137 516 120 138 517 121 106 518 153 106 519 153 105 520 152 137 521 120 138 522 121 139 523 122 107 524 154 107 525 154 106 526 153 138 527 121 139 528 122 140 529 123 108 530 155 108 531 155 107 532 154 139 533 122 140 534 123 141 535 124 109 536 156 109 537 156 108 538 155 140 539 123 141 540 124 142 541 125 110 542 157 110 543 157 109 544 156 141 545 124 142 546 125 143 547 126 111 548 158 111 549 158 110 550 157 142 551 125 143 552 126 144 553 127 112 554 159 112 555 159 111 556 158 143 557 126 144 558 127 145 559 128 113 560 160 113 561 160 112 562 159 144 563 127 145 564 128 146 565 129 114 566 161 114 567 161 113 568 160 145 569 128 146 570 129 147 571 130 115 572 162 115 573 162 114 574 161 146 575 129 147 576 130 148 577 131 116 578 163 116 579 163 115 580 162 147 581 130 148 582 131 149 583 132 117 584 164 117 585 164 116 586 163 148 587 131 149 588 132 150 589 133 118 590 165 118 591 165 117 592 164 149 593 132 150 594 133 151 595 134 119 596 166 119 597 166 118 598 165 150 599 133 151 600 134 152 601 135 120 602 167 120 603 167 119 604 166 151 605 134 152 606 135 153 607 136 121 608 168 121 609 168 120 610 167 152 611 135 153 612 136 154 613 137 122 614 169 122 615 169 121 616 168 153 617 136 154 618 137 155 619 138 123 620 170 123 621 170 122 622 169 154 623 137 155 624 138 156 625 139 124 626 171 124 627 171 123 628 170 155 629 138 156 630 139 157 631 140 125 632 172 125 633 172 124 634 171 156 635 139 157 636 140 158 637 141 126 638 173 126 639 173 125 640 172 157 641 140 158 642 141 95 643 142 127 644 174 127 645 174 126 646 173 158 647 141 95 648 142 64 649 111 96 650 143 96 651 143 127 652 174 95 653 142 160 654 231 161 655 232 162 656 233 162 657 233 163 658 234 164 659 235 164 660 235 165 661 236 166 662 237 162 663 233 164 664 235 166 665 237 166 666 237 167 667 238 168 668 239 168 669 239 169 670 200 170 671 201 166 672 237 168 673 239 170 674 201 170 675 201 171 676 202 172 677 203 172 678 203 173 679 204 174 680 205 170 681 201 172 682 203 174 683 205 166 684 237 170 685 201 174 686 205 174 687 205 175 688 206 176 689 207 176 690 207 177 691 208 178 692 209 174 693 205 176 694 207 178 695 209 178 696 209 179 697 210 180 698 211 180 699 211 181 700 212 182 701 213 178 702 209 180 703 211 182 704 213 174 705 205 178 706 209 182 707 213 182 708 213 183 709 214 184 710 215 184 711 215 185 712 216 186 713 217 182 714 213 184 715 215 186 716 217 186 717 217 187 718 218 188 719 219 188 720 219 189 721 220 190 722 221 186 723 217 188 724 219 190 725 221 182 726 213 186 727 217 190 728 221 174 729 205 182 730 213 190 731 221 166 732 237 174 733 205 190 734 221 162 735 233 166 736 237 190 737 221 160 738 231 162 739 233 190 740 221 191 741 240 160 742 231 190 743 221 65 744 112 129 745 223 64 746 111 64 747 111 128 748 222 65 749 112 66 750 113 130 751 224 129 752 223 129 753 223 65 754 112 66 755 113 67 756 114 131 757 225 130 758 224 130 759 224 66 760 113 67 761 114 68 762 115 132 763 226 131 764 225 131 765 225 67 766 114 68 767 115 69 768 116 133 769 227 132 770 226 132 771 226 68 772 115 69 773 116 70 774 117 134 775 228 133 776 227 133 777 227 69 778 116 70 779 117 71 780 118 135 781 229 134 782 228 134 783 228 70 784 117 71 785 118 72 786 119 136 787 230 135 788 229 135 789 229 71 790 118 72 791 119 73 792 241 137 793 120 136 794 175 136 795 175 72 796 242 73 797 241 74 798 243 138 799 121 137 800 120 137 801 120 73 802 244 74 803 243 75 804 245 139 805 122 138 806 121 138 807 121 74 808 246 75 809 245 76 810 247 140 811 123 139 812 122 139 813 122 75 814 248 76 815 247 77 816 249 141 817 124 140 818 123 140 819 123 76 820 250 77 821 249 78 822 251 142 823 125 141 824 124 141 825 124 77 826 252 78 827 251 79 828 253 143 829 126 142 830 125 142 831 125 78 832 254 79 833 253 80 834 255 144 835 127 143 836 126 143 837 126 79 838 256 80 839 255 81 840 257 145 841 128 144 842 127 144 843 127 80 844 258 81 845 257 82 846 259 146 847 129 145 848 128 145 849 128 81 850 260 82 851 259 83 852 261 147 853 130 146 854 129 146 855 129 82 856 262 83 857 261 84 858 263 148 859 131 147 860 130 147 861 130 83 862 264 84 863 263 85 864 265 149 865 132 148 866 131 148 867 131 84 868 266 85 869 265 86 870 267 150 871 133 149 872 132 149 873 132 85 874 268 86 875 267 87 876 269 151 877 134 150 878 133 150 879 133 86 880 270 87 881 269 88 882 271 152 883 135 151 884 134 151 885 134 87 886 272 88 887 271 89 888 273 153 889 136 152 890 135 152 891 135 88 892 274 89 893 273 90 894 275 154 895 137 153 896 136 153 897 136 89 898 276 90 899 275 91 900 277 155 901 138 154 902 137 154 903 137 90 904 278 91 905 277 92 906 279 156 907 139 155 908 138 155 909 138 91 910 280 92 911 279 93 912 281 157 913 140 156 914 139 156 915 139 92 916 282 93 917 281 94 918 283 158 919 141 157 920 140 157 921 140 93 922 284 94 923 283 159 924 285 95 925 142 158 926 141 158 927 141 94 928 286 159 929 285 128 930 287 64 931 111 95 932 142 95 933 142 159 934 288 128 935 287 97 936 144 161 937 232 160 938 231 160 939 231 96 940 143 97 941 144 98 942 145 162 943 233 161 944 232 161 945 232 97 946 144 98 947 145 99 948 146 163 949 234 162 950 233 162 951 233 98 952 145 99 953 146 100 954 147 164 955 235 163 956 234 163 957 234 99 958 146 100 959 147 101 960 148 165 961 236 164 962 235 164 963 235 100 964 147 101 965 148 102 966 149 166 967 237 165 968 236 165 969 236 101 970 148 102 971 149 103 972 150 167 973 238 166 974 237 166 975 237 102 976 149 103 977 150 104 978 151 168 979 239 167 980 238 167 981 238 103 982 150 104 983 151 105 984 289 169 985 200 168 986 239 168 987 239 104 988 290 105 989 289 106 990 291 170 991 201 169 992 200 169 993 200 105 994 292 106 995 291 107 996 293 171 997 202 170 998 201 170 999 201 106 1000 294 107 1001 293 108 1002 295 172 1003 203 171 1004 202 171 1005 202 107 1006 296 108 1007 295 109 1008 297 173 1009 204 172 1010 203 172 1011 203 108 1012 298 109 1013 297 110 1014 299 174 1015 205 173 1016 204 173 1017 204 109 1018 300 110 1019 299 111 1020 301 175 1021 206 174 1022 205 174 1023 205 110 1024 302 111 1025 301 112 1026 303 176 1027 207 175 1028 206 175 1029 206 111 1030 304 112 1031 303 113 1032 305 177 1033 208 176 1034 207 176 1035 207 112 1036 306 113 1037 305 114 1038 307 178 1039 209 177 1040 208 177 1041 208 113 1042 308 114 1043 307 115 1044 309 179 1045 210 178 1046 209 178 1047 209 114 1048 310 115 1049 309 116 1050 311 180 1051 211 179 1052 210 179 1053 210 115 1054 312 116 1055 311 117 1056 313 181 1057 212 180 1058 211 180 1059 211 116 1060 314 117 1061 313 118 1062 315 182 1063 213 181 1064 212 181 1065 212 117 1066 316 118 1067 315 119 1068 317 183 1069 214 182 1070 213 182 1071 213 118 1072 318 119 1073 317 120 1074 319 184 1075 215 183 1076 214 183 1077 214 119 1078 320 120 1079 319 121 1080 321 185 1081 216 184 1082 215 184 1083 215 120 1084 322 121 1085 321 122 1086 323 186 1087 217 185 1088 216 185 1089 216 121 1090 324 122 1091 323 123 1092 325 187 1093 218 186 1094 217 186 1095 217 122 1096 326 123 1097 325 124 1098 327 188 1099 219 187 1100 218 187 1101 218 123 1102 328 124 1103 327 125 1104 329 189 1105 220 188 1106 219 188 1107 219 124 1108 330 125 1109 329 126 1110 331 190 1111 221 189 1112 220 189 1113 220 125 1114 332 126 1115 331 127 1116 333 191 1117 240 190 1118 221 190 1119 221 126 1120 334 127 1121 333 96 1122 143 160 1123 231 191 1124 240 191 1125 240 127 1126 174 96 1127 143 225 1128 338 199 1129 487 200 1130 339 200 1131 339 224 1132 340 225 1133 338 199 1134 341 225 1135 488 228 1136 342 228 1137 342 198 1138 343 199 1139 341 201 1140 344 202 1141 489 226 1142 345 226 1143 345 227 1144 346 201 1145 344 200 1146 347 201 1147 490 227 1148 348 227 1149 348 224 1150 349 200 1151 347 229 1152 350 197 1153 491 198 1154 351 198 1155 351 228 1156 352 229 1157 350 202 1158 353 203 1159 492 231 1160 354 231 1161 354 226 1162 355 202 1163 353 203 1164 359 204 1165 496 233 1166 360 203 1167 359 233 1168 360 232 1169 361 203 1170 359 232 1171 361 231 1172 495 234 1173 362 237 1174 498 195 1175 363 234 1176 362 195 1177 363 196 1178 364 234 1179 362 196 1180 364 235 1181 497 205 1182 365 206 1183 499 239 1184 366 239 1185 366 238 1186 367 205 1187 365 240 1188 371 194 1189 502 195 1190 372 195 1191 372 237 1192 373 240 1193 371 245 1194 377 193 1195 505 192 1196 378 192 1197 378 244 1198 379 245 1199 377 241 1200 380 244 1201 507 192 1202 381 241 1203 380 192 1204 381 194 1205 382 241 1206 380 194 1207 382 240 1208 506 207 1209 383 208 1210 508 246 1211 384 246 1212 384 243 1213 385 207 1214 383 246 1215 386 208 1216 509 209 1217 387 209 1218 387 247 1219 388 246 1220 386 223 1221 389 193 1222 510 245 1223 390 245 1224 390 249 1225 391 223 1226 389 250 1227 392 247 1228 512 209 1229 393 250 1230 392 209 1231 393 210 1232 394 250 1233 392 210 1234 394 251 1235 511 221 1236 395 222 1237 513 253 1238 396 253 1239 396 252 1240 397 221 1241 395 251 1242 401 210 1243 516 211 1244 402 211 1245 402 255 1246 403 251 1247 401 256 1248 404 255 1249 518 211 1250 405 256 1251 404 211 1252 405 212 1253 406 256 1254 404 212 1255 406 257 1256 517 219 1257 407 220 1258 520 259 1259 408 219 1260 407 259 1261 408 258 1262 409 219 1263 407 258 1264 409 261 1265 519 263 1266 413 213 1267 523 214 1268 414 214 1269 414 262 1270 415 263 1271 413 218 1272 419 219 1273 526 261 1274 420 261 1275 420 264 1276 421 218 1277 419 217 1278 422 218 1279 527 264 1280 423 264 1281 423 265 1282 424 217 1283 422 216 1284 425 217 1285 528 265 1286 426 265 1287 426 266 1288 427 216 1289 425 267 1290 428 215 1291 529 216 1292 429 216 1293 429 266 1294 430 267 1295 428 262 1296 431 214 1297 530 215 1298 432 215 1299 432 267 1300 433 262 1301 431 202 1302 335 201 1303 486 200 1304 336 202 1305 335 200 1306 336 199 1307 337 202 1308 335 199 1309 337 198 1310 481 203 1311 485 202 1312 335 198 1313 481 204 1314 484 203 1315 485 198 1316 481 205 1317 483 204 1318 484 198 1319 481 206 1320 482 205 1321 483 198 1322 481 207 1323 479 206 1324 482 198 1325 481 207 1326 479 198 1327 481 197 1328 480 207 1329 479 197 1330 480 196 1331 463 208 1332 478 207 1333 479 196 1334 463 209 1335 477 208 1336 478 196 1337 463 210 1338 476 209 1339 477 196 1340 463 211 1341 475 210 1342 476 196 1343 463 212 1344 474 211 1345 475 196 1346 463 213 1347 473 212 1348 474 196 1349 463 214 1350 472 213 1351 473 196 1352 463 215 1353 471 214 1354 472 196 1355 463 216 1356 470 215 1357 471 196 1358 463 217 1359 469 216 1360 470 196 1361 463 218 1362 468 217 1363 469 196 1364 463 219 1365 467 218 1366 468 196 1367 463 220 1368 466 219 1369 467 196 1370 463 221 1371 465 220 1372 466 196 1373 463 222 1374 464 221 1375 465 196 1376 463 223 1377 458 222 1378 464 196 1379 463 223 1380 458 196 1381 463 195 1382 462 223 1383 458 195 1384 462 194 1385 461 223 1386 458 194 1387 461 192 1388 459 223 1389 458 192 1390 459 193 1391 460 235 1392 357 196 1393 358 197 1394 356 230 1395 493 235 1396 357 197 1397 356 230 1398 493 197 1399 356 229 1400 494 205 1401 369 238 1402 370 236 1403 368 204 1404 500 205 1405 369 236 1406 368 204 1407 500 236 1408 368 233 1409 501 207 1410 375 243 1411 376 242 1412 374 206 1413 503 207 1414 375 242 1415 374 206 1416 503 242 1417 374 239 1418 504 223 1419 399 249 1420 400 248 1421 398 222 1422 514 223 1423 399 248 1424 398 222 1425 514 248 1426 398 253 1427 515 221 1428 411 252 1429 412 254 1430 410 220 1431 521 221 1432 411 254 1433 410 220 1434 521 254 1435 410 259 1436 522 257 1437 417 212 1438 418 213 1439 416 260 1440 524 257 1441 417 213 1442 416 260 1443 524 213 1444 416 263 1445 525 241 1446 435 242 1447 436 243 1448 434 244 1449 533 241 1450 435 243 1451 434 245 1452 531 244 1453 533 243 1454 434 245 1455 531 243 1456 434 246 1457 532 250 1458 438 248 1459 439 249 1460 437 247 1461 534 250 1462 438 249 1463 437 247 1464 534 249 1465 437 245 1466 535 247 1467 534 245 1468 535 246 1469 536 252 1470 441 253 1471 442 248 1472 440 254 1473 541 252 1474 441 248 1475 440 256 1476 540 254 1477 541 248 1478 440 255 1479 539 256 1480 540 248 1481 440 251 1482 537 255 1483 539 248 1484 440 251 1485 537 248 1486 440 250 1487 538 260 1488 443 258 1489 544 259 1490 444 260 1491 443 259 1492 444 254 1493 445 257 1494 542 260 1495 443 254 1496 445 257 1497 542 254 1498 445 256 1499 543 265 1500 446 264 1501 550 261 1502 447 265 1503 446 261 1504 447 258 1505 448 266 1506 549 265 1507 446 258 1508 448 267 1509 548 266 1510 549 258 1511 448 262 1512 547 267 1513 548 258 1514 448 263 1515 545 262 1516 547 258 1517 448 263 1518 545 258 1519 448 260 1520 546 238 1521 450 239 1522 451 242 1523 449 236 1524 555 238 1525 450 242 1526 449 234 1527 554 236 1528 555 242 1529 449 237 1530 553 234 1531 554 242 1532 449 240 1533 551 237 1534 553 242 1535 449 240 1536 551 242 1537 449 241 1538 552 235 1539 453 230 1540 454 232 1541 452 234 1542 556 235 1543 453 232 1544 452 234 1545 556 232 1546 452 233 1547 557 234 1548 556 233 1549 557 236 1550 558 229 1551 456 228 1552 457 225 1553 455 230 1554 559 229 1555 456 225 1556 455 230 1557 559 225 1558 455 224 1559 564 230 1560 559 224 1561 564 227 1562 563 230 1563 559 227 1564 563 226 1565 562 230 1566 559 226 1567 562 231 1568 560 230 1569 559 231 1570 560 232 1571 561 655 1572 1148 656 1573 1149 657 1574 1150 657 1575 1150 658 1576 1151 659 1577 1152 659 1578 1152 660 1579 1153 661 1580 1154 657 1581 1150 659 1582 1152 661 1583 1154 661 1584 1154 662 1585 1155 663 1586 1156 663 1587 1156 664 1588 1157 665 1589 1158 661 1590 1154 663 1591 1156 665 1592 1158 665 1593 1158 666 1594 1159 667 1595 1160 667 1596 1160 668 1597 1161 669 1598 1162 665 1599 1158 667 1600 1160 669 1601 1162 661 1602 1154 665 1603 1158 669 1604 1162 669 1605 1162 670 1606 1163 671 1607 1164 671 1608 1164 672 1609 1165 673 1610 1166 669 1611 1162 671 1612 1164 673 1613 1166 673 1614 1166 674 1615 1167 675 1616 1168 675 1617 1168 676 1618 1169 677 1619 1170 673 1620 1166 675 1621 1168 677 1622 1170 669 1623 1162 673 1624 1166 677 1625 1170 677 1626 1170 678 1627 1171 679 1628 1172 679 1629 1172 680 1630 1173 681 1631 1174 677 1632 1170 679 1633 1172 681 1634 1174 681 1635 1174 682 1636 1175 683 1637 1176 683 1638 1176 684 1639 1177 685 1640 1178 681 1641 1174 683 1642 1176 685 1643 1178 677 1644 1170 681 1645 1174 685 1646 1178 669 1647 1162 677 1648 1170 685 1649 1178 685 1650 1178 686 1651 1179 687 1652 1180 687 1653 1180 688 1654 1181 689 1655 1182 685 1656 1178 687 1657 1180 689 1658 1182 689 1659 1182 690 1660 1183 691 1661 1184 691 1662 1184 692 1663 1185 693 1664 1186 689 1665 1182 691 1666 1184 693 1667 1186 685 1668 1178 689 1669 1182 693 1670 1186 693 1671 1186 694 1672 1187 695 1673 1188 695 1674 1188 696 1675 1189 697 1676 1190 693 1677 1186 695 1678 1188 697 1679 1190 697 1680 1190 698 1681 1191 699 1682 1192 699 1683 1192 700 1684 1193 701 1685 1194 697 1686 1190 699 1687 1192 701 1688 1194 693 1689 1186 697 1690 1190 701 1691 1194 685 1692 1178 693 1693 1186 701 1694 1194 701 1695 1194 702 1696 1195 703 1697 1196 703 1698 1196 704 1699 1197 705 1700 1198 701 1701 1194 703 1702 1196 705 1703 1198 705 1704 1198 706 1705 1199 707 1706 1200 707 1707 1200 708 1708 1201 709 1709 1202 705 1710 1198 707 1711 1200 709 1712 1202 701 1713 1194 705 1714 1198 709 1715 1202 709 1716 1202 710 1717 1203 711 1718 1204 711 1719 1204 712 1720 1205 713 1721 1206 709 1722 1202 711 1723 1204 713 1724 1206 713 1725 1206 714 1726 1207 715 1727 1208 715 1728 1208 652 1729 1145 653 1730 1146 713 1731 1206 715 1732 1208 653 1733 1146 709 1734 1202 713 1735 1206 653 1736 1146 701 1737 1194 709 1738 1202 653 1739 1146 685 1740 1178 701 1741 1194 653 1742 1146 669 1743 1162 685 1744 1178 653 1745 1146 661 1746 1154 669 1747 1162 653 1748 1146 657 1749 1150 661 1750 1154 653 1751 1146 655 1752 1148 657 1753 1150 653 1754 1146 654 1755 1147 655 1756 1148 653 1757 1146 268 1758 565 717 1759 1210 333 1760 630 333 1761 630 332 1762 629 268 1763 565 717 1764 1210 718 1765 1211 334 1766 631 334 1767 631 333 1768 630 717 1769 1210 718 1770 1211 719 1771 1212 335 1772 632 335 1773 632 334 1774 631 718 1775 1211 719 1776 1212 720 1777 1213 336 1778 633 336 1779 633 335 1780 632 719 1781 1212 720 1782 1213 721 1783 1214 337 1784 634 337 1785 634 336 1786 633 720 1787 1213 721 1788 1214 722 1789 1215 338 1790 635 338 1791 635 337 1792 634 721 1793 1214 722 1794 1215 723 1795 1216 339 1796 636 339 1797 636 338 1798 635 722 1799 1215 723 1800 1216 724 1801 1217 340 1802 637 340 1803 637 339 1804 636 723 1805 1216 724 1806 1217 725 1807 1218 341 1808 638 341 1809 638 340 1810 637 724 1811 1217 725 1812 1218 726 1813 1219 342 1814 639 342 1815 639 341 1816 638 725 1817 1218 726 1818 1219 727 1819 1220 343 1820 640 343 1821 640 342 1822 639 726 1823 1219 727 1824 1220 728 1825 1221 344 1826 641 344 1827 641 343 1828 640 727 1829 1220 728 1830 1221 729 1831 1222 345 1832 642 345 1833 642 344 1834 641 728 1835 1221 729 1836 1222 730 1837 1223 346 1838 643 346 1839 643 345 1840 642 729 1841 1222 730 1842 1223 731 1843 1224 347 1844 644 347 1845 644 346 1846 643 730 1847 1223 731 1848 693 732 1849 581 348 1850 645 348 1851 645 347 1852 694 731 1853 693 732 1854 581 733 1855 582 349 1856 646 349 1857 646 348 1858 645 732 1859 581 733 1860 582 734 1861 583 350 1862 647 350 1863 647 349 1864 646 733 1865 582 734 1866 583 735 1867 584 351 1868 648 351 1869 648 350 1870 647 734 1871 583 735 1872 584 736 1873 585 352 1874 649 352 1875 649 351 1876 648 735 1877 584 736 1878 585 737 1879 586 353 1880 650 353 1881 650 352 1882 649 736 1883 585 737 1884 586 738 1885 587 354 1886 651 354 1887 651 353 1888 650 737 1889 586 738 1890 587 739 1891 588 355 1892 652 355 1893 652 354 1894 651 738 1895 587 739 1896 588 740 1897 589 356 1898 653 356 1899 653 355 1900 652 739 1901 588 740 1902 589 741 1903 590 357 1904 654 357 1905 654 356 1906 653 740 1907 589 741 1908 590 742 1909 591 358 1910 655 358 1911 655 357 1912 654 741 1913 590 742 1914 591 743 1915 592 359 1916 656 359 1917 656 358 1918 655 742 1919 591 743 1920 592 744 1921 593 360 1922 657 360 1923 657 359 1924 656 743 1925 592 744 1926 593 745 1927 594 361 1928 658 361 1929 658 360 1930 657 744 1931 593 745 1932 594 746 1933 595 362 1934 659 362 1935 659 361 1936 658 745 1937 594 746 1938 595 747 1939 596 363 1940 660 363 1941 660 362 1942 659 746 1943 595 747 1944 596 748 1945 597 364 1946 661 364 1947 661 363 1948 660 747 1949 596 748 1950 597 749 1951 598 365 1952 662 365 1953 662 364 1954 661 748 1955 597 749 1956 598 750 1957 599 366 1958 663 366 1959 663 365 1960 662 749 1961 598 750 1962 599 751 1963 600 367 1964 664 367 1965 664 366 1966 663 750 1967 599 751 1968 600 752 1969 601 368 1970 665 368 1971 665 367 1972 664 751 1973 600 752 1974 601 753 1975 602 369 1976 666 369 1977 666 368 1978 665 752 1979 601 753 1980 602 754 1981 603 370 1982 667 370 1983 667 369 1984 666 753 1985 602 754 1986 603 755 1987 604 371 1988 668 371 1989 668 370 1990 667 754 1991 603 755 1992 604 756 1993 605 372 1994 669 372 1995 669 371 1996 668 755 1997 604 756 1998 605 757 1999 606 373 2000 670 373 2001 670 372 2002 669 756 2003 605 757 2004 606 758 2005 607 374 2006 671 374 2007 671 373 2008 670 757 2009 606 758 2010 607 759 2011 608 375 2012 672 375 2013 672 374 2014 671 758 2015 607 759 2016 608 760 2017 609 376 2018 673 376 2019 673 375 2020 672 759 2021 608 760 2022 609 761 2023 610 377 2024 674 377 2025 674 376 2026 673 760 2027 609 761 2028 610 762 2029 611 378 2030 675 378 2031 675 377 2032 674 761 2033 610 762 2034 611 763 2035 612 379 2036 676 379 2037 676 378 2038 675 762 2039 611 763 2040 612 764 2041 613 380 2042 677 380 2043 677 379 2044 676 763 2045 612 764 2046 613 765 2047 614 381 2048 678 381 2049 678 380 2050 677 764 2051 613 765 2052 614 766 2053 615 382 2054 679 382 2055 679 381 2056 678 765 2057 614 766 2058 615 767 2059 616 383 2060 680 383 2061 680 382 2062 679 766 2063 615 767 2064 616 768 2065 617 384 2066 681 384 2067 681 383 2068 680 767 2069 616 768 2070 617 769 2071 618 385 2072 682 385 2073 682 384 2074 681 768 2075 617 769 2076 618 770 2077 619 386 2078 683 386 2079 683 385 2080 682 769 2081 618 770 2082 619 771 2083 620 387 2084 684 387 2085 684 386 2086 683 770 2087 619 771 2088 620 772 2089 621 388 2090 685 388 2091 685 387 2092 684 771 2093 620 772 2094 621 773 2095 622 389 2096 686 389 2097 686 388 2098 685 772 2099 621 773 2100 622 774 2101 623 390 2102 687 390 2103 687 389 2104 686 773 2105 622 774 2106 623 775 2107 624 391 2108 688 391 2109 688 390 2110 687 774 2111 623 775 2112 624 776 2113 625 392 2114 689 392 2115 689 391 2116 688 775 2117 624 776 2118 625 777 2119 626 393 2120 690 393 2121 690 392 2122 689 776 2123 625 777 2124 626 778 2125 627 394 2126 691 394 2127 691 393 2128 690 777 2129 626 778 2130 627 331 2131 628 395 2132 692 395 2133 692 394 2134 691 778 2135 627 331 2136 628 268 2137 565 332 2138 629 332 2139 629 395 2140 692 331 2141 628 396 2142 790 397 2143 791 398 2144 792 398 2145 792 399 2146 793 400 2147 794 400 2148 794 401 2149 795 402 2150 796 398 2151 792 400 2152 794 402 2153 796 402 2154 796 403 2155 797 404 2156 798 404 2157 798 405 2158 799 406 2159 800 402 2160 796 404 2161 798 406 2162 800 406 2163 800 407 2164 801 408 2165 802 408 2166 802 409 2167 803 410 2168 804 406 2169 800 408 2170 802 410 2171 804 402 2172 796 406 2173 800 410 2174 804 410 2175 804 411 2176 805 412 2177 806 412 2178 806 413 2179 807 414 2180 808 410 2181 804 412 2182 806 414 2183 808 414 2184 808 415 2185 809 416 2186 810 416 2187 810 417 2188 811 418 2189 812 414 2190 808 416 2191 810 418 2192 812 410 2193 804 414 2194 808 418 2195 812 418 2196 812 419 2197 813 420 2198 814 420 2199 814 421 2200 815 422 2201 816 418 2202 812 420 2203 814 422 2204 816 422 2205 816 423 2206 817 424 2207 818 424 2208 818 425 2209 819 426 2210 820 422 2211 816 424 2212 818 426 2213 820 418 2214 812 422 2215 816 426 2216 820 410 2217 804 418 2218 812 426 2219 820 426 2220 820 427 2221 821 428 2222 822 428 2223 822 429 2224 823 430 2225 824 426 2226 820 428 2227 822 430 2228 824 430 2229 824 431 2230 825 432 2231 826 432 2232 826 433 2233 827 434 2234 828 430 2235 824 432 2236 826 434 2237 828 426 2238 820 430 2239 824 434 2240 828 434 2241 828 435 2242 829 436 2243 830 436 2244 830 437 2245 831 438 2246 832 434 2247 828 436 2248 830 438 2249 832 438 2250 832 439 2251 833 440 2252 834 440 2253 834 441 2254 835 442 2255 836 438 2256 832 440 2257 834 442 2258 836 434 2259 828 438 2260 832 442 2261 836 426 2262 820 434 2263 828 442 2264 836 442 2265 836 443 2266 837 444 2267 838 444 2268 838 445 2269 839 446 2270 840 442 2271 836 444 2272 838 446 2273 840 446 2274 840 447 2275 841 448 2276 842 448 2277 842 449 2278 843 450 2279 844 446 2280 840 448 2281 842 450 2282 844 442 2283 836 446 2284 840 450 2285 844 450 2286 844 451 2287 845 452 2288 846 452 2289 846 453 2290 847 454 2291 848 450 2292 844 452 2293 846 454 2294 848 454 2295 848 455 2296 849 456 2297 850 456 2298 850 457 2299 851 458 2300 852 454 2301 848 456 2302 850 458 2303 852 450 2304 844 454 2305 848 458 2306 852 442 2307 836 450 2308 844 458 2309 852 426 2310 820 442 2311 836 458 2312 852 410 2313 804 426 2314 820 458 2315 852 402 2316 796 410 2317 804 458 2318 852 398 2319 792 402 2320 796 458 2321 852 396 2322 790 398 2323 792 458 2324 852 459 2325 853 396 2326 790 458 2327 852 588 2328 1032 589 2329 1033 397 2330 791 397 2331 791 396 2332 790 588 2333 1032 589 2334 1033 590 2335 1034 398 2336 792 398 2337 792 397 2338 791 589 2339 1033 590 2340 1034 591 2341 1035 399 2342 793 399 2343 793 398 2344 792 590 2345 1034 591 2346 1035 592 2347 1036 400 2348 794 400 2349 794 399 2350 793 591 2351 1035 592 2352 1036 593 2353 1037 401 2354 795 401 2355 795 400 2356 794 592 2357 1036 593 2358 1037 594 2359 1038 402 2360 796 402 2361 796 401 2362 795 593 2363 1037 594 2364 1038 595 2365 1039 403 2366 797 403 2367 797 402 2368 796 594 2369 1038 595 2370 1039 596 2371 1040 404 2372 798 404 2373 798 403 2374 797 595 2375 1039 596 2376 1040 597 2377 1041 405 2378 799 405 2379 799 404 2380 798 596 2381 1040 597 2382 1041 598 2383 1042 406 2384 800 406 2385 800 405 2386 799 597 2387 1041 598 2388 1042 599 2389 1043 407 2390 801 407 2391 801 406 2392 800 598 2393 1042 599 2394 1043 600 2395 1044 408 2396 802 408 2397 802 407 2398 801 599 2399 1043 600 2400 1044 601 2401 1045 409 2402 803 409 2403 803 408 2404 802 600 2405 1044 601 2406 1045 602 2407 1046 410 2408 804 410 2409 804 409 2410 803 601 2411 1045 602 2412 1046 603 2413 1047 411 2414 805 411 2415 805 410 2416 804 602 2417 1046 603 2418 1047 604 2419 743 412 2420 806 412 2421 806 411 2422 805 603 2423 1047 604 2424 743 605 2425 744 413 2426 807 413 2427 807 412 2428 806 604 2429 743 605 2430 744 606 2431 745 414 2432 808 414 2433 808 413 2434 807 605 2435 744 606 2436 745 607 2437 746 415 2438 809 415 2439 809 414 2440 808 606 2441 745 607 2442 746 608 2443 747 416 2444 810 416 2445 810 415 2446 809 607 2447 746 608 2448 747 609 2449 748 417 2450 811 417 2451 811 416 2452 810 608 2453 747 609 2454 748 610 2455 749 418 2456 812 418 2457 812 417 2458 811 609 2459 748 610 2460 749 611 2461 750 419 2462 813 419 2463 813 418 2464 812 610 2465 749 611 2466 750 612 2467 751 420 2468 814 420 2469 814 419 2470 813 611 2471 750 612 2472 751 613 2473 752 421 2474 815 421 2475 815 420 2476 814 612 2477 751 613 2478 752 614 2479 753 422 2480 816 422 2481 816 421 2482 815 613 2483 752 614 2484 753 615 2485 754 423 2486 817 423 2487 817 422 2488 816 614 2489 753 615 2490 754 616 2491 755 424 2492 818 424 2493 818 423 2494 817 615 2495 754 616 2496 755 617 2497 756 425 2498 819 425 2499 819 424 2500 818 616 2501 755 617 2502 756 618 2503 757 426 2504 820 426 2505 820 425 2506 819 617 2507 756 618 2508 757 619 2509 758 427 2510 821 427 2511 821 426 2512 820 618 2513 757 619 2514 758 620 2515 759 428 2516 822 428 2517 822 427 2518 821 619 2519 758 620 2520 759 621 2521 760 429 2522 823 429 2523 823 428 2524 822 620 2525 759 621 2526 760 622 2527 761 430 2528 824 430 2529 824 429 2530 823 621 2531 760 622 2532 761 623 2533 762 431 2534 825 431 2535 825 430 2536 824 622 2537 761 623 2538 762 624 2539 763 432 2540 826 432 2541 826 431 2542 825 623 2543 762 624 2544 763 625 2545 764 433 2546 827 433 2547 827 432 2548 826 624 2549 763 625 2550 764 626 2551 765 434 2552 828 434 2553 828 433 2554 827 625 2555 764 626 2556 765 627 2557 766 435 2558 829 435 2559 829 434 2560 828 626 2561 765 627 2562 766 628 2563 767 436 2564 830 436 2565 830 435 2566 829 627 2567 766 628 2568 767 629 2569 768 437 2570 831 437 2571 831 436 2572 830 628 2573 767 629 2574 768 630 2575 769 438 2576 832 438 2577 832 437 2578 831 629 2579 768 630 2580 769 631 2581 770 439 2582 833 439 2583 833 438 2584 832 630 2585 769 631 2586 770 632 2587 771 440 2588 834 440 2589 834 439 2590 833 631 2591 770 632 2592 771 633 2593 772 441 2594 835 441 2595 835 440 2596 834 632 2597 771 633 2598 772 634 2599 773 442 2600 836 442 2601 836 441 2602 835 633 2603 772 634 2604 773 635 2605 774 443 2606 837 443 2607 837 442 2608 836 634 2609 773 635 2610 774 636 2611 775 444 2612 838 444 2613 838 443 2614 837 635 2615 774 636 2616 775 637 2617 776 445 2618 839 445 2619 839 444 2620 838 636 2621 775 637 2622 776 638 2623 777 446 2624 840 446 2625 840 445 2626 839 637 2627 776 638 2628 777 639 2629 778 447 2630 841 447 2631 841 446 2632 840 638 2633 777 639 2634 778 640 2635 779 448 2636 842 448 2637 842 447 2638 841 639 2639 778 640 2640 779 641 2641 780 449 2642 843 449 2643 843 448 2644 842 640 2645 779 641 2646 780 642 2647 781 450 2648 844 450 2649 844 449 2650 843 641 2651 780 642 2652 781 643 2653 782 451 2654 845 451 2655 845 450 2656 844 642 2657 781 643 2658 782 644 2659 783 452 2660 846 452 2661 846 451 2662 845 643 2663 782 644 2664 783 645 2665 784 453 2666 847 453 2667 847 452 2668 846 644 2669 783 645 2670 784 646 2671 785 454 2672 848 454 2673 848 453 2674 847 645 2675 784 646 2676 785 647 2677 786 455 2678 849 455 2679 849 454 2680 848 646 2681 785 647 2682 786 648 2683 787 456 2684 850 456 2685 850 455 2686 849 647 2687 786 648 2688 787 649 2689 788 457 2690 851 457 2691 851 456 2692 850 648 2693 787 649 2694 788 650 2695 789 458 2696 852 458 2697 852 457 2698 851 649 2699 788 650 2700 789 651 2701 1048 459 2702 853 459 2703 853 458 2704 852 650 2705 789 651 2706 1048 588 2707 1032 396 2708 790 396 2709 790 459 2710 853 651 2711 1048 460 2712 854 524 2713 967 525 2714 968 525 2715 968 461 2716 855 460 2717 854 461 2718 855 525 2719 968 526 2720 969 526 2721 969 462 2722 856 461 2723 855 462 2724 856 526 2725 969 527 2726 970 527 2727 970 463 2728 857 462 2729 856 463 2730 857 527 2731 970 528 2732 971 528 2733 971 464 2734 858 463 2735 857 464 2736 858 528 2737 971 529 2738 972 529 2739 972 465 2740 859 464 2741 858 465 2742 859 529 2743 972 530 2744 973 530 2745 973 466 2746 860 465 2747 859 466 2748 860 530 2749 973 531 2750 974 531 2751 974 467 2752 861 466 2753 860 467 2754 861 531 2755 974 532 2756 975 532 2757 975 468 2758 862 467 2759 861 468 2760 862 532 2761 975 533 2762 976 533 2763 976 469 2764 863 468 2765 862 469 2766 863 533 2767 976 534 2768 977 534 2769 977 470 2770 864 469 2771 863 470 2772 864 534 2773 977 535 2774 978 535 2775 978 471 2776 865 470 2777 864 471 2778 865 535 2779 978 536 2780 979 536 2781 979 472 2782 866 471 2783 865 472 2784 866 536 2785 979 537 2786 980 537 2787 980 473 2788 867 472 2789 866 473 2790 867 537 2791 980 538 2792 981 538 2793 981 474 2794 868 473 2795 867 474 2796 868 538 2797 981 539 2798 983 539 2799 983 475 2800 869 474 2801 868 475 2802 871 539 2803 982 540 2804 984 540 2805 984 476 2806 872 475 2807 871 476 2808 873 540 2809 984 541 2810 985 541 2811 985 477 2812 874 476 2813 873 477 2814 875 541 2815 985 542 2816 986 542 2817 986 478 2818 876 477 2819 875 478 2820 877 542 2821 986 543 2822 987 543 2823 987 479 2824 878 478 2825 877 479 2826 879 543 2827 987 544 2828 988 544 2829 988 480 2830 880 479 2831 879 480 2832 881 544 2833 988 545 2834 989 545 2835 989 481 2836 882 480 2837 881 481 2838 883 545 2839 989 546 2840 990 546 2841 990 482 2842 884 481 2843 883 482 2844 885 546 2845 990 547 2846 991 547 2847 991 483 2848 886 482 2849 885 483 2850 887 547 2851 991 548 2852 992 548 2853 992 484 2854 888 483 2855 887 484 2856 889 548 2857 992 549 2858 993 549 2859 993 485 2860 890 484 2861 889 485 2862 891 549 2863 993 550 2864 994 550 2865 994 486 2866 892 485 2867 891 486 2868 893 550 2869 994 551 2870 995 551 2871 995 487 2872 894 486 2873 893 487 2874 895 551 2875 995 552 2876 996 552 2877 996 488 2878 896 487 2879 895 488 2880 897 552 2881 996 553 2882 997 553 2883 997 489 2884 898 488 2885 897 489 2886 899 553 2887 997 554 2888 998 554 2889 998 490 2890 900 489 2891 899 490 2892 901 554 2893 998 555 2894 999 555 2895 999 491 2896 902 490 2897 901 491 2898 903 555 2899 999 556 2900 1000 556 2901 1000 492 2902 904 491 2903 903 492 2904 905 556 2905 1000 557 2906 1001 557 2907 1001 493 2908 906 492 2909 905 493 2910 907 557 2911 1001 558 2912 1002 558 2913 1002 494 2914 908 493 2915 907 494 2916 909 558 2917 1002 559 2918 1003 559 2919 1003 495 2920 910 494 2921 909 495 2922 911 559 2923 1003 560 2924 1004 560 2925 1004 496 2926 912 495 2927 911 496 2928 913 560 2929 1004 561 2930 1005 561 2931 1005 497 2932 914 496 2933 913 497 2934 915 561 2935 1005 562 2936 1006 562 2937 1006 498 2938 916 497 2939 915 498 2940 917 562 2941 1006 563 2942 1007 563 2943 1007 499 2944 918 498 2945 917 499 2946 919 563 2947 1007 564 2948 1008 564 2949 1008 500 2950 920 499 2951 919 500 2952 921 564 2953 1008 565 2954 1009 565 2955 1009 501 2956 922 500 2957 921 501 2958 923 565 2959 1009 566 2960 1010 566 2961 1010 502 2962 924 501 2963 923 502 2964 925 566 2965 1010 567 2966 1011 567 2967 1011 503 2968 926 502 2969 925 503 2970 927 567 2971 1011 568 2972 1012 568 2973 1012 504 2974 928 503 2975 927 504 2976 929 568 2977 1012 569 2978 1013 569 2979 1013 505 2980 930 504 2981 929 505 2982 931 569 2983 1013 570 2984 1014 570 2985 1014 506 2986 932 505 2987 931 506 2988 933 570 2989 1014 571 2990 1015 571 2991 1015 507 2992 934 506 2993 933 507 2994 935 571 2995 1015 572 2996 1016 572 2997 1016 508 2998 936 507 2999 935 508 3000 937 572 3001 1016 573 3002 1017 573 3003 1017 509 3004 938 508 3005 937 509 3006 939 573 3007 1017 574 3008 1018 574 3009 1018 510 3010 940 509 3011 939 510 3012 941 574 3013 1018 575 3014 1019 575 3015 1019 511 3016 942 510 3017 941 511 3018 943 575 3019 1019 576 3020 1020 576 3021 1020 512 3022 944 511 3023 943 512 3024 945 576 3025 1020 577 3026 1021 577 3027 1021 513 3028 946 512 3029 945 513 3030 947 577 3031 1021 578 3032 1022 578 3033 1022 514 3034 948 513 3035 947 514 3036 949 578 3037 1022 579 3038 1023 579 3039 1023 515 3040 950 514 3041 949 515 3042 951 579 3043 1023 580 3044 1024 580 3045 1024 516 3046 952 515 3047 951 516 3048 953 580 3049 1024 581 3050 1025 581 3051 1025 517 3052 954 516 3053 953 517 3054 955 581 3055 1025 582 3056 1026 582 3057 1026 518 3058 956 517 3059 955 518 3060 957 582 3061 1026 583 3062 1027 583 3063 1027 519 3064 958 518 3065 957 519 3066 959 583 3067 1027 584 3068 1028 584 3069 1028 520 3070 960 519 3071 959 520 3072 961 584 3073 1028 585 3074 1029 585 3075 1029 521 3076 962 520 3077 961 521 3078 963 585 3079 1029 586 3080 1030 586 3081 1030 522 3082 964 521 3083 963 522 3084 965 586 3085 1030 587 3086 1031 587 3087 1031 523 3088 966 522 3089 965 523 3090 870 587 3091 1031 524 3092 967 524 3093 967 460 3094 854 523 3095 870 588 3096 1032 460 3097 854 461 3098 855 461 3099 855 589 3100 1033 588 3101 1032 589 3102 1033 461 3103 855 462 3104 856 462 3105 856 590 3106 1034 589 3107 1033 590 3108 1034 462 3109 856 463 3110 857 463 3111 857 591 3112 1035 590 3113 1034 591 3114 1035 463 3115 857 464 3116 858 464 3117 858 592 3118 1036 591 3119 1035 592 3120 1036 464 3121 858 465 3122 859 465 3123 859 593 3124 1037 592 3125 1036 593 3126 1037 465 3127 859 466 3128 860 466 3129 860 594 3130 1038 593 3131 1037 594 3132 1038 466 3133 860 467 3134 861 467 3135 861 595 3136 1039 594 3137 1038 595 3138 1039 467 3139 861 468 3140 862 468 3141 862 596 3142 1040 595 3143 1039 596 3144 1040 468 3145 862 469 3146 863 469 3147 863 597 3148 1041 596 3149 1040 597 3150 1041 469 3151 863 470 3152 864 470 3153 864 598 3154 1042 597 3155 1041 598 3156 1042 470 3157 864 471 3158 865 471 3159 865 599 3160 1043 598 3161 1042 599 3162 1043 471 3163 865 472 3164 866 472 3165 866 600 3166 1044 599 3167 1043 600 3168 1044 472 3169 866 473 3170 867 473 3171 867 601 3172 1045 600 3173 1044 601 3174 1045 473 3175 867 474 3176 868 474 3177 868 602 3178 1046 601 3179 1045 602 3180 1046 474 3181 868 475 3182 869 475 3183 869 603 3184 1047 602 3185 1046 603 3186 1049 475 3187 871 476 3188 872 476 3189 872 604 3190 1050 603 3191 1049 604 3192 1051 476 3193 873 477 3194 874 477 3195 874 605 3196 1052 604 3197 1051 605 3198 1053 477 3199 875 478 3200 876 478 3201 876 606 3202 1054 605 3203 1053 606 3204 1055 478 3205 877 479 3206 878 479 3207 878 607 3208 1056 606 3209 1055 607 3210 1057 479 3211 879 480 3212 880 480 3213 880 608 3214 1058 607 3215 1057 608 3216 1059 480 3217 881 481 3218 882 481 3219 882 609 3220 1060 608 3221 1059 609 3222 1061 481 3223 883 482 3224 884 482 3225 884 610 3226 1062 609 3227 1061 610 3228 1063 482 3229 885 483 3230 886 483 3231 886 611 3232 1064 610 3233 1063 611 3234 1065 483 3235 887 484 3236 888 484 3237 888 612 3238 1066 611 3239 1065 612 3240 1067 484 3241 889 485 3242 890 485 3243 890 613 3244 1068 612 3245 1067 613 3246 1069 485 3247 891 486 3248 892 486 3249 892 614 3250 1070 613 3251 1069 614 3252 1071 486 3253 893 487 3254 894 487 3255 894 615 3256 1072 614 3257 1071 615 3258 1073 487 3259 895 488 3260 896 488 3261 896 616 3262 1074 615 3263 1073 616 3264 1075 488 3265 897 489 3266 898 489 3267 898 617 3268 1076 616 3269 1075 617 3270 1077 489 3271 899 490 3272 900 490 3273 900 618 3274 1078 617 3275 1077 618 3276 1079 490 3277 901 491 3278 902 491 3279 902 619 3280 1080 618 3281 1079 619 3282 1081 491 3283 903 492 3284 904 492 3285 904 620 3286 1082 619 3287 1081 620 3288 1083 492 3289 905 493 3290 906 493 3291 906 621 3292 1084 620 3293 1083 621 3294 1085 493 3295 907 494 3296 908 494 3297 908 622 3298 1086 621 3299 1085 622 3300 1087 494 3301 909 495 3302 910 495 3303 910 623 3304 1088 622 3305 1087 623 3306 1089 495 3307 911 496 3308 912 496 3309 912 624 3310 1090 623 3311 1089 624 3312 1091 496 3313 913 497 3314 914 497 3315 914 625 3316 1092 624 3317 1091 625 3318 1093 497 3319 915 498 3320 916 498 3321 916 626 3322 1094 625 3323 1093 626 3324 1095 498 3325 917 499 3326 918 499 3327 918 627 3328 1096 626 3329 1095 627 3330 1097 499 3331 919 500 3332 920 500 3333 920 628 3334 1098 627 3335 1097 628 3336 1099 500 3337 921 501 3338 922 501 3339 922 629 3340 1100 628 3341 1099 629 3342 1101 501 3343 923 502 3344 924 502 3345 924 630 3346 1102 629 3347 1101 630 3348 1103 502 3349 925 503 3350 926 503 3351 926 631 3352 1104 630 3353 1103 631 3354 1105 503 3355 927 504 3356 928 504 3357 928 632 3358 1106 631 3359 1105 632 3360 1107 504 3361 929 505 3362 930 505 3363 930 633 3364 1108 632 3365 1107 633 3366 1109 505 3367 931 506 3368 932 506 3369 932 634 3370 1110 633 3371 1109 634 3372 1111 506 3373 933 507 3374 934 507 3375 934 635 3376 1112 634 3377 1111 635 3378 1113 507 3379 935 508 3380 936 508 3381 936 636 3382 1114 635 3383 1113 636 3384 1115 508 3385 937 509 3386 938 509 3387 938 637 3388 1116 636 3389 1115 637 3390 1117 509 3391 939 510 3392 940 510 3393 940 638 3394 1118 637 3395 1117 638 3396 1119 510 3397 941 511 3398 942 511 3399 942 639 3400 1120 638 3401 1119 639 3402 1121 511 3403 943 512 3404 944 512 3405 944 640 3406 1122 639 3407 1121 640 3408 1123 512 3409 945 513 3410 946 513 3411 946 641 3412 1124 640 3413 1123 641 3414 1125 513 3415 947 514 3416 948 514 3417 948 642 3418 1126 641 3419 1125 642 3420 1127 514 3421 949 515 3422 950 515 3423 950 643 3424 1128 642 3425 1127 643 3426 1129 515 3427 951 516 3428 952 516 3429 952 644 3430 1130 643 3431 1129 644 3432 1131 516 3433 953 517 3434 954 517 3435 954 645 3436 1132 644 3437 1131 645 3438 1133 517 3439 955 518 3440 956 518 3441 956 646 3442 1134 645 3443 1133 646 3444 1135 518 3445 957 519 3446 958 519 3447 958 647 3448 1136 646 3449 1135 647 3450 1137 519 3451 959 520 3452 960 520 3453 960 648 3454 1138 647 3455 1137 648 3456 1139 520 3457 961 521 3458 962 521 3459 962 649 3460 1140 648 3461 1139 649 3462 1141 521 3463 963 522 3464 964 522 3465 964 650 3466 1142 649 3467 1141 650 3468 1143 522 3469 965 523 3470 966 523 3471 966 651 3472 1144 650 3473 1143 651 3474 1048 523 3475 870 460 3476 854 460 3477 854 588 3478 1032 651 3479 1048 524 3480 967 332 3481 629 333 3482 630 333 3483 630 525 3484 968 524 3485 967 525 3486 968 333 3487 630 334 3488 631 334 3489 631 526 3490 969 525 3491 968 526 3492 969 334 3493 631 335 3494 632 335 3495 632 527 3496 970 526 3497 969 527 3498 970 335 3499 632 336 3500 633 336 3501 633 528 3502 971 527 3503 970 528 3504 971 336 3505 633 337 3506 634 337 3507 634 529 3508 972 528 3509 971 529 3510 972 337 3511 634 338 3512 635 338 3513 635 530 3514 973 529 3515 972 530 3516 973 338 3517 635 339 3518 636 339 3519 636 531 3520 974 530 3521 973 531 3522 974 339 3523 636 340 3524 637 340 3525 637 532 3526 975 531 3527 974 532 3528 975 340 3529 637 341 3530 638 341 3531 638 533 3532 976 532 3533 975 533 3534 976 341 3535 638 342 3536 639 342 3537 639 534 3538 977 533 3539 976 534 3540 977 342 3541 639 343 3542 640 343 3543 640 535 3544 978 534 3545 977 535 3546 978 343 3547 640 344 3548 641 344 3549 641 536 3550 979 535 3551 978 536 3552 979 344 3553 641 345 3554 642 345 3555 642 537 3556 980 536 3557 979 537 3558 980 345 3559 642 346 3560 643 346 3561 643 538 3562 981 537 3563 980 538 3564 981 346 3565 643 347 3566 644 347 3567 644 539 3568 983 538 3569 981 539 3570 982 347 3571 694 348 3572 645 348 3573 645 540 3574 984 539 3575 982 540 3576 984 348 3577 645 349 3578 646 349 3579 646 541 3580 985 540 3581 984 541 3582 985 349 3583 646 350 3584 647 350 3585 647 542 3586 986 541 3587 985 542 3588 986 350 3589 647 351 3590 648 351 3591 648 543 3592 987 542 3593 986 543 3594 987 351 3595 648 352 3596 649 352 3597 649 544 3598 988 543 3599 987 544 3600 988 352 3601 649 353 3602 650 353 3603 650 545 3604 989 544 3605 988 545 3606 989 353 3607 650 354 3608 651 354 3609 651 546 3610 990 545 3611 989 546 3612 990 354 3613 651 355 3614 652 355 3615 652 547 3616 991 546 3617 990 547 3618 991 355 3619 652 356 3620 653 356 3621 653 548 3622 992 547 3623 991 548 3624 992 356 3625 653 357 3626 654 357 3627 654 549 3628 993 548 3629 992 549 3630 993 357 3631 654 358 3632 655 358 3633 655 550 3634 994 549 3635 993 550 3636 994 358 3637 655 359 3638 656 359 3639 656 551 3640 995 550 3641 994 551 3642 995 359 3643 656 360 3644 657 360 3645 657 552 3646 996 551 3647 995 552 3648 996 360 3649 657 361 3650 658 361 3651 658 553 3652 997 552 3653 996 553 3654 997 361 3655 658 362 3656 659 362 3657 659 554 3658 998 553 3659 997 554 3660 998 362 3661 659 363 3662 660 363 3663 660 555 3664 999 554 3665 998 555 3666 999 363 3667 660 364 3668 661 364 3669 661 556 3670 1000 555 3671 999 556 3672 1000 364 3673 661 365 3674 662 365 3675 662 557 3676 1001 556 3677 1000 557 3678 1001 365 3679 662 366 3680 663 366 3681 663 558 3682 1002 557 3683 1001 558 3684 1002 366 3685 663 367 3686 664 367 3687 664 559 3688 1003 558 3689 1002 559 3690 1003 367 3691 664 368 3692 665 368 3693 665 560 3694 1004 559 3695 1003 560 3696 1004 368 3697 665 369 3698 666 369 3699 666 561 3700 1005 560 3701 1004 561 3702 1005 369 3703 666 370 3704 667 370 3705 667 562 3706 1006 561 3707 1005 562 3708 1006 370 3709 667 371 3710 668 371 3711 668 563 3712 1007 562 3713 1006 563 3714 1007 371 3715 668 372 3716 669 372 3717 669 564 3718 1008 563 3719 1007 564 3720 1008 372 3721 669 373 3722 670 373 3723 670 565 3724 1009 564 3725 1008 565 3726 1009 373 3727 670 374 3728 671 374 3729 671 566 3730 1010 565 3731 1009 566 3732 1010 374 3733 671 375 3734 672 375 3735 672 567 3736 1011 566 3737 1010 567 3738 1011 375 3739 672 376 3740 673 376 3741 673 568 3742 1012 567 3743 1011 568 3744 1012 376 3745 673 377 3746 674 377 3747 674 569 3748 1013 568 3749 1012 569 3750 1013 377 3751 674 378 3752 675 378 3753 675 570 3754 1014 569 3755 1013 570 3756 1014 378 3757 675 379 3758 676 379 3759 676 571 3760 1015 570 3761 1014 571 3762 1015 379 3763 676 380 3764 677 380 3765 677 572 3766 1016 571 3767 1015 572 3768 1016 380 3769 677 381 3770 678 381 3771 678 573 3772 1017 572 3773 1016 573 3774 1017 381 3775 678 382 3776 679 382 3777 679 574 3778 1018 573 3779 1017 574 3780 1018 382 3781 679 383 3782 680 383 3783 680 575 3784 1019 574 3785 1018 575 3786 1019 383 3787 680 384 3788 681 384 3789 681 576 3790 1020 575 3791 1019 576 3792 1020 384 3793 681 385 3794 682 385 3795 682 577 3796 1021 576 3797 1020 577 3798 1021 385 3799 682 386 3800 683 386 3801 683 578 3802 1022 577 3803 1021 578 3804 1022 386 3805 683 387 3806 684 387 3807 684 579 3808 1023 578 3809 1022 579 3810 1023 387 3811 684 388 3812 685 388 3813 685 580 3814 1024 579 3815 1023 580 3816 1024 388 3817 685 389 3818 686 389 3819 686 581 3820 1025 580 3821 1024 581 3822 1025 389 3823 686 390 3824 687 390 3825 687 582 3826 1026 581 3827 1025 582 3828 1026 390 3829 687 391 3830 688 391 3831 688 583 3832 1027 582 3833 1026 583 3834 1027 391 3835 688 392 3836 689 392 3837 689 584 3838 1028 583 3839 1027 584 3840 1028 392 3841 689 393 3842 690 393 3843 690 585 3844 1029 584 3845 1028 585 3846 1029 393 3847 690 394 3848 691 394 3849 691 586 3850 1030 585 3851 1029 586 3852 1030 394 3853 691 395 3854 692 395 3855 692 587 3856 1031 586 3857 1030 587 3858 1031 395 3859 692 332 3860 629 332 3861 629 524 3862 967 587 3863 1031 269 3864 566 716 3865 1209 653 3866 1146 653 3867 1146 652 3868 1145 269 3869 566 716 3870 1209 779 3871 742 654 3872 1147 654 3873 1147 653 3874 1146 716 3875 1209 779 3876 742 330 3877 741 655 3878 1148 655 3879 1148 654 3880 1147 779 3881 742 330 3882 741 329 3883 740 656 3884 1149 656 3885 1149 655 3886 1148 330 3887 741 329 3888 740 328 3889 739 657 3890 1150 657 3891 1150 656 3892 1149 329 3893 740 328 3894 739 327 3895 738 658 3896 1151 658 3897 1151 657 3898 1150 328 3899 739 327 3900 738 326 3901 737 659 3902 1152 659 3903 1152 658 3904 1151 327 3905 738 326 3906 737 325 3907 736 660 3908 1153 660 3909 1153 659 3910 1152 326 3911 737 325 3912 736 324 3913 735 661 3914 1154 661 3915 1154 660 3916 1153 325 3917 736 324 3918 735 323 3919 734 662 3920 1155 662 3921 1155 661 3922 1154 324 3923 735 323 3924 734 322 3925 733 663 3926 1156 663 3927 1156 662 3928 1155 323 3929 734 322 3930 733 321 3931 732 664 3932 1157 664 3933 1157 663 3934 1156 322 3935 733 321 3936 732 320 3937 731 665 3938 1158 665 3939 1158 664 3940 1157 321 3941 732 320 3942 731 319 3943 730 666 3944 1159 666 3945 1159 665 3946 1158 320 3947 731 319 3948 730 318 3949 729 667 3950 1160 667 3951 1160 666 3952 1159 319 3953 730 318 3954 729 317 3955 728 668 3956 1161 668 3957 1161 667 3958 1160 318 3959 729 317 3960 728 316 3961 727 669 3962 1162 669 3963 1162 668 3964 1161 317 3965 728 316 3966 727 315 3967 726 670 3968 1163 670 3969 1163 669 3970 1162 316 3971 727 315 3972 726 314 3973 725 671 3974 1164 671 3975 1164 670 3976 1163 315 3977 726 314 3978 725 313 3979 724 672 3980 1165 672 3981 1165 671 3982 1164 314 3983 725 313 3984 724 312 3985 723 673 3986 1166 673 3987 1166 672 3988 1165 313 3989 724 312 3990 723 311 3991 722 674 3992 1167 674 3993 1167 673 3994 1166 312 3995 723 311 3996 722 310 3997 721 675 3998 1168 675 3999 1168 674 4000 1167 311 4001 722 310 4002 721 309 4003 720 676 4004 1169 676 4005 1169 675 4006 1168 310 4007 721 309 4008 720 308 4009 719 677 4010 1170 677 4011 1170 676 4012 1169 309 4013 720 308 4014 719 307 4015 718 678 4016 1171 678 4017 1171 677 4018 1170 308 4019 719 307 4020 718 306 4021 717 679 4022 1172 679 4023 1172 678 4024 1171 307 4025 718 306 4026 717 305 4027 716 680 4028 1173 680 4029 1173 679 4030 1172 306 4031 717 305 4032 716 304 4033 715 681 4034 1174 681 4035 1174 680 4036 1173 305 4037 716 304 4038 715 303 4039 714 682 4040 1175 682 4041 1175 681 4042 1174 304 4043 715 303 4044 714 302 4045 713 683 4046 1176 683 4047 1176 682 4048 1175 303 4049 714 302 4050 713 301 4051 712 684 4052 1177 684 4053 1177 683 4054 1176 302 4055 713 301 4056 712 300 4057 711 685 4058 1178 685 4059 1178 684 4060 1177 301 4061 712 300 4062 711 299 4063 710 686 4064 1179 686 4065 1179 685 4066 1178 300 4067 711 299 4068 710 298 4069 709 687 4070 1180 687 4071 1180 686 4072 1179 299 4073 710 298 4074 709 297 4075 708 688 4076 1181 688 4077 1181 687 4078 1180 298 4079 709 297 4080 708 296 4081 707 689 4082 1182 689 4083 1182 688 4084 1181 297 4085 708 296 4086 707 295 4087 706 690 4088 1183 690 4089 1183 689 4090 1182 296 4091 707 295 4092 706 294 4093 705 691 4094 1184 691 4095 1184 690 4096 1183 295 4097 706 294 4098 705 293 4099 704 692 4100 1185 692 4101 1185 691 4102 1184 294 4103 705 293 4104 704 292 4105 703 693 4106 1186 693 4107 1186 692 4108 1185 293 4109 704 292 4110 703 291 4111 702 694 4112 1187 694 4113 1187 693 4114 1186 292 4115 703 291 4116 702 290 4117 701 695 4118 1188 695 4119 1188 694 4120 1187 291 4121 702 290 4122 701 289 4123 700 696 4124 1189 696 4125 1189 695 4126 1188 290 4127 701 289 4128 700 288 4129 699 697 4130 1190 697 4131 1190 696 4132 1189 289 4133 700 288 4134 699 287 4135 698 698 4136 1191 698 4137 1191 697 4138 1190 288 4139 699 287 4140 698 286 4141 697 699 4142 1192 699 4143 1192 698 4144 1191 287 4145 698 286 4146 697 285 4147 696 700 4148 1193 700 4149 1193 699 4150 1192 286 4151 697 285 4152 696 284 4153 695 701 4154 1194 701 4155 1194 700 4156 1193 285 4157 696 284 4158 695 283 4159 580 702 4160 1195 702 4161 1195 701 4162 1194 284 4163 695 283 4164 580 282 4165 579 703 4166 1196 703 4167 1196 702 4168 1195 283 4169 580 282 4170 579 281 4171 578 704 4172 1197 704 4173 1197 703 4174 1196 282 4175 579 281 4176 578 280 4177 577 705 4178 1198 705 4179 1198 704 4180 1197 281 4181 578 280 4182 577 279 4183 576 706 4184 1199 706 4185 1199 705 4186 1198 280 4187 577 279 4188 576 278 4189 575 707 4190 1200 707 4191 1200 706 4192 1199 279 4193 576 278 4194 575 277 4195 574 708 4196 1201 708 4197 1201 707 4198 1200 278 4199 575 277 4200 574 276 4201 573 709 4202 1202 709 4203 1202 708 4204 1201 277 4205 574 276 4206 573 275 4207 572 710 4208 1203 710 4209 1203 709 4210 1202 276 4211 573 275 4212 572 274 4213 571 711 4214 1204 711 4215 1204 710 4216 1203 275 4217 572 274 4218 571 273 4219 570 712 4220 1205 712 4221 1205 711 4222 1204 274 4223 571 273 4224 570 272 4225 569 713 4226 1206 713 4227 1206 712 4228 1205 273 4229 570 272 4230 569 271 4231 568 714 4232 1207 714 4233 1207 713 4234 1206 272 4235 569 271 4236 568 270 4237 567 715 4238 1208 715 4239 1208 714 4240 1207 271 4241 568 270 4242 567 269 4243 566 652 4244 1145 652 4245 1145 715 4246 1208 270 4247 567 269 4248 566 717 4249 1210 268 4250 565 268 4251 565 716 4252 1209 269 4253 566 270 4254 567 718 4255 1211 717 4256 1210 717 4257 1210 269 4258 566 270 4259 567 271 4260 568 719 4261 1212 718 4262 1211 718 4263 1211 270 4264 567 271 4265 568 272 4266 569 720 4267 1213 719 4268 1212 719 4269 1212 271 4270 568 272 4271 569 273 4272 570 721 4273 1214 720 4274 1213 720 4275 1213 272 4276 569 273 4277 570 274 4278 571 722 4279 1215 721 4280 1214 721 4281 1214 273 4282 570 274 4283 571 275 4284 572 723 4285 1216 722 4286 1215 722 4287 1215 274 4288 571 275 4289 572 276 4290 573 724 4291 1217 723 4292 1216 723 4293 1216 275 4294 572 276 4295 573 277 4296 574 725 4297 1218 724 4298 1217 724 4299 1217 276 4300 573 277 4301 574 278 4302 575 726 4303 1219 725 4304 1218 725 4305 1218 277 4306 574 278 4307 575 279 4308 576 727 4309 1220 726 4310 1219 726 4311 1219 278 4312 575 279 4313 576 280 4314 577 728 4315 1221 727 4316 1220 727 4317 1220 279 4318 576 280 4319 577 281 4320 578 729 4321 1222 728 4322 1221 728 4323 1221 280 4324 577 281 4325 578 282 4326 579 730 4327 1223 729 4328 1222 729 4329 1222 281 4330 578 282 4331 579 283 4332 580 731 4333 1224 730 4334 1223 730 4335 1223 282 4336 579 283 4337 580 284 4338 1225 732 4339 581 731 4340 693 731 4341 693 283 4342 1226 284 4343 1225 285 4344 1227 733 4345 582 732 4346 581 732 4347 581 284 4348 1228 285 4349 1227 286 4350 1229 734 4351 583 733 4352 582 733 4353 582 285 4354 1230 286 4355 1229 287 4356 1231 735 4357 584 734 4358 583 734 4359 583 286 4360 1232 287 4361 1231 288 4362 1233 736 4363 585 735 4364 584 735 4365 584 287 4366 1234 288 4367 1233 289 4368 1235 737 4369 586 736 4370 585 736 4371 585 288 4372 1236 289 4373 1235 290 4374 1237 738 4375 587 737 4376 586 737 4377 586 289 4378 1238 290 4379 1237 291 4380 1239 739 4381 588 738 4382 587 738 4383 587 290 4384 1240 291 4385 1239 292 4386 1241 740 4387 589 739 4388 588 739 4389 588 291 4390 1242 292 4391 1241 293 4392 1243 741 4393 590 740 4394 589 740 4395 589 292 4396 1244 293 4397 1243 294 4398 1245 742 4399 591 741 4400 590 741 4401 590 293 4402 1246 294 4403 1245 295 4404 1247 743 4405 592 742 4406 591 742 4407 591 294 4408 1248 295 4409 1247 296 4410 1249 744 4411 593 743 4412 592 743 4413 592 295 4414 1250 296 4415 1249 297 4416 1251 745 4417 594 744 4418 593 744 4419 593 296 4420 1252 297 4421 1251 298 4422 1253 746 4423 595 745 4424 594 745 4425 594 297 4426 1254 298 4427 1253 299 4428 1255 747 4429 596 746 4430 595 746 4431 595 298 4432 1256 299 4433 1255 300 4434 1257 748 4435 597 747 4436 596 747 4437 596 299 4438 1258 300 4439 1257 301 4440 1259 749 4441 598 748 4442 597 748 4443 597 300 4444 1260 301 4445 1259 302 4446 1261 750 4447 599 749 4448 598 749 4449 598 301 4450 1262 302 4451 1261 303 4452 1263 751 4453 600 750 4454 599 750 4455 599 302 4456 1264 303 4457 1263 304 4458 1265 752 4459 601 751 4460 600 751 4461 600 303 4462 1266 304 4463 1265 305 4464 1267 753 4465 602 752 4466 601 752 4467 601 304 4468 1268 305 4469 1267 306 4470 1269 754 4471 603 753 4472 602 753 4473 602 305 4474 1270 306 4475 1269 307 4476 1271 755 4477 604 754 4478 603 754 4479 603 306 4480 1272 307 4481 1271 308 4482 1273 756 4483 605 755 4484 604 755 4485 604 307 4486 1274 308 4487 1273 309 4488 1275 757 4489 606 756 4490 605 756 4491 605 308 4492 1276 309 4493 1275 310 4494 1277 758 4495 607 757 4496 606 757 4497 606 309 4498 1278 310 4499 1277 311 4500 1279 759 4501 608 758 4502 607 758 4503 607 310 4504 1280 311 4505 1279 312 4506 1281 760 4507 609 759 4508 608 759 4509 608 311 4510 1282 312 4511 1281 313 4512 1283 761 4513 610 760 4514 609 760 4515 609 312 4516 1284 313 4517 1283 314 4518 1285 762 4519 611 761 4520 610 761 4521 610 313 4522 1286 314 4523 1285 315 4524 1287 763 4525 612 762 4526 611 762 4527 611 314 4528 1288 315 4529 1287 316 4530 1289 764 4531 613 763 4532 612 763 4533 612 315 4534 1290 316 4535 1289 317 4536 1291 765 4537 614 764 4538 613 764 4539 613 316 4540 1292 317 4541 1291 318 4542 1293 766 4543 615 765 4544 614 765 4545 614 317 4546 1294 318 4547 1293 319 4548 1295 767 4549 616 766 4550 615 766 4551 615 318 4552 1296 319 4553 1295 320 4554 1297 768 4555 617 767 4556 616 767 4557 616 319 4558 1298 320 4559 1297 321 4560 1299 769 4561 618 768 4562 617 768 4563 617 320 4564 1300 321 4565 1299 322 4566 1301 770 4567 619 769 4568 618 769 4569 618 321 4570 1302 322 4571 1301 323 4572 1303 771 4573 620 770 4574 619 770 4575 619 322 4576 1304 323 4577 1303 324 4578 1305 772 4579 621 771 4580 620 771 4581 620 323 4582 1306 324 4583 1305 325 4584 1307 773 4585 622 772 4586 621 772 4587 621 324 4588 1308 325 4589 1307 326 4590 1309 774 4591 623 773 4592 622 773 4593 622 325 4594 1310 326 4595 1309 327 4596 1311 775 4597 624 774 4598 623 774 4599 623 326 4600 1312 327 4601 1311 328 4602 1313 776 4603 625 775 4604 624 775 4605 624 327 4606 1314 328 4607 1313 329 4608 1315 777 4609 626 776 4610 625 776 4611 625 328 4612 1316 329 4613 1315 330 4614 1317 778 4615 627 777 4616 626 777 4617 626 329 4618 1318 330 4619 1317 779 4620 1319 331 4621 628 778 4622 627 778 4623 627 330 4624 1320 779 4625 1319 716 4626 1321 268 4627 565 331 4628 628 331 4629 628 779 4630 1322 716 4631 1321 810 4632 1410 809 4633 1409 808 4634 1408 808 4635 1408 807 4636 1407 806 4637 1406 806 4638 1406 805 4639 1405 804 4640 1404 808 4641 1408 806 4642 1406 804 4643 1404 804 4644 1404 803 4645 1403 802 4646 1402 802 4647 1402 801 4648 1401 800 4649 1400 804 4650 1404 802 4651 1402 800 4652 1400 800 4653 1400 799 4654 1399 798 4655 1398 798 4656 1398 797 4657 1397 796 4658 1396 800 4659 1400 798 4660 1398 796 4661 1396 804 4662 1404 800 4663 1400 796 4664 1396 796 4665 1396 795 4666 1395 794 4667 1394 794 4668 1394 793 4669 1393 792 4670 1392 796 4671 1396 794 4672 1394 792 4673 1392 792 4674 1392 791 4675 1391 790 4676 1390 790 4677 1390 789 4678 1389 788 4679 1331 792 4680 1392 790 4681 1390 788 4682 1331 796 4683 1396 792 4684 1392 788 4685 1331 788 4686 1331 787 4687 1330 786 4688 1329 786 4689 1329 785 4690 1328 784 4691 1327 788 4692 1331 786 4693 1329 784 4694 1327 784 4695 1327 783 4696 1326 782 4697 1325 782 4698 1325 781 4699 1324 844 4700 1434 784 4701 1327 782 4702 1325 844 4703 1434 788 4704 1331 784 4705 1327 844 4706 1434 796 4707 1396 788 4708 1331 844 4709 1434 804 4710 1404 796 4711 1396 844 4712 1434 808 4713 1408 804 4714 1404 844 4715 1434 810 4716 1410 808 4717 1408 844 4718 1434 875 4719 1411 810 4720 1410 844 4721 1434 780 4722 1323 845 4723 1435 813 4724 1356 813 4725 1356 812 4726 1355 780 4727 1323 845 4728 1435 846 4729 1436 814 4730 1357 814 4731 1357 813 4732 1356 845 4733 1435 846 4734 1436 847 4735 1437 815 4736 1358 815 4737 1358 814 4738 1357 846 4739 1436 847 4740 1437 848 4741 1438 816 4742 1359 816 4743 1359 815 4744 1358 847 4745 1437 848 4746 1438 849 4747 1439 817 4748 1360 817 4749 1360 816 4750 1359 848 4751 1438 849 4752 1439 850 4753 1440 818 4754 1361 818 4755 1361 817 4756 1360 849 4757 1439 850 4758 1440 851 4759 1441 819 4760 1362 819 4761 1362 818 4762 1361 850 4763 1440 851 4764 1441 852 4765 1442 820 4766 1363 820 4767 1363 819 4768 1362 851 4769 1441 852 4770 1387 853 4771 1332 821 4772 1364 821 4773 1364 820 4774 1388 852 4775 1387 853 4776 1332 854 4777 1333 822 4778 1365 822 4779 1365 821 4780 1364 853 4781 1332 854 4782 1333 855 4783 1334 823 4784 1366 823 4785 1366 822 4786 1365 854 4787 1333 855 4788 1334 856 4789 1335 824 4790 1367 824 4791 1367 823 4792 1366 855 4793 1334 856 4794 1335 857 4795 1336 825 4796 1368 825 4797 1368 824 4798 1367 856 4799 1335 857 4800 1336 858 4801 1337 826 4802 1369 826 4803 1369 825 4804 1368 857 4805 1336 858 4806 1337 859 4807 1338 827 4808 1370 827 4809 1370 826 4810 1369 858 4811 1337 859 4812 1338 860 4813 1339 828 4814 1371 828 4815 1371 827 4816 1370 859 4817 1338 860 4818 1339 861 4819 1340 829 4820 1372 829 4821 1372 828 4822 1371 860 4823 1339 861 4824 1340 862 4825 1341 830 4826 1373 830 4827 1373 829 4828 1372 861 4829 1340 862 4830 1341 863 4831 1342 831 4832 1374 831 4833 1374 830 4834 1373 862 4835 1341 863 4836 1342 864 4837 1343 832 4838 1375 832 4839 1375 831 4840 1374 863 4841 1342 864 4842 1343 865 4843 1344 833 4844 1376 833 4845 1376 832 4846 1375 864 4847 1343 865 4848 1344 866 4849 1345 834 4850 1377 834 4851 1377 833 4852 1376 865 4853 1344 866 4854 1345 867 4855 1346 835 4856 1378 835 4857 1378 834 4858 1377 866 4859 1345 867 4860 1346 868 4861 1347 836 4862 1379 836 4863 1379 835 4864 1378 867 4865 1346 868 4866 1347 869 4867 1348 837 4868 1380 837 4869 1380 836 4870 1379 868 4871 1347 869 4872 1348 870 4873 1349 838 4874 1381 838 4875 1381 837 4876 1380 869 4877 1348 870 4878 1349 871 4879 1350 839 4880 1382 839 4881 1382 838 4882 1381 870 4883 1349 871 4884 1350 872 4885 1351 840 4886 1383 840 4887 1383 839 4888 1382 871 4889 1350 872 4890 1351 873 4891 1352 841 4892 1384 841 4893 1384 840 4894 1383 872 4895 1351 873 4896 1352 874 4897 1353 842 4898 1385 842 4899 1385 841 4900 1384 873 4901 1352 874 4902 1353 811 4903 1354 843 4904 1386 843 4905 1386 842 4906 1385 874 4907 1353 811 4908 1354 780 4909 1323 812 4910 1355 812 4911 1355 843 4912 1386 811 4913 1354 876 4914 1443 877 4915 1444 878 4916 1445 878 4917 1445 879 4918 1446 880 4919 1447 880 4920 1447 881 4921 1448 882 4922 1449 878 4923 1445 880 4924 1447 882 4925 1449 882 4926 1449 883 4927 1450 884 4928 1451 884 4929 1451 885 4930 1412 886 4931 1413 882 4932 1449 884 4933 1451 886 4934 1413 886 4935 1413 887 4936 1414 888 4937 1415 888 4938 1415 889 4939 1416 890 4940 1417 886 4941 1413 888 4942 1415 890 4943 1417 882 4944 1449 886 4945 1413 890 4946 1417 890 4947 1417 891 4948 1418 892 4949 1419 892 4950 1419 893 4951 1420 894 4952 1421 890 4953 1417 892 4954 1419 894 4955 1421 894 4956 1421 895 4957 1422 896 4958 1423 896 4959 1423 897 4960 1424 898 4961 1425 894 4962 1421 896 4963 1423 898 4964 1425 890 4965 1417 894 4966 1421 898 4967 1425 898 4968 1425 899 4969 1426 900 4970 1427 900 4971 1427 901 4972 1428 902 4973 1429 898 4974 1425 900 4975 1427 902 4976 1429 902 4977 1429 903 4978 1430 904 4979 1431 904 4980 1431 905 4981 1432 906 4982 1433 902 4983 1429 904 4984 1431 906 4985 1433 898 4986 1425 902 4987 1429 906 4988 1433 890 4989 1417 898 4990 1425 906 4991 1433 882 4992 1449 890 4993 1417 906 4994 1433 878 4995 1445 882 4996 1449 906 4997 1433 876 4998 1443 878 4999 1445 906 5000 1433 907 5001 1452 876 5002 1443 906 5003 1433 781 5004 1324 845 5005 1435 780 5006 1323 780 5007 1323 844 5008 1434 781 5009 1324 782 5010 1325 846 5011 1436 845 5012 1435 845 5013 1435 781 5014 1324 782 5015 1325 783 5016 1326 847 5017 1437 846 5018 1436 846 5019 1436 782 5020 1325 783 5021 1326 784 5022 1327 848 5023 1438 847 5024 1437 847 5025 1437 783 5026 1326 784 5027 1327 785 5028 1328 849 5029 1439 848 5030 1438 848 5031 1438 784 5032 1327 785 5033 1328 786 5034 1329 850 5035 1440 849 5036 1439 849 5037 1439 785 5038 1328 786 5039 1329 787 5040 1330 851 5041 1441 850 5042 1440 850 5043 1440 786 5044 1329 787 5045 1330 788 5046 1331 852 5047 1442 851 5048 1441 851 5049 1441 787 5050 1330 788 5051 1331 789 5052 1453 853 5053 1332 852 5054 1387 852 5055 1387 788 5056 1454 789 5057 1453 790 5058 1455 854 5059 1333 853 5060 1332 853 5061 1332 789 5062 1456 790 5063 1455 791 5064 1457 855 5065 1334 854 5066 1333 854 5067 1333 790 5068 1458 791 5069 1457 792 5070 1459 856 5071 1335 855 5072 1334 855 5073 1334 791 5074 1460 792 5075 1459 793 5076 1461 857 5077 1336 856 5078 1335 856 5079 1335 792 5080 1462 793 5081 1461 794 5082 1463 858 5083 1337 857 5084 1336 857 5085 1336 793 5086 1464 794 5087 1463 795 5088 1465 859 5089 1338 858 5090 1337 858 5091 1337 794 5092 1466 795 5093 1465 796 5094 1467 860 5095 1339 859 5096 1338 859 5097 1338 795 5098 1468 796 5099 1467 797 5100 1469 861 5101 1340 860 5102 1339 860 5103 1339 796 5104 1470 797 5105 1469 798 5106 1471 862 5107 1341 861 5108 1340 861 5109 1340 797 5110 1472 798 5111 1471 799 5112 1473 863 5113 1342 862 5114 1341 862 5115 1341 798 5116 1474 799 5117 1473 800 5118 1475 864 5119 1343 863 5120 1342 863 5121 1342 799 5122 1476 800 5123 1475 801 5124 1477 865 5125 1344 864 5126 1343 864 5127 1343 800 5128 1478 801 5129 1477 802 5130 1479 866 5131 1345 865 5132 1344 865 5133 1344 801 5134 1480 802 5135 1479 803 5136 1481 867 5137 1346 866 5138 1345 866 5139 1345 802 5140 1482 803 5141 1481 804 5142 1483 868 5143 1347 867 5144 1346 867 5145 1346 803 5146 1484 804 5147 1483 805 5148 1485 869 5149 1348 868 5150 1347 868 5151 1347 804 5152 1486 805 5153 1485 806 5154 1487 870 5155 1349 869 5156 1348 869 5157 1348 805 5158 1488 806 5159 1487 807 5160 1489 871 5161 1350 870 5162 1349 870 5163 1349 806 5164 1490 807 5165 1489 808 5166 1491 872 5167 1351 871 5168 1350 871 5169 1350 807 5170 1492 808 5171 1491 809 5172 1493 873 5173 1352 872 5174 1351 872 5175 1351 808 5176 1494 809 5177 1493 810 5178 1495 874 5179 1353 873 5180 1352 873 5181 1352 809 5182 1496 810 5183 1495 875 5184 1497 811 5185 1354 874 5186 1353 874 5187 1353 810 5188 1498 875 5189 1497 844 5190 1499 780 5191 1323 811 5192 1354 811 5193 1354 875 5194 1500 844 5195 1499 813 5196 1356 877 5197 1444 876 5198 1443 876 5199 1443 812 5200 1355 813 5201 1356 814 5202 1357 878 5203 1445 877 5204 1444 877 5205 1444 813 5206 1356 814 5207 1357 815 5208 1358 879 5209 1446 878 5210 1445 878 5211 1445 814 5212 1357 815 5213 1358 816 5214 1359 880 5215 1447 879 5216 1446 879 5217 1446 815 5218 1358 816 5219 1359 817 5220 1360 881 5221 1448 880 5222 1447 880 5223 1447 816 5224 1359 817 5225 1360 818 5226 1361 882 5227 1449 881 5228 1448 881 5229 1448 817 5230 1360 818 5231 1361 819 5232 1362 883 5233 1450 882 5234 1449 882 5235 1449 818 5236 1361 819 5237 1362 820 5238 1363 884 5239 1451 883 5240 1450 883 5241 1450 819 5242 1362 820 5243 1363 821 5244 1501 885 5245 1412 884 5246 1451 884 5247 1451 820 5248 1502 821 5249 1501 822 5250 1503 886 5251 1413 885 5252 1412 885 5253 1412 821 5254 1504 822 5255 1503 823 5256 1505 887 5257 1414 886 5258 1413 886 5259 1413 822 5260 1506 823 5261 1505 824 5262 1507 888 5263 1415 887 5264 1414 887 5265 1414 823 5266 1508 824 5267 1507 825 5268 1509 889 5269 1416 888 5270 1415 888 5271 1415 824 5272 1510 825 5273 1509 826 5274 1511 890 5275 1417 889 5276 1416 889 5277 1416 825 5278 1512 826 5279 1511 827 5280 1513 891 5281 1418 890 5282 1417 890 5283 1417 826 5284 1514 827 5285 1513 828 5286 1515 892 5287 1419 891 5288 1418 891 5289 1418 827 5290 1516 828 5291 1515 829 5292 1517 893 5293 1420 892 5294 1419 892 5295 1419 828 5296 1518 829 5297 1517 830 5298 1519 894 5299 1421 893 5300 1420 893 5301 1420 829 5302 1520 830 5303 1519 831 5304 1521 895 5305 1422 894 5306 1421 894 5307 1421 830 5308 1522 831 5309 1521 832 5310 1523 896 5311 1423 895 5312 1422 895 5313 1422 831 5314 1524 832 5315 1523 833 5316 1525 897 5317 1424 896 5318 1423 896 5319 1423 832 5320 1526 833 5321 1525 834 5322 1527 898 5323 1425 897 5324 1424 897 5325 1424 833 5326 1528 834 5327 1527 835 5328 1529 899 5329 1426 898 5330 1425 898 5331 1425 834 5332 1530 835 5333 1529 836 5334 1531 900 5335 1427 899 5336 1426 899 5337 1426 835 5338 1532 836 5339 1531 837 5340 1533 901 5341 1428 900 5342 1427 900 5343 1427 836 5344 1534 837 5345 1533 838 5346 1535 902 5347 1429 901 5348 1428 901 5349 1428 837 5350 1536 838 5351 1535 839 5352 1537 903 5353 1430 902 5354 1429 902 5355 1429 838 5356 1538 839 5357 1537 840 5358 1539 904 5359 1431 903 5360 1430 903 5361 1430 839 5362 1540 840 5363 1539 841 5364 1541 905 5365 1432 904 5366 1431 904 5367 1431 840 5368 1542 841 5369 1541 842 5370 1543 906 5371 1433 905 5372 1432 905 5373 1432 841 5374 1544 842 5375 1543 843 5376 1545 907 5377 1452 906 5378 1433 906 5379 1433 842 5380 1546 843 5381 1545 812 5382 1355 876 5383 1443 907 5384 1452 907 5385 1452 843 5386 1386 812 5387 1355 938 5388 1634 937 5389 1633 936 5390 1632 936 5391 1632 935 5392 1631 934 5393 1630 934 5394 1630 933 5395 1629 932 5396 1628 936 5397 1632 934 5398 1630 932 5399 1628 932 5400 1628 931 5401 1627 930 5402 1626 930 5403 1626 929 5404 1625 928 5405 1624 932 5406 1628 930 5407 1626 928 5408 1624 928 5409 1624 927 5410 1623 926 5411 1622 926 5412 1622 925 5413 1621 924 5414 1620 928 5415 1624 926 5416 1622 924 5417 1620 932 5418 1628 928 5419 1624 924 5420 1620 924 5421 1620 923 5422 1619 922 5423 1618 922 5424 1618 921 5425 1617 920 5426 1616 924 5427 1620 922 5428 1618 920 5429 1616 920 5430 1616 919 5431 1615 918 5432 1614 918 5433 1614 917 5434 1613 916 5435 1555 920 5436 1616 918 5437 1614 916 5438 1555 924 5439 1620 920 5440 1616 916 5441 1555 916 5442 1555 915 5443 1554 914 5444 1553 914 5445 1553 913 5446 1552 912 5447 1551 916 5448 1555 914 5449 1553 912 5450 1551 912 5451 1551 911 5452 1550 910 5453 1549 910 5454 1549 909 5455 1548 908 5456 1547 912 5457 1551 910 5458 1549 908 5459 1547 916 5460 1555 912 5461 1551 908 5462 1547 924 5463 1620 916 5464 1555 908 5465 1547 932 5466 1628 924 5467 1620 908 5468 1547 936 5469 1632 932 5470 1628 908 5471 1547 938 5472 1634 936 5473 1632 908 5474 1547 939 5475 1635 938 5476 1634 908 5477 1547 908 5478 1547 909 5479 1548 941 5480 1580 941 5481 1580 940 5482 1579 908 5483 1547 909 5484 1548 910 5485 1549 942 5486 1581 942 5487 1581 941 5488 1580 909 5489 1548 910 5490 1549 911 5491 1550 943 5492 1582 943 5493 1582 942 5494 1581 910 5495 1549 911 5496 1550 912 5497 1551 944 5498 1583 944 5499 1583 943 5500 1582 911 5501 1550 912 5502 1551 913 5503 1552 945 5504 1584 945 5505 1584 944 5506 1583 912 5507 1551 913 5508 1552 914 5509 1553 946 5510 1585 946 5511 1585 945 5512 1584 913 5513 1552 914 5514 1553 915 5515 1554 947 5516 1586 947 5517 1586 946 5518 1585 914 5519 1553 915 5520 1554 916 5521 1555 948 5522 1587 948 5523 1587 947 5524 1586 915 5525 1554 916 5526 1611 917 5527 1556 949 5528 1588 949 5529 1588 948 5530 1612 916 5531 1611 917 5532 1556 918 5533 1557 950 5534 1589 950 5535 1589 949 5536 1588 917 5537 1556 918 5538 1557 919 5539 1558 951 5540 1590 951 5541 1590 950 5542 1589 918 5543 1557 919 5544 1558 920 5545 1559 952 5546 1591 952 5547 1591 951 5548 1590 919 5549 1558 920 5550 1559 921 5551 1560 953 5552 1592 953 5553 1592 952 5554 1591 920 5555 1559 921 5556 1560 922 5557 1561 954 5558 1593 954 5559 1593 953 5560 1592 921 5561 1560 922 5562 1561 923 5563 1562 955 5564 1594 955 5565 1594 954 5566 1593 922 5567 1561 923 5568 1562 924 5569 1563 956 5570 1595 956 5571 1595 955 5572 1594 923 5573 1562 924 5574 1563 925 5575 1564 957 5576 1596 957 5577 1596 956 5578 1595 924 5579 1563 925 5580 1564 926 5581 1565 958 5582 1597 958 5583 1597 957 5584 1596 925 5585 1564 926 5586 1565 927 5587 1566 959 5588 1598 959 5589 1598 958 5590 1597 926 5591 1565 927 5592 1566 928 5593 1567 960 5594 1599 960 5595 1599 959 5596 1598 927 5597 1566 928 5598 1567 929 5599 1568 961 5600 1600 961 5601 1600 960 5602 1599 928 5603 1567 929 5604 1568 930 5605 1569 962 5606 1601 962 5607 1601 961 5608 1600 929 5609 1568 930 5610 1569 931 5611 1570 963 5612 1602 963 5613 1602 962 5614 1601 930 5615 1569 931 5616 1570 932 5617 1571 964 5618 1603 964 5619 1603 963 5620 1602 931 5621 1570 932 5622 1571 933 5623 1572 965 5624 1604 965 5625 1604 964 5626 1603 932 5627 1571 933 5628 1572 934 5629 1573 966 5630 1605 966 5631 1605 965 5632 1604 933 5633 1572 934 5634 1573 935 5635 1574 967 5636 1606 967 5637 1606 966 5638 1605 934 5639 1573 935 5640 1574 936 5641 1575 968 5642 1607 968 5643 1607 967 5644 1606 935 5645 1574 936 5646 1575 937 5647 1576 969 5648 1608 969 5649 1608 968 5650 1607 936 5651 1575 937 5652 1576 938 5653 1577 970 5654 1609 970 5655 1609 969 5656 1608 937 5657 1576 938 5658 1577 939 5659 1578 971 5660 1610 971 5661 1610 970 5662 1609 938 5663 1577 939 5664 1578 908 5665 1547 940 5666 1579 940 5667 1579 971 5668 1610 939 5669 1578 1004 5670 1690 1005 5671 1691 1006 5672 1692 1006 5673 1692 1007 5674 1693 1008 5675 1694 1008 5676 1694 1009 5677 1695 1010 5678 1696 1006 5679 1692 1008 5680 1694 1010 5681 1696 1010 5682 1696 1011 5683 1697 1012 5684 1698 1012 5685 1698 1013 5686 1699 1014 5687 1700 1010 5688 1696 1012 5689 1698 1014 5690 1700 1014 5691 1700 1015 5692 1701 1016 5693 1702 1016 5694 1702 1017 5695 1703 1018 5696 1704 1014 5697 1700 1016 5698 1702 1018 5699 1704 1010 5700 1696 1014 5701 1700 1018 5702 1704 1018 5703 1704 1019 5704 1705 1020 5705 1706 1020 5706 1706 1021 5707 1707 1022 5708 1708 1018 5709 1704 1020 5710 1706 1022 5711 1708 1022 5712 1708 1023 5713 1709 1024 5714 1710 1024 5715 1710 1025 5716 1711 1026 5717 1712 1022 5718 1708 1024 5719 1710 1026 5720 1712 1018 5721 1704 1022 5722 1708 1026 5723 1712 1026 5724 1712 1027 5725 1713 1028 5726 1714 1028 5727 1714 1029 5728 1715 1030 5729 1716 1026 5730 1712 1028 5731 1714 1030 5732 1716 1030 5733 1716 1031 5734 1717 1032 5735 1718 1032 5736 1718 1033 5737 1719 1034 5738 1720 1030 5739 1716 1032 5740 1718 1034 5741 1720 1026 5742 1712 1030 5743 1716 1034 5744 1720 1018 5745 1704 1026 5746 1712 1034 5747 1720 1010 5748 1696 1018 5749 1704 1034 5750 1720 1006 5751 1692 1010 5752 1696 1034 5753 1720 1004 5754 1690 1006 5755 1692 1034 5756 1720 1035 5757 1721 1004 5758 1690 1034 5759 1720 940 5760 1579 941 5761 1580 973 5762 1659 973 5763 1659 972 5764 1658 940 5765 1579 941 5766 1580 942 5767 1581 974 5768 1660 974 5769 1660 973 5770 1659 941 5771 1580 942 5772 1581 943 5773 1582 975 5774 1661 975 5775 1661 974 5776 1660 942 5777 1581 943 5778 1582 944 5779 1583 976 5780 1662 976 5781 1662 975 5782 1661 943 5783 1582 944 5784 1583 945 5785 1584 977 5786 1663 977 5787 1663 976 5788 1662 944 5789 1583 945 5790 1584 946 5791 1585 978 5792 1664 978 5793 1664 977 5794 1663 945 5795 1584 946 5796 1585 947 5797 1586 979 5798 1665 979 5799 1665 978 5800 1664 946 5801 1585 947 5802 1586 948 5803 1587 980 5804 1666 980 5805 1666 979 5806 1665 947 5807 1586 948 5808 1587 949 5809 1636 981 5810 1667 981 5811 1667 980 5812 1666 948 5813 1587 949 5814 1636 950 5815 1637 982 5816 1668 982 5817 1668 981 5818 1667 949 5819 1636 950 5820 1637 951 5821 1638 983 5822 1669 983 5823 1669 982 5824 1668 950 5825 1637 951 5826 1638 952 5827 1639 984 5828 1670 984 5829 1670 983 5830 1669 951 5831 1638 952 5832 1639 953 5833 1640 985 5834 1671 985 5835 1671 984 5836 1670 952 5837 1639 953 5838 1640 954 5839 1641 986 5840 1672 986 5841 1672 985 5842 1671 953 5843 1640 954 5844 1641 955 5845 1642 987 5846 1673 987 5847 1673 986 5848 1672 954 5849 1641 955 5850 1642 956 5851 1643 988 5852 1674 988 5853 1674 987 5854 1673 955 5855 1642 956 5856 1643 957 5857 1644 989 5858 1675 989 5859 1675 988 5860 1674 956 5861 1643 957 5862 1644 958 5863 1645 990 5864 1676 990 5865 1676 989 5866 1675 957 5867 1644 958 5868 1645 959 5869 1646 991 5870 1677 991 5871 1677 990 5872 1676 958 5873 1645 959 5874 1646 960 5875 1647 992 5876 1678 992 5877 1678 991 5878 1677 959 5879 1646 960 5880 1647 961 5881 1648 993 5882 1679 993 5883 1679 992 5884 1678 960 5885 1647 961 5886 1648 962 5887 1649 994 5888 1680 994 5889 1680 993 5890 1679 961 5891 1648 962 5892 1649 963 5893 1650 995 5894 1681 995 5895 1681 994 5896 1680 962 5897 1649 963 5898 1650 964 5899 1651 996 5900 1682 996 5901 1682 995 5902 1681 963 5903 1650 964 5904 1651 965 5905 1652 997 5906 1683 997 5907 1683 996 5908 1682 964 5909 1651 965 5910 1652 966 5911 1653 998 5912 1684 998 5913 1684 997 5914 1683 965 5915 1652 966 5916 1653 967 5917 1654 999 5918 1685 999 5919 1685 998 5920 1684 966 5921 1653 967 5922 1654 968 5923 1655 1000 5924 1686 1000 5925 1686 999 5926 1685 967 5927 1654 968 5928 1655 969 5929 1656 1001 5930 1687 1001 5931 1687 1000 5932 1686 968 5933 1655 969 5934 1656 970 5935 1657 1002 5936 1688 1002 5937 1688 1001 5938 1687 969 5939 1656 970 5940 1657 971 5941 1610 1003 5942 1689 1003 5943 1689 1002 5944 1688 970 5945 1657 971 5946 1610 940 5947 1579 972 5948 1658 972 5949 1658 1003 5950 1689 971 5951 1610 972 5952 1658 973 5953 1659 1005 5954 1691 1005 5955 1691 1004 5956 1690 972 5957 1658 973 5958 1659 974 5959 1660 1006 5960 1692 1006 5961 1692 1005 5962 1691 973 5963 1659 974 5964 1660 975 5965 1661 1007 5966 1693 1007 5967 1693 1006 5968 1692 974 5969 1660 975 5970 1661 976 5971 1662 1008 5972 1694 1008 5973 1694 1007 5974 1693 975 5975 1661 976 5976 1662 977 5977 1663 1009 5978 1695 1009 5979 1695 1008 5980 1694 976 5981 1662 977 5982 1663 978 5983 1664 1010 5984 1696 1010 5985 1696 1009 5986 1695 977 5987 1663 978 5988 1664 979 5989 1665 1011 5990 1697 1011 5991 1697 1010 5992 1696 978 5993 1664 979 5994 1665 980 5995 1666 1012 5996 1698 1012 5997 1698 1011 5998 1697 979 5999 1665 980 6000 1666 981 6001 1667 1013 6002 1699 1013 6003 1699 1012 6004 1698 980 6005 1666 981 6006 1667 982 6007 1668 1014 6008 1700 1014 6009 1700 1013 6010 1699 981 6011 1667 982 6012 1668 983 6013 1669 1015 6014 1701 1015 6015 1701 1014 6016 1700 982 6017 1668 983 6018 1669 984 6019 1670 1016 6020 1702 1016 6021 1702 1015 6022 1701 983 6023 1669 984 6024 1670 985 6025 1671 1017 6026 1703 1017 6027 1703 1016 6028 1702 984 6029 1670 985 6030 1671 986 6031 1672 1018 6032 1704 1018 6033 1704 1017 6034 1703 985 6035 1671 986 6036 1672 987 6037 1673 1019 6038 1705 1019 6039 1705 1018 6040 1704 986 6041 1672 987 6042 1673 988 6043 1674 1020 6044 1706 1020 6045 1706 1019 6046 1705 987 6047 1673 988 6048 1674 989 6049 1675 1021 6050 1707 1021 6051 1707 1020 6052 1706 988 6053 1674 989 6054 1675 990 6055 1676 1022 6056 1708 1022 6057 1708 1021 6058 1707 989 6059 1675 990 6060 1676 991 6061 1677 1023 6062 1709 1023 6063 1709 1022 6064 1708 990 6065 1676 991 6066 1677 992 6067 1678 1024 6068 1710 1024 6069 1710 1023 6070 1709 991 6071 1677 992 6072 1678 993 6073 1679 1025 6074 1711 1025 6075 1711 1024 6076 1710 992 6077 1678 993 6078 1679 994 6079 1680 1026 6080 1712 1026 6081 1712 1025 6082 1711 993 6083 1679 994 6084 1680 995 6085 1681 1027 6086 1713 1027 6087 1713 1026 6088 1712 994 6089 1680 995 6090 1681 996 6091 1682 1028 6092 1714 1028 6093 1714 1027 6094 1713 995 6095 1681 996 6096 1682 997 6097 1683 1029 6098 1715 1029 6099 1715 1028 6100 1714 996 6101 1682 997 6102 1683 998 6103 1684 1030 6104 1716 1030 6105 1716 1029 6106 1715 997 6107 1683 998 6108 1684 999 6109 1685 1031 6110 1717 1031 6111 1717 1030 6112 1716 998 6113 1684 999 6114 1685 1000 6115 1686 1032 6116 1718 1032 6117 1718 1031 6118 1717 999 6119 1685 1000 6120 1686 1001 6121 1687 1033 6122 1719 1033 6123 1719 1032 6124 1718 1000 6125 1686 1001 6126 1687 1002 6127 1688 1034 6128 1720 1034 6129 1720 1033 6130 1719 1001 6131 1687 1002 6132 1688 1003 6133 1689 1035 6134 1721 1035 6135 1721 1034 6136 1720 1002 6137 1688 1003 6138 1689 972 6139 1658 1004 6140 1690 1004 6141 1690 1035 6142 1721 1003 6143 1689 1057 6144 1743 1037 6145 1723 1036 6146 1722 1036 6147 1722 1056 6148 1742 1057 6149 1743 1058 6150 1744 1038 6151 1724 1037 6152 1723 1037 6153 1723 1057 6154 1743 1058 6155 1744 1059 6156 1745 1039 6157 1725 1038 6158 1724 1038 6159 1724 1058 6160 1744 1059 6161 1745 1060 6162 1746 1040 6163 1726 1039 6164 1725 1039 6165 1725 1059 6166 1745 1060 6167 1746 1061 6168 1747 1041 6169 1727 1040 6170 1726 1040 6171 1726 1060 6172 1746 1061 6173 1747 1062 6174 1748 1042 6175 1728 1041 6176 1727 1041 6177 1727 1061 6178 1747 1062 6179 1748 1063 6180 1749 1043 6181 1729 1042 6182 1728 1042 6183 1728 1062 6184 1748 1063 6185 1749 1064 6186 1750 1044 6187 1730 1043 6188 1729 1043 6189 1729 1063 6190 1749 1064 6191 1750 1065 6192 1751 1045 6193 1731 1044 6194 1730 1044 6195 1730 1064 6196 1750 1065 6197 1751 1066 6198 1752 1046 6199 1732 1045 6200 1731 1045 6201 1731 1065 6202 1751 1066 6203 1752 1067 6204 1753 1047 6205 1733 1046 6206 1732 1046 6207 1732 1066 6208 1752 1067 6209 1753 1068 6210 1754 1048 6211 1734 1047 6212 1733 1047 6213 1733 1067 6214 1753 1068 6215 1754 1069 6216 1755 1049 6217 1735 1048 6218 1734 1048 6219 1734 1068 6220 1754 1069 6221 1755 1070 6222 1756 1050 6223 1736 1049 6224 1735 1049 6225 1735 1069 6226 1755 1070 6227 1756 1071 6228 1757 1051 6229 1737 1050 6230 1736 1050 6231 1736 1070 6232 1756 1071 6233 1757 1072 6234 1758 1052 6235 1738 1051 6236 1737 1051 6237 1737 1071 6238 1757 1072 6239 1758 1073 6240 1759 1053 6241 1739 1052 6242 1738 1052 6243 1738 1072 6244 1758 1073 6245 1759 1074 6246 1760 1054 6247 1740 1053 6248 1739 1053 6249 1739 1073 6250 1759 1074 6251 1760 1075 6252 1761 1055 6253 1741 1054 6254 1740 1054 6255 1740 1074 6256 1760 1075 6257 1761 1056 6258 1742 1036 6259 1722 1055 6260 1741 1055 6261 1741 1075 6262 1761 1056 6263 1742 1077 6264 1763 1057 6265 1743 1056 6266 1742 1056 6267 1742 1076 6268 1762 1077 6269 1763 1078 6270 1764 1058 6271 1744 1057 6272 1743 1057 6273 1743 1077 6274 1763 1078 6275 1764 1079 6276 1765 1059 6277 1745 1058 6278 1744 1058 6279 1744 1078 6280 1764 1079 6281 1765 1080 6282 1766 1060 6283 1746 1059 6284 1745 1059 6285 1745 1079 6286 1765 1080 6287 1766 1081 6288 1767 1061 6289 1747 1060 6290 1746 1060 6291 1746 1080 6292 1766 1081 6293 1767 1082 6294 1768 1062 6295 1748 1061 6296 1747 1061 6297 1747 1081 6298 1767 1082 6299 1768 1083 6300 1769 1063 6301 1749 1062 6302 1748 1062 6303 1748 1082 6304 1768 1083 6305 1769 1084 6306 1770 1064 6307 1750 1063 6308 1749 1063 6309 1749 1083 6310 1769 1084 6311 1770 1085 6312 1771 1065 6313 1751 1064 6314 1750 1064 6315 1750 1084 6316 1770 1085 6317 1771 1086 6318 1772 1066 6319 1752 1065 6320 1751 1065 6321 1751 1085 6322 1771 1086 6323 1772 1087 6324 1773 1067 6325 1753 1066 6326 1752 1066 6327 1752 1086 6328 1772 1087 6329 1773 1088 6330 1774 1068 6331 1754 1067 6332 1753 1067 6333 1753 1087 6334 1773 1088 6335 1774 1089 6336 1775 1069 6337 1755 1068 6338 1754 1068 6339 1754 1088 6340 1774 1089 6341 1775 1090 6342 1776 1070 6343 1756 1069 6344 1755 1069 6345 1755 1089 6346 1775 1090 6347 1776 1091 6348 1777 1071 6349 1757 1070 6350 1756 1070 6351 1756 1090 6352 1776 1091 6353 1777 1092 6354 1778 1072 6355 1758 1071 6356 1757 1071 6357 1757 1091 6358 1777 1092 6359 1778 1093 6360 1779 1073 6361 1759 1072 6362 1758 1072 6363 1758 1092 6364 1778 1093 6365 1779 1094 6366 1780 1074 6367 1760 1073 6368 1759 1073 6369 1759 1093 6370 1779 1094 6371 1780 1095 6372 1781 1075 6373 1761 1074 6374 1760 1074 6375 1760 1094 6376 1780 1095 6377 1781 1076 6378 1762 1056 6379 1742 1075 6380 1761 1075 6381 1761 1095 6382 1781 1076 6383 1762 1097 6384 1783 1077 6385 1763 1076 6386 1762 1076 6387 1762 1096 6388 1782 1097 6389 1783 1098 6390 1784 1078 6391 1764 1077 6392 1763 1077 6393 1763 1097 6394 1783 1098 6395 1784 1099 6396 1785 1079 6397 1765 1078 6398 1764 1078 6399 1764 1098 6400 1784 1099 6401 1785 1100 6402 1786 1080 6403 1766 1079 6404 1765 1079 6405 1765 1099 6406 1785 1100 6407 1786 1101 6408 1787 1081 6409 1767 1080 6410 1766 1080 6411 1766 1100 6412 1786 1101 6413 1787 1102 6414 1788 1082 6415 1768 1081 6416 1767 1081 6417 1767 1101 6418 1787 1102 6419 1788 1103 6420 1789 1083 6421 1769 1082 6422 1768 1082 6423 1768 1102 6424 1788 1103 6425 1789 1104 6426 1790 1084 6427 1770 1083 6428 1769 1083 6429 1769 1103 6430 1789 1104 6431 1790 1105 6432 1791 1085 6433 1771 1084 6434 1770 1084 6435 1770 1104 6436 1790 1105 6437 1791 1106 6438 1792 1086 6439 1772 1085 6440 1771 1085 6441 1771 1105 6442 1791 1106 6443 1792 1107 6444 1793 1087 6445 1773 1086 6446 1772 1086 6447 1772 1106 6448 1792 1107 6449 1793 1108 6450 1794 1088 6451 1774 1087 6452 1773 1087 6453 1773 1107 6454 1793 1108 6455 1794 1109 6456 1795 1089 6457 1775 1088 6458 1774 1088 6459 1774 1108 6460 1794 1109 6461 1795 1110 6462 1796 1090 6463 1776 1089 6464 1775 1089 6465 1775 1109 6466 1795 1110 6467 1796 1111 6468 1797 1091 6469 1777 1090 6470 1776 1090 6471 1776 1110 6472 1796 1111 6473 1797 1112 6474 1798 1092 6475 1778 1091 6476 1777 1091 6477 1777 1111 6478 1797 1112 6479 1798 1113 6480 1799 1093 6481 1779 1092 6482 1778 1092 6483 1778 1112 6484 1798 1113 6485 1799 1114 6486 1800 1094 6487 1780 1093 6488 1779 1093 6489 1779 1113 6490 1799 1114 6491 1800 1115 6492 1801 1095 6493 1781 1094 6494 1780 1094 6495 1780 1114 6496 1800 1115 6497 1801 1096 6498 1782 1076 6499 1762 1095 6500 1781 1095 6501 1781 1115 6502 1801 1096 6503 1782 1037 6504 1723 1097 6505 1783 1096 6506 1782 1096 6507 1782 1036 6508 1722 1037 6509 1723 1038 6510 1724 1098 6511 1784 1097 6512 1783 1097 6513 1783 1037 6514 1723 1038 6515 1724 1039 6516 1725 1099 6517 1785 1098 6518 1784 1098 6519 1784 1038 6520 1724 1039 6521 1725 1040 6522 1726 1100 6523 1786 1099 6524 1785 1099 6525 1785 1039 6526 1725 1040 6527 1726 1041 6528 1727 1101 6529 1787 1100 6530 1786 1100 6531 1786 1040 6532 1726 1041 6533 1727 1042 6534 1728 1102 6535 1788 1101 6536 1787 1101 6537 1787 1041 6538 1727 1042 6539 1728 1043 6540 1729 1103 6541 1789 1102 6542 1788 1102 6543 1788 1042 6544 1728 1043 6545 1729 1044 6546 1730 1104 6547 1790 1103 6548 1789 1103 6549 1789 1043 6550 1729 1044 6551 1730 1045 6552 1731 1105 6553 1791 1104 6554 1790 1104 6555 1790 1044 6556 1730 1045 6557 1731 1046 6558 1732 1106 6559 1792 1105 6560 1791 1105 6561 1791 1045 6562 1731 1046 6563 1732 1047 6564 1733 1107 6565 1793 1106 6566 1792 1106 6567 1792 1046 6568 1732 1047 6569 1733 1048 6570 1734 1108 6571 1794 1107 6572 1793 1107 6573 1793 1047 6574 1733 1048 6575 1734 1049 6576 1735 1109 6577 1795 1108 6578 1794 1108 6579 1794 1048 6580 1734 1049 6581 1735 1050 6582 1736 1110 6583 1796 1109 6584 1795 1109 6585 1795 1049 6586 1735 1050 6587 1736 1051 6588 1737 1111 6589 1797 1110 6590 1796 1110 6591 1796 1050 6592 1736 1051 6593 1737 1052 6594 1738 1112 6595 1798 1111 6596 1797 1111 6597 1797 1051 6598 1737 1052 6599 1738 1053 6600 1739 1113 6601 1799 1112 6602 1798 1112 6603 1798 1052 6604 1738 1053 6605 1739 1054 6606 1740 1114 6607 1800 1113 6608 1799 1113 6609 1799 1053 6610 1739 1054 6611 1740 1055 6612 1741 1115 6613 1801 1114 6614 1800 1114 6615 1800 1054 6616 1740 1055 6617 1741 1036 6618 1722 1096 6619 1782 1115 6620 1801 1115 6621 1801 1055 6622 1741 1036 6623 1722 1137 6624 1823 1117 6625 1803 1116 6626 1802 1116 6627 1802 1136 6628 1822 1137 6629 1823 1138 6630 1824 1118 6631 1804 1117 6632 1803 1117 6633 1803 1137 6634 1823 1138 6635 1824 1139 6636 1825 1119 6637 1805 1118 6638 1804 1118 6639 1804 1138 6640 1824 1139 6641 1825 1140 6642 1826 1120 6643 1806 1119 6644 1805 1119 6645 1805 1139 6646 1825 1140 6647 1826 1141 6648 1827 1121 6649 1807 1120 6650 1806 1120 6651 1806 1140 6652 1826 1141 6653 1827 1142 6654 1828 1122 6655 1808 1121 6656 1807 1121 6657 1807 1141 6658 1827 1142 6659 1828 1143 6660 1829 1123 6661 1809 1122 6662 1808 1122 6663 1808 1142 6664 1828 1143 6665 1829 1144 6666 1830 1124 6667 1810 1123 6668 1809 1123 6669 1809 1143 6670 1829 1144 6671 1830 1145 6672 1831 1125 6673 1811 1124 6674 1810 1124 6675 1810 1144 6676 1830 1145 6677 1831 1146 6678 1832 1126 6679 1812 1125 6680 1811 1125 6681 1811 1145 6682 1831 1146 6683 1832 1147 6684 1833 1127 6685 1813 1126 6686 1812 1126 6687 1812 1146 6688 1832 1147 6689 1833 1148 6690 1834 1128 6691 1814 1127 6692 1813 1127 6693 1813 1147 6694 1833 1148 6695 1834 1149 6696 1835 1129 6697 1815 1128 6698 1814 1128 6699 1814 1148 6700 1834 1149 6701 1835 1150 6702 1836 1130 6703 1816 1129 6704 1815 1129 6705 1815 1149 6706 1835 1150 6707 1836 1151 6708 1837 1131 6709 1817 1130 6710 1816 1130 6711 1816 1150 6712 1836 1151 6713 1837 1152 6714 1838 1132 6715 1818 1131 6716 1817 1131 6717 1817 1151 6718 1837 1152 6719 1838 1153 6720 1839 1133 6721 1819 1132 6722 1818 1132 6723 1818 1152 6724 1838 1153 6725 1839 1154 6726 1840 1134 6727 1820 1133 6728 1819 1133 6729 1819 1153 6730 1839 1154 6731 1840 1155 6732 1841 1135 6733 1821 1134 6734 1820 1134 6735 1820 1154 6736 1840 1155 6737 1841 1136 6738 1822 1116 6739 1802 1135 6740 1821 1135 6741 1821 1155 6742 1841 1136 6743 1822 1125 6744 1811 1126 6745 1812 1127 6746 1813 1122 6747 1808 1123 6748 1809 1124 6749 1810 1121 6750 1807 1122 6751 1808 1124 6752 1810 1120 6753 1806 1121 6754 1807 1124 6755 1810 1119 6756 1805 1120 6757 1806 1124 6758 1810 1118 6759 1804 1119 6760 1805 1124 6761 1810 1117 6762 1803 1118 6763 1804 1124 6764 1810 1116 6765 1802 1117 6766 1803 1124 6767 1810 1135 6768 1821 1116 6769 1802 1124 6770 1810 1134 6771 1820 1135 6772 1821 1124 6773 1810 1133 6774 1819 1134 6775 1820 1124 6776 1810 1132 6777 1818 1133 6778 1819 1124 6779 1810 1131 6780 1817 1132 6781 1818 1124 6782 1810 1130 6783 1816 1131 6784 1817 1124 6785 1810 1129 6786 1815 1130 6787 1816 1124 6788 1810 1128 6789 1814 1129 6790 1815 1124 6791 1810 1127 6792 1813 1128 6793 1814 1124 6794 1810 1125 6795 1811 1127 6796 1813 1124 6797 1810 1144 6798 1830 1143 6799 1829 1142 6800 1828 1144 6801 1830 1142 6802 1828 1141 6803 1827 1144 6804 1830 1141 6805 1827 1140 6806 1826 1144 6807 1830 1140 6808 1826 1139 6809 1825 1144 6810 1830 1139 6811 1825 1138 6812 1824 1144 6813 1830 1138 6814 1824 1137 6815 1823 1144 6816 1830 1137 6817 1823 1136 6818 1822 1144 6819 1830 1136 6820 1822 1155 6821 1841 1144 6822 1830 1155 6823 1841 1154 6824 1840 1144 6825 1830 1154 6826 1840 1153 6827 1839 1144 6828 1830 1153 6829 1839 1152 6830 1838 1144 6831 1830 1152 6832 1838 1151 6833 1837 1144 6834 1830 1151 6835 1837 1150 6836 1836 1144 6837 1830 1150 6838 1836 1149 6839 1835 1144 6840 1830 1149 6841 1835 1148 6842 1834 1144 6843 1830 1148 6844 1834 1147 6845 1833 1145 6846 1831 1144 6847 1830 1147 6848 1833 1145 6849 1831 1147 6850 1833 1146 6851 1832 1177 6852 1863 1157 6853 1843 1156 6854 1842 1156 6855 1842 1176 6856 1862 1177 6857 1863 1178 6858 1864 1158 6859 1844 1157 6860 1843 1157 6861 1843 1177 6862 1863 1178 6863 1864 1179 6864 1865 1159 6865 1845 1158 6866 1844 1158 6867 1844 1178 6868 1864 1179 6869 1865 1180 6870 1866 1160 6871 1846 1159 6872 1845 1159 6873 1845 1179 6874 1865 1180 6875 1866 1181 6876 1867 1161 6877 1847 1160 6878 1846 1160 6879 1846 1180 6880 1866 1181 6881 1867 1182 6882 1868 1162 6883 1848 1161 6884 1847 1161 6885 1847 1181 6886 1867 1182 6887 1868 1183 6888 1869 1163 6889 1849 1162 6890 1848 1162 6891 1848 1182 6892 1868 1183 6893 1869 1184 6894 1870 1164 6895 1850 1163 6896 1849 1163 6897 1849 1183 6898 1869 1184 6899 1870 1185 6900 1871 1165 6901 1851 1164 6902 1850 1164 6903 1850 1184 6904 1870 1185 6905 1871 1186 6906 1872 1166 6907 1852 1165 6908 1851 1165 6909 1851 1185 6910 1871 1186 6911 1872 1187 6912 1873 1167 6913 1853 1166 6914 1852 1166 6915 1852 1186 6916 1872 1187 6917 1873 1188 6918 1874 1168 6919 1854 1167 6920 1853 1167 6921 1853 1187 6922 1873 1188 6923 1874 1189 6924 1875 1169 6925 1855 1168 6926 1854 1168 6927 1854 1188 6928 1874 1189 6929 1875 1190 6930 1876 1170 6931 1856 1169 6932 1855 1169 6933 1855 1189 6934 1875 1190 6935 1876 1191 6936 1877 1171 6937 1857 1170 6938 1856 1170 6939 1856 1190 6940 1876 1191 6941 1877 1192 6942 1878 1172 6943 1858 1171 6944 1857 1171 6945 1857 1191 6946 1877 1192 6947 1878 1193 6948 1879 1173 6949 1859 1172 6950 1858 1172 6951 1858 1192 6952 1878 1193 6953 1879 1194 6954 1880 1174 6955 1860 1173 6956 1859 1173 6957 1859 1193 6958 1879 1194 6959 1880 1195 6960 1881 1175 6961 1861 1174 6962 1860 1174 6963 1860 1194 6964 1880 1195 6965 1881 1176 6966 1862 1156 6967 1842 1175 6968 1861 1175 6969 1861 1195 6970 1881 1176 6971 1862 1165 6972 1851 1166 6973 1852 1167 6974 1853 1162 6975 1848 1163 6976 1849 1164 6977 1850 1161 6978 1847 1162 6979 1848 1164 6980 1850 1160 6981 1846 1161 6982 1847 1164 6983 1850 1159 6984 1845 1160 6985 1846 1164 6986 1850 1158 6987 1844 1159 6988 1845 1164 6989 1850 1157 6990 1843 1158 6991 1844 1164 6992 1850 1156 6993 1842 1157 6994 1843 1164 6995 1850 1175 6996 1861 1156 6997 1842 1164 6998 1850 1174 6999 1860 1175 7000 1861 1164 7001 1850 1173 7002 1859 1174 7003 1860 1164 7004 1850 1172 7005 1858 1173 7006 1859 1164 7007 1850 1171 7008 1857 1172 7009 1858 1164 7010 1850 1170 7011 1856 1171 7012 1857 1164 7013 1850 1169 7014 1855 1170 7015 1856 1164 7016 1850 1168 7017 1854 1169 7018 1855 1164 7019 1850 1167 7020 1853 1168 7021 1854 1164 7022 1850 1165 7023 1851 1167 7024 1853 1164 7025 1850 1184 7026 1870 1183 7027 1869 1182 7028 1868 1184 7029 1870 1182 7030 1868 1181 7031 1867 1184 7032 1870 1181 7033 1867 1180 7034 1866 1184 7035 1870 1180 7036 1866 1179 7037 1865 1184 7038 1870 1179 7039 1865 1178 7040 1864 1184 7041 1870 1178 7042 1864 1177 7043 1863 1184 7044 1870 1177 7045 1863 1176 7046 1862 1184 7047 1870 1176 7048 1862 1195 7049 1881 1184 7050 1870 1195 7051 1881 1194 7052 1880 1184 7053 1870 1194 7054 1880 1193 7055 1879 1184 7056 1870 1193 7057 1879 1192 7058 1878 1184 7059 1870 1192 7060 1878 1191 7061 1877 1184 7062 1870 1191 7063 1877 1190 7064 1876 1184 7065 1870 1190 7066 1876 1189 7067 1875 1184 7068 1870 1189 7069 1875 1188 7070 1874 1184 7071 1870 1188 7072 1874 1187 7073 1873 1185 7074 1871 1184 7075 1870 1187 7076 1873 1185 7077 1871 1187 7078 1873 1186 7079 1872 1890 11064 2921 1889 11065 2920 1888 11066 2919 1888 11067 2919 1887 11068 2918 1886 11069 2917 1886 11070 2917 1885 11071 2916 1884 11072 2915 1888 11073 2919 1886 11074 2917 1884 11075 2915 1884 11076 2915 1883 11077 2914 1882 11078 2913 1882 11079 2913 1881 11080 2912 1880 11081 2911 1884 11082 2915 1882 11083 2913 1880 11084 2911 1880 11085 2911 1879 11086 2910 1878 11087 2909 1878 11088 2909 1877 11089 2908 1876 11090 2907 1880 11091 2911 1878 11092 2909 1876 11093 2907 1884 11094 2915 1880 11095 2911 1876 11096 2907 1876 11097 2907 1875 11098 2906 1874 11099 2905 1874 11100 2905 1873 11101 2904 1872 11102 2903 1876 11103 2907 1874 11104 2905 1872 11105 2903 1872 11106 2903 1871 11107 2902 1870 11108 2901 1870 11109 2901 1869 11110 2900 1868 11111 2842 1872 11112 2903 1870 11113 2901 1868 11114 2842 1876 11115 2907 1872 11116 2903 1868 11117 2842 1868 11118 2842 1867 11119 2841 1866 11120 2840 1866 11121 2840 1865 11122 2839 1864 11123 2838 1868 11124 2842 1866 11125 2840 1864 11126 2838 1864 11127 2838 1863 11128 2837 1862 11129 2836 1862 11130 2836 1861 11131 2835 1860 11132 2834 1864 11133 2838 1862 11134 2836 1860 11135 2834 1868 11136 2842 1864 11137 2838 1860 11138 2834 1876 11139 2907 1868 11140 2842 1860 11141 2834 1884 11142 2915 1876 11143 2907 1860 11144 2834 1888 11145 2919 1884 11146 2915 1860 11147 2834 1890 11148 2921 1888 11149 2919 1860 11150 2834 1891 11151 2922 1890 11152 2921 1860 11153 2834 1860 11154 2834 1861 11155 2835 1893 11156 2867 1893 11157 2867 1892 11158 2866 1860 11159 2834 1861 11160 2835 1862 11161 2836 1894 11162 2868 1894 11163 2868 1893 11164 2867 1861 11165 2835 1862 11166 2836 1863 11167 2837 1895 11168 2869 1895 11169 2869 1894 11170 2868 1862 11171 2836 1863 11172 2837 1864 11173 2838 1896 11174 2870 1896 11175 2870 1895 11176 2869 1863 11177 2837 1864 11178 2838 1865 11179 2839 1897 11180 2871 1897 11181 2871 1896 11182 2870 1864 11183 2838 1865 11184 2839 1866 11185 2840 1898 11186 2872 1898 11187 2872 1897 11188 2871 1865 11189 2839 1866 11190 2840 1867 11191 2841 1899 11192 2873 1899 11193 2873 1898 11194 2872 1866 11195 2840 1867 11196 2841 1868 11197 2842 1900 11198 2874 1900 11199 2874 1899 11200 2873 1867 11201 2841 1868 11202 2898 1869 11203 2843 1901 11204 2875 1901 11205 2875 1900 11206 2899 1868 11207 2898 1869 11208 2843 1870 11209 2844 1902 11210 2876 1902 11211 2876 1901 11212 2875 1869 11213 2843 1870 11214 2844 1871 11215 2845 1903 11216 2877 1903 11217 2877 1902 11218 2876 1870 11219 2844 1871 11220 2845 1872 11221 2846 1904 11222 2878 1904 11223 2878 1903 11224 2877 1871 11225 2845 1872 11226 2846 1873 11227 2847 1905 11228 2879 1905 11229 2879 1904 11230 2878 1872 11231 2846 1873 11232 2847 1874 11233 2848 1906 11234 2880 1906 11235 2880 1905 11236 2879 1873 11237 2847 1874 11238 2848 1875 11239 2849 1907 11240 2881 1907 11241 2881 1906 11242 2880 1874 11243 2848 1875 11244 2849 1876 11245 2850 1908 11246 2882 1908 11247 2882 1907 11248 2881 1875 11249 2849 1876 11250 2850 1877 11251 2851 1909 11252 2883 1909 11253 2883 1908 11254 2882 1876 11255 2850 1877 11256 2851 1878 11257 2852 1910 11258 2884 1910 11259 2884 1909 11260 2883 1877 11261 2851 1878 11262 2852 1879 11263 2853 1911 11264 2885 1911 11265 2885 1910 11266 2884 1878 11267 2852 1879 11268 2853 1880 11269 2854 1912 11270 2886 1912 11271 2886 1911 11272 2885 1879 11273 2853 1880 11274 2854 1881 11275 2855 1913 11276 2887 1913 11277 2887 1912 11278 2886 1880 11279 2854 1881 11280 2855 1882 11281 2856 1914 11282 2888 1914 11283 2888 1913 11284 2887 1881 11285 2855 1882 11286 2856 1883 11287 2857 1915 11288 2889 1915 11289 2889 1914 11290 2888 1882 11291 2856 1883 11292 2857 1884 11293 2858 1916 11294 2890 1916 11295 2890 1915 11296 2889 1883 11297 2857 1884 11298 2858 1885 11299 2859 1917 11300 2891 1917 11301 2891 1916 11302 2890 1884 11303 2858 1885 11304 2859 1886 11305 2860 1918 11306 2892 1918 11307 2892 1917 11308 2891 1885 11309 2859 1886 11310 2860 1887 11311 2861 1919 11312 2893 1919 11313 2893 1918 11314 2892 1886 11315 2860 1887 11316 2861 1888 11317 2862 1920 11318 2894 1920 11319 2894 1919 11320 2893 1887 11321 2861 1888 11322 2862 1889 11323 2863 1921 11324 2895 1921 11325 2895 1920 11326 2894 1888 11327 2862 1889 11328 2863 1890 11329 2864 1922 11330 2896 1922 11331 2896 1921 11332 2895 1889 11333 2863 1890 11334 2864 1891 11335 2865 1923 11336 2897 1923 11337 2897 1922 11338 2896 1890 11339 2864 1891 11340 2865 1860 11341 2834 1892 11342 2866 1892 11343 2866 1923 11344 2897 1891 11345 2865 1892 11346 2866 1893 11347 2867 1894 11348 2868 1894 11349 2868 1895 11350 2869 1896 11351 2870 1896 11352 2870 1897 11353 2871 1898 11354 2872 1894 11355 2868 1896 11356 2870 1898 11357 2872 1898 11358 2872 1899 11359 2873 1900 11360 2874 1900 11361 2874 1901 11362 2923 1902 11363 2924 1898 11364 2872 1900 11365 2874 1902 11366 2924 1902 11367 2924 1903 11368 2925 1904 11369 2926 1904 11370 2926 1905 11371 2927 1906 11372 2928 1902 11373 2924 1904 11374 2926 1906 11375 2928 1898 11376 2872 1902 11377 2924 1906 11378 2928 1906 11379 2928 1907 11380 2929 1908 11381 2930 1908 11382 2930 1909 11383 2931 1910 11384 2932 1906 11385 2928 1908 11386 2930 1910 11387 2932 1910 11388 2932 1911 11389 2933 1912 11390 2934 1912 11391 2934 1913 11392 2935 1914 11393 2936 1910 11394 2932 1912 11395 2934 1914 11396 2936 1906 11397 2928 1910 11398 2932 1914 11399 2936 1914 11400 2936 1915 11401 2937 1916 11402 2938 1916 11403 2938 1917 11404 2939 1918 11405 2940 1914 11406 2936 1916 11407 2938 1918 11408 2940 1918 11409 2940 1919 11410 2941 1920 11411 2942 1920 11412 2942 1921 11413 2943 1922 11414 2944 1918 11415 2940 1920 11416 2942 1922 11417 2944 1914 11418 2936 1918 11419 2940 1922 11420 2944 1906 11421 2928 1914 11422 2936 1922 11423 2944 1898 11424 2872 1906 11425 2928 1922 11426 2944 1894 11427 2868 1898 11428 2872 1922 11429 2944 1892 11430 2866 1894 11431 2868 1922 11432 2944 1923 11433 2897 1892 11434 2866 1922 11435 2944 1924 11436 2945 1925 11437 2946 1926 11438 2947 1926 11439 2947 1927 11440 2948 1928 11441 2949 1924 11442 2945 1926 11443 2947 1928 11444 2949 1928 11445 2949 1929 11446 2950 1930 11447 2951 1930 11448 2951 1931 11449 2952 1932 11450 2953 1928 11451 2949 1930 11452 2951 1932 11453 2953 1924 11454 2945 1928 11455 2949 1932 11456 2953 1932 11457 2953 1933 11458 3011 1934 11459 3012 1934 11460 3012 1935 11461 3013 1936 11462 3014 1932 11463 2953 1934 11464 3012 1936 11465 3014 1936 11466 3014 1937 11467 3015 1938 11468 3016 1938 11469 3016 1939 11470 3017 1940 11471 3018 1936 11472 3014 1938 11473 3016 1940 11474 3018 1932 11475 2953 1936 11476 3014 1940 11477 3018 1924 11478 2945 1932 11479 2953 1940 11480 3018 1940 11481 3018 1941 11482 3019 1942 11483 3020 1942 11484 3020 1943 11485 3021 1944 11486 3022 1940 11487 3018 1942 11488 3020 1944 11489 3022 1944 11490 3022 1945 11491 3023 1946 11492 3024 1946 11493 3024 1947 11494 3025 1948 11495 3026 1944 11496 3022 1946 11497 3024 1948 11498 3026 1940 11499 3018 1944 11500 3022 1948 11501 3026 1924 11502 2945 1940 11503 3018 1948 11504 3026 1948 11505 3026 1949 11506 3027 1950 11507 3028 1950 11508 3028 1951 11509 3029 1952 11510 3030 1948 11511 3026 1950 11512 3028 1952 11513 3030 1924 11514 2945 1948 11515 3026 1952 11516 3030 1952 11517 3030 1953 11518 3031 1954 11519 3032 1924 11520 2945 1952 11521 3030 1954 11522 3032 1955 11523 3033 1924 11524 2945 1954 11525 3032 1924 11526 2945 1956 11527 2977 1957 11528 2978 1957 11529 2978 1925 11530 2946 1924 11531 2945 1925 11532 2946 1957 11533 2978 1958 11534 2979 1958 11535 2979 1926 11536 2947 1925 11537 2946 1926 11538 2947 1958 11539 2979 1959 11540 2980 1959 11541 2980 1927 11542 2948 1926 11543 2947 1927 11544 2948 1959 11545 2980 1960 11546 2981 1960 11547 2981 1928 11548 2949 1927 11549 2948 1928 11550 2949 1960 11551 2981 1961 11552 2982 1961 11553 2982 1929 11554 2950 1928 11555 2949 1929 11556 2950 1961 11557 2982 1962 11558 2983 1962 11559 2983 1930 11560 2951 1929 11561 2950 1930 11562 2951 1962 11563 2983 1963 11564 2984 1963 11565 2984 1931 11566 2952 1930 11567 2951 1931 11568 2952 1963 11569 2984 1964 11570 2985 1964 11571 2985 1932 11572 2953 1931 11573 2952 1932 11574 3009 1964 11575 3010 1965 11576 2986 1965 11577 2986 1933 11578 2954 1932 11579 3009 1933 11580 2954 1965 11581 2986 1966 11582 2987 1966 11583 2987 1934 11584 2955 1933 11585 2954 1934 11586 2955 1966 11587 2987 1967 11588 2988 1967 11589 2988 1935 11590 2956 1934 11591 2955 1935 11592 2956 1967 11593 2988 1968 11594 2989 1968 11595 2989 1936 11596 2957 1935 11597 2956 1936 11598 2957 1968 11599 2989 1969 11600 2990 1969 11601 2990 1937 11602 2958 1936 11603 2957 1937 11604 2958 1969 11605 2990 1970 11606 2991 1970 11607 2991 1938 11608 2959 1937 11609 2958 1938 11610 2959 1970 11611 2991 1971 11612 2992 1971 11613 2992 1939 11614 2960 1938 11615 2959 1939 11616 2960 1971 11617 2992 1972 11618 2993 1972 11619 2993 1940 11620 2961 1939 11621 2960 1940 11622 2961 1972 11623 2993 1973 11624 2994 1973 11625 2994 1941 11626 2962 1940 11627 2961 1941 11628 2962 1973 11629 2994 1974 11630 2995 1974 11631 2995 1942 11632 2963 1941 11633 2962 1942 11634 2963 1974 11635 2995 1975 11636 2996 1975 11637 2996 1943 11638 2964 1942 11639 2963 1943 11640 2964 1975 11641 2996 1976 11642 2997 1976 11643 2997 1944 11644 2965 1943 11645 2964 1944 11646 2965 1976 11647 2997 1977 11648 2998 1977 11649 2998 1945 11650 2966 1944 11651 2965 1945 11652 2966 1977 11653 2998 1978 11654 2999 1978 11655 2999 1946 11656 2967 1945 11657 2966 1946 11658 2967 1978 11659 2999 1979 11660 3000 1979 11661 3000 1947 11662 2968 1946 11663 2967 1947 11664 2968 1979 11665 3000 1980 11666 3001 1980 11667 3001 1948 11668 2969 1947 11669 2968 1948 11670 2969 1980 11671 3001 1981 11672 3002 1981 11673 3002 1949 11674 2970 1948 11675 2969 1949 11676 2970 1981 11677 3002 1982 11678 3003 1982 11679 3003 1950 11680 2971 1949 11681 2970 1950 11682 2971 1982 11683 3003 1983 11684 3004 1983 11685 3004 1951 11686 2972 1950 11687 2971 1951 11688 2972 1983 11689 3004 1984 11690 3005 1984 11691 3005 1952 11692 2973 1951 11693 2972 1952 11694 2973 1984 11695 3005 1985 11696 3006 1985 11697 3006 1953 11698 2974 1952 11699 2973 1953 11700 2974 1985 11701 3006 1986 11702 3007 1986 11703 3007 1954 11704 2975 1953 11705 2974 1954 11706 2975 1986 11707 3007 1987 11708 3008 1987 11709 3008 1955 11710 2976 1954 11711 2975 1955 11712 2976 1987 11713 3008 1956 11714 2977 1956 11715 2977 1924 11716 2945 1955 11717 2976 1986 11718 3055 1985 11719 3054 1984 11720 3053 1984 11721 3053 1983 11722 3052 1982 11723 3051 1986 11724 3055 1984 11725 3053 1982 11726 3051 1982 11727 3051 1981 11728 3050 1980 11729 3049 1980 11730 3049 1979 11731 3048 1978 11732 3047 1982 11733 3051 1980 11734 3049 1978 11735 3047 1986 11736 3055 1982 11737 3051 1978 11738 3047 1978 11739 3047 1977 11740 3046 1976 11741 3045 1976 11742 3045 1975 11743 3044 1974 11744 3043 1978 11745 3047 1976 11746 3045 1974 11747 3043 1974 11748 3043 1973 11749 3042 1972 11750 3041 1972 11751 3041 1971 11752 3040 1970 11753 3039 1974 11754 3043 1972 11755 3041 1970 11756 3039 1978 11757 3047 1974 11758 3043 1970 11759 3039 1986 11760 3055 1978 11761 3047 1970 11762 3039 1970 11763 3039 1969 11764 3038 1968 11765 3037 1968 11766 3037 1967 11767 3036 1966 11768 3035 1970 11769 3039 1968 11770 3037 1966 11771 3035 1966 11772 3035 1965 11773 3034 1964 11774 2985 1964 11775 2985 1963 11776 2984 1962 11777 2983 1966 11778 3035 1964 11779 2985 1962 11780 2983 1970 11781 3039 1966 11782 3035 1962 11783 2983 1986 11784 3055 1970 11785 3039 1962 11786 2983 1962 11787 2983 1961 11788 2982 1960 11789 2981 1960 11790 2981 1959 11791 2980 1958 11792 2979 1962 11793 2983 1960 11794 2981 1958 11795 2979 1986 11796 3055 1962 11797 2983 1958 11798 2979 1958 11799 2979 1957 11800 2978 1956 11801 2977 1986 11802 3055 1958 11803 2979 1956 11804 2977 1987 11805 3008 1986 11806 3055 1956 11807 2977 1988 11808 3056 1989 11809 3057 1990 11810 3058 1990 11811 3058 1991 11812 3059 1992 11813 3060 1988 11814 3056 1990 11815 3058 1992 11816 3060 1992 11817 3060 1993 11818 3061 1994 11819 3062 1994 11820 3062 1995 11821 3063 1996 11822 3064 1992 11823 3060 1994 11824 3062 1996 11825 3064 1988 11826 3056 1992 11827 3060 1996 11828 3064 1996 11829 3064 1997 11830 3122 1998 11831 3123 1998 11832 3123 1999 11833 3124 2000 11834 3125 1996 11835 3064 1998 11836 3123 2000 11837 3125 2000 11838 3125 2001 11839 3126 2002 11840 3127 2002 11841 3127 2003 11842 3128 2004 11843 3129 2000 11844 3125 2002 11845 3127 2004 11846 3129 1996 11847 3064 2000 11848 3125 2004 11849 3129 1988 11850 3056 1996 11851 3064 2004 11852 3129 2004 11853 3129 2005 11854 3130 2006 11855 3131 2006 11856 3131 2007 11857 3132 2008 11858 3133 2004 11859 3129 2006 11860 3131 2008 11861 3133 2008 11862 3133 2009 11863 3134 2010 11864 3135 2010 11865 3135 2011 11866 3136 2012 11867 3137 2008 11868 3133 2010 11869 3135 2012 11870 3137 2004 11871 3129 2008 11872 3133 2012 11873 3137 1988 11874 3056 2004 11875 3129 2012 11876 3137 2012 11877 3137 2013 11878 3138 2014 11879 3139 2014 11880 3139 2015 11881 3140 2016 11882 3141 2012 11883 3137 2014 11884 3139 2016 11885 3141 1988 11886 3056 2012 11887 3137 2016 11888 3141 2016 11889 3141 2017 11890 3142 2018 11891 3143 1988 11892 3056 2016 11893 3141 2018 11894 3143 2019 11895 3144 1988 11896 3056 2018 11897 3143 1988 11898 3056 2020 11899 3088 2021 11900 3089 2021 11901 3089 1989 11902 3057 1988 11903 3056 1989 11904 3057 2021 11905 3089 2022 11906 3090 2022 11907 3090 1990 11908 3058 1989 11909 3057 1990 11910 3058 2022 11911 3090 2023 11912 3091 2023 11913 3091 1991 11914 3059 1990 11915 3058 1991 11916 3059 2023 11917 3091 2024 11918 3092 2024 11919 3092 1992 11920 3060 1991 11921 3059 1992 11922 3060 2024 11923 3092 2025 11924 3093 2025 11925 3093 1993 11926 3061 1992 11927 3060 1993 11928 3061 2025 11929 3093 2026 11930 3094 2026 11931 3094 1994 11932 3062 1993 11933 3061 1994 11934 3062 2026 11935 3094 2027 11936 3095 2027 11937 3095 1995 11938 3063 1994 11939 3062 1995 11940 3063 2027 11941 3095 2028 11942 3096 2028 11943 3096 1996 11944 3064 1995 11945 3063 1996 11946 3120 2028 11947 3121 2029 11948 3097 2029 11949 3097 1997 11950 3065 1996 11951 3120 1997 11952 3065 2029 11953 3097 2030 11954 3098 2030 11955 3098 1998 11956 3066 1997 11957 3065 1998 11958 3066 2030 11959 3098 2031 11960 3099 2031 11961 3099 1999 11962 3067 1998 11963 3066 1999 11964 3067 2031 11965 3099 2032 11966 3100 2032 11967 3100 2000 11968 3068 1999 11969 3067 2000 11970 3068 2032 11971 3100 2033 11972 3101 2033 11973 3101 2001 11974 3069 2000 11975 3068 2001 11976 3069 2033 11977 3101 2034 11978 3102 2034 11979 3102 2002 11980 3070 2001 11981 3069 2002 11982 3070 2034 11983 3102 2035 11984 3103 2035 11985 3103 2003 11986 3071 2002 11987 3070 2003 11988 3071 2035 11989 3103 2036 11990 3104 2036 11991 3104 2004 11992 3072 2003 11993 3071 2004 11994 3072 2036 11995 3104 2037 11996 3105 2037 11997 3105 2005 11998 3073 2004 11999 3072 2005 12000 3073 2037 12001 3105 2038 12002 3106 2038 12003 3106 2006 12004 3074 2005 12005 3073 2006 12006 3074 2038 12007 3106 2039 12008 3107 2039 12009 3107 2007 12010 3075 2006 12011 3074 2007 12012 3075 2039 12013 3107 2040 12014 3108 2040 12015 3108 2008 12016 3076 2007 12017 3075 2008 12018 3076 2040 12019 3108 2041 12020 3109 2041 12021 3109 2009 12022 3077 2008 12023 3076 2009 12024 3077 2041 12025 3109 2042 12026 3110 2042 12027 3110 2010 12028 3078 2009 12029 3077 2010 12030 3078 2042 12031 3110 2043 12032 3111 2043 12033 3111 2011 12034 3079 2010 12035 3078 2011 12036 3079 2043 12037 3111 2044 12038 3112 2044 12039 3112 2012 12040 3080 2011 12041 3079 2012 12042 3080 2044 12043 3112 2045 12044 3113 2045 12045 3113 2013 12046 3081 2012 12047 3080 2013 12048 3081 2045 12049 3113 2046 12050 3114 2046 12051 3114 2014 12052 3082 2013 12053 3081 2014 12054 3082 2046 12055 3114 2047 12056 3115 2047 12057 3115 2015 12058 3083 2014 12059 3082 2015 12060 3083 2047 12061 3115 2048 12062 3116 2048 12063 3116 2016 12064 3084 2015 12065 3083 2016 12066 3084 2048 12067 3116 2049 12068 3117 2049 12069 3117 2017 12070 3085 2016 12071 3084 2017 12072 3085 2049 12073 3117 2050 12074 3118 2050 12075 3118 2018 12076 3086 2017 12077 3085 2018 12078 3086 2050 12079 3118 2051 12080 3119 2051 12081 3119 2019 12082 3087 2018 12083 3086 2019 12084 3087 2051 12085 3119 2020 12086 3088 2020 12087 3088 1988 12088 3056 2019 12089 3087 2050 12090 3166 2049 12091 3165 2048 12092 3164 2048 12093 3164 2047 12094 3163 2046 12095 3162 2050 12096 3166 2048 12097 3164 2046 12098 3162 2046 12099 3162 2045 12100 3161 2044 12101 3160 2044 12102 3160 2043 12103 3159 2042 12104 3158 2046 12105 3162 2044 12106 3160 2042 12107 3158 2050 12108 3166 2046 12109 3162 2042 12110 3158 2042 12111 3158 2041 12112 3157 2040 12113 3156 2040 12114 3156 2039 12115 3155 2038 12116 3154 2042 12117 3158 2040 12118 3156 2038 12119 3154 2038 12120 3154 2037 12121 3153 2036 12122 3152 2036 12123 3152 2035 12124 3151 2034 12125 3150 2038 12126 3154 2036 12127 3152 2034 12128 3150 2042 12129 3158 2038 12130 3154 2034 12131 3150 2050 12132 3166 2042 12133 3158 2034 12134 3150 2034 12135 3150 2033 12136 3149 2032 12137 3148 2032 12138 3148 2031 12139 3147 2030 12140 3146 2034 12141 3150 2032 12142 3148 2030 12143 3146 2030 12144 3146 2029 12145 3145 2028 12146 3096 2028 12147 3096 2027 12148 3095 2026 12149 3094 2030 12150 3146 2028 12151 3096 2026 12152 3094 2034 12153 3150 2030 12154 3146 2026 12155 3094 2050 12156 3166 2034 12157 3150 2026 12158 3094 2026 12159 3094 2025 12160 3093 2024 12161 3092 2024 12162 3092 2023 12163 3091 2022 12164 3090 2026 12165 3094 2024 12166 3092 2022 12167 3090 2050 12168 3166 2026 12169 3094 2022 12170 3090 2022 12171 3090 2021 12172 3089 2020 12173 3088 2050 12174 3166 2022 12175 3090 2020 12176 3088 2051 12177 3119 2050 12178 3166 2020 12179 3088 2082 12180 3254 2081 12181 3253 2080 12182 3252 2080 12183 3252 2079 12184 3251 2078 12185 3250 2078 12186 3250 2077 12187 3249 2076 12188 3248 2080 12189 3252 2078 12190 3250 2076 12191 3248 2076 12192 3248 2075 12193 3247 2074 12194 3246 2074 12195 3246 2073 12196 3245 2072 12197 3244 2076 12198 3248 2074 12199 3246 2072 12200 3244 2072 12201 3244 2071 12202 3243 2070 12203 3242 2070 12204 3242 2069 12205 3241 2068 12206 3240 2072 12207 3244 2070 12208 3242 2068 12209 3240 2076 12210 3248 2072 12211 3244 2068 12212 3240 2068 12213 3240 2067 12214 3239 2066 12215 3238 2066 12216 3238 2065 12217 3237 2064 12218 3236 2068 12219 3240 2066 12220 3238 2064 12221 3236 2064 12222 3236 2063 12223 3235 2062 12224 3234 2062 12225 3234 2061 12226 3233 2060 12227 3175 2064 12228 3236 2062 12229 3234 2060 12230 3175 2068 12231 3240 2064 12232 3236 2060 12233 3175 2060 12234 3175 2059 12235 3174 2058 12236 3173 2058 12237 3173 2057 12238 3172 2056 12239 3171 2060 12240 3175 2058 12241 3173 2056 12242 3171 2056 12243 3171 2055 12244 3170 2054 12245 3169 2054 12246 3169 2053 12247 3168 2052 12248 3167 2056 12249 3171 2054 12250 3169 2052 12251 3167 2060 12252 3175 2056 12253 3171 2052 12254 3167 2068 12255 3240 2060 12256 3175 2052 12257 3167 2076 12258 3248 2068 12259 3240 2052 12260 3167 2080 12261 3252 2076 12262 3248 2052 12263 3167 2082 12264 3254 2080 12265 3252 2052 12266 3167 2083 12267 3255 2082 12268 3254 2052 12269 3167 2052 12270 3167 2053 12271 3168 2085 12272 3200 2085 12273 3200 2084 12274 3199 2052 12275 3167 2053 12276 3168 2054 12277 3169 2086 12278 3201 2086 12279 3201 2085 12280 3200 2053 12281 3168 2054 12282 3169 2055 12283 3170 2087 12284 3202 2087 12285 3202 2086 12286 3201 2054 12287 3169 2055 12288 3170 2056 12289 3171 2088 12290 3203 2088 12291 3203 2087 12292 3202 2055 12293 3170 2056 12294 3171 2057 12295 3172 2089 12296 3204 2089 12297 3204 2088 12298 3203 2056 12299 3171 2057 12300 3172 2058 12301 3173 2090 12302 3205 2090 12303 3205 2089 12304 3204 2057 12305 3172 2058 12306 3173 2059 12307 3174 2091 12308 3206 2091 12309 3206 2090 12310 3205 2058 12311 3173 2059 12312 3174 2060 12313 3175 2092 12314 3207 2092 12315 3207 2091 12316 3206 2059 12317 3174 2060 12318 3231 2061 12319 3176 2093 12320 3208 2093 12321 3208 2092 12322 3232 2060 12323 3231 2061 12324 3176 2062 12325 3177 2094 12326 3209 2094 12327 3209 2093 12328 3208 2061 12329 3176 2062 12330 3177 2063 12331 3178 2095 12332 3210 2095 12333 3210 2094 12334 3209 2062 12335 3177 2063 12336 3178 2064 12337 3179 2096 12338 3211 2096 12339 3211 2095 12340 3210 2063 12341 3178 2064 12342 3179 2065 12343 3180 2097 12344 3212 2097 12345 3212 2096 12346 3211 2064 12347 3179 2065 12348 3180 2066 12349 3181 2098 12350 3213 2098 12351 3213 2097 12352 3212 2065 12353 3180 2066 12354 3181 2067 12355 3182 2099 12356 3214 2099 12357 3214 2098 12358 3213 2066 12359 3181 2067 12360 3182 2068 12361 3183 2100 12362 3215 2100 12363 3215 2099 12364 3214 2067 12365 3182 2068 12366 3183 2069 12367 3184 2101 12368 3216 2101 12369 3216 2100 12370 3215 2068 12371 3183 2069 12372 3184 2070 12373 3185 2102 12374 3217 2102 12375 3217 2101 12376 3216 2069 12377 3184 2070 12378 3185 2071 12379 3186 2103 12380 3218 2103 12381 3218 2102 12382 3217 2070 12383 3185 2071 12384 3186 2072 12385 3187 2104 12386 3219 2104 12387 3219 2103 12388 3218 2071 12389 3186 2072 12390 3187 2073 12391 3188 2105 12392 3220 2105 12393 3220 2104 12394 3219 2072 12395 3187 2073 12396 3188 2074 12397 3189 2106 12398 3221 2106 12399 3221 2105 12400 3220 2073 12401 3188 2074 12402 3189 2075 12403 3190 2107 12404 3222 2107 12405 3222 2106 12406 3221 2074 12407 3189 2075 12408 3190 2076 12409 3191 2108 12410 3223 2108 12411 3223 2107 12412 3222 2075 12413 3190 2076 12414 3191 2077 12415 3192 2109 12416 3224 2109 12417 3224 2108 12418 3223 2076 12419 3191 2077 12420 3192 2078 12421 3193 2110 12422 3225 2110 12423 3225 2109 12424 3224 2077 12425 3192 2078 12426 3193 2079 12427 3194 2111 12428 3226 2111 12429 3226 2110 12430 3225 2078 12431 3193 2079 12432 3194 2080 12433 3195 2112 12434 3227 2112 12435 3227 2111 12436 3226 2079 12437 3194 2080 12438 3195 2081 12439 3196 2113 12440 3228 2113 12441 3228 2112 12442 3227 2080 12443 3195 2081 12444 3196 2082 12445 3197 2114 12446 3229 2114 12447 3229 2113 12448 3228 2081 12449 3196 2082 12450 3197 2083 12451 3198 2115 12452 3230 2115 12453 3230 2114 12454 3229 2082 12455 3197 2083 12456 3198 2052 12457 3167 2084 12458 3199 2084 12459 3199 2115 12460 3230 2083 12461 3198 2084 12462 3199 2085 12463 3200 2086 12464 3201 2086 12465 3201 2087 12466 3202 2088 12467 3203 2088 12468 3203 2089 12469 3204 2090 12470 3205 2086 12471 3201 2088 12472 3203 2090 12473 3205 2090 12474 3205 2091 12475 3206 2092 12476 3207 2092 12477 3207 2093 12478 3256 2094 12479 3257 2090 12480 3205 2092 12481 3207 2094 12482 3257 2094 12483 3257 2095 12484 3258 2096 12485 3259 2096 12486 3259 2097 12487 3260 2098 12488 3261 2094 12489 3257 2096 12490 3259 2098 12491 3261 2090 12492 3205 2094 12493 3257 2098 12494 3261 2098 12495 3261 2099 12496 3262 2100 12497 3263 2100 12498 3263 2101 12499 3264 2102 12500 3265 2098 12501 3261 2100 12502 3263 2102 12503 3265 2102 12504 3265 2103 12505 3266 2104 12506 3267 2104 12507 3267 2105 12508 3268 2106 12509 3269 2102 12510 3265 2104 12511 3267 2106 12512 3269 2098 12513 3261 2102 12514 3265 2106 12515 3269 2106 12516 3269 2107 12517 3270 2108 12518 3271 2108 12519 3271 2109 12520 3272 2110 12521 3273 2106 12522 3269 2108 12523 3271 2110 12524 3273 2110 12525 3273 2111 12526 3274 2112 12527 3275 2112 12528 3275 2113 12529 3276 2114 12530 3277 2110 12531 3273 2112 12532 3275 2114 12533 3277 2106 12534 3269 2110 12535 3273 2114 12536 3277 2098 12537 3261 2106 12538 3269 2114 12539 3277 2090 12540 3205 2098 12541 3261 2114 12542 3277 2086 12543 3201 2090 12544 3205 2114 12545 3277 2084 12546 3199 2086 12547 3201 2114 12548 3277 2115 12549 3230 2084 12550 3199 2114 12551 3277 2120 12552 3282 2117 12553 3279 2116 12554 3278 2116 12555 3278 2119 12556 3281 2120 12557 3282 2121 12558 3283 2118 12559 3280 2117 12560 3279 2117 12561 3279 2120 12562 3282 2121 12563 3283 2119 12564 3281 2116 12565 3278 2118 12566 3280 2118 12567 3280 2121 12568 3283 2119 12569 3281 2116 12570 3278 2117 12571 3279 2118 12572 3280 2119 12573 3281 2121 12574 3283 2120 12575 3282 2126 12576 3288 2123 12577 3285 2122 12578 3284 2122 12579 3284 2125 12580 3287 2126 12581 3288 2127 12582 3289 2124 12583 3286 2123 12584 3285 2123 12585 3285 2126 12586 3288 2127 12587 3289 2125 12588 3287 2122 12589 3284 2124 12590 3286 2124 12591 3286 2127 12592 3289 2125 12593 3287 2122 12594 3284 2123 12595 3285 2124 12596 3286 2125 12597 3287 2127 12598 3289 2126 12599 3288 2132 12600 3294 2129 12601 3291 2128 12602 3290 2128 12603 3290 2131 12604 3293 2132 12605 3294 2133 12606 3295 2130 12607 3292 2129 12608 3291 2129 12609 3291 2132 12610 3294 2133 12611 3295 2131 12612 3293 2128 12613 3290 2130 12614 3292 2130 12615 3292 2133 12616 3295 2131 12617 3293 2128 12618 3290 2129 12619 3291 2130 12620 3292 2131 12621 3293 2133 12622 3295 2132 12623 3294 2138 12624 3300 2137 12625 3299 2134 12626 3296 2134 12627 3296 2135 12628 3297 2138 12629 3300 2139 12630 3301 2138 12631 3300 2135 12632 3297 2135 12633 3297 2136 12634 3298 2139 12635 3301 2137 12636 3299 2139 12637 3301 2136 12638 3298 2136 12639 3298 2134 12640 3296 2137 12641 3299 2134 12642 3296 2136 12643 3298 2135 12644 3297 2137 12645 3299 2138 12646 3300 2139 12647 3301 2144 12648 3306 2143 12649 3305 2140 12650 3302 2140 12651 3302 2141 12652 3303 2144 12653 3306 2145 12654 3307 2144 12655 3306 2141 12656 3303 2141 12657 3303 2142 12658 3304 2145 12659 3307 2143 12660 3305 2145 12661 3307 2142 12662 3304 2142 12663 3304 2140 12664 3302 2143 12665 3305 2140 12666 3302 2142 12667 3304 2141 12668 3303 2143 12669 3305 2144 12670 3306 2145 12671 3307 2150 12672 3312 2149 12673 3311 2146 12674 3308 2146 12675 3308 2147 12676 3309 2150 12677 3312 2151 12678 3313 2150 12679 3312 2147 12680 3309 2147 12681 3309 2148 12682 3310 2151 12683 3313 2149 12684 3311 2151 12685 3313 2148 12686 3310 2148 12687 3310 2146 12688 3308 2149 12689 3311 2146 12690 3308 2148 12691 3310 2147 12692 3309 2149 12693 3311 2150 12694 3312 2151 12695 3313 2156 12696 3318 2153 12697 3315 2152 12698 3314 2152 12699 3314 2155 12700 3317 2156 12701 3318 2157 12702 3319 2154 12703 3316 2153 12704 3315 2153 12705 3315 2156 12706 3318 2157 12707 3319 2155 12708 3317 2152 12709 3314 2154 12710 3316 2154 12711 3316 2157 12712 3319 2155 12713 3317 2152 12714 3314 2153 12715 3315 2154 12716 3316 2155 12717 3317 2157 12718 3319 2156 12719 3318 2162 12720 3324 2159 12721 3321 2158 12722 3320 2158 12723 3320 2161 12724 3323 2162 12725 3324 2163 12726 3325 2160 12727 3322 2159 12728 3321 2159 12729 3321 2162 12730 3324 2163 12731 3325 2161 12732 3323 2158 12733 3320 2160 12734 3322 2160 12735 3322 2163 12736 3325 2161 12737 3323 2158 12738 3320 2159 12739 3321 2160 12740 3322 2161 12741 3323 2163 12742 3325 2162 12743 3324 2168 12744 3330 2165 12745 3327 2164 12746 3326 2164 12747 3326 2167 12748 3329 2168 12749 3330 2169 12750 3331 2166 12751 3328 2165 12752 3327 2165 12753 3327 2168 12754 3330 2169 12755 3331 2167 12756 3329 2164 12757 3326 2166 12758 3328 2166 12759 3328 2169 12760 3331 2167 12761 3329 2164 12762 3326 2165 12763 3327 2166 12764 3328 2167 12765 3329 2169 12766 3331 2168 12767 3330 2174 12768 3336 2173 12769 3335 2170 12770 3332 2170 12771 3332 2171 12772 3333 2174 12773 3336 2175 12774 3337 2174 12775 3336 2171 12776 3333 2171 12777 3333 2172 12778 3334 2175 12779 3337 2173 12780 3335 2175 12781 3337 2172 12782 3334 2172 12783 3334 2170 12784 3332 2173 12785 3335 2170 12786 3332 2172 12787 3334 2171 12788 3333 2173 12789 3335 2174 12790 3336 2175 12791 3337 2180 12792 3342 2179 12793 3341 2176 12794 3338 2176 12795 3338 2177 12796 3339 2180 12797 3342 2181 12798 3343 2180 12799 3342 2177 12800 3339 2177 12801 3339 2178 12802 3340 2181 12803 3343 2179 12804 3341 2181 12805 3343 2178 12806 3340 2178 12807 3340 2176 12808 3338 2179 12809 3341 2176 12810 3338 2178 12811 3340 2177 12812 3339 2179 12813 3341 2180 12814 3342 2181 12815 3343 2186 12816 3348 2185 12817 3347 2182 12818 3344 2182 12819 3344 2183 12820 3345 2186 12821 3348 2187 12822 3349 2186 12823 3348 2183 12824 3345 2183 12825 3345 2184 12826 3346 2187 12827 3349 2185 12828 3347 2187 12829 3349 2184 12830 3346 2184 12831 3346 2182 12832 3344 2185 12833 3347 2182 12834 3344 2184 12835 3346 2183 12836 3345 2185 12837 3347 2186 12838 3348 2187 12839 3349</p>
        </triangles>
        <triangles count="1328" material="Black">
          <input semantic="VERTEX" offset="0" source="#TidalTurbine_Base-VERTEX"/>
          <input semantic="NORMAL" offset="1" source="#TidalTurbine_Base-Normal0"/>
          <input semantic="TEXCOORD" offset="2" set="0" source="#TidalTurbine_Base-UV0"/>
          <p> 1196 7080 1882 1200 7081 1887 1201 7082 1888 1196 7083 1882 1201 7084 1888 1327 7085 2052 1196 7086 1882 1327 7087 2052 1197 7088 1883 1202 7089 1889 1198 7090 1884 1326 7091 2050 1201 7092 1888 1202 7093 1889 1326 7094 2050 1327 7095 2052 1201 7096 1888 1326 7097 2050 1198 7098 1884 1202 7099 1889 1203 7100 1890 1203 7101 1890 1199 7102 1885 1198 7103 1884 1199 7104 1885 1203 7105 1890 1328 7106 1891 1328 7107 1891 1324 7108 1886 1199 7109 1885 1200 7110 1887 1204 7111 1892 1205 7112 1893 1205 7113 1893 1201 7114 1888 1200 7115 1887 1201 7116 1888 1205 7117 1893 1206 7118 1894 1206 7119 1894 1202 7120 1889 1201 7121 1888 1202 7122 1889 1206 7123 1894 1207 7124 1895 1207 7125 1895 1203 7126 1890 1202 7127 1889 1203 7128 1890 1207 7129 1895 1329 7130 1896 1329 7131 1896 1328 7132 1891 1203 7133 1890 1204 7134 1892 1208 7135 1897 1209 7136 1898 1209 7137 1898 1205 7138 1893 1204 7139 1892 1205 7140 1893 1209 7141 1898 1210 7142 1899 1210 7143 1899 1206 7144 1894 1205 7145 1893 1206 7146 1894 1210 7147 1899 1211 7148 1900 1211 7149 1900 1207 7150 1895 1206 7151 1894 1207 7152 1895 1211 7153 1900 1330 7154 1901 1330 7155 1901 1329 7156 1896 1207 7157 1895 1208 7158 1897 1212 7159 1902 1213 7160 1903 1213 7161 1903 1209 7162 1898 1208 7163 1897 1209 7164 1898 1213 7165 1903 1214 7166 1904 1214 7167 1904 1210 7168 1899 1209 7169 1898 1210 7170 1899 1214 7171 1904 1215 7172 1905 1215 7173 1905 1211 7174 1900 1210 7175 1899 1211 7176 1900 1215 7177 1905 1331 7178 1906 1331 7179 1906 1330 7180 1901 1211 7181 1900 1212 7182 1902 1216 7183 1907 1217 7184 1908 1217 7185 1908 1213 7186 1903 1212 7187 1902 1213 7188 1903 1217 7189 1908 1218 7190 1909 1218 7191 1909 1214 7192 1904 1213 7193 1903 1214 7194 1904 1218 7195 1909 1219 7196 1910 1219 7197 1910 1215 7198 1905 1214 7199 1904 1215 7200 1905 1219 7201 1910 1332 7202 1911 1332 7203 1911 1331 7204 1906 1215 7205 1905 1216 7206 1907 1220 7207 1912 1221 7208 1913 1221 7209 1913 1217 7210 1908 1216 7211 1907 1217 7212 1908 1221 7213 1913 1222 7214 1914 1222 7215 1914 1218 7216 1909 1217 7217 1908 1218 7218 1909 1222 7219 1914 1223 7220 1915 1223 7221 1915 1219 7222 1910 1218 7223 1909 1219 7224 1910 1223 7225 1915 1333 7226 1916 1333 7227 1916 1332 7228 1911 1219 7229 1910 1220 7230 1912 1224 7231 1917 1225 7232 1918 1225 7233 1918 1221 7234 1913 1220 7235 1912 1221 7236 1913 1225 7237 1918 1226 7238 1919 1226 7239 1919 1222 7240 1914 1221 7241 1913 1222 7242 1914 1226 7243 1919 1227 7244 1920 1227 7245 1920 1223 7246 1915 1222 7247 1914 1223 7248 1915 1227 7249 1920 1334 7250 1921 1334 7251 1921 1333 7252 1916 1223 7253 1915 1224 7254 1917 1228 7255 1922 1229 7256 1923 1229 7257 1923 1225 7258 1918 1224 7259 1917 1225 7260 1918 1229 7261 1923 1230 7262 1924 1230 7263 1924 1226 7264 1919 1225 7265 1918 1226 7266 1919 1230 7267 1924 1231 7268 1925 1231 7269 1925 1227 7270 1920 1226 7271 1919 1227 7272 1920 1231 7273 1925 1335 7274 1926 1335 7275 1926 1334 7276 1921 1227 7277 1920 1228 7278 1922 1232 7279 1927 1233 7280 1928 1233 7281 1928 1229 7282 1923 1228 7283 1922 1229 7284 1923 1233 7285 1928 1234 7286 1929 1234 7287 1929 1230 7288 1924 1229 7289 1923 1230 7290 1924 1234 7291 1929 1235 7292 1930 1235 7293 1930 1231 7294 1925 1230 7295 1924 1231 7296 1925 1235 7297 1930 1336 7298 1931 1336 7299 1931 1335 7300 1926 1231 7301 1925 1232 7302 1927 1236 7303 1932 1237 7304 1933 1237 7305 1933 1233 7306 1928 1232 7307 1927 1233 7308 1928 1237 7309 1933 1238 7310 1934 1238 7311 1934 1234 7312 1929 1233 7313 1928 1234 7314 1929 1238 7315 1934 1239 7316 1935 1239 7317 1935 1235 7318 1930 1234 7319 1929 1235 7320 1930 1239 7321 1935 1337 7322 1936 1337 7323 1936 1336 7324 1931 1235 7325 1930 1236 7326 1932 1240 7327 1937 1241 7328 1938 1241 7329 1938 1237 7330 1933 1236 7331 1932 1237 7332 1933 1241 7333 1938 1242 7334 1939 1242 7335 1939 1238 7336 1934 1237 7337 1933 1238 7338 1934 1242 7339 1939 1243 7340 1940 1243 7341 1940 1239 7342 1935 1238 7343 1934 1239 7344 1935 1243 7345 1940 1338 7346 1941 1338 7347 1941 1337 7348 1936 1239 7349 1935 1240 7350 1937 1244 7351 1942 1245 7352 1943 1245 7353 1943 1241 7354 1938 1240 7355 1937 1241 7356 1938 1245 7357 1943 1246 7358 1944 1246 7359 1944 1242 7360 1939 1241 7361 1938 1242 7362 1939 1246 7363 1944 1247 7364 1945 1247 7365 1945 1243 7366 1940 1242 7367 1939 1243 7368 1940 1247 7369 1945 1339 7370 1946 1339 7371 1946 1338 7372 1941 1243 7373 1940 1244 7374 1942 1248 7375 1947 1249 7376 1948 1249 7377 1948 1245 7378 1943 1244 7379 1942 1245 7380 1943 1249 7381 1948 1250 7382 1949 1250 7383 1949 1246 7384 1944 1245 7385 1943 1246 7386 1944 1250 7387 1949 1251 7388 1950 1251 7389 1950 1247 7390 1945 1246 7391 1944 1247 7392 1945 1251 7393 1950 1340 7394 1951 1340 7395 1951 1339 7396 1946 1247 7397 1945 1248 7398 1947 1252 7399 1952 1253 7400 1953 1253 7401 1953 1249 7402 1948 1248 7403 1947 1249 7404 1948 1253 7405 1953 1254 7406 1954 1254 7407 1954 1250 7408 1949 1249 7409 1948 1250 7410 1949 1254 7411 1954 1255 7412 1955 1255 7413 1955 1251 7414 1950 1250 7415 1949 1251 7416 1950 1255 7417 1955 1341 7418 1956 1341 7419 1956 1340 7420 1951 1251 7421 1950 1252 7422 1952 1256 7423 1957 1257 7424 1958 1257 7425 1958 1253 7426 1953 1252 7427 1952 1253 7428 1953 1257 7429 1958 1258 7430 1959 1258 7431 1959 1254 7432 1954 1253 7433 1953 1254 7434 1954 1258 7435 1959 1259 7436 1960 1259 7437 1960 1255 7438 1955 1254 7439 1954 1255 7440 1955 1259 7441 1960 1342 7442 1961 1342 7443 1961 1341 7444 1956 1255 7445 1955 1256 7446 1957 1260 7447 1962 1261 7448 1963 1261 7449 1963 1257 7450 1958 1256 7451 1957 1257 7452 1958 1261 7453 1963 1262 7454 1964 1262 7455 1964 1258 7456 1959 1257 7457 1958 1258 7458 1959 1262 7459 1964 1263 7460 1965 1263 7461 1965 1259 7462 1960 1258 7463 1959 1259 7464 1960 1263 7465 1965 1343 7466 1966 1343 7467 1966 1342 7468 1961 1259 7469 1960 1260 7470 1962 1264 7471 1967 1265 7472 1968 1265 7473 1968 1261 7474 1963 1260 7475 1962 1261 7476 1963 1265 7477 1968 1266 7478 1969 1266 7479 1969 1262 7480 1964 1261 7481 1963 1262 7482 1964 1266 7483 1969 1267 7484 1970 1267 7485 1970 1263 7486 1965 1262 7487 1964 1263 7488 1965 1267 7489 1970 1344 7490 1971 1344 7491 1971 1343 7492 1966 1263 7493 1965 1264 7494 1967 1268 7495 1972 1269 7496 1973 1269 7497 1973 1265 7498 1968 1264 7499 1967 1265 7500 1968 1269 7501 1973 1270 7502 1974 1270 7503 1974 1266 7504 1969 1265 7505 1968 1266 7506 1969 1270 7507 1974 1271 7508 1975 1271 7509 1975 1267 7510 1970 1266 7511 1969 1267 7512 1970 1271 7513 1975 1345 7514 1976 1345 7515 1976 1344 7516 1971 1267 7517 1970 1268 7518 1972 1272 7519 1977 1273 7520 1978 1273 7521 1978 1269 7522 1973 1268 7523 1972 1269 7524 1973 1273 7525 1978 1274 7526 1979 1274 7527 1979 1270 7528 1974 1269 7529 1973 1270 7530 1974 1274 7531 1979 1275 7532 1980 1275 7533 1980 1271 7534 1975 1270 7535 1974 1271 7536 1975 1275 7537 1980 1346 7538 1981 1346 7539 1981 1345 7540 1976 1271 7541 1975 1272 7542 1977 1276 7543 1982 1277 7544 1983 1277 7545 1983 1273 7546 1978 1272 7547 1977 1273 7548 1978 1277 7549 1983 1278 7550 1984 1278 7551 1984 1274 7552 1979 1273 7553 1978 1274 7554 1979 1278 7555 1984 1279 7556 1985 1279 7557 1985 1275 7558 1980 1274 7559 1979 1275 7560 1980 1279 7561 1985 1347 7562 1986 1347 7563 1986 1346 7564 1981 1275 7565 1980 1276 7566 1982 1280 7567 1987 1281 7568 1988 1281 7569 1988 1277 7570 1983 1276 7571 1982 1277 7572 1983 1281 7573 1988 1282 7574 1989 1282 7575 1989 1278 7576 1984 1277 7577 1983 1278 7578 1984 1282 7579 1989 1283 7580 1990 1283 7581 1990 1279 7582 1985 1278 7583 1984 1279 7584 1985 1283 7585 1990 1348 7586 1991 1348 7587 1991 1347 7588 1986 1279 7589 1985 1280 7590 1987 1284 7591 1992 1285 7592 1993 1285 7593 1993 1281 7594 1988 1280 7595 1987 1281 7596 1988 1285 7597 1993 1286 7598 1994 1286 7599 1994 1282 7600 1989 1281 7601 1988 1282 7602 1989 1286 7603 1994 1287 7604 1995 1287 7605 1995 1283 7606 1990 1282 7607 1989 1283 7608 1990 1287 7609 1995 1349 7610 1996 1349 7611 1996 1348 7612 1991 1283 7613 1990 1284 7614 1992 1288 7615 1997 1289 7616 1998 1289 7617 1998 1285 7618 1993 1284 7619 1992 1285 7620 1993 1289 7621 1998 1290 7622 1999 1290 7623 1999 1286 7624 1994 1285 7625 1993 1286 7626 1994 1290 7627 1999 1291 7628 2000 1291 7629 2000 1287 7630 1995 1286 7631 1994 1287 7632 1995 1291 7633 2000 1350 7634 2001 1350 7635 2001 1349 7636 1996 1287 7637 1995 1288 7638 1997 1292 7639 2002 1293 7640 2003 1293 7641 2003 1289 7642 1998 1288 7643 1997 1289 7644 1998 1293 7645 2003 1294 7646 2004 1294 7647 2004 1290 7648 1999 1289 7649 1998 1290 7650 1999 1294 7651 2004 1295 7652 2005 1295 7653 2005 1291 7654 2000 1290 7655 1999 1291 7656 2000 1295 7657 2005 1351 7658 2006 1351 7659 2006 1350 7660 2001 1291 7661 2000 1292 7662 2002 1296 7663 2007 1297 7664 2008 1297 7665 2008 1293 7666 2003 1292 7667 2002 1293 7668 2003 1297 7669 2008 1298 7670 2009 1298 7671 2009 1294 7672 2004 1293 7673 2003 1294 7674 2004 1298 7675 2009 1299 7676 2010 1299 7677 2010 1295 7678 2005 1294 7679 2004 1295 7680 2005 1299 7681 2010 1352 7682 2011 1352 7683 2011 1351 7684 2006 1295 7685 2005 1296 7686 2007 1300 7687 2012 1301 7688 2013 1301 7689 2013 1297 7690 2008 1296 7691 2007 1297 7692 2008 1301 7693 2013 1302 7694 2014 1302 7695 2014 1298 7696 2009 1297 7697 2008 1298 7698 2009 1302 7699 2014 1303 7700 2015 1303 7701 2015 1299 7702 2010 1298 7703 2009 1299 7704 2010 1303 7705 2015 1353 7706 2016 1353 7707 2016 1352 7708 2011 1299 7709 2010 1300 7710 2012 1304 7711 2017 1305 7712 2018 1305 7713 2018 1301 7714 2013 1300 7715 2012 1301 7716 2013 1305 7717 2018 1306 7718 2019 1306 7719 2019 1302 7720 2014 1301 7721 2013 1302 7722 2014 1306 7723 2019 1307 7724 2020 1307 7725 2020 1303 7726 2015 1302 7727 2014 1303 7728 2015 1307 7729 2020 1354 7730 2021 1354 7731 2021 1353 7732 2016 1303 7733 2015 1304 7734 2017 1308 7735 2022 1309 7736 2023 1309 7737 2023 1305 7738 2018 1304 7739 2017 1305 7740 2018 1309 7741 2023 1310 7742 2024 1310 7743 2024 1306 7744 2019 1305 7745 2018 1306 7746 2019 1310 7747 2024 1311 7748 2025 1311 7749 2025 1307 7750 2020 1306 7751 2019 1307 7752 2020 1311 7753 2025 1355 7754 2026 1355 7755 2026 1354 7756 2021 1307 7757 2020 1308 7758 2022 1312 7759 2027 1313 7760 2028 1313 7761 2028 1309 7762 2023 1308 7763 2022 1309 7764 2023 1313 7765 2028 1314 7766 2029 1314 7767 2029 1310 7768 2024 1309 7769 2023 1310 7770 2024 1314 7771 2029 1315 7772 2030 1315 7773 2030 1311 7774 2025 1310 7775 2024 1311 7776 2025 1315 7777 2030 1356 7778 2031 1356 7779 2031 1355 7780 2026 1311 7781 2025 1312 7782 2027 1316 7783 2032 1317 7784 2033 1317 7785 2033 1313 7786 2028 1312 7787 2027 1313 7788 2028 1317 7789 2033 1318 7790 2034 1318 7791 2034 1314 7792 2029 1313 7793 2028 1314 7794 2029 1318 7795 2034 1319 7796 2035 1319 7797 2035 1315 7798 2030 1314 7799 2029 1315 7800 2030 1319 7801 2035 1357 7802 2036 1357 7803 2036 1356 7804 2031 1315 7805 2030 1316 7806 2032 1359 7807 2054 1321 7808 2038 1321 7809 2038 1360 7810 2056 1317 7811 2033 1316 7812 2032 1321 7813 2038 1317 7814 2033 1360 7815 2056 1361 7816 2057 1322 7817 2039 1317 7818 2033 1360 7819 2056 1322 7820 2039 1317 7821 2033 1322 7822 2039 1318 7823 2034 1318 7824 2034 1322 7825 2039 1323 7826 2040 1323 7827 2040 1319 7828 2035 1318 7829 2034 1319 7830 2035 1323 7831 2040 1358 7832 2053 1358 7833 2053 1357 7834 2036 1319 7835 2035 1325 7836 2047 1196 7837 2042 1197 7838 2043 1197 7839 2043 1321 7840 2038 1359 7841 2054 1325 7842 2047 1197 7843 2043 1359 7844 2054 1320 7845 2037 1325 7846 2047 1359 7847 2054 1361 7848 2057 1326 7849 2051 1198 7850 2044 1198 7851 2044 1322 7852 2039 1361 7853 2057 1322 7854 2039 1198 7855 2044 1199 7856 2045 1199 7857 2045 1323 7858 2040 1322 7859 2039 1323 7860 2040 1199 7861 2045 1324 7862 2046 1324 7863 2046 1325 7864 2048 1320 7865 2041 1323 7866 2040 1324 7867 2046 1320 7868 2041 1323 7869 2040 1320 7870 2041 1358 7871 2053 1196 7872 2049 1325 7873 2048 1324 7874 2046 1197 7875 1883 1327 7876 2052 1326 7877 2050 1320 7878 2041 1359 7879 2055 1358 7880 2053 1321 7881 2038 1361 7882 2057 1360 7883 2056 1200 7884 2058 1196 7885 2059 1324 7886 1886 1324 7887 1886 1328 7888 1891 1200 7889 2058 1204 7890 2060 1200 7891 2061 1328 7892 1891 1328 7893 1891 1329 7894 1896 1204 7895 2060 1208 7896 2062 1204 7897 2063 1329 7898 1896 1329 7899 1896 1330 7900 1901 1208 7901 2062 1212 7902 2064 1208 7903 2065 1330 7904 1901 1330 7905 1901 1331 7906 1906 1212 7907 2064 1216 7908 2066 1212 7909 2067 1331 7910 1906 1331 7911 1906 1332 7912 1911 1216 7913 2066 1220 7914 2068 1216 7915 2069 1332 7916 1911 1332 7917 1911 1333 7918 1916 1220 7919 2068 1224 7920 2070 1220 7921 2071 1333 7922 1916 1333 7923 1916 1334 7924 1921 1224 7925 2070 1228 7926 2072 1224 7927 2073 1334 7928 1921 1334 7929 1921 1335 7930 1926 1228 7931 2072 1232 7932 2074 1228 7933 2075 1335 7934 1926 1335 7935 1926 1336 7936 1931 1232 7937 2074 1236 7938 2076 1232 7939 2077 1336 7940 1931 1336 7941 1931 1337 7942 1936 1236 7943 2076 1240 7944 2078 1236 7945 2079 1337 7946 1936 1337 7947 1936 1338 7948 1941 1240 7949 2078 1244 7950 2080 1240 7951 2081 1338 7952 1941 1338 7953 1941 1339 7954 1946 1244 7955 2080 1248 7956 2082 1244 7957 2083 1339 7958 1946 1339 7959 1946 1340 7960 1951 1248 7961 2082 1252 7962 2084 1248 7963 2085 1340 7964 1951 1340 7965 1951 1341 7966 1956 1252 7967 2084 1256 7968 2086 1252 7969 2087 1341 7970 1956 1341 7971 1956 1342 7972 1961 1256 7973 2086 1260 7974 2088 1256 7975 2089 1342 7976 1961 1342 7977 1961 1343 7978 1966 1260 7979 2088 1264 7980 2090 1260 7981 2091 1343 7982 1966 1343 7983 1966 1344 7984 1971 1264 7985 2090 1268 7986 2092 1264 7987 2093 1344 7988 1971 1344 7989 1971 1345 7990 1976 1268 7991 2092 1272 7992 2094 1268 7993 2095 1345 7994 1976 1345 7995 1976 1346 7996 1981 1272 7997 2094 1276 7998 2096 1272 7999 2097 1346 8000 1981 1346 8001 1981 1347 8002 1986 1276 8003 2096 1280 8004 2098 1276 8005 2099 1347 8006 1986 1347 8007 1986 1348 8008 1991 1280 8009 2098 1284 8010 2100 1280 8011 2101 1348 8012 1991 1348 8013 1991 1349 8014 1996 1284 8015 2100 1288 8016 2102 1284 8017 2103 1349 8018 1996 1349 8019 1996 1350 8020 2001 1288 8021 2102 1292 8022 2104 1288 8023 2105 1350 8024 2001 1350 8025 2001 1351 8026 2006 1292 8027 2104 1296 8028 2106 1292 8029 2107 1351 8030 2006 1351 8031 2006 1352 8032 2011 1296 8033 2106 1300 8034 2108 1296 8035 2109 1352 8036 2011 1352 8037 2011 1353 8038 2016 1300 8039 2108 1304 8040 2110 1300 8041 2111 1353 8042 2016 1353 8043 2016 1354 8044 2021 1304 8045 2110 1308 8046 2112 1304 8047 2113 1354 8048 2021 1354 8049 2021 1355 8050 2026 1308 8051 2112 1312 8052 2114 1308 8053 2115 1355 8054 2026 1355 8055 2026 1356 8056 2031 1312 8057 2114 1316 8058 2116 1312 8059 2117 1356 8060 2031 1356 8061 2031 1357 8062 2036 1316 8063 2116 1359 8064 2118 1316 8065 2119 1357 8066 2036 1357 8067 2036 1358 8068 2053 1359 8069 2118 1321 8070 2038 1197 8071 2043 1326 8072 2051 1326 8073 2051 1361 8074 2057 1321 8075 2038 1362 8076 2120 1363 8077 2121 1493 8078 2290 1362 8079 2120 1493 8080 2290 1367 8081 2126 1362 8082 2120 1367 8083 2126 1366 8084 2125 1492 8085 2288 1364 8086 2122 1368 8087 2127 1492 8088 2288 1368 8089 2127 1367 8090 2126 1493 8091 2290 1492 8092 2288 1367 8093 2126 1364 8094 2122 1365 8095 2123 1369 8096 2128 1369 8097 2128 1368 8098 2127 1364 8099 2122 1365 8100 2123 1490 8101 2124 1494 8102 2129 1494 8103 2129 1369 8104 2128 1365 8105 2123 1366 8106 2125 1367 8107 2126 1371 8108 2131 1371 8109 2131 1370 8110 2130 1366 8111 2125 1367 8112 2126 1368 8113 2127 1372 8114 2132 1372 8115 2132 1371 8116 2131 1367 8117 2126 1368 8118 2127 1369 8119 2128 1373 8120 2133 1373 8121 2133 1372 8122 2132 1368 8123 2127 1369 8124 2128 1494 8125 2129 1495 8126 2134 1495 8127 2134 1373 8128 2133 1369 8129 2128 1370 8130 2130 1371 8131 2131 1375 8132 2136 1375 8133 2136 1374 8134 2135 1370 8135 2130 1371 8136 2131 1372 8137 2132 1376 8138 2137 1376 8139 2137 1375 8140 2136 1371 8141 2131 1372 8142 2132 1373 8143 2133 1377 8144 2138 1377 8145 2138 1376 8146 2137 1372 8147 2132 1373 8148 2133 1495 8149 2134 1496 8150 2139 1496 8151 2139 1377 8152 2138 1373 8153 2133 1374 8154 2135 1375 8155 2136 1379 8156 2141 1379 8157 2141 1378 8158 2140 1374 8159 2135 1375 8160 2136 1376 8161 2137 1380 8162 2142 1380 8163 2142 1379 8164 2141 1375 8165 2136 1376 8166 2137 1377 8167 2138 1381 8168 2143 1381 8169 2143 1380 8170 2142 1376 8171 2137 1377 8172 2138 1496 8173 2139 1497 8174 2144 1497 8175 2144 1381 8176 2143 1377 8177 2138 1378 8178 2140 1379 8179 2141 1383 8180 2146 1383 8181 2146 1382 8182 2145 1378 8183 2140 1379 8184 2141 1380 8185 2142 1384 8186 2147 1384 8187 2147 1383 8188 2146 1379 8189 2141 1380 8190 2142 1381 8191 2143 1385 8192 2148 1385 8193 2148 1384 8194 2147 1380 8195 2142 1381 8196 2143 1497 8197 2144 1498 8198 2149 1498 8199 2149 1385 8200 2148 1381 8201 2143 1382 8202 2145 1383 8203 2146 1387 8204 2151 1387 8205 2151 1386 8206 2150 1382 8207 2145 1383 8208 2146 1384 8209 2147 1388 8210 2152 1388 8211 2152 1387 8212 2151 1383 8213 2146 1384 8214 2147 1385 8215 2148 1389 8216 2153 1389 8217 2153 1388 8218 2152 1384 8219 2147 1385 8220 2148 1498 8221 2149 1499 8222 2154 1499 8223 2154 1389 8224 2153 1385 8225 2148 1386 8226 2150 1387 8227 2151 1391 8228 2156 1391 8229 2156 1390 8230 2155 1386 8231 2150 1387 8232 2151 1388 8233 2152 1392 8234 2157 1392 8235 2157 1391 8236 2156 1387 8237 2151 1388 8238 2152 1389 8239 2153 1393 8240 2158 1393 8241 2158 1392 8242 2157 1388 8243 2152 1389 8244 2153 1499 8245 2154 1500 8246 2159 1500 8247 2159 1393 8248 2158 1389 8249 2153 1390 8250 2155 1391 8251 2156 1395 8252 2161 1395 8253 2161 1394 8254 2160 1390 8255 2155 1391 8256 2156 1392 8257 2157 1396 8258 2162 1396 8259 2162 1395 8260 2161 1391 8261 2156 1392 8262 2157 1393 8263 2158 1397 8264 2163 1397 8265 2163 1396 8266 2162 1392 8267 2157 1393 8268 2158 1500 8269 2159 1501 8270 2164 1501 8271 2164 1397 8272 2163 1393 8273 2158 1394 8274 2160 1395 8275 2161 1399 8276 2166 1399 8277 2166 1398 8278 2165 1394 8279 2160 1395 8280 2161 1396 8281 2162 1400 8282 2167 1400 8283 2167 1399 8284 2166 1395 8285 2161 1396 8286 2162 1397 8287 2163 1401 8288 2168 1401 8289 2168 1400 8290 2167 1396 8291 2162 1397 8292 2163 1501 8293 2164 1502 8294 2169 1502 8295 2169 1401 8296 2168 1397 8297 2163 1398 8298 2165 1399 8299 2166 1403 8300 2171 1403 8301 2171 1402 8302 2170 1398 8303 2165 1399 8304 2166 1400 8305 2167 1404 8306 2172 1404 8307 2172 1403 8308 2171 1399 8309 2166 1400 8310 2167 1401 8311 2168 1405 8312 2173 1405 8313 2173 1404 8314 2172 1400 8315 2167 1401 8316 2168 1502 8317 2169 1503 8318 2174 1503 8319 2174 1405 8320 2173 1401 8321 2168 1402 8322 2170 1403 8323 2171 1407 8324 2176 1407 8325 2176 1406 8326 2175 1402 8327 2170 1403 8328 2171 1404 8329 2172 1408 8330 2177 1408 8331 2177 1407 8332 2176 1403 8333 2171 1404 8334 2172 1405 8335 2173 1409 8336 2178 1409 8337 2178 1408 8338 2177 1404 8339 2172 1405 8340 2173 1503 8341 2174 1504 8342 2179 1504 8343 2179 1409 8344 2178 1405 8345 2173 1406 8346 2175 1407 8347 2176 1411 8348 2181 1411 8349 2181 1410 8350 2180 1406 8351 2175 1407 8352 2176 1408 8353 2177 1412 8354 2182 1412 8355 2182 1411 8356 2181 1407 8357 2176 1408 8358 2177 1409 8359 2178 1413 8360 2183 1413 8361 2183 1412 8362 2182 1408 8363 2177 1409 8364 2178 1504 8365 2179 1505 8366 2184 1505 8367 2184 1413 8368 2183 1409 8369 2178 1410 8370 2180 1411 8371 2181 1415 8372 2186 1415 8373 2186 1414 8374 2185 1410 8375 2180 1411 8376 2181 1412 8377 2182 1416 8378 2187 1416 8379 2187 1415 8380 2186 1411 8381 2181 1412 8382 2182 1413 8383 2183 1417 8384 2188 1417 8385 2188 1416 8386 2187 1412 8387 2182 1413 8388 2183 1505 8389 2184 1506 8390 2189 1506 8391 2189 1417 8392 2188 1413 8393 2183 1414 8394 2185 1415 8395 2186 1419 8396 2191 1419 8397 2191 1418 8398 2190 1414 8399 2185 1415 8400 2186 1416 8401 2187 1420 8402 2192 1420 8403 2192 1419 8404 2191 1415 8405 2186 1416 8406 2187 1417 8407 2188 1421 8408 2193 1421 8409 2193 1420 8410 2192 1416 8411 2187 1417 8412 2188 1506 8413 2189 1507 8414 2194 1507 8415 2194 1421 8416 2193 1417 8417 2188 1418 8418 2190 1419 8419 2191 1423 8420 2196 1423 8421 2196 1422 8422 2195 1418 8423 2190 1419 8424 2191 1420 8425 2192 1424 8426 2197 1424 8427 2197 1423 8428 2196 1419 8429 2191 1420 8430 2192 1421 8431 2193 1425 8432 2198 1425 8433 2198 1424 8434 2197 1420 8435 2192 1421 8436 2193 1507 8437 2194 1508 8438 2199 1508 8439 2199 1425 8440 2198 1421 8441 2193 1422 8442 2195 1423 8443 2196 1427 8444 2201 1427 8445 2201 1426 8446 2200 1422 8447 2195 1423 8448 2196 1424 8449 2197 1428 8450 2202 1428 8451 2202 1427 8452 2201 1423 8453 2196 1424 8454 2197 1425 8455 2198 1429 8456 2203 1429 8457 2203 1428 8458 2202 1424 8459 2197 1425 8460 2198 1508 8461 2199 1509 8462 2204 1509 8463 2204 1429 8464 2203 1425 8465 2198 1426 8466 2200 1427 8467 2201 1431 8468 2206 1431 8469 2206 1430 8470 2205 1426 8471 2200 1427 8472 2201 1428 8473 2202 1432 8474 2207 1432 8475 2207 1431 8476 2206 1427 8477 2201 1428 8478 2202 1429 8479 2203 1433 8480 2208 1433 8481 2208 1432 8482 2207 1428 8483 2202 1429 8484 2203 1509 8485 2204 1510 8486 2209 1510 8487 2209 1433 8488 2208 1429 8489 2203 1430 8490 2205 1431 8491 2206 1435 8492 2211 1435 8493 2211 1434 8494 2210 1430 8495 2205 1431 8496 2206 1432 8497 2207 1436 8498 2212 1436 8499 2212 1435 8500 2211 1431 8501 2206 1432 8502 2207 1433 8503 2208 1437 8504 2213 1437 8505 2213 1436 8506 2212 1432 8507 2207 1433 8508 2208 1510 8509 2209 1511 8510 2214 1511 8511 2214 1437 8512 2213 1433 8513 2208 1434 8514 2210 1435 8515 2211 1439 8516 2216 1439 8517 2216 1438 8518 2215 1434 8519 2210 1435 8520 2211 1436 8521 2212 1440 8522 2217 1440 8523 2217 1439 8524 2216 1435 8525 2211 1436 8526 2212 1437 8527 2213 1441 8528 2218 1441 8529 2218 1440 8530 2217 1436 8531 2212 1437 8532 2213 1511 8533 2214 1512 8534 2219 1512 8535 2219 1441 8536 2218 1437 8537 2213 1438 8538 2215 1439 8539 2216 1443 8540 2221 1443 8541 2221 1442 8542 2220 1438 8543 2215 1439 8544 2216 1440 8545 2217 1444 8546 2222 1444 8547 2222 1443 8548 2221 1439 8549 2216 1440 8550 2217 1441 8551 2218 1445 8552 2223 1445 8553 2223 1444 8554 2222 1440 8555 2217 1441 8556 2218 1512 8557 2219 1513 8558 2224 1513 8559 2224 1445 8560 2223 1441 8561 2218 1442 8562 2220 1443 8563 2221 1447 8564 2226 1447 8565 2226 1446 8566 2225 1442 8567 2220 1443 8568 2221 1444 8569 2222 1448 8570 2227 1448 8571 2227 1447 8572 2226 1443 8573 2221 1444 8574 2222 1445 8575 2223 1449 8576 2228 1449 8577 2228 1448 8578 2227 1444 8579 2222 1445 8580 2223 1513 8581 2224 1514 8582 2229 1514 8583 2229 1449 8584 2228 1445 8585 2223 1446 8586 2225 1447 8587 2226 1451 8588 2231 1451 8589 2231 1450 8590 2230 1446 8591 2225 1447 8592 2226 1448 8593 2227 1452 8594 2232 1452 8595 2232 1451 8596 2231 1447 8597 2226 1448 8598 2227 1449 8599 2228 1453 8600 2233 1453 8601 2233 1452 8602 2232 1448 8603 2227 1449 8604 2228 1514 8605 2229 1515 8606 2234 1515 8607 2234 1453 8608 2233 1449 8609 2228 1450 8610 2230 1451 8611 2231 1455 8612 2236 1455 8613 2236 1454 8614 2235 1450 8615 2230 1451 8616 2231 1452 8617 2232 1456 8618 2237 1456 8619 2237 1455 8620 2236 1451 8621 2231 1452 8622 2232 1453 8623 2233 1457 8624 2238 1457 8625 2238 1456 8626 2237 1452 8627 2232 1453 8628 2233 1515 8629 2234 1516 8630 2239 1516 8631 2239 1457 8632 2238 1453 8633 2233 1454 8634 2235 1455 8635 2236 1459 8636 2241 1459 8637 2241 1458 8638 2240 1454 8639 2235 1455 8640 2236 1456 8641 2237 1460 8642 2242 1460 8643 2242 1459 8644 2241 1455 8645 2236 1456 8646 2237 1457 8647 2238 1461 8648 2243 1461 8649 2243 1460 8650 2242 1456 8651 2237 1457 8652 2238 1516 8653 2239 1517 8654 2244 1517 8655 2244 1461 8656 2243 1457 8657 2238 1458 8658 2240 1459 8659 2241 1463 8660 2246 1463 8661 2246 1462 8662 2245 1458 8663 2240 1459 8664 2241 1460 8665 2242 1464 8666 2247 1464 8667 2247 1463 8668 2246 1459 8669 2241 1460 8670 2242 1461 8671 2243 1465 8672 2248 1465 8673 2248 1464 8674 2247 1460 8675 2242 1461 8676 2243 1517 8677 2244 1518 8678 2249 1518 8679 2249 1465 8680 2248 1461 8681 2243 1462 8682 2245 1463 8683 2246 1467 8684 2251 1467 8685 2251 1466 8686 2250 1462 8687 2245 1463 8688 2246 1464 8689 2247 1468 8690 2252 1468 8691 2252 1467 8692 2251 1463 8693 2246 1464 8694 2247 1465 8695 2248 1469 8696 2253 1469 8697 2253 1468 8698 2252 1464 8699 2247 1465 8700 2248 1518 8701 2249 1519 8702 2254 1519 8703 2254 1469 8704 2253 1465 8705 2248 1466 8706 2250 1467 8707 2251 1471 8708 2256 1471 8709 2256 1470 8710 2255 1466 8711 2250 1467 8712 2251 1468 8713 2252 1472 8714 2257 1472 8715 2257 1471 8716 2256 1467 8717 2251 1468 8718 2252 1469 8719 2253 1473 8720 2258 1473 8721 2258 1472 8722 2257 1468 8723 2252 1469 8724 2253 1519 8725 2254 1520 8726 2259 1520 8727 2259 1473 8728 2258 1469 8729 2253 1470 8730 2255 1471 8731 2256 1475 8732 2261 1475 8733 2261 1474 8734 2260 1470 8735 2255 1471 8736 2256 1472 8737 2257 1476 8738 2262 1476 8739 2262 1475 8740 2261 1471 8741 2256 1472 8742 2257 1473 8743 2258 1477 8744 2263 1477 8745 2263 1476 8746 2262 1472 8747 2257 1473 8748 2258 1520 8749 2259 1521 8750 2264 1521 8751 2264 1477 8752 2263 1473 8753 2258 1474 8754 2260 1475 8755 2261 1479 8756 2266 1479 8757 2266 1478 8758 2265 1474 8759 2260 1475 8760 2261 1476 8761 2262 1480 8762 2267 1480 8763 2267 1479 8764 2266 1475 8765 2261 1476 8766 2262 1477 8767 2263 1481 8768 2268 1481 8769 2268 1480 8770 2267 1476 8771 2262 1477 8772 2263 1521 8773 2264 1522 8774 2269 1522 8775 2269 1481 8776 2268 1477 8777 2263 1478 8778 2265 1479 8779 2266 1483 8780 2271 1483 8781 2271 1482 8782 2270 1478 8783 2265 1479 8784 2266 1480 8785 2267 1484 8786 2272 1484 8787 2272 1483 8788 2271 1479 8789 2266 1480 8790 2267 1481 8791 2268 1485 8792 2273 1485 8793 2273 1484 8794 2272 1480 8795 2267 1481 8796 2268 1522 8797 2269 1523 8798 2274 1523 8799 2274 1485 8800 2273 1481 8801 2268 1483 8802 2271 1526 8803 2294 1487 8804 2276 1482 8805 2270 1483 8806 2271 1487 8807 2276 1482 8808 2270 1487 8809 2276 1525 8810 2292 1483 8811 2271 1484 8812 2272 1488 8813 2277 1488 8814 2277 1527 8815 2295 1526 8816 2294 1483 8817 2271 1488 8818 2277 1526 8819 2294 1484 8820 2272 1485 8821 2273 1489 8822 2278 1489 8823 2278 1488 8824 2277 1484 8825 2272 1485 8826 2273 1523 8827 2274 1524 8828 2291 1524 8829 2291 1489 8830 2278 1485 8831 2273 1525 8832 2292 1487 8833 2276 1363 8834 2281 1363 8835 2281 1362 8836 2280 1491 8837 2285 1525 8838 2292 1363 8839 2281 1491 8840 2285 1486 8841 2275 1525 8842 2292 1491 8843 2285 1527 8844 2295 1488 8845 2277 1364 8846 2282 1364 8847 2282 1492 8848 2289 1527 8849 2295 1488 8850 2277 1489 8851 2278 1365 8852 2283 1365 8853 2283 1364 8854 2282 1488 8855 2277 1489 8856 2278 1524 8857 2291 1486 8858 2279 1486 8859 2279 1491 8860 2286 1490 8861 2284 1489 8862 2278 1486 8863 2279 1490 8864 2284 1489 8865 2278 1490 8866 2284 1365 8867 2283 1362 8868 2287 1490 8869 2284 1491 8870 2286 1363 8871 2121 1492 8872 2288 1493 8873 2290 1486 8874 2279 1524 8875 2291 1525 8876 2293 1487 8877 2276 1526 8878 2294 1527 8879 2295 1366 8880 2296 1494 8881 2129 1490 8882 2124 1490 8883 2124 1362 8884 2297 1366 8885 2296 1370 8886 2298 1495 8887 2134 1494 8888 2129 1494 8889 2129 1366 8890 2299 1370 8891 2298 1374 8892 2300 1496 8893 2139 1495 8894 2134 1495 8895 2134 1370 8896 2301 1374 8897 2300 1378 8898 2302 1497 8899 2144 1496 8900 2139 1496 8901 2139 1374 8902 2303 1378 8903 2302 1382 8904 2304 1498 8905 2149 1497 8906 2144 1497 8907 2144 1378 8908 2305 1382 8909 2304 1386 8910 2306 1499 8911 2154 1498 8912 2149 1498 8913 2149 1382 8914 2307 1386 8915 2306 1390 8916 2308 1500 8917 2159 1499 8918 2154 1499 8919 2154 1386 8920 2309 1390 8921 2308 1394 8922 2310 1501 8923 2164 1500 8924 2159 1500 8925 2159 1390 8926 2311 1394 8927 2310 1398 8928 2312 1502 8929 2169 1501 8930 2164 1501 8931 2164 1394 8932 2313 1398 8933 2312 1402 8934 2314 1503 8935 2174 1502 8936 2169 1502 8937 2169 1398 8938 2315 1402 8939 2314 1406 8940 2316 1504 8941 2179 1503 8942 2174 1503 8943 2174 1402 8944 2317 1406 8945 2316 1410 8946 2318 1505 8947 2184 1504 8948 2179 1504 8949 2179 1406 8950 2319 1410 8951 2318 1414 8952 2320 1506 8953 2189 1505 8954 2184 1505 8955 2184 1410 8956 2321 1414 8957 2320 1418 8958 2322 1507 8959 2194 1506 8960 2189 1506 8961 2189 1414 8962 2323 1418 8963 2322 1422 8964 2324 1508 8965 2199 1507 8966 2194 1507 8967 2194 1418 8968 2325 1422 8969 2324 1426 8970 2326 1509 8971 2204 1508 8972 2199 1508 8973 2199 1422 8974 2327 1426 8975 2326 1430 8976 2328 1510 8977 2209 1509 8978 2204 1509 8979 2204 1426 8980 2329 1430 8981 2328 1434 8982 2330 1511 8983 2214 1510 8984 2209 1510 8985 2209 1430 8986 2331 1434 8987 2330 1438 8988 2332 1512 8989 2219 1511 8990 2214 1511 8991 2214 1434 8992 2333 1438 8993 2332 1442 8994 2334 1513 8995 2224 1512 8996 2219 1512 8997 2219 1438 8998 2335 1442 8999 2334 1446 9000 2336 1514 9001 2229 1513 9002 2224 1513 9003 2224 1442 9004 2337 1446 9005 2336 1450 9006 2338 1515 9007 2234 1514 9008 2229 1514 9009 2229 1446 9010 2339 1450 9011 2338 1454 9012 2340 1516 9013 2239 1515 9014 2234 1515 9015 2234 1450 9016 2341 1454 9017 2340 1458 9018 2342 1517 9019 2244 1516 9020 2239 1516 9021 2239 1454 9022 2343 1458 9023 2342 1462 9024 2344 1518 9025 2249 1517 9026 2244 1517 9027 2244 1458 9028 2345 1462 9029 2344 1466 9030 2346 1519 9031 2254 1518 9032 2249 1518 9033 2249 1462 9034 2347 1466 9035 2346 1470 9036 2348 1520 9037 2259 1519 9038 2254 1519 9039 2254 1466 9040 2349 1470 9041 2348 1474 9042 2350 1521 9043 2264 1520 9044 2259 1520 9045 2259 1470 9046 2351 1474 9047 2350 1478 9048 2352 1522 9049 2269 1521 9050 2264 1521 9051 2264 1474 9052 2353 1478 9053 2352 1482 9054 2354 1523 9055 2274 1522 9056 2269 1522 9057 2269 1478 9058 2355 1482 9059 2354 1525 9060 2356 1524 9061 2291 1523 9062 2274 1523 9063 2274 1482 9064 2357 1525 9065 2356 1487 9066 2276 1527 9067 2295 1492 9068 2289 1492 9069 2289 1363 9070 2281 1487 9071 2276 1528 9072 2358 1532 9073 2363 1533 9074 2364 1528 9075 2358 1533 9076 2364 1659 9077 2528 1528 9078 2358 1659 9079 2528 1529 9080 2359 1534 9081 2365 1530 9082 2360 1658 9083 2526 1533 9084 2364 1534 9085 2365 1658 9086 2526 1659 9087 2528 1533 9088 2364 1658 9089 2526 1530 9090 2360 1534 9091 2365 1535 9092 2366 1535 9093 2366 1531 9094 2361 1530 9095 2360 1531 9096 2361 1535 9097 2366 1660 9098 2367 1660 9099 2367 1656 9100 2362 1531 9101 2361 1532 9102 2363 1536 9103 2368 1537 9104 2369 1537 9105 2369 1533 9106 2364 1532 9107 2363 1533 9108 2364 1537 9109 2369 1538 9110 2370 1538 9111 2370 1534 9112 2365 1533 9113 2364 1534 9114 2365 1538 9115 2370 1539 9116 2371 1539 9117 2371 1535 9118 2366 1534 9119 2365 1535 9120 2366 1539 9121 2371 1661 9122 2372 1661 9123 2372 1660 9124 2367 1535 9125 2366 1536 9126 2368 1540 9127 2373 1541 9128 2374 1541 9129 2374 1537 9130 2369 1536 9131 2368 1537 9132 2369 1541 9133 2374 1542 9134 2375 1542 9135 2375 1538 9136 2370 1537 9137 2369 1538 9138 2370 1542 9139 2375 1543 9140 2376 1543 9141 2376 1539 9142 2371 1538 9143 2370 1539 9144 2371 1543 9145 2376 1662 9146 2377 1662 9147 2377 1661 9148 2372 1539 9149 2371 1540 9150 2373 1544 9151 2378 1545 9152 2379 1545 9153 2379 1541 9154 2374 1540 9155 2373 1541 9156 2374 1545 9157 2379 1546 9158 2380 1546 9159 2380 1542 9160 2375 1541 9161 2374 1542 9162 2375 1546 9163 2380 1547 9164 2381 1547 9165 2381 1543 9166 2376 1542 9167 2375 1543 9168 2376 1547 9169 2381 1663 9170 2382 1663 9171 2382 1662 9172 2377 1543 9173 2376 1544 9174 2378 1548 9175 2383 1549 9176 2384 1549 9177 2384 1545 9178 2379 1544 9179 2378 1545 9180 2379 1549 9181 2384 1550 9182 2385 1550 9183 2385 1546 9184 2380 1545 9185 2379 1546 9186 2380 1550 9187 2385 1551 9188 2386 1551 9189 2386 1547 9190 2381 1546 9191 2380 1547 9192 2381 1551 9193 2386 1664 9194 2387 1664 9195 2387 1663 9196 2382 1547 9197 2381 1548 9198 2383 1552 9199 2388 1553 9200 2389 1553 9201 2389 1549 9202 2384 1548 9203 2383 1549 9204 2384 1553 9205 2389 1554 9206 2390 1554 9207 2390 1550 9208 2385 1549 9209 2384 1550 9210 2385 1554 9211 2390 1555 9212 2391 1555 9213 2391 1551 9214 2386 1550 9215 2385 1551 9216 2386 1555 9217 2391 1665 9218 2392 1665 9219 2392 1664 9220 2387 1551 9221 2386 1552 9222 2388 1556 9223 2393 1557 9224 2394 1557 9225 2394 1553 9226 2389 1552 9227 2388 1553 9228 2389 1557 9229 2394 1558 9230 2395 1558 9231 2395 1554 9232 2390 1553 9233 2389 1554 9234 2390 1558 9235 2395 1559 9236 2396 1559 9237 2396 1555 9238 2391 1554 9239 2390 1555 9240 2391 1559 9241 2396 1666 9242 2397 1666 9243 2397 1665 9244 2392 1555 9245 2391 1556 9246 2393 1560 9247 2398 1561 9248 2399 1561 9249 2399 1557 9250 2394 1556 9251 2393 1557 9252 2394 1561 9253 2399 1562 9254 2400 1562 9255 2400 1558 9256 2395 1557 9257 2394 1558 9258 2395 1562 9259 2400 1563 9260 2401 1563 9261 2401 1559 9262 2396 1558 9263 2395 1559 9264 2396 1563 9265 2401 1667 9266 2402 1667 9267 2402 1666 9268 2397 1559 9269 2396 1560 9270 2398 1564 9271 2403 1565 9272 2404 1565 9273 2404 1561 9274 2399 1560 9275 2398 1561 9276 2399 1565 9277 2404 1566 9278 2405 1566 9279 2405 1562 9280 2400 1561 9281 2399 1562 9282 2400 1566 9283 2405 1567 9284 2406 1567 9285 2406 1563 9286 2401 1562 9287 2400 1563 9288 2401 1567 9289 2406 1668 9290 2407 1668 9291 2407 1667 9292 2402 1563 9293 2401 1564 9294 2403 1568 9295 2408 1569 9296 2409 1569 9297 2409 1565 9298 2404 1564 9299 2403 1565 9300 2404 1569 9301 2409 1570 9302 2410 1570 9303 2410 1566 9304 2405 1565 9305 2404 1566 9306 2405 1570 9307 2410 1571 9308 2411 1571 9309 2411 1567 9310 2406 1566 9311 2405 1567 9312 2406 1571 9313 2411 1669 9314 2412 1669 9315 2412 1668 9316 2407 1567 9317 2406 1568 9318 2408 1572 9319 2413 1573 9320 2414 1573 9321 2414 1569 9322 2409 1568 9323 2408 1569 9324 2409 1573 9325 2414 1574 9326 2415 1574 9327 2415 1570 9328 2410 1569 9329 2409 1570 9330 2410 1574 9331 2415 1575 9332 2416 1575 9333 2416 1571 9334 2411 1570 9335 2410 1571 9336 2411 1575 9337 2416 1670 9338 2417 1670 9339 2417 1669 9340 2412 1571 9341 2411 1572 9342 2413 1576 9343 2418 1577 9344 2419 1577 9345 2419 1573 9346 2414 1572 9347 2413 1573 9348 2414 1577 9349 2419 1578 9350 2420 1578 9351 2420 1574 9352 2415 1573 9353 2414 1574 9354 2415 1578 9355 2420 1579 9356 2421 1579 9357 2421 1575 9358 2416 1574 9359 2415 1575 9360 2416 1579 9361 2421 1671 9362 2422 1671 9363 2422 1670 9364 2417 1575 9365 2416 1576 9366 2418 1580 9367 2423 1581 9368 2424 1581 9369 2424 1577 9370 2419 1576 9371 2418 1577 9372 2419 1581 9373 2424 1582 9374 2425 1582 9375 2425 1578 9376 2420 1577 9377 2419 1578 9378 2420 1582 9379 2425 1583 9380 2426 1583 9381 2426 1579 9382 2421 1578 9383 2420 1579 9384 2421 1583 9385 2426 1672 9386 2427 1672 9387 2427 1671 9388 2422 1579 9389 2421 1580 9390 2423 1584 9391 2428 1585 9392 2429 1585 9393 2429 1581 9394 2424 1580 9395 2423 1581 9396 2424 1585 9397 2429 1586 9398 2430 1586 9399 2430 1582 9400 2425 1581 9401 2424 1582 9402 2425 1586 9403 2430 1587 9404 2431 1587 9405 2431 1583 9406 2426 1582 9407 2425 1583 9408 2426 1587 9409 2431 1673 9410 2432 1673 9411 2432 1672 9412 2427 1583 9413 2426 1584 9414 2428 1588 9415 2433 1589 9416 2434 1589 9417 2434 1585 9418 2429 1584 9419 2428 1585 9420 2429 1589 9421 2434 1590 9422 2435 1590 9423 2435 1586 9424 2430 1585 9425 2429 1586 9426 2430 1590 9427 2435 1591 9428 2436 1591 9429 2436 1587 9430 2431 1586 9431 2430 1587 9432 2431 1591 9433 2436 1674 9434 2437 1674 9435 2437 1673 9436 2432 1587 9437 2431 1588 9438 2433 1592 9439 2438 1593 9440 2439 1593 9441 2439 1589 9442 2434 1588 9443 2433 1589 9444 2434 1593 9445 2439 1594 9446 2440 1594 9447 2440 1590 9448 2435 1589 9449 2434 1590 9450 2435 1594 9451 2440 1595 9452 2441 1595 9453 2441 1591 9454 2436 1590 9455 2435 1591 9456 2436 1595 9457 2441 1675 9458 2442 1675 9459 2442 1674 9460 2437 1591 9461 2436 1592 9462 2438 1596 9463 2443 1597 9464 2444 1597 9465 2444 1593 9466 2439 1592 9467 2438 1593 9468 2439 1597 9469 2444 1598 9470 2445 1598 9471 2445 1594 9472 2440 1593 9473 2439 1594 9474 2440 1598 9475 2445 1599 9476 2446 1599 9477 2446 1595 9478 2441 1594 9479 2440 1595 9480 2441 1599 9481 2446 1676 9482 2447 1676 9483 2447 1675 9484 2442 1595 9485 2441 1596 9486 2443 1600 9487 2448 1601 9488 2449 1601 9489 2449 1597 9490 2444 1596 9491 2443 1597 9492 2444 1601 9493 2449 1602 9494 2450 1602 9495 2450 1598 9496 2445 1597 9497 2444 1598 9498 2445 1602 9499 2450 1603 9500 2451 1603 9501 2451 1599 9502 2446 1598 9503 2445 1599 9504 2446 1603 9505 2451 1677 9506 2452 1677 9507 2452 1676 9508 2447 1599 9509 2446 1600 9510 2448 1604 9511 2453 1605 9512 2454 1605 9513 2454 1601 9514 2449 1600 9515 2448 1601 9516 2449 1605 9517 2454 1606 9518 2455 1606 9519 2455 1602 9520 2450 1601 9521 2449 1602 9522 2450 1606 9523 2455 1607 9524 2456 1607 9525 2456 1603 9526 2451 1602 9527 2450 1603 9528 2451 1607 9529 2456 1678 9530 2457 1678 9531 2457 1677 9532 2452 1603 9533 2451 1604 9534 2453 1608 9535 2458 1609 9536 2459 1609 9537 2459 1605 9538 2454 1604 9539 2453 1605 9540 2454 1609 9541 2459 1610 9542 2460 1610 9543 2460 1606 9544 2455 1605 9545 2454 1606 9546 2455 1610 9547 2460 1611 9548 2461 1611 9549 2461 1607 9550 2456 1606 9551 2455 1607 9552 2456 1611 9553 2461 1679 9554 2462 1679 9555 2462 1678 9556 2457 1607 9557 2456 1608 9558 2458 1612 9559 2463 1613 9560 2464 1613 9561 2464 1609 9562 2459 1608 9563 2458 1609 9564 2459 1613 9565 2464 1614 9566 2465 1614 9567 2465 1610 9568 2460 1609 9569 2459 1610 9570 2460 1614 9571 2465 1615 9572 2466 1615 9573 2466 1611 9574 2461 1610 9575 2460 1611 9576 2461 1615 9577 2466 1680 9578 2467 1680 9579 2467 1679 9580 2462 1611 9581 2461 1612 9582 2463 1616 9583 2468 1617 9584 2469 1617 9585 2469 1613 9586 2464 1612 9587 2463 1613 9588 2464 1617 9589 2469 1618 9590 2470 1618 9591 2470 1614 9592 2465 1613 9593 2464 1614 9594 2465 1618 9595 2470 1619 9596 2471 1619 9597 2471 1615 9598 2466 1614 9599 2465 1615 9600 2466 1619 9601 2471 1681 9602 2472 1681 9603 2472 1680 9604 2467 1615 9605 2466 1616 9606 2468 1620 9607 2473 1621 9608 2474 1621 9609 2474 1617 9610 2469 1616 9611 2468 1617 9612 2469 1621 9613 2474 1622 9614 2475 1622 9615 2475 1618 9616 2470 1617 9617 2469 1618 9618 2470 1622 9619 2475 1623 9620 2476 1623 9621 2476 1619 9622 2471 1618 9623 2470 1619 9624 2471 1623 9625 2476 1682 9626 2477 1682 9627 2477 1681 9628 2472 1619 9629 2471 1620 9630 2473 1624 9631 2478 1625 9632 2479 1625 9633 2479 1621 9634 2474 1620 9635 2473 1621 9636 2474 1625 9637 2479 1626 9638 2480 1626 9639 2480 1622 9640 2475 1621 9641 2474 1622 9642 2475 1626 9643 2480 1627 9644 2481 1627 9645 2481 1623 9646 2476 1622 9647 2475 1623 9648 2476 1627 9649 2481 1683 9650 2482 1683 9651 2482 1682 9652 2477 1623 9653 2476 1624 9654 2478 1628 9655 2483 1629 9656 2484 1629 9657 2484 1625 9658 2479 1624 9659 2478 1625 9660 2479 1629 9661 2484 1630 9662 2485 1630 9663 2485 1626 9664 2480 1625 9665 2479 1626 9666 2480 1630 9667 2485 1631 9668 2486 1631 9669 2486 1627 9670 2481 1626 9671 2480 1627 9672 2481 1631 9673 2486 1684 9674 2487 1684 9675 2487 1683 9676 2482 1627 9677 2481 1628 9678 2483 1632 9679 2488 1633 9680 2489 1633 9681 2489 1629 9682 2484 1628 9683 2483 1629 9684 2484 1633 9685 2489 1634 9686 2490 1634 9687 2490 1630 9688 2485 1629 9689 2484 1630 9690 2485 1634 9691 2490 1635 9692 2491 1635 9693 2491 1631 9694 2486 1630 9695 2485 1631 9696 2486 1635 9697 2491 1685 9698 2492 1685 9699 2492 1684 9700 2487 1631 9701 2486 1632 9702 2488 1636 9703 2493 1637 9704 2494 1637 9705 2494 1633 9706 2489 1632 9707 2488 1633 9708 2489 1637 9709 2494 1638 9710 2495 1638 9711 2495 1634 9712 2490 1633 9713 2489 1634 9714 2490 1638 9715 2495 1639 9716 2496 1639 9717 2496 1635 9718 2491 1634 9719 2490 1635 9720 2491 1639 9721 2496 1686 9722 2497 1686 9723 2497 1685 9724 2492 1635 9725 2491 1636 9726 2493 1640 9727 2498 1641 9728 2499 1641 9729 2499 1637 9730 2494 1636 9731 2493 1637 9732 2494 1641 9733 2499 1642 9734 2500 1642 9735 2500 1638 9736 2495 1637 9737 2494 1638 9738 2495 1642 9739 2500 1643 9740 2501 1643 9741 2501 1639 9742 2496 1638 9743 2495 1639 9744 2496 1643 9745 2501 1687 9746 2502 1687 9747 2502 1686 9748 2497 1639 9749 2496 1640 9750 2498 1644 9751 2503 1645 9752 2504 1645 9753 2504 1641 9754 2499 1640 9755 2498 1641 9756 2499 1645 9757 2504 1646 9758 2505 1646 9759 2505 1642 9760 2500 1641 9761 2499 1642 9762 2500 1646 9763 2505 1647 9764 2506 1647 9765 2506 1643 9766 2501 1642 9767 2500 1643 9768 2501 1647 9769 2506 1688 9770 2507 1688 9771 2507 1687 9772 2502 1643 9773 2501 1644 9774 2503 1648 9775 2508 1649 9776 2509 1649 9777 2509 1645 9778 2504 1644 9779 2503 1645 9780 2504 1649 9781 2509 1650 9782 2510 1650 9783 2510 1646 9784 2505 1645 9785 2504 1646 9786 2505 1650 9787 2510 1651 9788 2511 1651 9789 2511 1647 9790 2506 1646 9791 2505 1647 9792 2506 1651 9793 2511 1689 9794 2512 1689 9795 2512 1688 9796 2507 1647 9797 2506 1648 9798 2508 1691 9799 2530 1653 9800 2514 1653 9801 2514 1692 9802 2532 1649 9803 2509 1648 9804 2508 1653 9805 2514 1649 9806 2509 1692 9807 2532 1693 9808 2533 1654 9809 2515 1649 9810 2509 1692 9811 2532 1654 9812 2515 1649 9813 2509 1654 9814 2515 1650 9815 2510 1650 9816 2510 1654 9817 2515 1655 9818 2516 1655 9819 2516 1651 9820 2511 1650 9821 2510 1651 9822 2511 1655 9823 2516 1690 9824 2529 1690 9825 2529 1689 9826 2512 1651 9827 2511 1657 9828 2523 1528 9829 2518 1529 9830 2519 1529 9831 2519 1653 9832 2514 1691 9833 2530 1657 9834 2523 1529 9835 2519 1691 9836 2530 1652 9837 2513 1657 9838 2523 1691 9839 2530 1693 9840 2533 1658 9841 2527 1530 9842 2520 1530 9843 2520 1654 9844 2515 1693 9845 2533 1654 9846 2515 1530 9847 2520 1531 9848 2521 1531 9849 2521 1655 9850 2516 1654 9851 2515 1655 9852 2516 1531 9853 2521 1656 9854 2522 1656 9855 2522 1657 9856 2524 1652 9857 2517 1655 9858 2516 1656 9859 2522 1652 9860 2517 1655 9861 2516 1652 9862 2517 1690 9863 2529 1528 9864 2525 1657 9865 2524 1656 9866 2522 1529 9867 2359 1659 9868 2528 1658 9869 2526 1652 9870 2517 1691 9871 2531 1690 9872 2529 1653 9873 2514 1693 9874 2533 1692 9875 2532 1532 9876 2534 1528 9877 2535 1656 9878 2362 1656 9879 2362 1660 9880 2367 1532 9881 2534 1536 9882 2536 1532 9883 2537 1660 9884 2367 1660 9885 2367 1661 9886 2372 1536 9887 2536 1540 9888 2538 1536 9889 2539 1661 9890 2372 1661 9891 2372 1662 9892 2377 1540 9893 2538 1544 9894 2540 1540 9895 2541 1662 9896 2377 1662 9897 2377 1663 9898 2382 1544 9899 2540 1548 9900 2542 1544 9901 2543 1663 9902 2382 1663 9903 2382 1664 9904 2387 1548 9905 2542 1552 9906 2544 1548 9907 2545 1664 9908 2387 1664 9909 2387 1665 9910 2392 1552 9911 2544 1556 9912 2546 1552 9913 2547 1665 9914 2392 1665 9915 2392 1666 9916 2397 1556 9917 2546 1560 9918 2548 1556 9919 2549 1666 9920 2397 1666 9921 2397 1667 9922 2402 1560 9923 2548 1564 9924 2550 1560 9925 2551 1667 9926 2402 1667 9927 2402 1668 9928 2407 1564 9929 2550 1568 9930 2552 1564 9931 2553 1668 9932 2407 1668 9933 2407 1669 9934 2412 1568 9935 2552 1572 9936 2554 1568 9937 2555 1669 9938 2412 1669 9939 2412 1670 9940 2417 1572 9941 2554 1576 9942 2556 1572 9943 2557 1670 9944 2417 1670 9945 2417 1671 9946 2422 1576 9947 2556 1580 9948 2558 1576 9949 2559 1671 9950 2422 1671 9951 2422 1672 9952 2427 1580 9953 2558 1584 9954 2560 1580 9955 2561 1672 9956 2427 1672 9957 2427 1673 9958 2432 1584 9959 2560 1588 9960 2562 1584 9961 2563 1673 9962 2432 1673 9963 2432 1674 9964 2437 1588 9965 2562 1592 9966 2564 1588 9967 2565 1674 9968 2437 1674 9969 2437 1675 9970 2442 1592 9971 2564 1596 9972 2566 1592 9973 2567 1675 9974 2442 1675 9975 2442 1676 9976 2447 1596 9977 2566 1600 9978 2568 1596 9979 2569 1676 9980 2447 1676 9981 2447 1677 9982 2452 1600 9983 2568 1604 9984 2570 1600 9985 2571 1677 9986 2452 1677 9987 2452 1678 9988 2457 1604 9989 2570 1608 9990 2572 1604 9991 2573 1678 9992 2457 1678 9993 2457 1679 9994 2462 1608 9995 2572 1612 9996 2574 1608 9997 2575 1679 9998 2462 1679 9999 2462 1680 10000 2467 1612 10001 2574 1616 10002 2576 1612 10003 2577 1680 10004 2467 1680 10005 2467 1681 10006 2472 1616 10007 2576 1620 10008 2578 1616 10009 2579 1681 10010 2472 1681 10011 2472 1682 10012 2477 1620 10013 2578 1624 10014 2580 1620 10015 2581 1682 10016 2477 1682 10017 2477 1683 10018 2482 1624 10019 2580 1628 10020 2582 1624 10021 2583 1683 10022 2482 1683 10023 2482 1684 10024 2487 1628 10025 2582 1632 10026 2584 1628 10027 2585 1684 10028 2487 1684 10029 2487 1685 10030 2492 1632 10031 2584 1636 10032 2586 1632 10033 2587 1685 10034 2492 1685 10035 2492 1686 10036 2497 1636 10037 2586 1640 10038 2588 1636 10039 2589 1686 10040 2497 1686 10041 2497 1687 10042 2502 1640 10043 2588 1644 10044 2590 1640 10045 2591 1687 10046 2502 1687 10047 2502 1688 10048 2507 1644 10049 2590 1648 10050 2592 1644 10051 2593 1688 10052 2507 1688 10053 2507 1689 10054 2512 1648 10055 2592 1691 10056 2594 1648 10057 2595 1689 10058 2512 1689 10059 2512 1690 10060 2529 1691 10061 2594 1653 10062 2514 1529 10063 2519 1658 10064 2527 1658 10065 2527 1693 10066 2533 1653 10067 2514 1694 10068 2596 1695 10069 2597 1825 10070 2766 1694 10071 2596 1825 10072 2766 1699 10073 2602 1694 10074 2596 1699 10075 2602 1698 10076 2601 1824 10077 2764 1696 10078 2598 1700 10079 2603 1824 10080 2764 1700 10081 2603 1699 10082 2602 1825 10083 2766 1824 10084 2764 1699 10085 2602 1696 10086 2598 1697 10087 2599 1701 10088 2604 1701 10089 2604 1700 10090 2603 1696 10091 2598 1697 10092 2599 1822 10093 2600 1826 10094 2605 1826 10095 2605 1701 10096 2604 1697 10097 2599 1698 10098 2601 1699 10099 2602 1703 10100 2607 1703 10101 2607 1702 10102 2606 1698 10103 2601 1699 10104 2602 1700 10105 2603 1704 10106 2608 1704 10107 2608 1703 10108 2607 1699 10109 2602 1700 10110 2603 1701 10111 2604 1705 10112 2609 1705 10113 2609 1704 10114 2608 1700 10115 2603 1701 10116 2604 1826 10117 2605 1827 10118 2610 1827 10119 2610 1705 10120 2609 1701 10121 2604 1702 10122 2606 1703 10123 2607 1707 10124 2612 1707 10125 2612 1706 10126 2611 1702 10127 2606 1703 10128 2607 1704 10129 2608 1708 10130 2613 1708 10131 2613 1707 10132 2612 1703 10133 2607 1704 10134 2608 1705 10135 2609 1709 10136 2614 1709 10137 2614 1708 10138 2613 1704 10139 2608 1705 10140 2609 1827 10141 2610 1828 10142 2615 1828 10143 2615 1709 10144 2614 1705 10145 2609 1706 10146 2611 1707 10147 2612 1711 10148 2617 1711 10149 2617 1710 10150 2616 1706 10151 2611 1707 10152 2612 1708 10153 2613 1712 10154 2618 1712 10155 2618 1711 10156 2617 1707 10157 2612 1708 10158 2613 1709 10159 2614 1713 10160 2619 1713 10161 2619 1712 10162 2618 1708 10163 2613 1709 10164 2614 1828 10165 2615 1829 10166 2620 1829 10167 2620 1713 10168 2619 1709 10169 2614 1710 10170 2616 1711 10171 2617 1715 10172 2622 1715 10173 2622 1714 10174 2621 1710 10175 2616 1711 10176 2617 1712 10177 2618 1716 10178 2623 1716 10179 2623 1715 10180 2622 1711 10181 2617 1712 10182 2618 1713 10183 2619 1717 10184 2624 1717 10185 2624 1716 10186 2623 1712 10187 2618 1713 10188 2619 1829 10189 2620 1830 10190 2625 1830 10191 2625 1717 10192 2624 1713 10193 2619 1714 10194 2621 1715 10195 2622 1719 10196 2627 1719 10197 2627 1718 10198 2626 1714 10199 2621 1715 10200 2622 1716 10201 2623 1720 10202 2628 1720 10203 2628 1719 10204 2627 1715 10205 2622 1716 10206 2623 1717 10207 2624 1721 10208 2629 1721 10209 2629 1720 10210 2628 1716 10211 2623 1717 10212 2624 1830 10213 2625 1831 10214 2630 1831 10215 2630 1721 10216 2629 1717 10217 2624 1718 10218 2626 1719 10219 2627 1723 10220 2632 1723 10221 2632 1722 10222 2631 1718 10223 2626 1719 10224 2627 1720 10225 2628 1724 10226 2633 1724 10227 2633 1723 10228 2632 1719 10229 2627 1720 10230 2628 1721 10231 2629 1725 10232 2634 1725 10233 2634 1724 10234 2633 1720 10235 2628 1721 10236 2629 1831 10237 2630 1832 10238 2635 1832 10239 2635 1725 10240 2634 1721 10241 2629 1722 10242 2631 1723 10243 2632 1727 10244 2637 1727 10245 2637 1726 10246 2636 1722 10247 2631 1723 10248 2632 1724 10249 2633 1728 10250 2638 1728 10251 2638 1727 10252 2637 1723 10253 2632 1724 10254 2633 1725 10255 2634 1729 10256 2639 1729 10257 2639 1728 10258 2638 1724 10259 2633 1725 10260 2634 1832 10261 2635 1833 10262 2640 1833 10263 2640 1729 10264 2639 1725 10265 2634 1726 10266 2636 1727 10267 2637 1731 10268 2642 1731 10269 2642 1730 10270 2641 1726 10271 2636 1727 10272 2637 1728 10273 2638 1732 10274 2643 1732 10275 2643 1731 10276 2642 1727 10277 2637 1728 10278 2638 1729 10279 2639 1733 10280 2644 1733 10281 2644 1732 10282 2643 1728 10283 2638 1729 10284 2639 1833 10285 2640 1834 10286 2645 1834 10287 2645 1733 10288 2644 1729 10289 2639 1730 10290 2641 1731 10291 2642 1735 10292 2647 1735 10293 2647 1734 10294 2646 1730 10295 2641 1731 10296 2642 1732 10297 2643 1736 10298 2648 1736 10299 2648 1735 10300 2647 1731 10301 2642 1732 10302 2643 1733 10303 2644 1737 10304 2649 1737 10305 2649 1736 10306 2648 1732 10307 2643 1733 10308 2644 1834 10309 2645 1835 10310 2650 1835 10311 2650 1737 10312 2649 1733 10313 2644 1734 10314 2646 1735 10315 2647 1739 10316 2652 1739 10317 2652 1738 10318 2651 1734 10319 2646 1735 10320 2647 1736 10321 2648 1740 10322 2653 1740 10323 2653 1739 10324 2652 1735 10325 2647 1736 10326 2648 1737 10327 2649 1741 10328 2654 1741 10329 2654 1740 10330 2653 1736 10331 2648 1737 10332 2649 1835 10333 2650 1836 10334 2655 1836 10335 2655 1741 10336 2654 1737 10337 2649 1738 10338 2651 1739 10339 2652 1743 10340 2657 1743 10341 2657 1742 10342 2656 1738 10343 2651 1739 10344 2652 1740 10345 2653 1744 10346 2658 1744 10347 2658 1743 10348 2657 1739 10349 2652 1740 10350 2653 1741 10351 2654 1745 10352 2659 1745 10353 2659 1744 10354 2658 1740 10355 2653 1741 10356 2654 1836 10357 2655 1837 10358 2660 1837 10359 2660 1745 10360 2659 1741 10361 2654 1742 10362 2656 1743 10363 2657 1747 10364 2662 1747 10365 2662 1746 10366 2661 1742 10367 2656 1743 10368 2657 1744 10369 2658 1748 10370 2663 1748 10371 2663 1747 10372 2662 1743 10373 2657 1744 10374 2658 1745 10375 2659 1749 10376 2664 1749 10377 2664 1748 10378 2663 1744 10379 2658 1745 10380 2659 1837 10381 2660 1838 10382 2665 1838 10383 2665 1749 10384 2664 1745 10385 2659 1746 10386 2661 1747 10387 2662 1751 10388 2667 1751 10389 2667 1750 10390 2666 1746 10391 2661 1747 10392 2662 1748 10393 2663 1752 10394 2668 1752 10395 2668 1751 10396 2667 1747 10397 2662 1748 10398 2663 1749 10399 2664 1753 10400 2669 1753 10401 2669 1752 10402 2668 1748 10403 2663 1749 10404 2664 1838 10405 2665 1839 10406 2670 1839 10407 2670 1753 10408 2669 1749 10409 2664 1750 10410 2666 1751 10411 2667 1755 10412 2672 1755 10413 2672 1754 10414 2671 1750 10415 2666 1751 10416 2667 1752 10417 2668 1756 10418 2673 1756 10419 2673 1755 10420 2672 1751 10421 2667 1752 10422 2668 1753 10423 2669 1757 10424 2674 1757 10425 2674 1756 10426 2673 1752 10427 2668 1753 10428 2669 1839 10429 2670 1840 10430 2675 1840 10431 2675 1757 10432 2674 1753 10433 2669 1754 10434 2671 1755 10435 2672 1759 10436 2677 1759 10437 2677 1758 10438 2676 1754 10439 2671 1755 10440 2672 1756 10441 2673 1760 10442 2678 1760 10443 2678 1759 10444 2677 1755 10445 2672 1756 10446 2673 1757 10447 2674 1761 10448 2679 1761 10449 2679 1760 10450 2678 1756 10451 2673 1757 10452 2674 1840 10453 2675 1841 10454 2680 1841 10455 2680 1761 10456 2679 1757 10457 2674 1758 10458 2676 1759 10459 2677 1763 10460 2682 1763 10461 2682 1762 10462 2681 1758 10463 2676 1759 10464 2677 1760 10465 2678 1764 10466 2683 1764 10467 2683 1763 10468 2682 1759 10469 2677 1760 10470 2678 1761 10471 2679 1765 10472 2684 1765 10473 2684 1764 10474 2683 1760 10475 2678 1761 10476 2679 1841 10477 2680 1842 10478 2685 1842 10479 2685 1765 10480 2684 1761 10481 2679 1762 10482 2681 1763 10483 2682 1767 10484 2687 1767 10485 2687 1766 10486 2686 1762 10487 2681 1763 10488 2682 1764 10489 2683 1768 10490 2688 1768 10491 2688 1767 10492 2687 1763 10493 2682 1764 10494 2683 1765 10495 2684 1769 10496 2689 1769 10497 2689 1768 10498 2688 1764 10499 2683 1765 10500 2684 1842 10501 2685 1843 10502 2690 1843 10503 2690 1769 10504 2689 1765 10505 2684 1766 10506 2686 1767 10507 2687 1771 10508 2692 1771 10509 2692 1770 10510 2691 1766 10511 2686 1767 10512 2687 1768 10513 2688 1772 10514 2693 1772 10515 2693 1771 10516 2692 1767 10517 2687 1768 10518 2688 1769 10519 2689 1773 10520 2694 1773 10521 2694 1772 10522 2693 1768 10523 2688 1769 10524 2689 1843 10525 2690 1844 10526 2695 1844 10527 2695 1773 10528 2694 1769 10529 2689 1770 10530 2691 1771 10531 2692 1775 10532 2697 1775 10533 2697 1774 10534 2696 1770 10535 2691 1771 10536 2692 1772 10537 2693 1776 10538 2698 1776 10539 2698 1775 10540 2697 1771 10541 2692 1772 10542 2693 1773 10543 2694 1777 10544 2699 1777 10545 2699 1776 10546 2698 1772 10547 2693 1773 10548 2694 1844 10549 2695 1845 10550 2700 1845 10551 2700 1777 10552 2699 1773 10553 2694 1774 10554 2696 1775 10555 2697 1779 10556 2702 1779 10557 2702 1778 10558 2701 1774 10559 2696 1775 10560 2697 1776 10561 2698 1780 10562 2703 1780 10563 2703 1779 10564 2702 1775 10565 2697 1776 10566 2698 1777 10567 2699 1781 10568 2704 1781 10569 2704 1780 10570 2703 1776 10571 2698 1777 10572 2699 1845 10573 2700 1846 10574 2705 1846 10575 2705 1781 10576 2704 1777 10577 2699 1778 10578 2701 1779 10579 2702 1783 10580 2707 1783 10581 2707 1782 10582 2706 1778 10583 2701 1779 10584 2702 1780 10585 2703 1784 10586 2708 1784 10587 2708 1783 10588 2707 1779 10589 2702 1780 10590 2703 1781 10591 2704 1785 10592 2709 1785 10593 2709 1784 10594 2708 1780 10595 2703 1781 10596 2704 1846 10597 2705 1847 10598 2710 1847 10599 2710 1785 10600 2709 1781 10601 2704 1782 10602 2706 1783 10603 2707 1787 10604 2712 1787 10605 2712 1786 10606 2711 1782 10607 2706 1783 10608 2707 1784 10609 2708 1788 10610 2713 1788 10611 2713 1787 10612 2712 1783 10613 2707 1784 10614 2708 1785 10615 2709 1789 10616 2714 1789 10617 2714 1788 10618 2713 1784 10619 2708 1785 10620 2709 1847 10621 2710 1848 10622 2715 1848 10623 2715 1789 10624 2714 1785 10625 2709 1786 10626 2711 1787 10627 2712 1791 10628 2717 1791 10629 2717 1790 10630 2716 1786 10631 2711 1787 10632 2712 1788 10633 2713 1792 10634 2718 1792 10635 2718 1791 10636 2717 1787 10637 2712 1788 10638 2713 1789 10639 2714 1793 10640 2719 1793 10641 2719 1792 10642 2718 1788 10643 2713 1789 10644 2714 1848 10645 2715 1849 10646 2720 1849 10647 2720 1793 10648 2719 1789 10649 2714 1790 10650 2716 1791 10651 2717 1795 10652 2722 1795 10653 2722 1794 10654 2721 1790 10655 2716 1791 10656 2717 1792 10657 2718 1796 10658 2723 1796 10659 2723 1795 10660 2722 1791 10661 2717 1792 10662 2718 1793 10663 2719 1797 10664 2724 1797 10665 2724 1796 10666 2723 1792 10667 2718 1793 10668 2719 1849 10669 2720 1850 10670 2725 1850 10671 2725 1797 10672 2724 1793 10673 2719 1794 10674 2721 1795 10675 2722 1799 10676 2727 1799 10677 2727 1798 10678 2726 1794 10679 2721 1795 10680 2722 1796 10681 2723 1800 10682 2728 1800 10683 2728 1799 10684 2727 1795 10685 2722 1796 10686 2723 1797 10687 2724 1801 10688 2729 1801 10689 2729 1800 10690 2728 1796 10691 2723 1797 10692 2724 1850 10693 2725 1851 10694 2730 1851 10695 2730 1801 10696 2729 1797 10697 2724 1798 10698 2726 1799 10699 2727 1803 10700 2732 1803 10701 2732 1802 10702 2731 1798 10703 2726 1799 10704 2727 1800 10705 2728 1804 10706 2733 1804 10707 2733 1803 10708 2732 1799 10709 2727 1800 10710 2728 1801 10711 2729 1805 10712 2734 1805 10713 2734 1804 10714 2733 1800 10715 2728 1801 10716 2729 1851 10717 2730 1852 10718 2735 1852 10719 2735 1805 10720 2734 1801 10721 2729 1802 10722 2731 1803 10723 2732 1807 10724 2737 1807 10725 2737 1806 10726 2736 1802 10727 2731 1803 10728 2732 1804 10729 2733 1808 10730 2738 1808 10731 2738 1807 10732 2737 1803 10733 2732 1804 10734 2733 1805 10735 2734 1809 10736 2739 1809 10737 2739 1808 10738 2738 1804 10739 2733 1805 10740 2734 1852 10741 2735 1853 10742 2740 1853 10743 2740 1809 10744 2739 1805 10745 2734 1806 10746 2736 1807 10747 2737 1811 10748 2742 1811 10749 2742 1810 10750 2741 1806 10751 2736 1807 10752 2737 1808 10753 2738 1812 10754 2743 1812 10755 2743 1811 10756 2742 1807 10757 2737 1808 10758 2738 1809 10759 2739 1813 10760 2744 1813 10761 2744 1812 10762 2743 1808 10763 2738 1809 10764 2739 1853 10765 2740 1854 10766 2745 1854 10767 2745 1813 10768 2744 1809 10769 2739 1810 10770 2741 1811 10771 2742 1815 10772 2747 1815 10773 2747 1814 10774 2746 1810 10775 2741 1811 10776 2742 1812 10777 2743 1816 10778 2748 1816 10779 2748 1815 10780 2747 1811 10781 2742 1812 10782 2743 1813 10783 2744 1817 10784 2749 1817 10785 2749 1816 10786 2748 1812 10787 2743 1813 10788 2744 1854 10789 2745 1855 10790 2750 1855 10791 2750 1817 10792 2749 1813 10793 2744 1815 10794 2747 1858 10795 2770 1819 10796 2752 1814 10797 2746 1815 10798 2747 1819 10799 2752 1814 10800 2746 1819 10801 2752 1857 10802 2768 1815 10803 2747 1816 10804 2748 1820 10805 2753 1820 10806 2753 1859 10807 2771 1858 10808 2770 1815 10809 2747 1820 10810 2753 1858 10811 2770 1816 10812 2748 1817 10813 2749 1821 10814 2754 1821 10815 2754 1820 10816 2753 1816 10817 2748 1817 10818 2749 1855 10819 2750 1856 10820 2767 1856 10821 2767 1821 10822 2754 1817 10823 2749 1857 10824 2768 1819 10825 2752 1695 10826 2757 1695 10827 2757 1694 10828 2756 1823 10829 2761 1857 10830 2768 1695 10831 2757 1823 10832 2761 1818 10833 2751 1857 10834 2768 1823 10835 2761 1859 10836 2771 1820 10837 2753 1696 10838 2758 1696 10839 2758 1824 10840 2765 1859 10841 2771 1820 10842 2753 1821 10843 2754 1697 10844 2759 1697 10845 2759 1696 10846 2758 1820 10847 2753 1821 10848 2754 1856 10849 2767 1818 10850 2755 1818 10851 2755 1823 10852 2762 1822 10853 2760 1821 10854 2754 1818 10855 2755 1822 10856 2760 1821 10857 2754 1822 10858 2760 1697 10859 2759 1694 10860 2763 1822 10861 2760 1823 10862 2762 1695 10863 2597 1824 10864 2764 1825 10865 2766 1818 10866 2755 1856 10867 2767 1857 10868 2769 1819 10869 2752 1858 10870 2770 1859 10871 2771 1698 10872 2772 1826 10873 2605 1822 10874 2600 1822 10875 2600 1694 10876 2773 1698 10877 2772 1702 10878 2774 1827 10879 2610 1826 10880 2605 1826 10881 2605 1698 10882 2775 1702 10883 2774 1706 10884 2776 1828 10885 2615 1827 10886 2610 1827 10887 2610 1702 10888 2777 1706 10889 2776 1710 10890 2778 1829 10891 2620 1828 10892 2615 1828 10893 2615 1706 10894 2779 1710 10895 2778 1714 10896 2780 1830 10897 2625 1829 10898 2620 1829 10899 2620 1710 10900 2781 1714 10901 2780 1718 10902 2782 1831 10903 2630 1830 10904 2625 1830 10905 2625 1714 10906 2783 1718 10907 2782 1722 10908 2784 1832 10909 2635 1831 10910 2630 1831 10911 2630 1718 10912 2785 1722 10913 2784 1726 10914 2786 1833 10915 2640 1832 10916 2635 1832 10917 2635 1722 10918 2787 1726 10919 2786 1730 10920 2788 1834 10921 2645 1833 10922 2640 1833 10923 2640 1726 10924 2789 1730 10925 2788 1734 10926 2790 1835 10927 2650 1834 10928 2645 1834 10929 2645 1730 10930 2791 1734 10931 2790 1738 10932 2792 1836 10933 2655 1835 10934 2650 1835 10935 2650 1734 10936 2793 1738 10937 2792 1742 10938 2794 1837 10939 2660 1836 10940 2655 1836 10941 2655 1738 10942 2795 1742 10943 2794 1746 10944 2796 1838 10945 2665 1837 10946 2660 1837 10947 2660 1742 10948 2797 1746 10949 2796 1750 10950 2798 1839 10951 2670 1838 10952 2665 1838 10953 2665 1746 10954 2799 1750 10955 2798 1754 10956 2800 1840 10957 2675 1839 10958 2670 1839 10959 2670 1750 10960 2801 1754 10961 2800 1758 10962 2802 1841 10963 2680 1840 10964 2675 1840 10965 2675 1754 10966 2803 1758 10967 2802 1762 10968 2804 1842 10969 2685 1841 10970 2680 1841 10971 2680 1758 10972 2805 1762 10973 2804 1766 10974 2806 1843 10975 2690 1842 10976 2685 1842 10977 2685 1762 10978 2807 1766 10979 2806 1770 10980 2808 1844 10981 2695 1843 10982 2690 1843 10983 2690 1766 10984 2809 1770 10985 2808 1774 10986 2810 1845 10987 2700 1844 10988 2695 1844 10989 2695 1770 10990 2811 1774 10991 2810 1778 10992 2812 1846 10993 2705 1845 10994 2700 1845 10995 2700 1774 10996 2813 1778 10997 2812 1782 10998 2814 1847 10999 2710 1846 11000 2705 1846 11001 2705 1778 11002 2815 1782 11003 2814 1786 11004 2816 1848 11005 2715 1847 11006 2710 1847 11007 2710 1782 11008 2817 1786 11009 2816 1790 11010 2818 1849 11011 2720 1848 11012 2715 1848 11013 2715 1786 11014 2819 1790 11015 2818 1794 11016 2820 1850 11017 2725 1849 11018 2720 1849 11019 2720 1790 11020 2821 1794 11021 2820 1798 11022 2822 1851 11023 2730 1850 11024 2725 1850 11025 2725 1794 11026 2823 1798 11027 2822 1802 11028 2824 1852 11029 2735 1851 11030 2730 1851 11031 2730 1798 11032 2825 1802 11033 2824 1806 11034 2826 1853 11035 2740 1852 11036 2735 1852 11037 2735 1802 11038 2827 1806 11039 2826 1810 11040 2828 1854 11041 2745 1853 11042 2740 1853 11043 2740 1806 11044 2829 1810 11045 2828 1814 11046 2830 1855 11047 2750 1854 11048 2745 1854 11049 2745 1810 11050 2831 1814 11051 2830 1857 11052 2832 1856 11053 2767 1855 11054 2750 1855 11055 2750 1814 11056 2833 1857 11057 2832 1819 11058 2752 1859 11059 2771 1824 11060 2765 1824 11061 2765 1695 11062 2757 1819 11063 2752</p>
        </triangles>
        <triangles count="0" material="White">
          <input semantic="VERTEX" offset="0" source="#TidalTurbine_Base-VERTEX"/>
          <input semantic="NORMAL" offset="1" source="#TidalTurbine_Base-Normal0"/>
          <input semantic="TEXCOORD" offset="2" set="0" source="#TidalTurbine_Base-UV0"/>
          <p/>
        </triangles>
      </mesh>
    </geometry>
  </library_geometries>
  <library_visual_scenes>
    <visual_scene id="TidalTurbine_Base_(0-0-0)_COLLADA_" name="TidalTurbine_Base_(0-0-0)_COLLADA_">
      <node name="TidalTurbine_Base" id="TidalTurbine_Base" layer="FBXASC0480FBXASC032-FBXASC032TidalFBXASC032Turbine" sid="TidalTurbine_Base">
        <matrix sid="matrix">0.430000 -0.000000 -0.000000 0.000000 0.000000 0.000000 0.430000 0.000000 -0.000000 -0.430000 0.000000 0.000000 0.000000 0.000000 0.000000 1.000000</matrix>
        <instance_geometry url="#TidalTurbine_Base-lib">
          <bind_material>
            <technique_common>
              <instance_material symbol="Yellow" target="#Yellow"/>
              <instance_material symbol="Black" target="#Black"/>
              <instance_material symbol="White" target="#White"/>
            </technique_common>
          </bind_material>
        </instance_geometry>
        <extra>
          <technique profile="FCOLLADA">
            <visibility>1.000000</visibility>
          </technique>
        </extra>
      </node>
      <extra>
        <technique profile="MAX3D">
          <frame_rate>30.000000</frame_rate>
        </technique>
        <technique profile="FCOLLADA">
          <start_time>0.000000</start_time>
          <end_time>5.000000</end_time>
        </technique>
      </extra>
    </visual_scene>
  </library_visual_scenes>
  <scene>
    <instance_visual_scene url="#TidalTurbine_Base_(0-0-0)_COLLADA_"/>
  </scene>
</COLLADA>
